turbine_id,operating_hours,wind_speed_ms,ambient_temp_c,wind_direction_deg,gearbox_oil_temp_c,gearbox_bearing_temp_c,generator_winding_temp_c,generator_rpm,rotor_rpm,blade_pitch_angle_deg,hydraulic_pressure_bar,active_power_kw
WTG_01,1,6.01,26.57,178.68,69.75,58.84,80.42,739.97,8.22,0.0,188.15,463.23
WTG_01,2,9.29,23.85,203.28,80.38,60.49,100.67,1127.26,12.53,0.0,190.03,1775.78
WTG_01,3,8.94,19.42,186.56,78.88,60.72,94.47,1141.28,12.68,0.0,187.59,1566.94
WTG_01,4,8.92,15.0,168.72,78.75,60.91,88.5,1140.62,12.67,0.0,187.18,1583.56
WTG_01,5,7.88,24.1,185.34,73.9,60.14,89.02,968.19,10.76,0.0,188.92,1045.08
WTG_01,6,4.41,20.26,180.98,69.83,59.29,69.07,563.99,6.27,0.0,188.43,198.39
WTG_01,7,6.62,13.81,152.56,70.82,59.77,72.24,809.19,8.99,0.0,188.11,647.06
WTG_01,8,10.49,14.41,179.12,83.13,62.62,97.37,1348.51,14.98,0.0,185.27,2000.0
WTG_01,9,9.82,17.68,187.92,81.7,60.95,99.21,1250.21,13.89,0.0,188.02,2000.0
WTG_01,10,8.72,28.53,165.62,78.78,62.04,102.59,1084.2,12.05,0.0,189.03,1463.3
WTG_01,11,9.73,21.59,171.95,82.19,61.62,103.88,1220.62,13.56,0.0,186.64,2000.0
WTG_01,12,8.1,20.9,177.36,74.87,59.91,86.14,1035.97,11.51,0.0,192.21,1149.74
WTG_01,13,6.26,21.66,171.31,69.56,58.86,76.71,779.43,8.66,0.0,186.53,544.04
WTG_01,14,6.94,22.35,196.47,73.24,58.65,81.47,866.96,9.63,0.0,190.76,735.3
WTG_01,15,13.91,10.24,170.06,81.84,62.81,94.14,1756.02,19.51,4.78,187.73,2000.0
WTG_01,16,9.54,20.05,189.75,82.15,61.18,99.46,1202.84,13.36,0.0,186.77,1893.6
WTG_01,17,11.22,20.42,170.9,82.87,62.51,102.99,1408.71,15.65,0.0,189.55,2000.0
WTG_01,18,11.18,18.82,160.15,81.0,61.65,102.32,1390.6,15.45,0.0,188.02,2000.0
WTG_01,19,7.5,14.61,194.14,74.61,60.56,78.7,953.05,10.59,0.0,188.65,922.55
WTG_01,20,8.59,17.43,152.98,76.46,60.43,89.9,1084.89,12.05,0.0,186.69,1393.6
WTG_01,21,6.6,22.42,191.61,71.85,59.94,78.97,886.73,9.85,0.0,189.16,612.79
WTG_01,22,8.93,10.25,169.49,78.73,61.04,87.7,1149.2,12.77,0.0,187.75,1581.98
WTG_01,23,8.97,18.76,191.4,77.6,60.83,93.77,1124.07,12.49,0.0,187.47,1597.46
WTG_01,24,7.81,15.56,170.2,75.61,59.69,80.79,942.57,10.47,0.0,186.17,1044.76
WTG_01,25,5.74,15.0,167.12,71.17,58.58,66.22,701.41,7.79,0.0,188.78,421.89
WTG_01,26,5.41,13.27,190.02,69.14,58.67,66.5,678.72,7.54,0.0,186.78,338.09
WTG_01,27,6.72,16.18,176.51,71.81,59.23,73.9,857.0,9.52,0.0,187.72,636.7
WTG_01,28,10.3,16.43,189.37,82.29,61.0,100.53,1327.34,14.75,0.0,187.14,2000.0
WTG_01,29,7.17,15.69,180.86,72.94,59.65,76.62,888.92,9.88,0.0,187.31,804.81
WTG_01,30,8.49,19.08,216.67,76.43,60.5,89.52,1055.37,11.73,0.0,186.57,1374.43
WTG_01,31,10.75,20.4,175.88,82.49,61.3,103.66,1316.53,14.63,0.0,190.69,2000.0
WTG_01,32,10.03,20.27,185.42,82.98,62.45,103.01,1285.47,14.28,0.0,187.38,2000.0
WTG_01,33,10.12,22.54,190.82,81.69,60.84,103.79,1293.67,14.37,0.0,187.95,2000.0
WTG_01,34,7.92,22.92,164.03,74.03,59.66,90.14,1026.53,11.41,0.0,187.72,1080.27
WTG_01,35,10.32,17.26,182.15,82.78,62.39,97.9,1291.67,14.35,0.0,190.2,2000.0
WTG_01,36,10.32,16.53,175.38,81.16,61.57,100.19,1319.09,14.66,0.0,189.07,2000.0
WTG_01,37,7.43,12.63,178.81,72.75,60.4,74.03,995.11,11.06,0.0,187.48,880.25
WTG_01,38,14.06,14.59,183.59,81.23,63.18,98.92,1775.42,19.73,5.15,188.39,2000.0
WTG_01,39,9.23,18.33,180.02,79.06,59.71,95.67,1183.68,13.15,0.0,189.37,1719.64
WTG_01,40,9.59,16.73,190.88,83.09,60.26,96.07,1212.16,13.47,0.0,187.25,1954.99
WTG_01,41,6.45,21.33,173.23,69.86,60.45,77.74,779.14,8.66,0.0,188.74,582.18
WTG_01,42,10.34,21.36,201.2,81.72,61.2,101.32,1293.13,14.37,0.0,189.48,2000.0
WTG_01,43,4.26,20.4,181.78,67.87,58.14,67.92,541.66,6.02,0.0,186.42,162.78
WTG_01,44,12.81,19.47,187.54,81.61,62.01,100.79,1598.88,17.77,2.04,190.15,2000.0
WTG_01,45,7.11,14.5,164.62,72.62,59.27,72.6,881.69,9.8,0.0,185.49,782.56
WTG_01,46,10.7,17.51,194.33,81.42,61.62,101.44,1362.14,15.13,0.0,187.09,2000.0
WTG_01,47,9.85,17.94,205.29,82.1,60.52,100.59,1229.09,13.66,0.0,188.27,2000.0
WTG_01,48,13.78,19.28,187.7,81.89,63.92,101.08,1764.86,19.61,4.45,186.78,2000.0
WTG_01,49,6.88,14.26,189.9,71.5,59.3,72.64,862.07,9.58,0.0,186.91,663.87
WTG_01,50,15.35,23.59,179.15,82.6,63.66,106.18,1800.0,20.0,8.37,188.11,2000.0
WTG_01,51,11.06,26.21,188.87,83.98,61.4,109.29,1385.19,15.39,0.0,190.6,2000.0
WTG_01,52,9.57,17.22,206.5,80.69,61.8,98.95,1213.99,13.49,0.0,185.68,1936.42
WTG_01,53,10.21,9.75,220.43,81.77,61.55,91.39,1266.97,14.08,0.0,189.23,2000.0
WTG_01,54,8.41,19.87,185.63,76.55,61.04,89.38,1035.29,11.5,0.0,187.62,1316.97
WTG_01,55,13.21,27.53,197.29,81.77,62.16,109.81,1658.95,18.43,3.02,190.68,2000.0
WTG_01,56,8.51,13.1,186.22,77.91,60.51,84.33,1075.08,11.95,0.0,186.55,1354.92
WTG_01,57,13.45,19.01,191.7,82.95,61.87,99.92,1680.81,18.68,3.63,188.16,2000.0
WTG_01,58,7.78,19.04,166.43,74.46,58.54,84.92,951.95,10.58,0.0,185.75,1038.34
WTG_01,59,15.43,15.5,191.92,84.03,62.06,96.95,1800.0,20.0,8.58,188.05,2000.0
WTG_01,60,11.1,17.96,161.43,82.28,60.1,101.33,1407.46,15.64,0.0,187.92,2000.0
WTG_01,61,13.49,17.7,194.6,84.54,62.52,100.78,1714.45,19.05,3.72,188.66,2000.0
WTG_01,62,6.96,25.39,190.19,73.02,59.75,85.33,873.5,9.71,0.0,185.17,744.79
WTG_01,63,7.13,9.44,216.26,72.1,61.64,69.07,934.1,10.38,0.0,187.37,806.85
WTG_01,64,9.4,19.81,196.06,81.59,60.8,99.7,1196.56,13.3,0.0,188.43,1824.44
WTG_01,65,10.91,20.55,179.86,81.43,61.43,103.77,1382.55,15.36,0.0,190.24,2000.0
WTG_01,66,11.06,25.09,180.62,80.61,62.74,105.84,1398.35,15.54,0.0,189.16,2000.0
WTG_01,67,10.72,8.64,152.36,81.77,60.99,91.77,1376.14,15.29,0.0,187.64,2000.0
WTG_01,68,11.64,19.92,210.55,82.2,61.71,102.49,1483.6,16.48,0.0,190.42,2000.0
WTG_01,69,7.98,19.04,153.23,74.97,62.53,85.99,1018.19,11.31,0.0,183.79,1153.64
WTG_01,70,8.04,23.32,216.99,74.87,59.86,88.63,1025.48,11.39,0.0,186.73,1165.25
WTG_01,71,10.9,18.85,200.12,82.67,61.14,102.8,1357.15,15.08,0.0,186.69,2000.0
WTG_01,72,7.76,19.68,181.36,75.04,59.14,85.21,955.72,10.62,0.0,186.59,1012.15
WTG_01,73,10.54,15.48,173.57,82.32,61.44,98.95,1332.54,14.81,0.0,188.87,2000.0
WTG_01,74,8.9,16.23,188.64,78.03,60.9,89.88,1118.44,12.43,0.0,188.96,1557.6
WTG_01,75,7.32,15.38,194.18,72.4,60.07,78.5,922.43,10.25,0.0,186.73,896.63
WTG_01,76,6.72,14.52,163.42,71.49,58.33,70.72,871.47,9.68,0.0,189.78,663.75
WTG_01,77,9.76,22.67,203.3,84.1,60.67,101.79,1211.47,13.46,0.0,187.04,2000.0
WTG_01,78,9.6,15.73,184.48,82.26,61.68,98.86,1194.15,13.27,0.0,184.3,1957.65
WTG_01,79,7.07,15.5,226.47,71.38,60.02,76.53,893.97,9.93,0.0,188.85,790.87
WTG_01,80,10.56,18.05,188.92,82.75,60.91,101.46,1299.89,14.44,0.0,188.25,2000.0
WTG_01,81,12.42,21.83,191.51,82.17,62.21,104.47,1578.19,17.54,1.05,186.82,2000.0
WTG_01,82,11.54,15.49,206.97,82.72,61.29,98.21,1447.34,16.08,0.0,188.02,2000.0
WTG_01,83,8.84,12.63,213.82,79.95,61.19,84.95,1115.33,12.39,0.0,185.94,1507.48
WTG_01,84,8.44,19.19,197.74,78.34,60.73,88.68,1081.05,12.01,0.0,187.49,1332.65
WTG_01,85,8.83,7.69,180.08,78.15,61.43,80.3,1117.93,12.42,0.0,188.55,1507.0
WTG_01,86,5.67,29.04,185.36,69.63,60.31,82.54,708.37,7.87,0.0,187.29,417.78
WTG_01,87,8.44,22.83,192.16,77.38,61.0,92.94,1070.9,11.9,0.0,187.38,1329.6
WTG_01,88,6.2,19.19,163.01,71.11,58.87,72.15,786.58,8.74,0.0,186.92,520.67
WTG_01,89,6.39,10.88,200.42,71.08,59.57,66.06,833.36,9.26,0.0,188.43,560.78
WTG_01,90,11.53,14.53,189.67,83.34,63.11,98.72,1475.32,16.39,0.0,188.96,2000.0
WTG_01,91,9.36,16.47,190.65,80.67,61.29,94.54,1170.04,13.0,0.0,187.11,1776.13
WTG_01,92,8.61,23.43,183.81,78.7,61.74,95.31,1109.9,12.33,0.0,184.37,1365.93
WTG_01,93,11.55,17.8,151.36,81.18,62.31,102.07,1478.32,16.43,0.0,189.22,2000.0
WTG_01,94,11.09,7.41,200.34,82.92,61.88,90.95,1393.43,15.48,0.0,187.1,2000.0
WTG_01,95,8.94,15.78,165.42,79.04,61.16,88.34,1136.57,12.63,0.0,184.55,1559.48
WTG_01,96,8.25,19.82,200.76,76.51,59.9,87.94,1010.94,11.23,0.0,188.52,1245.18
WTG_01,97,9.69,18.2,193.35,82.78,62.15,100.76,1237.02,13.74,0.0,188.23,1997.13
WTG_01,98,7.74,16.34,188.24,75.15,59.39,81.89,984.61,10.94,0.0,190.97,1038.31
WTG_01,99,9.27,11.16,192.44,81.56,62.09,90.17,1168.18,12.98,0.0,187.07,1752.16
WTG_01,100,11.81,12.02,179.26,83.21,62.14,94.11,1477.71,16.42,0.0,188.71,2000.0
WTG_01,101,8.41,18.41,198.37,78.12,60.87,89.34,1060.53,11.78,0.0,188.04,1309.89
WTG_01,102,14.04,19.64,199.77,82.32,63.11,102.2,1789.15,19.88,5.11,185.78,2000.0
WTG_01,103,9.79,15.48,193.22,83.29,61.04,99.16,1231.25,13.68,0.0,189.54,2000.0
WTG_01,104,9.86,14.87,181.17,82.07,61.56,97.71,1237.61,13.75,0.0,187.45,2000.0
WTG_01,105,11.97,17.05,172.72,83.42,62.8,99.51,1500.53,16.67,0.0,188.27,2000.0
WTG_01,106,11.44,15.22,189.98,81.53,63.33,99.45,1478.09,16.42,0.0,186.44,2000.0
WTG_01,107,8.72,13.1,192.03,79.21,61.39,86.47,1119.39,12.44,0.0,186.37,1449.34
WTG_01,108,8.11,10.61,182.3,75.6,61.25,78.43,1043.24,11.59,0.0,188.11,1161.06
WTG_01,109,6.09,28.26,172.66,69.96,59.56,83.22,770.36,8.56,0.0,186.08,495.0
WTG_01,110,11.34,17.35,170.88,81.78,62.38,100.98,1403.56,15.6,0.0,185.54,2000.0
WTG_01,111,11.23,11.13,195.55,82.05,61.56,95.95,1413.85,15.71,0.0,188.83,2000.0
WTG_01,112,10.86,21.76,203.89,81.83,61.98,106.17,1361.94,15.13,0.0,185.99,2000.0
WTG_01,113,11.56,18.37,170.52,83.47,62.41,101.34,1436.36,15.96,0.0,187.27,2000.0
WTG_01,114,11.2,23.9,214.26,83.17,62.65,107.69,1417.99,15.76,0.0,188.89,2000.0
WTG_01,115,14.29,17.18,223.84,84.27,64.89,100.02,1800.0,20.0,5.72,189.5,2000.0
WTG_01,116,11.69,27.47,185.24,83.55,62.76,110.23,1466.29,16.29,0.0,186.75,2000.0
WTG_01,117,5.72,22.79,184.35,69.78,59.7,74.91,776.66,8.63,0.0,187.57,409.52
WTG_01,118,7.95,22.53,187.68,76.09,62.04,90.29,1026.65,11.41,0.0,191.23,1116.88
WTG_01,119,7.98,18.31,215.43,76.6,60.15,84.15,977.24,10.86,0.0,185.78,1136.2
WTG_01,120,3.29,16.04,201.34,69.3,60.08,64.05,540.0,6.0,0.0,183.27,99.02
WTG_01,121,7.24,17.43,178.69,72.76,61.83,80.38,909.82,10.11,0.0,187.13,859.32
WTG_01,122,7.22,14.5,167.81,72.9,60.31,76.85,940.11,10.45,0.0,186.24,849.68
WTG_01,123,4.2,15.37,221.57,67.63,59.67,64.51,540.0,6.0,0.0,185.55,160.93
WTG_01,124,5.74,23.62,168.32,70.91,60.66,77.94,732.1,8.13,0.0,186.39,383.4
WTG_01,125,12.96,27.23,187.68,82.92,62.84,110.26,1624.84,18.05,2.4,189.17,2000.0
WTG_01,126,10.93,16.08,155.77,81.64,62.5,98.61,1349.34,14.99,0.0,186.7,2000.0
WTG_01,127,9.16,18.48,186.78,81.19,62.14,94.89,1146.42,12.74,0.0,186.45,1679.85
WTG_01,128,9.49,18.74,195.3,82.96,61.85,100.75,1188.69,13.21,0.0,187.98,1885.33
WTG_01,129,4.37,21.77,198.04,68.66,59.22,71.13,540.0,6.0,0.0,186.91,195.97
WTG_01,130,7.04,21.61,190.92,73.41,61.34,83.39,880.06,9.78,0.0,184.42,777.8
WTG_01,131,11.77,12.15,210.67,81.75,63.79,98.16,1519.93,16.89,0.0,185.93,2000.0
WTG_01,132,8.91,13.25,197.88,82.56,61.73,87.31,1145.91,12.73,0.0,186.6,1568.33
WTG_01,133,3.0,15.87,217.67,69.49,59.32,64.62,540.0,6.0,0.0,186.5,62.09
WTG_01,134,9.95,13.13,186.17,83.88,61.28,99.04,1228.56,13.65,0.0,186.68,2000.0
WTG_01,135,9.14,21.08,181.07,82.21,61.08,98.88,1155.15,12.83,0.0,186.72,1671.54
WTG_01,136,9.99,15.68,180.17,83.51,62.75,100.09,1248.17,13.87,0.0,182.77,2000.0
WTG_01,137,9.62,27.0,213.58,83.58,62.63,109.63,1219.56,13.55,0.0,186.62,1941.95
WTG_01,138,12.77,14.57,177.93,84.52,64.02,98.01,1622.01,18.02,1.94,186.75,2000.0
WTG_01,139,6.14,17.0,201.44,70.59,60.14,72.87,767.74,8.53,0.0,185.01,547.43
WTG_01,140,7.39,12.69,205.29,74.54,60.63,77.66,921.61,10.24,0.0,187.4,891.24
WTG_01,141,4.33,10.1,209.74,69.86,59.87,59.87,540.0,6.0,0.0,187.18,153.8
WTG_01,142,5.73,11.47,217.91,70.17,61.81,66.03,695.49,7.73,0.0,187.37,394.49
WTG_01,143,9.49,15.59,203.77,83.37,61.17,97.06,1167.77,12.98,0.0,185.66,1864.09
WTG_01,144,7.68,10.2,184.97,75.98,61.63,74.99,952.62,10.58,0.0,186.61,998.34
WTG_01,145,5.11,10.71,159.47,70.83,59.78,63.07,634.87,7.05,0.0,187.0,282.25
WTG_01,146,7.28,19.19,209.63,74.24,60.4,80.44,895.52,9.95,0.0,183.94,850.67
WTG_01,147,9.15,11.56,186.44,81.13,63.44,92.06,1167.55,12.97,0.0,185.72,1692.11
WTG_01,148,3.0,21.55,160.39,70.08,60.17,69.53,540.0,6.0,0.0,184.95,75.65
WTG_01,149,7.63,21.92,205.58,77.95,62.22,85.45,964.09,10.71,0.0,184.8,968.07
WTG_01,150,11.33,14.8,200.27,84.05,63.33,98.91,1444.62,16.05,0.0,185.98,2000.0
WTG_01,151,10.64,18.57,189.49,84.0,62.16,101.57,1352.51,15.03,0.0,183.47,2000.0
WTG_01,152,9.7,17.68,173.0,83.75,61.46,101.59,1233.3,13.7,0.0,186.7,2000.0
WTG_01,153,10.37,14.31,218.12,83.67,62.67,98.47,1331.06,14.79,0.0,186.79,2000.0
WTG_01,154,10.06,21.51,205.5,84.62,61.48,104.91,1298.84,14.43,0.0,185.19,2000.0
WTG_01,155,10.05,17.59,186.99,84.05,64.12,103.15,1258.73,13.99,0.0,185.93,2000.0
WTG_01,156,6.02,21.74,188.19,71.18,60.49,78.17,736.52,8.18,0.0,188.52,486.71
WTG_01,157,7.28,16.17,206.69,76.26,61.43,80.62,895.33,9.95,0.0,185.57,856.41
WTG_01,158,7.17,17.21,190.1,75.48,62.07,77.47,902.26,10.03,0.0,184.92,814.33
WTG_01,159,5.23,16.9,194.04,71.26,61.48,71.48,676.1,7.51,0.0,184.82,313.63
WTG_01,160,9.24,18.04,187.86,81.32,61.46,98.68,1149.82,12.78,0.0,185.23,1698.91
WTG_01,161,8.69,15.13,196.55,80.39,61.89,88.91,1079.07,11.99,0.0,186.33,1443.91
WTG_01,162,8.87,14.88,190.64,81.62,62.59,93.63,1099.16,12.21,0.0,185.45,1533.18
WTG_01,163,9.57,14.37,192.72,84.71,62.64,96.91,1192.41,13.25,0.0,185.07,1898.7
WTG_01,164,10.28,16.72,196.36,85.03,62.31,100.74,1308.87,14.54,0.0,185.6,2000.0
WTG_01,165,5.77,18.94,194.3,72.84,62.57,74.73,719.97,8.0,0.0,185.11,409.34
WTG_01,166,7.29,13.22,196.0,76.15,62.67,75.75,901.54,10.02,0.0,184.92,827.2
WTG_01,167,11.5,18.82,178.8,85.14,64.5,104.6,1445.42,16.06,0.0,183.2,2000.0
WTG_01,168,7.45,19.36,209.05,76.52,63.22,83.17,958.23,10.65,0.0,186.65,896.04
WTG_01,169,13.1,28.5,200.36,85.69,65.78,114.85,1654.52,18.38,2.74,184.19,2000.0
WTG_01,170,12.05,13.71,197.09,84.57,65.12,99.74,1547.08,17.19,0.14,182.96,2000.0
WTG_01,171,7.96,13.28,211.81,78.32,62.53,82.46,998.29,11.09,0.0,183.83,1136.27
WTG_01,172,9.28,28.05,192.12,84.16,62.35,109.72,1163.39,12.93,0.0,182.9,1757.5
WTG_01,173,10.38,16.02,162.74,84.82,63.51,100.54,1314.93,14.61,0.0,185.21,2000.0
WTG_01,174,11.21,14.48,189.3,85.78,63.7,100.68,1410.76,15.68,0.0,181.91,2000.0
WTG_01,175,10.79,24.7,222.7,84.36,63.3,107.86,1373.4,15.26,0.0,184.94,2000.0
WTG_01,176,8.74,21.64,219.02,80.87,63.1,98.51,1103.41,12.26,0.0,183.56,1472.44
WTG_01,177,8.2,17.93,210.99,79.43,63.91,89.04,1021.04,11.34,0.0,182.66,1213.11
WTG_01,178,7.79,22.21,228.3,77.64,63.0,90.86,957.78,10.64,0.0,182.32,1023.21
WTG_01,179,6.34,18.55,194.02,74.65,62.39,80.32,815.8,9.06,0.0,182.32,568.55
WTG_01,180,10.53,12.92,181.9,85.93,63.94,99.62,1315.47,14.62,0.0,183.55,2000.0
WTG_01,181,7.77,12.41,219.68,79.05,63.58,80.84,982.81,10.92,0.0,181.77,1064.65
WTG_01,182,8.46,13.5,207.95,81.22,63.18,87.04,1094.8,12.16,0.0,182.1,1326.13
WTG_01,183,3.67,17.85,200.23,71.53,61.01,69.62,540.0,6.0,0.0,185.61,120.43
WTG_01,184,9.95,25.31,228.68,85.38,63.29,111.43,1248.83,13.88,0.0,184.96,2000.0
WTG_01,185,3.49,13.85,196.59,70.33,61.64,63.94,540.0,6.0,0.0,181.84,85.6
WTG_01,186,11.34,22.2,177.89,85.14,65.1,107.42,1378.63,15.32,0.0,184.92,2000.0
WTG_01,187,15.36,18.73,197.29,86.65,67.27,104.97,1800.0,20.0,8.4,183.39,2000.0
WTG_01,188,7.64,13.77,198.18,77.58,63.76,81.37,946.52,10.52,0.0,183.2,1000.16
WTG_01,189,7.69,12.97,206.16,78.04,62.7,82.43,964.7,10.72,0.0,183.8,1004.76
WTG_01,190,7.58,18.28,214.63,78.25,63.32,86.66,947.18,10.52,0.0,182.34,954.6
WTG_01,191,7.04,20.43,181.97,77.23,63.92,85.36,923.3,10.26,0.0,181.77,791.32
WTG_01,192,9.74,14.31,206.76,86.09,64.01,103.06,1243.27,13.81,0.0,181.63,2000.0
WTG_01,193,8.5,19.2,203.53,80.51,63.43,93.76,1084.84,12.05,0.0,180.88,1346.89
WTG_01,194,8.24,23.23,193.74,80.25,64.18,96.82,1031.56,11.46,0.0,183.53,1231.03
WTG_01,195,11.51,26.23,208.04,88.47,65.71,113.51,1490.23,16.56,0.0,181.92,2000.0
WTG_01,196,8.45,18.34,190.9,81.97,65.62,92.9,1080.07,12.0,0.0,183.19,1320.71
WTG_01,197,10.4,27.01,192.13,86.57,65.77,116.15,1324.45,14.72,0.0,180.06,2000.0
WTG_01,198,10.97,17.75,176.98,86.15,65.74,104.6,1384.89,15.39,0.0,181.09,2000.0
WTG_01,199,12.58,16.91,220.92,86.73,66.07,103.92,1605.1,17.83,1.45,182.21,2000.0
WTG_01,200,8.95,15.51,176.77,83.62,65.25,92.98,1129.68,12.55,0.0,179.28,1570.46
WTG_01,201,14.74,15.97,162.34,86.73,68.38,104.22,1800.0,20.0,6.85,180.74,2000.0
WTG_01,202,10.94,8.46,178.58,86.92,66.67,96.82,1369.4,15.22,0.0,183.35,2000.0
WTG_01,203,9.49,21.97,199.34,86.12,65.71,109.22,1184.92,13.17,0.0,182.5,1901.56
WTG_01,204,6.09,22.21,185.72,76.25,63.23,83.17,781.48,8.68,0.0,182.76,504.05
WTG_01,205,9.48,14.73,214.3,85.74,65.31,101.97,1196.97,13.3,0.0,183.01,1851.29
WTG_01,206,12.32,18.93,214.3,88.1,66.24,107.77,1531.46,17.02,0.79,183.43,2000.0
WTG_01,207,10.4,21.67,163.91,87.22,66.24,108.92,1338.06,14.87,0.0,182.35,2000.0
WTG_01,208,8.16,15.05,198.28,80.38,65.71,87.92,1048.47,11.65,0.0,177.43,1197.98
WTG_01,209,12.74,19.83,199.73,90.49,67.81,107.75,1599.02,17.77,1.85,180.31,2000.0
WTG_01,210,10.08,8.6,206.02,89.09,66.48,99.18,1277.49,14.19,0.0,183.47,2000.0
WTG_01,211,9.07,19.67,174.59,84.89,65.13,101.85,1116.69,12.41,0.0,179.67,1628.87
WTG_01,212,11.68,16.1,166.9,87.62,67.36,104.31,1473.6,16.37,0.0,180.66,2000.0
WTG_01,213,15.58,10.78,193.56,89.22,68.96,101.02,1800.0,20.0,8.96,180.09,2000.0
WTG_01,214,5.69,13.54,212.59,76.14,63.89,73.0,720.61,8.01,0.0,180.76,425.2
WTG_01,215,10.78,21.42,185.77,89.76,66.58,111.5,1336.14,14.85,0.0,180.47,2000.0
WTG_01,216,10.9,24.66,225.03,88.16,67.31,114.04,1362.94,15.14,0.0,182.6,2000.0
WTG_01,217,9.05,20.61,204.96,85.55,68.79,101.73,1133.68,12.6,0.0,176.8,1600.16
WTG_01,218,13.84,20.97,204.61,88.83,69.6,113.06,1768.49,19.65,4.6,177.63,2000.0
WTG_01,219,12.2,19.53,204.35,89.79,67.64,108.55,1537.29,17.08,0.5,180.58,2000.0
WTG_01,220,10.97,18.32,218.19,88.71,68.52,108.75,1408.24,15.65,0.0,181.7,2000.0
WTG_01,221,8.69,16.57,192.89,85.23,67.01,97.3,1098.43,12.2,0.0,178.64,1451.06
WTG_01,222,6.82,14.16,216.83,79.58,67.34,78.97,867.62,9.64,0.0,179.34,669.64
WTG_01,223,7.82,20.51,184.81,82.97,66.85,93.24,983.57,10.93,0.0,176.3,1065.32
WTG_01,224,7.11,16.12,191.93,79.98,67.17,83.65,896.44,9.96,0.0,176.47,784.32
WTG_01,225,7.25,20.33,212.67,80.38,67.96,90.56,920.27,10.23,0.0,174.62,856.4
WTG_01,226,13.5,14.93,187.09,89.24,70.62,106.47,1710.64,19.01,3.75,179.47,2000.0
WTG_01,227,7.36,11.85,213.3,81.19,66.14,84.58,943.82,10.49,0.0,178.82,889.58
WTG_01,228,8.57,17.32,205.04,85.8,67.6,96.93,1098.48,12.21,0.0,178.92,1385.29
WTG_01,229,10.51,17.32,191.66,89.7,67.86,109.12,1330.19,14.78,0.0,178.63,2000.0
WTG_01,230,8.1,15.68,190.55,85.31,67.16,88.97,1027.47,11.42,0.0,177.6,1157.08
WTG_01,231,8.82,22.45,207.42,86.68,66.3,106.14,1095.99,12.18,0.0,176.25,1503.86
WTG_01,232,12.54,19.57,212.64,91.05,69.66,111.74,1601.06,17.79,1.36,176.46,2000.0
WTG_01,233,8.14,25.86,191.18,83.89,68.15,103.18,1028.6,11.43,0.0,175.79,1188.92
WTG_01,234,9.25,13.67,215.23,89.24,68.23,101.87,1169.1,12.99,0.0,175.6,1744.35
WTG_01,235,12.53,15.8,178.06,90.61,70.18,109.12,1572.83,17.48,1.32,176.57,2000.0
WTG_01,236,7.27,13.49,196.58,82.68,67.02,84.65,882.16,9.8,0.0,174.85,834.79
WTG_01,237,13.43,25.35,212.57,91.75,71.7,118.05,1727.74,19.2,3.57,174.2,2000.0
WTG_01,238,10.97,16.11,197.84,91.39,70.13,108.07,1387.89,15.42,0.0,176.3,2000.0
WTG_01,239,11.12,25.09,235.8,92.98,69.42,118.54,1409.26,15.66,0.0,177.34,2000.0
WTG_01,240,12.62,13.45,189.91,92.43,71.04,106.27,1590.46,17.67,1.55,176.64,2000.0
WTG_01,241,9.75,24.98,206.58,91.83,68.35,118.09,1221.93,13.58,0.0,175.7,2000.0
WTG_01,242,7.64,22.14,192.41,83.72,68.94,94.97,970.88,10.79,0.0,175.96,978.98
WTG_01,243,14.72,11.77,203.44,92.49,70.15,105.81,1800.0,20.0,6.81,174.35,2000.0
WTG_01,244,9.77,17.88,238.57,90.87,69.98,112.3,1241.45,13.79,0.0,175.2,2000.0
WTG_01,245,7.74,15.71,212.53,83.73,69.46,91.32,988.39,10.98,0.0,175.0,1038.89
WTG_01,246,10.0,19.63,212.53,93.55,70.0,113.85,1241.54,13.79,0.0,176.54,2000.0
WTG_01,247,10.16,20.19,218.12,92.88,71.25,114.33,1241.88,13.8,0.0,173.51,2000.0
WTG_01,248,6.95,21.54,201.53,80.32,70.47,91.6,876.17,9.74,0.0,174.95,749.3
WTG_01,249,4.74,16.31,223.57,78.58,68.4,78.58,562.53,6.25,0.0,175.06,250.93
WTG_01,250,6.84,16.54,183.08,81.31,68.79,87.1,870.39,9.67,0.0,174.47,728.83
WTG_01,251,11.2,17.39,200.36,93.52,71.59,113.12,1430.8,15.9,0.0,173.03,2000.0
WTG_01,252,7.02,20.98,180.82,82.16,69.0,92.46,885.96,9.84,0.0,175.38,755.77
WTG_01,253,7.37,22.85,206.25,84.32,70.29,96.59,951.91,10.58,0.0,175.06,870.77
WTG_01,254,3.48,27.69,218.27,77.53,69.11,88.04,540.0,6.0,0.0,173.19,84.52
WTG_01,255,11.77,14.37,189.24,94.82,71.78,108.89,1515.34,16.84,0.0,172.7,2000.0
WTG_01,256,6.94,20.82,194.33,82.72,68.83,92.9,853.33,9.48,0.0,170.41,737.45
WTG_01,257,10.94,12.42,172.09,94.41,72.26,107.16,1372.92,15.25,0.0,173.9,2000.0
WTG_01,258,11.4,13.18,203.08,94.01,72.46,109.8,1431.5,15.91,0.0,170.96,2000.0
WTG_01,259,10.84,22.56,230.41,92.76,70.57,118.88,1327.69,14.75,0.0,171.82,2000.0
WTG_01,260,9.75,19.94,224.72,94.74,73.35,113.97,1229.42,13.66,0.0,174.24,2000.0
WTG_01,261,8.55,10.21,212.41,90.53,70.59,96.19,1071.61,11.91,0.0,172.01,1382.84
WTG_01,262,12.38,17.18,199.14,94.29,73.23,112.68,1560.63,17.34,0.96,171.14,2000.0
WTG_01,263,10.69,17.45,221.44,95.47,72.46,114.14,1343.7,14.93,0.0,173.43,2000.0
WTG_01,264,6.1,18.66,205.79,83.46,70.77,88.34,780.94,8.68,0.0,173.36,511.65
WTG_01,265,8.93,16.93,212.32,91.9,71.5,106.13,1126.1,12.51,0.0,169.94,1547.54
WTG_01,266,9.09,19.56,243.41,94.39,73.06,111.24,1158.99,12.88,0.0,169.32,1674.06
WTG_01,267,8.71,15.11,200.68,90.61,73.74,103.54,1130.93,12.57,0.0,172.2,1454.64
WTG_01,268,3.98,25.79,198.42,82.99,70.09,88.07,540.0,6.0,0.0,172.61,177.04
WTG_01,269,9.36,16.0,216.22,94.58,73.77,109.68,1175.82,13.06,0.0,172.38,1811.77
WTG_01,270,10.74,20.59,190.23,96.79,73.97,119.16,1384.34,15.38,0.0,170.46,2000.0
WTG_01,271,3.0,20.33,236.58,81.27,72.0,82.7,540.0,6.0,0.0,169.67,45.03
WTG_01,272,8.39,17.01,217.67,92.21,74.38,101.06,1032.39,11.47,0.0,167.85,1295.87
WTG_01,273,8.32,21.57,179.89,91.9,72.28,106.75,1047.77,11.64,0.0,168.72,1261.51
WTG_01,274,12.67,20.39,198.61,97.74,75.53,120.59,1612.35,17.91,1.69,169.73,2000.0
WTG_01,275,17.15,17.79,213.24,94.96,76.88,118.49,1800.0,20.0,12.88,169.43,2000.0
WTG_01,276,5.72,14.79,171.15,84.45,72.72,85.77,737.75,8.2,0.0,168.72,395.63
WTG_01,277,11.02,20.19,228.09,95.91,75.98,119.11,1384.5,15.38,0.0,167.6,2000.0
WTG_01,278,10.42,20.25,216.9,96.97,74.66,120.89,1288.41,14.32,0.0,167.67,2000.0
WTG_01,279,9.77,9.37,212.16,96.23,75.03,109.57,1235.02,13.72,0.0,167.3,2000.0
WTG_01,280,4.41,24.38,198.42,84.58,72.53,90.29,551.61,6.13,0.0,169.28,152.49
WTG_01,281,7.31,21.85,177.18,88.88,75.21,103.42,930.88,10.34,0.0,166.96,882.67
WTG_01,282,8.16,14.41,200.55,92.88,74.36,100.2,1013.0,11.26,0.0,167.14,1180.18
WTG_01,283,12.75,15.99,214.02,98.27,76.89,116.06,1620.14,18.0,1.86,170.18,2000.0
WTG_01,284,12.46,17.83,237.37,98.89,77.59,119.49,1568.28,17.43,1.15,165.93,2000.0
WTG_01,285,11.73,20.86,223.92,100.46,77.01,122.83,1483.9,16.49,0.0,167.26,2000.0
WTG_01,286,9.89,21.66,224.7,99.08,76.73,123.11,1242.54,13.81,0.0,165.03,2000.0
WTG_01,287,11.61,30.49,203.27,99.49,78.8,131.49,1484.8,16.5,0.0,163.77,2000.0
WTG_01,288,8.78,20.65,215.75,96.27,74.36,112.67,1113.02,12.37,0.0,165.36,1490.57
WTG_01,289,10.76,23.96,195.62,99.82,77.99,126.31,1382.16,15.36,0.0,166.9,2000.0
WTG_01,290,7.99,16.44,224.78,91.81,77.62,104.05,992.81,11.03,0.0,169.08,1125.28
WTG_01,291,12.35,13.48,219.13,99.47,77.75,114.92,1539.06,17.1,0.86,163.95,2000.0
WTG_01,292,7.28,12.95,239.05,92.67,76.68,94.01,926.35,10.29,0.0,161.85,853.71
WTG_01,293,6.99,24.02,190.47,91.15,76.84,105.09,886.76,9.85,0.0,164.69,766.03
WTG_01,294,13.02,13.84,213.01,100.94,79.78,119.27,1608.13,17.87,2.56,167.46,2000.0
WTG_01,295,12.3,20.91,211.9,102.26,79.92,123.68,1522.19,16.91,0.75,164.47,2000.0
WTG_01,296,10.32,19.4,209.18,100.94,79.05,123.52,1312.42,14.58,0.0,161.03,2000.0
WTG_01,297,7.6,11.75,224.4,94.49,77.7,95.36,963.5,10.71,0.0,162.31,958.88
WTG_01,298,13.08,15.32,213.93,103.87,79.6,119.08,1661.74,18.46,2.71,160.93,2000.0
WTG_01,299,8.26,22.4,194.42,95.18,77.21,111.72,1060.83,11.79,0.0,161.38,1240.45
WTG_01,300,8.58,23.38,221.99,98.85,79.97,117.07,1065.62,11.84,0.0,163.52,1394.32
WTG_01,301,12.47,11.97,202.41,100.27,80.8,118.72,1611.8,17.91,1.19,161.79,2000.0
WTG_01,302,10.79,21.75,204.88,102.99,80.17,127.75,1349.99,15.0,0.0,160.35,2000.0
WTG_01,303,10.88,20.4,190.26,102.66,80.85,126.5,1363.34,15.15,0.0,161.42,2000.0
WTG_01,304,8.0,10.03,179.64,96.71,79.45,100.37,1018.39,11.32,0.0,162.31,1129.65
WTG_01,305,10.11,22.16,213.07,102.9,80.23,129.06,1268.65,14.1,0.0,160.79,2000.0
WTG_01,306,8.73,12.45,220.15,100.09,80.16,108.88,1115.49,12.39,0.0,162.47,1490.39
WTG_01,307,9.62,18.77,206.89,102.99,81.85,126.88,1206.34,13.4,0.0,159.39,1968.68
WTG_01,308,6.84,9.94,192.03,94.37,78.44,92.9,875.02,9.72,0.0,161.65,708.86
WTG_01,309,8.76,12.91,209.23,100.44,81.13,109.87,1089.87,12.11,0.0,158.6,1483.86
WTG_01,310,11.73,12.58,195.95,104.42,82.22,121.26,1481.07,16.46,0.0,160.23,2000.0
WTG_01,311,6.33,19.46,233.78,92.49,80.02,101.57,795.11,8.83,0.0,158.56,540.99
WTG_01,312,9.47,14.01,225.95,104.72,80.32,120.34,1172.99,13.03,0.0,156.74,1862.67
WTG_01,313,9.04,16.59,242.89,103.28,81.27,119.45,1132.14,12.58,0.0,157.51,1653.66
WTG_01,314,9.61,15.14,236.75,106.82,82.47,124.63,1226.94,13.63,0.0,157.68,1950.18
WTG_01,315,9.98,17.67,212.93,105.78,82.63,127.52,1261.14,14.01,0.0,157.24,2000.0
WTG_01,316,11.93,21.39,208.66,104.73,84.66,130.62,1528.38,16.98,0.0,158.15,2000.0
WTG_01,317,12.1,14.49,183.92,105.3,86.06,125.34,1539.08,17.1,0.24,157.61,2000.0
WTG_01,318,12.41,15.68,213.76,107.21,83.38,125.57,1540.48,17.12,1.04,154.87,2000.0
WTG_01,319,9.36,20.3,223.03,106.23,84.85,127.92,1196.74,13.3,0.0,155.65,1821.88
WTG_01,320,10.52,17.13,239.79,107.55,84.04,128.99,1345.66,14.95,0.0,153.87,2000.0
WTG_01,321,12.84,17.29,216.68,107.36,85.97,129.52,1600.95,17.79,2.09,154.24,2000.0
WTG_01,322,6.19,24.13,209.32,95.23,83.1,108.44,784.14,8.71,0.0,153.89,529.37
WTG_01,323,6.11,20.42,229.22,95.27,82.68,105.59,772.91,8.59,0.0,154.12,479.97
WTG_01,324,7.83,11.31,202.55,100.98,83.66,107.44,964.21,10.71,0.0,155.75,1040.48
WTG_01,325,7.48,14.33,233.24,100.01,84.06,106.86,972.08,10.8,0.0,156.68,886.99
WTG_01,326,7.79,9.76,221.29,100.85,84.32,105.6,1006.54,11.18,0.0,152.71,1035.39
WTG_01,327,9.82,18.11,211.57,109.07,86.34,130.53,1250.18,13.89,0.0,151.7,2000.0
WTG_01,328,5.85,21.4,211.22,96.89,83.47,105.94,713.36,7.93,0.0,154.87,453.07
WTG_01,329,8.01,20.3,223.81,102.64,84.73,117.39,1017.57,11.31,0.0,152.06,1150.79
WTG_01,330,6.63,18.59,214.15,99.13,85.42,106.59,854.01,9.49,0.0,151.84,646.21
WTG_01,331,9.8,18.52,219.33,112.05,85.63,132.05,1223.02,13.59,0.0,151.58,2000.0
WTG_01,332,8.36,25.59,216.5,105.58,86.0,125.96,1078.25,11.98,0.0,150.76,1254.04
WTG_01,333,5.44,19.77,216.16,99.34,85.09,105.07,690.05,7.67,0.0,151.18,367.2
WTG_01,334,9.94,19.57,237.26,110.94,88.19,135.38,1244.67,13.83,0.0,149.65,2000.0
WTG_01,335,6.31,18.89,223.17,100.31,86.41,108.0,800.41,8.89,0.0,148.18,548.6
WTG_01,336,9.49,16.24,229.21,111.03,87.87,132.25,1198.55,13.32,0.0,150.21,1894.78
WTG_01,337,7.21,21.59,205.7,102.11,87.17,117.34,912.99,10.14,0.0,150.31,853.4
WTG_01,338,5.9,11.86,230.16,101.5,86.96,99.88,730.04,8.11,0.0,148.49,439.69
WTG_01,339,5.94,20.7,220.04,100.49,87.91,109.24,751.48,8.35,0.0,148.25,459.35
WTG_01,340,10.32,18.83,238.63,112.81,88.8,136.3,1269.21,14.1,0.0,148.02,2000.0
WTG_01,341,9.25,11.93,205.98,110.61,87.81,124.44,1170.27,13.0,0.0,145.81,1726.73
WTG_01,342,6.54,16.91,205.2,102.93,88.87,108.62,803.07,8.92,0.0,146.72,583.71
WTG_01,343,9.01,24.32,190.78,111.28,89.73,135.71,1127.42,12.53,0.0,146.93,1581.73
WTG_01,344,11.48,20.15,226.86,114.09,90.76,139.83,1426.89,15.85,0.0,146.73,2000.0
WTG_01,345,6.32,17.31,236.82,103.42,87.48,109.06,769.94,8.55,0.0,144.41,577.73
WTG_01,346,7.44,17.58,174.05,107.56,89.86,117.88,940.82,10.45,0.0,147.09,890.27
WTG_01,347,11.71,15.73,206.01,115.25,92.22,136.55,1471.18,16.35,0.0,143.64,2000.0
WTG_01,348,6.58,17.37,214.41,104.21,89.71,111.77,836.86,9.3,0.0,146.68,636.76
WTG_01,349,8.7,18.06,215.77,112.44,91.52,128.38,1083.23,12.04,0.0,142.38,1471.83
WTG_01,350,8.23,15.2,198.99,110.57,91.26,121.32,1030.02,11.44,0.0,142.23,1222.11
WTG_01,351,12.03,12.99,220.55,118.44,94.09,136.94,1525.44,16.95,0.08,142.27,2000.0
WTG_01,352,7.42,20.11,211.28,107.75,90.79,121.95,964.65,10.72,0.0,142.66,902.1
WTG_02,1,10.31,13.45,187.95,76.77,62.55,94.52,1293.57,14.37,0.0,188.11,2000.0
WTG_02,2,6.14,20.07,194.79,64.87,60.46,76.33,766.28,8.51,0.0,185.26,525.8
WTG_02,3,8.06,17.17,189.38,69.79,61.74,82.23,1035.42,11.5,0.0,185.0,1166.98
WTG_02,4,13.42,10.66,168.63,77.02,64.79,94.63,1711.1,19.01,3.54,187.41,2000.0
WTG_02,5,10.66,15.1,189.29,76.99,63.66,99.29,1335.86,14.84,0.0,189.41,2000.0
WTG_02,6,11.29,11.12,208.02,76.86,62.69,94.24,1439.48,15.99,0.0,185.0,2000.0
WTG_02,7,6.98,20.84,196.79,64.53,61.23,80.32,885.27,9.84,0.0,186.5,743.68
WTG_02,8,8.94,17.26,175.97,73.99,60.73,91.14,1128.25,12.54,0.0,185.67,1569.72
WTG_02,9,9.55,18.31,205.23,75.5,62.81,98.2,1238.14,13.76,0.0,187.91,1903.23
WTG_02,10,8.4,13.73,176.81,72.36,62.12,83.59,1040.6,11.56,0.0,187.2,1320.07
WTG_02,11,11.96,22.64,179.37,75.37,64.52,106.88,1510.95,16.79,0.0,188.72,2000.0
WTG_02,12,5.89,10.12,191.83,65.13,60.34,63.24,727.95,8.09,0.0,187.39,452.94
WTG_02,13,5.76,14.97,181.67,65.92,60.84,67.17,719.88,8.0,0.0,189.1,428.73
WTG_02,14,5.03,12.44,172.47,62.42,60.63,63.58,628.43,6.98,0.0,187.11,270.35
WTG_02,15,7.6,22.06,169.23,69.05,60.98,85.07,927.6,10.31,0.0,185.6,981.98
WTG_02,16,9.82,24.93,192.14,76.28,63.5,108.17,1255.53,13.95,0.0,189.13,2000.0
WTG_02,17,7.85,11.05,197.38,68.57,63.57,75.29,995.54,11.06,0.0,185.69,1060.24
WTG_02,18,9.21,22.72,215.98,75.47,62.42,98.79,1172.7,13.03,0.0,185.35,1701.45
WTG_02,19,11.09,18.96,187.08,77.37,62.98,103.62,1420.6,15.78,0.0,187.87,2000.0
WTG_02,20,6.7,9.9,194.13,66.16,61.91,68.48,837.39,9.3,0.0,185.21,659.17
WTG_02,21,12.56,15.68,148.26,75.5,63.8,98.52,1561.94,17.35,1.41,186.7,2000.0
WTG_02,22,7.76,13.0,182.53,67.69,61.42,76.9,941.11,10.46,0.0,188.41,1019.38
WTG_02,23,12.96,13.53,212.19,76.69,65.78,95.49,1618.77,17.99,2.4,184.27,2000.0
WTG_02,24,12.73,14.67,176.98,75.61,64.42,97.25,1583.35,17.59,1.81,185.95,2000.0
WTG_02,25,11.49,19.02,154.81,77.39,63.59,100.73,1464.25,16.27,0.0,186.66,2000.0
WTG_02,26,11.01,14.92,176.0,75.67,63.33,98.62,1383.24,15.37,0.0,187.44,2000.0
WTG_02,27,8.89,14.67,199.13,73.26,62.66,87.6,1127.36,12.53,0.0,186.82,1532.68
WTG_02,28,7.77,28.53,190.78,69.69,61.68,92.42,982.14,10.91,0.0,188.23,1038.33
WTG_02,29,8.56,13.72,163.93,70.87,62.03,85.46,1106.42,12.29,0.0,186.53,1383.14
WTG_02,30,5.38,19.3,201.13,63.96,60.85,71.8,697.98,7.76,0.0,187.83,333.52
WTG_02,31,5.2,24.99,183.88,62.99,61.35,77.33,665.08,7.39,0.0,189.07,288.47
WTG_02,32,10.39,11.82,185.18,75.31,62.75,93.81,1297.92,14.42,0.0,186.14,2000.0
WTG_02,33,7.65,17.46,187.59,67.62,61.37,80.48,919.48,10.22,0.0,185.87,950.99
WTG_02,34,9.02,18.51,172.38,73.67,62.42,95.97,1155.22,12.84,0.0,187.86,1619.14
WTG_02,35,7.78,21.28,158.94,68.71,61.51,84.79,982.43,10.92,0.0,185.78,1040.8
WTG_02,36,9.26,13.55,210.15,74.29,62.6,90.25,1118.62,12.43,0.0,188.67,1739.28
WTG_02,37,5.52,15.74,193.01,65.18,60.13,65.96,713.67,7.93,0.0,187.72,348.05
WTG_02,38,8.13,16.02,192.73,69.06,62.55,82.15,996.8,11.08,0.0,189.36,1156.36
WTG_02,39,12.0,19.13,189.0,75.99,63.53,100.57,1517.4,16.86,0.01,183.65,2000.0
WTG_02,40,11.76,18.63,184.09,75.49,63.4,102.51,1488.95,16.54,0.0,185.21,2000.0
WTG_02,41,3.0,15.91,201.24,60.83,61.92,60.35,540.0,6.0,0.0,184.86,41.7
WTG_02,42,9.85,22.82,174.84,76.78,63.83,105.99,1211.5,13.46,0.0,188.2,2000.0
WTG_02,43,8.34,27.77,178.33,69.55,60.67,97.38,1040.41,11.56,0.0,186.95,1305.48
WTG_02,44,8.43,21.98,170.78,70.08,62.0,92.46,1063.37,11.82,0.0,190.14,1312.7
WTG_02,45,10.45,7.96,183.93,76.44,63.85,90.86,1317.41,14.64,0.0,189.29,2000.0
WTG_02,46,7.9,18.58,197.0,68.38,61.24,84.26,985.5,10.95,0.0,184.2,1074.13
WTG_02,47,5.11,25.45,173.82,62.54,60.02,73.99,647.47,7.19,0.0,188.96,271.23
WTG_02,48,11.96,17.57,199.79,76.68,63.94,100.74,1540.77,17.12,0.0,186.41,2000.0
WTG_02,49,8.31,19.8,177.79,71.31,61.17,89.24,1040.28,11.56,0.0,188.14,1261.76
WTG_02,50,10.96,14.77,159.61,77.1,62.76,98.05,1391.61,15.46,0.0,188.53,2000.0
WTG_02,51,8.76,19.67,190.83,73.5,62.16,91.12,1089.19,12.1,0.0,185.92,1487.73
WTG_02,52,4.55,23.16,196.66,61.12,59.78,71.79,564.46,6.27,0.0,187.06,186.16
WTG_02,53,12.35,15.23,162.68,75.72,63.58,97.3,1535.73,17.06,0.88,188.43,2000.0
WTG_02,54,7.53,16.49,196.16,68.14,61.7,78.13,938.94,10.43,0.0,188.78,946.62
WTG_02,55,14.55,18.04,169.8,75.81,64.67,100.91,1800.0,20.0,6.38,188.74,2000.0
WTG_02,56,10.94,21.27,179.21,76.98,64.05,104.35,1385.49,15.39,0.0,186.38,2000.0
WTG_02,57,8.49,25.23,180.44,70.85,61.21,95.82,1088.73,12.1,0.0,187.07,1351.72
WTG_02,58,13.52,14.56,220.22,75.83,64.65,97.57,1709.88,19.0,3.79,188.34,2000.0
WTG_02,59,6.55,23.63,191.32,64.5,61.28,80.4,836.78,9.3,0.0,184.85,616.1
WTG_02,60,10.98,21.99,175.06,76.33,62.99,104.47,1365.48,15.17,0.0,187.26,2000.0
WTG_02,61,5.58,12.99,145.27,64.21,60.01,65.22,719.96,8.0,0.0,187.25,382.32
WTG_02,62,7.6,11.79,212.39,68.39,61.43,73.8,982.23,10.91,0.0,189.66,958.32
WTG_02,63,4.86,16.86,187.56,61.11,60.53,66.92,642.28,7.14,0.0,186.58,266.24
WTG_02,64,10.55,12.36,180.27,76.44,62.88,94.79,1337.86,14.87,0.0,188.03,2000.0
WTG_02,65,9.08,13.83,168.0,74.34,62.2,89.77,1117.87,12.42,0.0,186.05,1671.37
WTG_02,66,11.73,25.62,177.52,76.16,64.73,108.16,1498.86,16.65,0.0,187.35,2000.0
WTG_02,67,9.62,11.5,191.03,75.42,62.22,93.92,1202.08,13.36,0.0,185.31,1937.71
WTG_02,68,7.03,18.94,166.91,66.97,61.18,77.82,873.34,9.7,0.0,188.28,737.87
WTG_02,69,7.19,16.75,171.06,66.38,61.17,77.21,887.43,9.86,0.0,185.56,805.4
WTG_02,70,9.8,19.94,179.98,76.18,62.82,104.08,1220.2,13.56,0.0,187.0,2000.0
WTG_02,71,7.4,14.44,174.32,65.8,61.86,75.63,906.31,10.07,0.0,186.12,906.18
WTG_02,72,6.76,23.78,187.44,66.06,60.53,81.72,865.36,9.62,0.0,185.77,697.63
WTG_02,73,7.74,17.62,185.29,68.47,62.09,81.45,982.81,10.92,0.0,188.85,1028.96
WTG_02,74,7.59,22.79,165.26,68.22,62.29,84.54,949.02,10.54,0.0,185.22,955.54
WTG_02,75,5.5,23.28,191.96,64.17,60.48,74.75,672.88,7.48,0.0,185.7,358.43
WTG_02,76,6.44,22.73,212.71,64.83,61.49,80.64,793.39,8.82,0.0,186.65,607.99
WTG_02,77,8.18,21.2,171.05,69.55,61.64,87.54,1051.35,11.68,0.0,186.06,1206.36
WTG_02,78,8.34,13.75,187.12,71.08,61.54,83.73,1059.34,11.77,0.0,187.04,1272.96
WTG_02,79,12.86,27.66,180.85,76.85,65.06,109.61,1613.03,17.92,2.16,187.42,2000.0
WTG_02,80,8.66,20.47,210.64,72.2,61.63,91.76,1086.86,12.08,0.0,188.03,1403.86
WTG_02,81,9.74,17.59,179.46,76.18,63.6,100.61,1175.48,13.06,0.0,186.03,2000.0
WTG_02,82,11.67,22.6,184.91,76.51,64.1,106.01,1491.55,16.57,0.0,187.77,2000.0
WTG_02,83,8.17,22.37,186.43,71.46,61.45,91.12,1018.97,11.32,0.0,185.13,1190.71
WTG_02,84,10.22,19.19,212.72,76.3,64.08,100.93,1275.91,14.18,0.0,182.94,2000.0
WTG_02,85,9.15,21.8,173.29,73.64,63.05,97.05,1168.09,12.98,0.0,187.09,1669.47
WTG_02,86,12.04,19.9,177.79,74.91,64.52,101.97,1544.05,17.16,0.09,187.11,2000.0
WTG_02,87,11.52,15.8,164.02,76.34,64.27,98.08,1478.62,16.43,0.0,186.95,2000.0
WTG_02,88,8.64,16.68,194.19,71.98,63.46,87.2,1066.8,11.85,0.0,187.58,1414.81
WTG_02,89,10.58,10.49,195.06,76.35,63.44,93.32,1348.34,14.98,0.0,184.26,2000.0
WTG_02,90,9.48,16.53,178.43,74.66,63.06,98.69,1239.63,13.77,0.0,184.54,1895.08
WTG_02,91,9.19,18.5,169.98,75.44,62.37,98.53,1165.08,12.95,0.0,183.69,1725.65
WTG_02,92,9.89,12.35,190.55,76.33,62.24,94.27,1236.81,13.74,0.0,189.67,2000.0
WTG_02,93,10.11,11.19,197.56,77.1,63.77,93.02,1270.21,14.11,0.0,186.72,2000.0
WTG_02,94,7.63,20.39,185.92,68.16,63.01,86.25,962.5,10.69,0.0,187.32,974.99
WTG_02,95,8.75,11.62,178.09,71.67,63.43,84.28,1100.23,12.22,0.0,186.92,1463.14
WTG_02,96,7.31,22.71,186.41,67.11,61.26,85.3,912.25,10.14,0.0,189.5,837.24
WTG_02,97,5.91,13.51,185.56,63.87,61.18,68.33,730.2,8.11,0.0,185.13,457.81
WTG_02,98,11.49,15.09,222.03,75.7,62.92,98.68,1476.67,16.41,0.0,186.67,2000.0
WTG_02,99,11.32,26.82,178.34,77.4,62.81,109.58,1403.82,15.6,0.0,188.77,2000.0
WTG_02,100,4.92,18.94,181.9,62.84,59.9,68.79,621.88,6.91,0.0,188.84,272.31
WTG_02,101,9.82,21.36,193.85,75.88,63.46,105.24,1252.18,13.91,0.0,185.32,2000.0
WTG_02,102,7.56,17.35,214.5,67.87,61.7,78.88,962.71,10.7,0.0,186.52,930.77
WTG_02,103,8.27,16.55,184.19,70.48,62.23,84.59,1069.12,11.88,0.0,186.79,1241.1
WTG_02,104,9.16,18.32,177.51,74.01,62.69,95.71,1150.88,12.79,0.0,187.29,1704.14
WTG_02,105,10.4,17.3,176.83,77.14,63.54,100.9,1288.04,14.31,0.0,186.41,2000.0
WTG_02,106,7.44,14.08,174.26,68.56,61.76,75.53,958.98,10.66,0.0,185.0,897.83
WTG_02,107,7.53,23.67,174.44,68.56,61.9,86.03,986.83,10.96,0.0,184.72,926.55
WTG_02,108,8.75,13.37,165.58,73.63,63.14,87.87,1105.16,12.28,0.0,185.6,1466.33
WTG_02,109,9.34,7.52,186.67,74.89,62.76,83.79,1178.66,13.1,0.0,186.99,1795.03
WTG_02,110,10.21,23.35,196.53,74.69,62.75,105.42,1283.93,14.27,0.0,186.54,2000.0
WTG_02,111,3.5,23.28,187.35,62.37,59.09,70.57,540.0,6.0,0.0,188.3,97.94
WTG_02,112,8.76,14.19,182.14,72.19,63.5,86.43,1096.06,12.18,0.0,185.84,1465.56
WTG_02,113,10.15,17.3,171.36,77.38,62.44,101.15,1277.73,14.2,0.0,186.41,2000.0
WTG_02,114,6.23,12.76,220.42,63.61,63.15,69.28,782.12,8.69,0.0,186.16,546.05
WTG_02,115,8.23,20.94,201.66,70.9,61.05,89.0,1040.84,11.56,0.0,184.06,1228.59
WTG_02,116,10.51,15.3,168.03,76.47,62.44,96.5,1310.16,14.56,0.0,186.63,2000.0
WTG_02,117,7.55,16.97,189.3,68.43,61.76,80.39,958.8,10.65,0.0,185.99,958.79
WTG_02,118,4.89,22.37,205.35,62.05,60.64,75.78,652.39,7.25,0.0,186.43,292.03
WTG_02,119,9.61,11.92,194.15,75.95,62.78,93.2,1245.7,13.84,0.0,185.2,1972.13
WTG_02,120,4.22,17.66,214.65,63.03,60.1,65.85,540.0,6.0,0.0,185.38,186.35
WTG_02,121,4.71,18.13,148.53,62.91,61.46,68.12,603.77,6.71,0.0,188.89,230.56
WTG_02,122,10.55,14.97,188.63,76.39,63.63,97.2,1289.21,14.32,0.0,184.56,2000.0
WTG_02,123,4.28,15.61,221.56,61.49,59.43,63.39,544.31,6.05,0.0,186.27,186.72
WTG_02,124,4.01,13.97,183.6,61.84,60.56,62.34,540.0,6.0,0.0,184.73,110.5
WTG_02,125,10.9,24.12,196.43,76.21,62.97,107.83,1362.4,15.14,0.0,186.17,2000.0
WTG_02,126,12.01,16.23,187.48,77.4,65.61,98.89,1503.41,16.7,0.03,185.34,2000.0
WTG_02,127,7.14,15.28,217.45,66.1,62.03,75.6,886.29,9.85,0.0,184.64,790.9
WTG_02,128,6.77,24.13,193.29,67.36,60.99,82.12,854.59,9.5,0.0,186.08,683.59
WTG_02,129,4.7,14.34,208.6,62.26,60.5,62.67,605.51,6.73,0.0,187.71,242.04
WTG_02,130,11.74,22.34,217.06,76.64,62.83,106.3,1487.04,16.52,0.0,183.59,2000.0
WTG_02,131,9.43,21.82,197.96,75.25,63.15,100.08,1228.62,13.65,0.0,184.54,1812.71
WTG_02,132,6.89,13.6,191.58,67.14,62.19,72.39,856.93,9.52,0.0,186.68,723.47
WTG_02,133,11.59,19.78,221.18,74.85,64.14,102.61,1477.74,16.42,0.0,186.05,2000.0
WTG_02,134,6.99,19.58,166.27,66.38,62.23,79.19,887.7,9.86,0.0,187.8,739.02
WTG_02,135,6.58,17.68,206.83,66.82,61.46,74.6,835.11,9.28,0.0,187.06,632.07
WTG_02,136,8.63,22.49,199.15,71.51,63.31,93.37,1075.71,11.95,0.0,188.01,1417.34
WTG_02,137,9.8,17.34,205.15,77.97,63.52,99.69,1244.28,13.83,0.0,185.34,2000.0
WTG_02,138,8.82,22.33,186.95,73.15,62.34,97.68,1104.72,12.27,0.0,186.05,1537.66
WTG_02,139,5.53,22.16,182.69,64.09,59.77,74.53,697.06,7.75,0.0,187.8,370.22
WTG_02,140,12.16,14.03,207.81,76.7,64.41,98.32,1518.91,16.88,0.41,186.49,2000.0
WTG_02,141,8.68,21.87,182.06,73.05,62.46,93.46,1092.88,12.14,0.0,186.54,1456.0
WTG_02,142,5.05,17.15,211.88,63.18,60.94,66.45,647.46,7.19,0.0,186.55,253.54
WTG_02,143,7.77,16.06,196.16,68.81,61.98,82.27,967.84,10.75,0.0,187.67,1033.71
WTG_02,144,4.73,20.99,215.38,62.11,61.55,70.49,623.81,6.93,0.0,185.49,240.38
WTG_02,145,9.96,14.78,177.3,78.04,63.97,99.14,1263.05,14.03,0.0,186.93,2000.0
WTG_02,146,10.12,21.59,174.07,77.13,63.23,105.52,1279.31,14.21,0.0,184.73,2000.0
WTG_02,147,7.67,15.38,207.66,68.66,62.42,81.38,965.62,10.73,0.0,184.07,983.97
WTG_02,148,10.69,19.89,181.56,76.7,62.63,103.57,1373.19,15.26,0.0,185.84,2000.0
WTG_02,149,6.42,13.83,207.93,65.68,62.1,70.52,774.12,8.6,0.0,186.32,587.73
WTG_02,150,7.14,17.8,202.34,66.87,61.83,78.37,902.74,10.03,0.0,185.44,807.52
WTG_02,151,12.4,16.58,177.95,76.16,66.09,100.52,1571.7,17.46,0.99,187.38,2000.0
WTG_02,152,12.67,21.89,193.54,78.06,65.74,104.34,1618.05,17.98,1.67,186.99,2000.0
WTG_02,153,8.55,18.55,197.21,71.28,61.74,88.85,1078.27,11.98,0.0,187.38,1395.63
WTG_02,154,7.07,18.53,193.68,67.44,62.05,79.65,874.41,9.72,0.0,186.83,789.05
WTG_02,155,6.6,21.49,217.25,66.11,62.47,78.34,806.25,8.96,0.0,188.16,637.4
WTG_02,156,4.98,17.02,202.11,63.53,61.36,68.03,615.16,6.84,0.0,186.98,259.11
WTG_02,157,8.01,19.28,188.1,69.92,62.4,87.76,994.45,11.05,0.0,185.28,1127.98
WTG_02,158,7.34,18.11,197.36,67.98,62.28,81.28,903.82,10.04,0.0,185.83,866.48
WTG_02,159,12.07,17.95,222.54,77.78,65.61,100.29,1512.51,16.81,0.17,185.3,2000.0
WTG_02,160,7.47,18.57,196.15,69.8,62.45,82.93,965.82,10.73,0.0,185.91,916.53
WTG_02,161,13.32,12.09,178.64,76.86,64.82,97.01,1711.88,19.02,3.31,183.66,2000.0
WTG_02,162,9.06,16.94,211.75,73.6,64.92,93.75,1130.93,12.57,0.0,185.52,1640.22
WTG_02,163,13.14,15.65,221.31,76.98,64.29,99.9,1647.84,18.31,2.84,186.43,2000.0
WTG_02,164,5.71,16.77,214.41,64.22,63.26,69.25,730.3,8.11,0.0,185.35,403.71
WTG_02,165,5.34,23.26,196.39,64.03,62.95,76.31,675.83,7.51,0.0,185.06,376.21
WTG_02,166,15.6,17.36,175.98,77.81,65.78,103.49,1800.0,20.0,8.99,186.21,2000.0
WTG_02,167,6.31,18.5,184.71,67.55,61.71,75.75,790.93,8.79,0.0,184.86,539.75
WTG_02,168,6.1,18.79,202.81,64.27,62.85,72.99,779.16,8.66,0.0,185.61,461.0
WTG_02,169,5.85,20.93,210.87,66.51,61.27,75.22,750.9,8.34,0.0,186.62,457.05
WTG_02,170,11.83,15.3,185.84,76.61,63.92,99.05,1478.28,16.43,0.0,185.64,2000.0
WTG_02,171,10.08,15.97,189.84,78.42,64.96,99.41,1272.77,14.14,0.0,184.6,2000.0
WTG_02,172,12.11,17.51,206.02,78.07,65.39,102.18,1523.98,16.93,0.27,184.33,2000.0
WTG_02,173,7.84,21.08,199.2,71.21,63.02,87.86,966.88,10.74,0.0,185.43,1089.03
WTG_02,174,10.29,9.87,229.09,77.77,65.57,93.95,1282.8,14.25,0.0,187.47,2000.0
WTG_02,175,10.02,14.15,199.52,78.06,64.14,98.92,1259.99,14.0,0.0,185.34,2000.0
WTG_02,176,7.37,21.07,188.23,68.42,63.0,86.38,873.11,9.7,0.0,188.06,883.43
WTG_02,177,8.59,14.69,206.47,72.49,63.67,86.89,1075.32,11.95,0.0,186.75,1398.96
WTG_02,178,7.53,20.64,178.83,69.45,63.83,84.56,962.22,10.69,0.0,183.39,922.96
WTG_02,179,10.24,14.64,191.84,77.91,64.38,99.72,1295.27,14.39,0.0,184.97,2000.0
WTG_02,180,10.59,22.31,193.08,78.89,64.29,106.36,1275.24,14.17,0.0,186.6,2000.0
WTG_02,181,8.75,9.63,175.52,74.89,63.23,83.82,1109.62,12.33,0.0,183.49,1471.15
WTG_02,182,7.7,10.43,192.41,71.72,64.54,75.42,969.08,10.77,0.0,181.7,1001.75
WTG_02,183,8.75,19.51,185.39,73.81,64.18,93.67,1088.15,12.09,0.0,184.64,1498.58
WTG_02,184,8.16,15.3,215.73,71.37,63.73,84.48,1003.05,11.15,0.0,185.98,1199.47
WTG_02,185,6.65,22.63,198.07,67.19,61.58,82.36,814.08,9.05,0.0,186.15,657.4
WTG_02,186,12.21,16.49,200.78,77.48,65.14,100.26,1538.78,17.1,0.51,182.42,2000.0
WTG_02,187,9.62,24.41,195.72,78.32,64.13,109.73,1196.18,13.29,0.0,183.33,1961.09
WTG_02,188,8.28,19.18,204.69,73.91,63.55,89.57,1044.45,11.61,0.0,185.43,1230.85
WTG_02,189,7.41,18.23,188.74,69.57,62.64,81.33,940.98,10.46,0.0,182.41,890.51
WTG_02,190,7.22,7.71,194.39,68.96,64.14,73.17,900.57,10.01,0.0,186.12,831.54
WTG_02,191,7.87,16.03,212.13,70.65,63.92,83.95,960.97,10.68,0.0,183.25,1066.52
WTG_02,192,7.96,19.78,187.22,71.44,64.06,87.68,1025.18,11.39,0.0,183.38,1120.43
WTG_02,193,7.94,20.0,202.32,71.14,63.21,88.5,992.6,11.03,0.0,182.75,1111.74
WTG_02,194,4.78,17.98,189.54,65.19,61.82,69.23,597.95,6.64,0.0,184.79,226.07
WTG_02,195,5.56,12.2,205.21,65.85,62.1,66.25,692.36,7.69,0.0,182.82,364.3
WTG_02,196,9.76,23.33,171.68,78.16,63.89,108.79,1231.61,13.68,0.0,185.62,2000.0
WTG_02,197,11.23,19.46,201.17,79.18,64.53,104.91,1398.33,15.54,0.0,185.05,2000.0
WTG_02,198,11.21,17.7,186.94,78.54,65.21,104.97,1402.83,15.59,0.0,185.36,2000.0
WTG_02,199,11.42,19.89,194.39,78.77,65.81,105.06,1434.45,15.94,0.0,183.53,2000.0
WTG_02,200,7.51,12.43,219.25,69.27,64.48,79.02,986.55,10.96,0.0,183.3,951.59
WTG_02,201,10.22,16.17,223.03,79.24,65.84,101.64,1294.59,14.38,0.0,184.57,2000.0
WTG_02,202,8.83,13.46,197.92,75.47,64.23,89.28,1121.44,12.46,0.0,185.05,1510.45
WTG_02,203,9.55,16.35,215.81,75.79,64.41,101.31,1191.49,13.24,0.0,180.64,1908.05
WTG_02,204,6.62,19.76,166.73,69.71,63.7,79.04,824.95,9.17,0.0,182.25,655.43
WTG_02,205,9.36,19.12,228.37,77.06,67.01,101.59,1197.12,13.3,0.0,182.63,1806.63
WTG_02,206,8.44,14.49,164.53,72.4,64.51,87.09,1068.87,11.88,0.0,184.36,1348.67
WTG_02,207,8.57,12.56,185.98,75.24,64.28,88.19,1064.77,11.83,0.0,183.26,1404.49
WTG_02,208,8.18,18.23,205.07,73.29,64.47,89.01,1021.1,11.35,0.0,184.2,1205.96
WTG_02,209,10.67,17.75,193.79,78.89,63.89,101.75,1347.42,14.97,0.0,180.66,2000.0
WTG_02,210,11.62,18.06,182.07,79.51,65.99,104.02,1472.75,16.36,0.0,184.69,2000.0
WTG_02,211,7.83,18.12,197.24,73.35,63.66,87.4,957.15,10.63,0.0,182.01,1068.6
WTG_02,212,9.33,24.03,193.39,76.75,63.78,105.82,1175.56,13.06,0.0,184.46,1760.87
WTG_02,213,8.45,19.14,196.41,72.28,65.46,92.04,1077.51,11.97,0.0,181.25,1327.39
WTG_02,214,7.9,10.39,182.65,72.25,64.56,78.57,998.31,11.09,0.0,183.01,1089.18
WTG_02,215,7.91,11.5,189.91,72.76,65.73,80.93,1012.29,11.25,0.0,185.64,1111.39
WTG_02,216,14.14,11.07,204.92,79.79,67.55,96.4,1782.72,19.81,5.34,182.92,2000.0
WTG_02,217,12.01,18.73,211.1,78.48,66.21,104.75,1508.46,16.76,0.03,180.98,2000.0
WTG_02,218,6.92,19.25,203.75,69.32,63.86,82.17,887.0,9.86,0.0,184.62,721.42
WTG_02,219,10.21,22.24,202.39,78.73,66.07,107.49,1300.75,14.45,0.0,186.27,2000.0
WTG_02,220,8.16,20.58,201.81,73.55,65.95,90.56,1006.56,11.18,0.0,180.21,1168.97
WTG_02,221,8.19,14.25,192.35,72.64,65.46,86.4,1042.56,11.58,0.0,182.12,1206.53
WTG_02,222,9.34,20.08,208.59,78.71,65.28,102.62,1178.17,13.09,0.0,181.72,1816.77
WTG_02,223,10.58,15.51,195.93,80.72,66.84,100.82,1352.16,15.02,0.0,182.34,2000.0
WTG_02,224,11.47,13.11,208.7,79.92,66.09,98.49,1445.13,16.06,0.0,182.43,2000.0
WTG_02,225,4.17,15.3,240.77,66.17,62.71,66.61,540.0,6.0,0.0,180.62,146.63
WTG_02,226,9.64,23.47,187.61,81.07,64.4,110.37,1177.58,13.08,0.0,182.61,1987.34
WTG_02,227,7.03,12.42,217.58,69.64,64.23,73.62,889.17,9.88,0.0,181.86,768.59
WTG_02,228,12.6,14.44,179.96,79.58,67.19,101.51,1595.07,17.72,1.49,181.89,2000.0
WTG_02,229,11.5,27.75,177.26,81.21,67.54,114.68,1471.18,16.35,0.0,183.19,2000.0
WTG_02,230,8.01,14.9,215.16,73.33,63.7,85.19,994.64,11.05,0.0,182.48,1142.22
WTG_02,231,7.98,7.81,222.91,72.86,65.81,80.28,1009.16,11.21,0.0,180.8,1126.73
WTG_02,232,13.17,19.59,190.16,80.82,67.84,105.88,1698.93,18.88,2.92,182.07,2000.0
WTG_02,233,12.95,16.76,202.9,80.75,68.55,103.71,1658.37,18.43,2.38,182.21,2000.0
WTG_02,234,10.65,16.4,215.64,79.18,66.44,102.8,1332.4,14.8,0.0,181.06,2000.0
WTG_02,235,10.53,11.1,173.88,80.7,66.25,99.55,1313.29,14.59,0.0,180.6,2000.0
WTG_02,236,10.16,16.55,190.57,80.82,67.35,104.27,1268.78,14.1,0.0,179.09,2000.0
WTG_02,237,14.29,19.5,211.42,79.72,69.08,104.85,1793.26,19.93,5.72,182.44,2000.0
WTG_02,238,6.3,19.11,224.16,70.1,64.74,80.38,808.75,8.99,0.0,178.75,568.76
WTG_02,239,7.28,23.57,198.12,72.21,65.97,89.17,883.99,9.82,0.0,181.68,879.96
WTG_02,240,9.64,14.71,201.45,81.31,66.09,103.68,1188.13,13.2,0.0,179.02,1968.07
WTG_02,241,8.35,15.37,201.4,74.62,66.72,89.43,1076.73,11.96,0.0,181.35,1265.83
WTG_02,242,6.59,17.71,221.17,68.41,65.69,80.84,800.97,8.9,0.0,180.73,618.25
WTG_02,243,6.49,14.1,199.84,69.36,65.72,75.69,811.85,9.02,0.0,179.8,614.01
WTG_02,244,8.17,19.35,218.12,75.32,65.63,92.26,1025.4,11.39,0.0,180.79,1183.48
WTG_02,245,8.6,16.05,213.8,75.74,66.59,93.54,1019.57,11.33,0.0,182.65,1418.12
WTG_02,246,9.49,14.68,180.53,79.52,66.79,99.37,1190.01,13.22,0.0,180.71,1853.5
WTG_02,247,8.41,16.69,168.34,76.45,65.21,91.29,1036.32,11.51,0.0,182.17,1318.13
WTG_02,248,7.2,17.55,226.43,71.73,67.36,84.07,901.31,10.01,0.0,180.5,815.25
WTG_02,249,7.69,20.16,214.8,73.37,66.32,89.08,949.51,10.55,0.0,179.78,1010.41
WTG_02,250,6.42,13.69,210.66,71.73,65.05,76.3,803.11,8.92,0.0,178.07,563.91
WTG_02,251,10.14,17.0,195.66,80.9,67.06,103.95,1281.34,14.24,0.0,180.65,2000.0
WTG_02,252,5.87,18.02,214.09,69.82,65.46,75.92,742.8,8.25,0.0,179.67,433.1
WTG_02,253,10.47,15.3,218.47,80.86,68.36,103.95,1304.98,14.5,0.0,178.53,2000.0
WTG_02,254,8.01,5.72,217.07,73.37,66.56,76.2,1006.12,11.18,0.0,181.09,1094.31
WTG_02,255,10.05,19.44,166.43,81.09,67.55,107.18,1256.39,13.96,0.0,180.13,2000.0
WTG_02,256,10.92,20.72,203.53,81.85,68.14,111.02,1411.45,15.68,0.0,181.22,2000.0
WTG_02,257,5.47,22.34,203.38,68.44,65.84,81.69,674.22,7.49,0.0,181.04,331.16
WTG_02,258,7.54,19.56,218.19,73.14,67.21,89.15,951.94,10.58,0.0,179.06,935.29
WTG_02,259,3.0,12.84,215.2,67.61,65.53,66.61,540.0,6.0,0.0,180.19,77.16
WTG_02,260,8.71,12.5,220.51,76.59,67.61,90.6,1122.52,12.47,0.0,179.52,1434.49
WTG_02,261,12.02,9.02,229.82,82.82,69.71,98.49,1507.2,16.75,0.05,179.64,2000.0
WTG_02,262,9.72,15.48,179.83,81.78,67.6,106.78,1203.1,13.37,0.0,180.38,2000.0
WTG_02,263,8.37,20.69,200.0,76.53,67.21,98.32,1056.59,11.74,0.0,179.91,1296.56
WTG_02,264,3.36,15.33,194.68,67.36,64.9,68.95,540.0,6.0,0.0,179.69,96.65
WTG_02,265,8.45,15.42,211.47,78.37,67.57,92.73,1093.94,12.15,0.0,178.73,1334.71
WTG_02,266,9.3,19.76,192.82,79.62,69.88,104.33,1183.04,13.14,0.0,179.76,1743.28
WTG_02,267,13.25,8.74,223.59,81.88,71.3,97.99,1680.64,18.67,3.11,180.13,2000.0
WTG_02,268,8.91,21.08,207.53,79.16,68.01,102.36,1089.54,12.11,0.0,178.06,1509.33
WTG_02,269,14.05,18.92,200.2,83.07,69.94,109.1,1775.77,19.73,5.11,177.61,2000.0
WTG_02,270,6.19,25.9,190.74,71.41,66.33,89.1,780.46,8.67,0.0,181.27,510.55
WTG_02,271,6.9,22.87,201.37,73.04,66.67,90.87,896.65,9.96,0.0,178.44,755.91
WTG_02,272,10.25,16.64,193.93,82.11,69.82,107.61,1312.95,14.59,0.0,177.5,2000.0
WTG_02,273,13.05,15.53,204.77,82.25,70.82,105.7,1658.08,18.42,2.62,179.16,2000.0
WTG_02,274,9.38,18.38,191.68,81.46,68.99,104.93,1177.49,13.08,0.0,175.98,1829.06
WTG_02,275,8.79,18.7,237.41,78.48,69.23,100.37,1099.07,12.21,0.0,179.87,1492.29
WTG_02,276,11.78,19.41,200.55,84.4,70.89,110.01,1487.85,16.53,0.0,175.32,2000.0
WTG_02,277,12.33,20.33,202.91,84.78,69.33,110.94,1563.79,17.38,0.83,179.79,2000.0
WTG_02,278,10.41,25.09,189.47,82.48,69.7,116.1,1330.71,14.79,0.0,174.84,2000.0
WTG_02,279,8.31,21.49,202.04,78.05,68.48,99.65,1051.86,11.69,0.0,174.77,1267.82
WTG_02,280,9.02,23.54,201.29,81.15,69.85,107.91,1123.61,12.48,0.0,173.44,1626.19
WTG_02,281,11.95,26.28,227.36,83.74,69.82,117.85,1441.97,16.02,0.0,176.68,2000.0
WTG_02,282,10.27,18.23,191.39,82.83,69.13,109.58,1283.85,14.26,0.0,178.91,2000.0
WTG_02,283,7.66,14.97,190.58,77.96,69.22,88.17,965.85,10.73,0.0,175.83,1006.92
WTG_02,284,8.06,20.52,203.68,77.14,69.23,94.37,1012.46,11.25,0.0,177.34,1150.95
WTG_02,285,14.88,15.79,214.11,84.3,71.0,107.96,1800.0,20.0,7.2,176.58,2000.0
WTG_02,286,8.14,17.47,210.76,77.95,69.8,94.01,1031.63,11.46,0.0,177.22,1189.55
WTG_02,287,7.43,18.29,184.34,75.17,69.03,87.61,929.7,10.33,0.0,174.08,911.4
WTG_02,288,6.23,18.41,213.8,72.73,69.32,83.26,784.45,8.72,0.0,175.5,527.21
WTG_02,289,12.23,25.8,190.21,85.14,71.8,118.12,1550.79,17.23,0.58,176.6,2000.0
WTG_02,290,10.89,13.02,208.6,84.3,71.25,103.86,1330.94,14.79,0.0,174.96,2000.0
WTG_02,291,11.42,15.29,180.53,84.98,71.01,109.89,1443.1,16.03,0.0,173.25,2000.0
WTG_02,292,16.08,16.44,211.95,84.61,73.35,107.76,1800.0,20.0,10.21,176.0,2000.0
WTG_02,293,3.54,19.09,222.04,70.25,69.52,75.62,540.0,6.0,0.0,179.54,107.68
WTG_02,294,3.02,16.68,183.92,69.77,68.81,73.23,540.0,6.0,0.0,174.28,56.85
WTG_02,295,5.86,18.67,215.18,71.59,69.33,84.31,750.67,8.34,0.0,174.85,471.03
WTG_02,296,3.15,12.84,214.53,69.68,68.89,69.11,540.0,6.0,0.0,175.28,79.15
WTG_02,297,9.13,14.72,233.07,82.5,72.22,102.56,1120.06,12.45,0.0,173.77,1673.85
WTG_02,298,8.3,25.45,195.61,80.25,71.11,105.79,1014.13,11.27,0.0,177.26,1262.62
WTG_02,299,4.7,13.19,219.83,73.16,68.0,72.85,572.89,6.37,0.0,174.37,207.24
WTG_02,300,12.27,10.52,216.23,85.4,73.85,103.38,1530.35,17.0,0.68,170.62,2000.0
WTG_02,301,7.03,16.95,226.34,76.97,69.45,87.13,862.86,9.59,0.0,173.92,745.07
WTG_02,302,9.54,15.0,196.3,84.46,72.64,107.62,1208.57,13.43,0.0,176.66,1899.08
WTG_02,303,10.96,12.93,211.75,86.12,73.14,107.36,1362.67,15.14,0.0,171.78,2000.0
WTG_02,304,7.79,17.43,185.06,77.79,70.2,94.78,994.9,11.05,0.0,173.14,1038.23
WTG_02,305,11.98,24.29,225.84,86.96,74.64,118.68,1499.36,16.66,0.0,170.57,2000.0
WTG_02,306,7.31,17.27,194.13,77.07,72.23,90.53,875.26,9.73,0.0,174.11,858.88
WTG_02,307,8.7,18.37,185.92,82.85,71.57,103.55,1077.76,11.98,0.0,174.0,1466.18
WTG_02,308,13.98,18.65,194.86,87.87,73.33,113.75,1759.05,19.54,4.94,171.74,2000.0
WTG_02,309,7.58,21.38,222.09,78.43,73.6,97.09,943.3,10.48,0.0,171.67,957.07
WTG_02,310,12.31,23.43,237.88,87.04,73.91,118.26,1588.07,17.65,0.76,172.17,2000.0
WTG_02,311,12.1,18.0,225.67,86.07,73.12,112.84,1536.76,17.08,0.25,172.81,2000.0
WTG_02,312,7.38,20.81,203.28,80.05,71.21,97.54,934.41,10.38,0.0,171.56,885.78
WTG_02,313,5.65,17.13,259.9,75.58,70.71,83.12,728.0,8.09,0.0,172.29,405.81
WTG_02,314,13.52,17.57,205.73,88.06,74.03,113.72,1682.89,18.7,3.81,172.47,2000.0
WTG_02,315,11.53,22.85,212.91,89.37,74.19,120.45,1434.58,15.94,0.0,172.7,2000.0
WTG_02,316,10.88,21.75,193.25,87.86,74.43,116.73,1376.95,15.3,0.0,172.62,2000.0
WTG_02,317,5.25,22.57,201.73,74.14,70.08,86.25,643.53,7.15,0.0,173.27,297.56
WTG_02,318,8.53,13.29,215.19,84.14,73.34,99.13,1077.04,11.97,0.0,171.24,1393.93
WTG_02,319,8.81,24.64,187.37,84.28,73.05,111.93,1127.67,12.53,0.0,171.21,1503.45
WTG_02,320,7.96,15.19,183.42,81.57,74.43,94.37,990.34,11.0,0.0,169.57,1103.26
WTG_02,321,7.21,18.61,220.93,80.24,72.73,95.65,922.04,10.24,0.0,170.4,838.28
WTG_02,322,9.27,23.18,220.7,87.62,72.87,116.25,1128.11,12.53,0.0,171.34,1754.5
WTG_02,323,11.96,15.23,227.24,91.26,76.41,112.79,1509.81,16.78,0.0,174.06,2000.0
WTG_02,324,10.51,14.37,211.81,88.27,74.06,111.26,1337.81,14.86,0.0,171.2,2000.0
WTG_02,325,10.66,18.57,199.98,90.35,75.6,117.24,1373.97,15.27,0.0,169.55,2000.0
WTG_02,326,8.64,18.22,205.45,83.97,73.73,104.59,1093.12,12.15,0.0,169.89,1444.28
WTG_02,327,8.66,21.09,213.21,85.27,74.82,108.1,1096.76,12.19,0.0,172.32,1435.38
WTG_02,328,15.35,20.82,216.22,89.88,76.53,119.21,1800.0,20.0,8.39,168.58,2000.0
WTG_02,329,8.14,10.51,195.3,84.11,73.69,93.5,1031.78,11.46,0.0,168.34,1172.69
WTG_02,330,9.96,11.86,206.2,90.39,74.39,109.87,1240.19,13.78,0.0,168.14,2000.0
WTG_02,331,11.38,23.09,191.48,89.97,76.17,123.28,1448.21,16.09,0.0,167.6,2000.0
WTG_02,332,11.09,13.31,194.59,88.05,76.91,109.72,1397.46,15.53,0.0,168.7,2000.0
WTG_02,333,12.32,26.84,207.85,91.16,76.36,124.94,1526.41,16.96,0.8,167.65,2000.0
WTG_02,334,8.14,19.26,204.91,82.99,74.71,101.39,1017.54,11.31,0.0,168.7,1195.55
WTG_02,335,4.15,21.56,193.78,77.35,73.86,84.05,540.0,6.0,0.0,166.33,151.96
WTG_02,336,8.01,26.95,199.52,84.31,75.9,109.6,992.63,11.03,0.0,167.99,1153.96
WTG_02,337,12.29,17.42,230.55,91.06,78.05,117.5,1555.39,17.28,0.72,167.89,2000.0
WTG_02,338,4.27,10.82,190.05,75.37,74.5,74.74,540.0,6.0,0.0,165.7,165.71
WTG_02,339,9.22,21.9,244.72,88.4,77.75,115.08,1172.28,13.03,0.0,166.8,1748.34
WTG_02,340,10.4,11.58,200.09,92.68,76.83,111.06,1291.06,14.35,0.0,163.02,2000.0
WTG_02,341,10.17,21.16,188.6,92.47,76.42,120.41,1279.82,14.22,0.0,166.46,2000.0
WTG_02,342,12.21,22.18,213.88,92.49,77.3,124.24,1556.95,17.3,0.53,165.35,2000.0
WTG_02,343,6.87,20.25,224.18,82.16,75.94,96.3,857.35,9.53,0.0,167.5,718.31
WTG_02,344,12.52,13.1,201.8,90.73,79.22,111.54,1577.5,17.53,1.29,165.93,2000.0
WTG_02,345,10.9,19.07,208.69,91.55,77.97,120.06,1353.31,15.04,0.0,166.55,2000.0
WTG_02,346,7.4,26.14,219.97,83.04,76.1,108.86,927.28,10.3,0.0,164.96,895.17
WTG_02,347,8.81,16.18,199.11,89.42,77.78,108.98,1117.08,12.41,0.0,164.52,1502.63
WTG_02,348,10.6,20.66,199.48,93.37,78.61,123.51,1330.17,14.78,0.0,165.34,2000.0
WTG_02,349,10.13,21.95,203.59,92.72,77.43,122.88,1259.91,14.0,0.0,166.79,2000.0
WTG_02,350,8.76,19.23,206.74,89.13,78.13,112.63,1092.56,12.14,0.0,164.22,1482.73
WTG_02,351,11.15,13.68,246.21,92.47,78.73,117.22,1391.12,15.46,0.0,163.81,2000.0
WTG_02,352,14.51,17.98,229.84,92.37,80.16,121.37,1800.0,20.0,6.28,164.3,2000.0
WTG_02,353,9.35,11.81,207.24,92.47,78.56,109.79,1197.95,13.31,0.0,164.18,1777.36
WTG_02,354,7.77,16.39,229.35,86.57,77.36,102.33,971.55,10.79,0.0,165.31,1060.1
WTG_02,355,4.86,13.86,213.77,80.96,76.5,84.14,584.43,6.49,0.0,163.25,284.61
WTG_02,356,4.09,11.07,244.12,80.06,76.87,79.84,543.65,6.04,0.0,161.79,141.87
WTG_02,357,4.48,22.73,186.01,79.55,76.97,91.35,561.76,6.24,0.0,164.29,192.24
WTG_02,358,9.35,26.39,195.02,92.8,78.24,127.41,1178.99,13.1,0.0,163.97,1806.42
WTG_02,359,5.83,19.75,241.42,83.48,77.03,95.76,734.27,8.16,0.0,164.7,436.53
WTG_02,360,6.69,15.33,208.13,83.51,78.36,92.76,809.87,9.0,0.0,164.39,662.47
WTG_02,361,10.84,15.18,221.49,94.27,80.25,118.55,1367.84,15.2,0.0,162.84,2000.0
WTG_02,362,10.33,15.39,210.74,95.68,80.25,119.38,1319.37,14.66,0.0,163.36,2000.0
WTG_02,363,9.57,11.4,224.89,93.39,79.89,113.07,1190.26,13.23,0.0,158.81,1906.62
WTG_02,364,8.1,16.04,214.15,89.65,79.2,105.59,1009.77,11.22,0.0,164.18,1198.28
WTG_02,365,11.39,12.42,201.89,95.36,81.26,118.01,1421.26,15.79,0.0,163.17,2000.0
WTG_02,366,8.18,11.46,200.99,90.44,79.11,101.9,1021.7,11.35,0.0,159.06,1186.81
WTG_02,367,10.64,17.44,239.39,95.92,81.1,122.39,1320.65,14.67,0.0,160.84,2000.0
WTG_02,368,8.14,9.72,231.7,89.04,79.77,100.69,1077.44,11.97,0.0,161.67,1192.08
WTG_02,369,8.29,21.01,185.94,89.86,79.59,112.92,1058.02,11.76,0.0,162.95,1256.63
WTG_02,370,8.43,14.59,219.87,91.82,81.76,108.34,1094.93,12.17,0.0,159.42,1324.33
WTG_02,371,4.64,14.31,200.53,82.98,78.37,89.11,596.33,6.63,0.0,159.72,231.55
WTG_02,372,10.51,18.2,220.33,98.23,81.04,123.55,1334.32,14.83,0.0,162.03,2000.0
WTG_02,373,10.48,28.16,218.33,96.25,83.01,133.04,1350.46,15.01,0.0,159.54,2000.0
WTG_02,374,11.92,20.0,217.57,98.04,82.63,127.22,1493.59,16.6,0.0,161.2,2000.0
WTG_02,375,8.44,18.27,224.76,91.67,81.36,112.44,1073.84,11.93,0.0,157.97,1337.63
WTG_02,376,4.5,4.98,235.53,84.37,79.68,79.61,540.0,6.0,0.0,159.7,224.5
WTG_02,377,6.25,17.94,203.0,86.31,81.0,97.95,798.72,8.87,0.0,161.3,525.24
WTG_02,378,8.4,22.87,225.0,93.33,82.28,114.49,1083.63,12.04,0.0,156.91,1297.75
WTG_02,379,10.46,20.07,198.48,98.57,83.89,128.66,1321.42,14.68,0.0,158.23,2000.0
WTG_02,380,7.72,22.17,224.95,90.01,81.53,111.32,948.22,10.54,0.0,158.08,1016.69
WTG_02,381,9.94,16.36,212.62,96.73,83.26,126.39,1242.9,13.81,0.0,158.52,2000.0
WTG_02,382,12.17,9.86,199.57,98.31,84.49,118.98,1542.31,17.14,0.42,155.3,2000.0
WTG_02,383,10.3,7.3,225.68,99.95,84.31,116.25,1280.42,14.23,0.0,158.66,2000.0
WTG_02,384,4.75,18.82,206.55,86.19,82.9,96.26,614.97,6.83,0.0,156.7,246.02
WTG_02,385,9.0,20.4,220.54,97.91,83.94,120.14,1146.29,12.74,0.0,155.29,1568.65
WTG_02,386,3.68,13.64,216.47,85.18,81.07,87.17,540.0,6.0,0.0,155.26,115.5
WTG_02,387,7.23,16.59,214.56,90.98,83.19,102.87,905.47,10.06,0.0,156.15,823.0
WTG_02,388,8.71,11.68,209.93,95.0,84.12,111.91,1107.97,12.31,0.0,158.54,1435.71
WTG_02,389,10.65,22.34,224.1,100.66,85.62,131.83,1329.23,14.77,0.0,156.24,2000.0
WTG_02,390,8.7,18.93,217.72,96.26,83.58,117.53,1091.05,12.12,0.0,155.53,1455.34
WTG_02,391,7.88,11.08,220.7,93.92,85.45,105.87,991.44,11.02,0.0,155.19,1069.78
WTG_02,392,8.79,18.63,223.84,96.1,85.2,120.86,1102.49,12.25,0.0,153.95,1495.85
WTG_02,393,8.76,13.55,200.55,95.94,84.58,114.08,1107.72,12.31,0.0,155.56,1468.61
WTG_02,394,9.45,14.51,210.58,99.9,86.77,123.7,1214.04,13.49,0.0,155.3,1869.34
WTG_02,395,8.59,22.74,202.11,95.46,85.64,123.33,1077.96,11.98,0.0,154.84,1413.54
WTG_02,396,11.67,20.92,223.22,102.47,88.34,132.33,1471.75,16.35,0.0,152.91,2000.0
WTG_02,397,8.81,22.0,223.05,99.17,85.53,127.18,1127.92,12.53,0.0,155.34,1520.49
WTG_02,398,9.16,12.47,196.39,98.83,85.49,118.77,1158.59,12.87,0.0,153.21,1679.7
WTG_02,399,12.51,19.94,214.18,103.59,88.34,134.01,1583.64,17.6,1.29,153.86,2000.0
WTG_02,400,9.21,17.52,233.8,99.57,86.43,125.75,1147.21,12.75,0.0,151.68,1694.29
WTG_02,401,9.51,16.02,212.79,102.46,87.61,127.85,1179.96,13.11,0.0,151.72,1891.58
WTG_02,402,5.23,22.28,218.92,91.15,85.95,104.99,661.02,7.34,0.0,151.69,339.59
WTG_02,403,9.6,19.63,245.97,101.83,87.36,134.64,1254.15,13.94,0.0,152.48,1950.95
WTG_02,404,10.07,17.33,202.56,104.77,87.5,131.51,1298.4,14.43,0.0,152.58,2000.0
WTG_02,405,8.38,16.53,220.66,99.16,87.36,118.21,1031.3,11.46,0.0,152.46,1269.83
WTG_02,406,12.0,11.52,210.13,106.47,89.04,127.64,1521.25,16.9,0.0,151.02,2000.0
WTG_02,407,4.9,15.81,224.64,89.33,86.65,97.32,586.65,6.52,0.0,149.22,227.63
WTG_02,408,7.54,12.3,213.95,98.19,86.28,107.84,916.76,10.19,0.0,149.22,959.35
WTG_02,409,8.56,22.01,213.91,100.74,89.96,127.55,1077.45,11.97,0.0,148.68,1426.41
WTG_02,410,7.2,17.97,204.1,96.41,89.55,111.34,891.42,9.9,0.0,149.88,814.17
WTG_02,411,4.93,22.24,195.27,91.92,87.35,104.73,635.58,7.06,0.0,146.99,262.44
WTG_02,412,11.09,18.05,216.59,105.53,92.34,135.45,1405.49,15.62,0.0,148.73,2000.0
WTG_02,413,7.72,21.81,209.49,98.74,88.67,120.69,956.52,10.63,0.0,149.49,1036.04
WTG_02,414,10.55,21.9,202.66,106.75,91.72,139.84,1346.78,14.96,0.0,148.41,2000.0
WTG_02,415,4.04,17.82,209.73,91.97,87.68,102.41,540.0,6.0,0.0,146.65,159.93
WTG_02,416,6.01,14.67,213.28,93.37,88.51,104.17,742.22,8.25,0.0,147.53,491.13
WTG_02,417,13.23,24.18,197.69,106.92,91.79,142.33,1632.58,18.14,3.07,147.23,2000.0
WTG_02,418,6.9,15.5,210.37,96.71,89.6,109.76,862.32,9.58,0.0,146.54,731.65
WTG_02,419,9.69,26.17,230.48,107.18,91.27,144.15,1231.66,13.69,0.0,146.79,1997.65
WTG_02,420,4.87,20.37,220.24,93.48,89.38,106.05,627.05,6.97,0.0,147.07,243.53
WTG_02,421,10.99,25.62,214.67,108.7,92.97,145.27,1324.74,14.72,0.0,144.78,2000.0
WTG_02,422,13.29,13.87,218.08,110.06,93.82,133.38,1654.52,18.38,3.21,142.63,2000.0
WTG_02,423,8.28,22.6,218.55,102.94,92.81,127.53,1037.88,11.53,0.0,145.84,1266.59
WTG_02,424,13.12,22.03,194.39,110.14,93.44,141.28,1641.1,18.23,2.79,142.07,2000.0
WTG_02,425,6.94,12.99,246.47,99.57,91.77,109.44,862.22,9.58,0.0,145.28,744.3
WTG_02,426,9.39,18.39,213.7,108.68,93.25,135.31,1174.88,13.05,0.0,146.69,1827.89
WTG_02,427,7.8,17.88,219.89,102.17,92.92,120.4,1018.08,11.31,0.0,143.58,1039.95
WTG_02,428,14.93,19.2,226.75,111.98,96.56,141.39,1800.0,20.0,7.32,142.71,2000.0
WTG_02,429,9.98,14.66,206.01,109.61,93.78,136.45,1230.5,13.67,0.0,144.19,2000.0
WTG_02,430,7.55,22.45,237.09,102.49,92.95,124.95,932.58,10.36,0.0,142.33,965.33
WTG_02,431,7.96,14.64,211.83,104.56,93.86,120.5,1005.76,11.18,0.0,142.86,1108.18
WTG_03,1,12.55,17.08,163.22,83.03,66.51,99.05,1576.49,17.52,1.37,181.59,2000.0
WTG_03,2,9.3,18.51,180.69,81.5,64.38,96.72,1211.01,13.46,0.0,183.54,1786.4
WTG_03,3,7.59,17.34,176.98,74.77,63.74,81.58,963.3,10.7,0.0,180.09,956.4
WTG_03,4,11.44,15.66,167.59,83.33,64.93,97.8,1429.34,15.88,0.0,182.26,2000.0
WTG_03,5,10.82,12.27,185.16,83.39,64.77,95.16,1384.27,15.38,0.0,181.31,2000.0
WTG_03,6,10.65,20.4,160.3,81.23,66.11,104.5,1344.72,14.94,0.0,178.89,2000.0
WTG_03,7,7.32,20.07,167.41,72.91,63.45,82.34,947.29,10.53,0.0,182.21,879.93
WTG_03,8,14.55,14.48,202.69,83.69,65.0,97.89,1800.0,20.0,6.37,183.19,2000.0
WTG_03,9,11.74,26.21,195.38,82.5,65.95,109.55,1469.53,16.33,0.0,181.79,2000.0
WTG_03,10,12.38,27.95,163.94,82.6,66.14,111.23,1553.7,17.26,0.94,182.08,2000.0
WTG_03,11,9.62,18.59,177.74,83.65,64.23,100.5,1237.19,13.75,0.0,181.42,1982.54
WTG_03,12,6.65,18.32,181.53,73.02,62.97,74.48,857.2,9.52,0.0,180.55,638.99
WTG_03,13,9.12,8.33,188.19,80.23,64.07,82.99,1179.85,13.11,0.0,178.65,1678.4
WTG_03,14,8.67,26.43,140.64,78.11,63.9,96.78,1105.39,12.28,0.0,181.3,1425.05
WTG_03,15,9.66,20.67,156.22,83.27,64.72,103.38,1232.51,13.69,0.0,180.87,1994.68
WTG_03,16,11.42,16.53,183.22,82.38,66.02,99.82,1407.79,15.64,0.0,180.2,2000.0
WTG_03,17,9.08,18.7,187.22,79.92,65.86,95.5,1158.04,12.87,0.0,183.22,1655.73
WTG_03,18,9.87,19.62,180.04,83.19,64.94,101.1,1235.22,13.72,0.0,183.45,2000.0
WTG_03,19,9.28,13.09,183.12,81.48,64.64,90.7,1165.86,12.95,0.0,183.16,1755.45
WTG_03,20,4.65,17.79,195.93,70.49,63.88,66.08,597.32,6.64,0.0,178.7,236.65
WTG_03,21,9.82,12.58,153.2,84.35,65.59,97.0,1242.65,13.81,0.0,181.65,2000.0
WTG_03,22,6.16,21.29,202.21,71.16,63.75,76.16,783.11,8.7,0.0,184.68,535.83
WTG_03,23,11.1,13.53,210.09,83.35,65.97,96.52,1385.8,15.4,0.0,179.41,2000.0
WTG_03,24,10.22,22.4,198.48,82.14,65.37,103.35,1263.98,14.04,0.0,179.43,2000.0
WTG_03,25,7.34,10.81,182.08,73.67,63.32,71.79,886.57,9.85,0.0,181.02,876.25
WTG_03,26,10.48,23.27,197.81,83.09,65.17,105.35,1360.92,15.12,0.0,181.92,2000.0
WTG_03,27,6.5,18.92,182.42,73.71,62.48,74.89,806.07,8.96,0.0,182.95,588.79
WTG_03,28,10.32,16.11,164.92,83.11,65.3,99.68,1302.99,14.48,0.0,179.4,2000.0
WTG_03,29,8.19,19.75,185.98,77.7,64.38,85.58,1007.94,11.2,0.0,182.43,1199.45
WTG_03,30,5.0,16.77,191.45,69.47,63.5,65.73,652.08,7.25,0.0,181.25,240.23
WTG_03,31,3.0,7.01,199.73,67.6,62.23,52.57,540.0,6.0,0.0,181.7,54.21
WTG_03,32,5.26,22.64,179.75,69.44,62.65,71.78,644.8,7.16,0.0,180.2,303.28
WTG_03,33,6.98,23.05,185.26,72.64,64.1,82.47,907.35,10.08,0.0,182.19,736.54
WTG_03,34,6.78,14.56,178.07,71.93,64.25,72.82,881.0,9.79,0.0,181.94,670.8
WTG_03,35,9.2,13.74,173.14,79.72,65.44,92.42,1179.74,13.11,0.0,181.19,1725.9
WTG_03,36,10.07,22.05,173.16,83.4,65.29,105.05,1310.21,14.56,0.0,178.76,2000.0
WTG_03,37,14.21,22.52,205.66,82.45,67.64,104.52,1790.41,19.89,5.51,180.82,2000.0
WTG_03,38,10.37,15.36,199.46,82.45,66.21,96.94,1305.8,14.51,0.0,182.44,2000.0
WTG_03,39,9.3,17.31,221.59,81.06,66.42,95.32,1149.21,12.77,0.0,181.51,1760.87
WTG_03,40,8.16,19.43,179.89,76.46,63.54,87.18,1040.73,11.56,0.0,183.2,1207.14
WTG_03,41,6.93,19.34,166.01,73.57,63.89,76.15,854.89,9.5,0.0,180.27,752.75
WTG_03,42,10.52,12.2,178.89,81.65,64.38,95.06,1338.95,14.88,0.0,180.26,2000.0
WTG_03,43,11.2,18.48,212.51,82.36,66.03,101.13,1388.31,15.43,0.0,179.6,2000.0
WTG_03,44,8.61,18.29,175.41,79.77,65.21,89.68,1097.59,12.2,0.0,185.36,1387.33
WTG_03,45,8.23,20.45,187.84,77.41,65.1,88.31,1050.93,11.68,0.0,180.78,1247.36
WTG_03,46,13.1,20.39,188.32,82.37,65.77,103.03,1636.5,18.18,2.74,177.48,2000.0
WTG_03,47,10.53,19.51,179.41,82.37,65.5,101.79,1321.77,14.69,0.0,181.25,2000.0
WTG_03,48,8.61,16.59,188.98,78.49,64.92,86.52,1099.01,12.21,0.0,182.55,1396.67
WTG_03,49,14.14,17.65,182.33,83.41,65.93,99.31,1777.95,19.75,5.35,181.84,2000.0
WTG_03,50,8.64,13.34,207.5,78.21,63.71,85.15,1073.92,11.93,0.0,181.66,1418.22
WTG_03,51,7.83,16.66,194.11,75.53,63.65,80.72,951.13,10.57,0.0,182.43,1043.76
WTG_03,52,7.42,25.92,158.88,73.51,63.14,89.02,894.69,9.94,0.0,180.32,910.72
WTG_03,53,11.28,15.56,190.74,84.4,66.49,97.38,1411.56,15.68,0.0,180.8,2000.0
WTG_03,54,12.69,14.05,171.39,83.06,67.17,95.58,1607.47,17.86,1.73,181.6,2000.0
WTG_03,55,8.1,25.47,209.48,76.32,64.69,91.59,1061.75,11.8,0.0,181.26,1159.16
WTG_03,56,11.27,15.8,175.05,83.7,65.2,97.54,1406.47,15.63,0.0,181.85,2000.0
WTG_03,57,8.97,15.9,197.86,80.55,64.07,89.43,1120.48,12.45,0.0,179.98,1557.0
WTG_03,58,9.15,16.9,200.62,79.67,64.52,93.8,1182.39,13.14,0.0,180.87,1674.59
WTG_03,59,7.75,12.81,152.77,75.72,63.93,78.15,958.29,10.65,0.0,179.11,1042.62
WTG_03,60,9.14,10.85,191.19,81.45,65.34,86.31,1156.55,12.85,0.0,182.81,1685.1
WTG_03,61,8.48,10.12,184.47,78.7,63.87,79.55,1079.67,12.0,0.0,180.04,1324.63
WTG_03,62,4.73,14.03,175.52,69.11,63.23,63.8,593.33,6.59,0.0,178.79,187.43
WTG_03,63,8.27,21.77,201.71,76.96,63.39,91.25,1068.38,11.87,0.0,180.34,1244.94
WTG_03,64,9.08,17.87,150.48,80.26,65.03,94.79,1130.09,12.56,0.0,179.79,1656.4
WTG_03,65,7.71,17.44,198.1,74.75,64.63,82.3,967.51,10.75,0.0,181.44,982.41
WTG_03,66,5.29,16.37,193.73,69.51,63.67,67.06,681.5,7.57,0.0,181.29,332.36
WTG_03,67,10.87,20.31,195.69,83.08,65.0,102.62,1380.51,15.34,0.0,179.25,2000.0
WTG_03,68,9.86,10.14,196.06,82.9,65.0,93.43,1242.94,13.81,0.0,180.78,2000.0
WTG_03,69,9.69,21.98,182.89,84.15,63.89,105.47,1242.09,13.8,0.0,178.19,1974.68
WTG_03,70,13.95,18.64,172.83,82.89,68.98,101.65,1791.46,19.91,4.88,177.95,2000.0
WTG_03,71,8.32,16.55,189.93,76.05,64.05,85.87,1047.11,11.63,0.0,179.84,1273.76
WTG_03,72,11.74,15.03,189.35,83.13,65.1,97.22,1477.33,16.41,0.0,181.02,2000.0
WTG_03,73,5.43,20.49,191.21,68.99,63.15,72.86,693.96,7.71,0.0,179.18,352.59
WTG_03,74,6.22,17.02,181.83,71.43,64.34,72.55,783.8,8.71,0.0,181.04,525.79
WTG_03,75,6.23,15.11,200.13,72.93,64.53,69.85,776.95,8.63,0.0,179.33,518.28
WTG_03,76,10.81,16.04,200.93,82.69,67.24,98.89,1353.06,15.03,0.0,183.02,2000.0
WTG_03,77,7.65,12.75,153.11,74.0,65.17,77.56,986.85,10.96,0.0,183.01,985.86
WTG_03,78,5.65,22.99,193.56,70.5,64.22,76.6,737.66,8.2,0.0,182.55,405.05
WTG_03,79,7.78,17.31,161.89,75.96,63.51,83.42,970.18,10.78,0.0,185.38,1047.81
WTG_03,80,6.74,17.18,178.68,72.01,63.56,75.17,847.93,9.42,0.0,181.62,678.67
WTG_03,81,12.67,17.94,179.67,82.99,66.89,100.25,1608.48,17.87,1.67,180.1,2000.0
WTG_03,82,4.25,16.69,161.76,67.37,62.51,65.29,540.0,6.0,0.0,180.53,177.78
WTG_03,83,7.8,19.3,195.26,76.14,63.35,84.63,982.41,10.92,0.0,181.51,1036.29
WTG_03,84,9.5,17.96,160.05,81.58,65.68,98.94,1221.67,13.57,0.0,180.0,1897.36
WTG_03,85,11.98,16.28,208.84,83.64,66.62,99.22,1519.03,16.88,0.0,179.77,2000.0
WTG_03,86,9.16,21.67,199.39,80.27,64.73,96.88,1162.72,12.92,0.0,182.2,1657.39
WTG_03,87,3.94,21.35,208.64,69.03,62.14,69.75,540.0,6.0,0.0,179.46,133.11
WTG_03,88,5.96,19.18,188.4,70.76,63.7,75.16,719.53,7.99,0.0,181.2,486.14
WTG_03,89,12.18,14.55,210.21,82.05,66.48,97.95,1520.22,16.89,0.46,181.96,2000.0
WTG_03,90,5.42,19.5,195.18,67.93,63.76,70.99,694.12,7.71,0.0,181.22,338.89
WTG_03,91,8.76,18.94,200.16,79.06,65.8,91.85,1070.77,11.9,0.0,179.77,1497.77
WTG_03,92,8.63,20.0,185.08,78.53,66.33,92.05,1097.58,12.2,0.0,181.43,1407.79
WTG_03,93,5.32,23.42,205.3,70.29,63.19,76.52,657.28,7.3,0.0,180.0,346.69
WTG_03,94,7.19,18.83,197.32,73.11,65.92,78.38,923.85,10.27,0.0,180.83,816.87
WTG_03,95,10.95,22.6,180.99,83.96,66.15,106.11,1345.86,14.95,0.0,181.8,2000.0
WTG_03,96,12.35,14.9,171.63,82.27,67.37,98.0,1562.8,17.36,0.88,180.77,2000.0
WTG_03,97,9.12,17.58,207.96,79.72,65.11,95.63,1122.26,12.47,0.0,182.01,1647.22
WTG_03,98,10.48,17.68,169.81,83.11,65.28,100.32,1329.89,14.78,0.0,181.59,2000.0
WTG_03,99,9.28,21.64,189.4,80.97,66.3,100.88,1164.86,12.94,0.0,179.03,1761.24
WTG_03,100,7.14,20.26,192.75,74.06,64.02,81.16,904.53,10.05,0.0,181.82,796.43
WTG_03,101,13.02,15.94,189.93,81.76,67.94,98.95,1618.18,17.98,2.54,181.27,2000.0
WTG_03,102,8.59,18.12,199.02,77.74,65.02,89.48,1052.35,11.69,0.0,181.56,1382.63
WTG_03,103,9.41,22.23,179.2,82.9,64.17,101.36,1186.95,13.19,0.0,180.49,1850.9
WTG_03,104,8.41,17.74,202.34,78.44,65.53,84.8,1065.24,11.84,0.0,180.02,1315.18
WTG_03,105,6.79,19.9,183.57,72.53,64.28,80.1,857.23,9.52,0.0,181.83,702.27
WTG_03,106,5.04,16.83,195.94,69.11,63.3,66.44,644.43,7.16,0.0,182.21,277.12
WTG_03,107,13.67,19.58,187.21,83.2,67.25,101.98,1739.57,19.33,4.18,180.79,2000.0
WTG_03,108,9.75,14.88,174.68,83.43,65.28,98.37,1204.29,13.38,0.0,179.17,2000.0
WTG_03,109,6.32,18.96,164.97,71.12,63.54,73.51,792.21,8.8,0.0,180.15,593.51
WTG_03,110,13.92,19.87,181.79,83.83,67.57,102.68,1792.72,19.92,4.79,181.69,2000.0
WTG_03,111,6.05,19.25,193.88,71.46,63.6,73.46,746.0,8.29,0.0,180.22,515.23
WTG_03,112,14.84,16.99,198.98,83.17,67.91,99.85,1800.0,20.0,7.09,179.94,2000.0
WTG_03,113,11.35,17.72,209.5,80.77,64.94,99.17,1428.41,15.87,0.0,180.82,2000.0
WTG_03,114,6.57,10.1,189.44,72.93,64.35,65.02,808.56,8.98,0.0,180.47,631.33
WTG_03,115,8.7,13.11,159.44,77.19,64.45,86.33,1093.8,12.15,0.0,182.06,1462.92
WTG_03,116,8.22,25.72,164.67,75.58,65.03,94.3,999.3,11.1,0.0,179.0,1236.76
WTG_03,117,7.93,12.84,186.92,75.86,64.9,80.68,999.91,11.11,0.0,179.93,1092.23
WTG_03,118,11.05,14.14,171.79,84.51,67.14,98.19,1400.46,15.56,0.0,181.53,2000.0
WTG_03,119,3.0,19.78,204.84,67.27,63.79,65.68,540.0,6.0,0.0,179.09,59.53
WTG_03,120,7.84,27.0,207.07,74.89,65.77,90.37,1016.85,11.3,0.0,179.25,1032.91
WTG_03,121,14.14,14.15,164.79,84.65,67.04,96.34,1782.29,19.8,5.35,180.28,2000.0
WTG_03,122,7.99,19.01,200.02,77.1,64.34,84.65,1002.69,11.14,0.0,180.42,1104.3
WTG_03,123,4.18,19.56,195.24,69.99,63.54,68.24,546.66,6.07,0.0,182.91,152.98
WTG_03,124,9.24,15.93,194.26,82.7,65.41,94.5,1154.29,12.83,0.0,181.35,1740.05
WTG_03,125,11.97,16.19,195.09,82.26,67.47,100.09,1522.42,16.92,0.0,181.02,2000.0
WTG_03,126,6.02,18.61,205.25,72.22,63.48,73.13,742.62,8.25,0.0,178.55,470.57
WTG_03,127,13.55,20.08,188.87,83.7,67.94,102.7,1699.32,18.88,3.87,180.23,2000.0
WTG_03,128,8.08,23.52,183.25,76.97,64.64,92.56,1032.26,11.47,0.0,177.37,1182.11
WTG_03,129,10.08,11.7,211.24,83.26,64.82,96.45,1265.1,14.06,0.0,179.75,2000.0
WTG_03,130,17.02,14.76,183.3,85.12,68.61,96.76,1800.0,20.0,12.55,181.79,2000.0
WTG_03,131,10.71,19.93,182.84,83.44,67.15,102.87,1338.1,14.87,0.0,177.03,2000.0
WTG_03,132,5.75,13.05,189.25,71.62,63.84,66.74,727.93,8.09,0.0,182.55,418.25
WTG_03,133,12.01,19.63,207.05,83.59,66.23,101.68,1479.02,16.43,0.03,180.52,2000.0
WTG_03,134,12.46,17.95,203.12,84.69,66.15,99.71,1569.74,17.44,1.16,177.69,2000.0
WTG_03,135,11.13,18.35,199.15,84.95,66.4,101.45,1433.06,15.92,0.0,179.94,2000.0
WTG_03,136,9.59,17.16,202.75,83.2,66.05,98.36,1210.42,13.45,0.0,178.17,1939.99
WTG_03,137,8.08,20.18,225.84,76.48,65.65,86.69,1015.39,11.28,0.0,177.79,1134.51
WTG_03,138,10.63,19.86,171.71,84.75,65.51,101.61,1323.8,14.71,0.0,180.12,2000.0
WTG_03,139,8.26,18.73,203.42,77.24,64.67,88.69,1023.53,11.37,0.0,179.9,1233.27
WTG_03,140,5.09,20.9,188.75,69.58,64.13,71.27,655.55,7.28,0.0,179.23,275.35
WTG_03,141,5.97,16.43,193.62,72.13,64.44,71.38,753.1,8.37,0.0,178.67,463.77
WTG_03,142,11.67,19.55,178.66,84.11,67.02,101.36,1482.18,16.47,0.0,178.3,2000.0
WTG_03,143,11.11,14.87,191.9,84.52,67.0,97.64,1384.31,15.38,0.0,179.69,2000.0
WTG_03,144,12.94,20.99,195.8,85.56,68.43,105.4,1595.86,17.73,2.35,178.41,2000.0
WTG_03,145,9.13,21.09,208.61,81.72,65.85,98.75,1156.1,12.85,0.0,180.09,1687.52
WTG_03,146,11.5,20.83,176.33,84.44,67.1,105.04,1428.15,15.87,0.0,182.04,2000.0
WTG_03,147,7.88,22.47,198.2,76.37,66.04,90.23,964.61,10.72,0.0,179.9,1065.85
WTG_03,148,7.69,14.36,211.86,78.26,64.88,78.43,946.2,10.51,0.0,176.68,1000.1
WTG_03,149,15.01,19.39,181.86,82.91,68.95,103.56,1800.0,20.0,7.53,180.34,2000.0
WTG_03,150,9.02,18.52,161.48,80.54,65.69,93.06,1152.4,12.8,0.0,178.37,1596.25
WTG_03,151,7.37,16.49,169.58,74.87,64.92,80.65,945.26,10.5,0.0,178.81,886.5
WTG_03,152,5.9,17.67,178.88,72.95,65.99,74.22,730.49,8.12,0.0,179.05,450.77
WTG_03,153,14.64,20.23,180.6,83.54,67.7,104.37,1800.0,20.0,6.61,180.24,2000.0
WTG_03,154,11.67,13.02,190.85,85.13,67.08,98.62,1479.24,16.44,0.0,179.06,2000.0
WTG_03,155,10.89,16.48,196.38,84.44,66.99,103.53,1343.95,14.93,0.0,178.44,2000.0
WTG_03,156,5.56,24.81,211.78,72.39,64.63,79.26,679.54,7.55,0.0,178.02,384.79
WTG_03,157,10.26,16.03,156.02,85.5,66.02,98.04,1296.23,14.4,0.0,176.26,2000.0
WTG_03,158,8.9,18.75,174.61,81.89,65.29,95.16,1101.63,12.24,0.0,176.26,1548.88
WTG_03,159,9.79,21.02,203.76,86.24,66.8,107.42,1251.4,13.9,0.0,177.4,2000.0
WTG_03,160,8.49,17.54,180.36,78.92,65.65,91.67,1026.83,11.41,0.0,179.63,1357.76
WTG_03,161,13.35,18.48,204.43,85.28,68.05,103.76,1677.83,18.64,3.38,177.86,2000.0
WTG_03,162,8.56,17.62,212.35,79.35,66.36,90.33,1071.12,11.9,0.0,180.34,1398.44
WTG_03,163,6.95,15.13,177.46,75.3,65.4,75.73,877.98,9.76,0.0,178.19,748.48
WTG_03,164,8.4,19.01,199.16,79.69,66.36,90.41,1089.55,12.11,0.0,179.09,1303.93
WTG_03,165,7.95,17.77,213.89,75.91,65.87,85.42,992.76,11.03,0.0,178.68,1110.53
WTG_03,166,8.41,18.57,190.92,79.4,65.65,91.16,1066.54,11.85,0.0,177.01,1282.62
WTG_03,167,11.49,17.95,169.27,85.73,66.78,104.44,1431.72,15.91,0.0,178.35,2000.0
WTG_03,168,11.21,13.15,189.96,82.8,67.55,96.16,1420.21,15.78,0.0,176.72,2000.0
WTG_03,169,5.49,22.53,218.6,72.1,65.87,74.85,698.24,7.76,0.0,176.66,361.14
WTG_03,170,11.51,22.85,205.85,86.32,68.32,105.44,1431.46,15.91,0.0,178.4,2000.0
WTG_03,171,10.46,15.94,199.9,86.49,67.56,99.97,1309.11,14.55,0.0,176.09,2000.0
WTG_03,172,6.85,14.58,199.4,74.44,66.49,76.87,871.53,9.68,0.0,177.7,713.63
WTG_03,173,6.42,18.4,229.7,74.02,65.97,74.93,789.85,8.78,0.0,179.99,574.2
WTG_03,174,12.23,16.3,238.0,86.37,69.28,101.58,1563.17,17.37,0.58,177.78,2000.0
WTG_03,175,6.64,15.69,192.84,73.14,66.8,75.07,837.95,9.31,0.0,177.75,668.35
WTG_03,176,7.19,25.42,190.1,75.2,66.12,90.02,915.2,10.17,0.0,176.53,825.99
WTG_03,177,11.07,16.68,215.15,84.51,67.8,103.61,1426.58,15.85,0.0,178.57,2000.0
WTG_03,178,5.89,20.72,184.09,72.55,65.66,78.54,757.57,8.42,0.0,174.87,457.19
WTG_03,179,9.75,13.57,197.66,85.66,68.53,98.32,1237.09,13.75,0.0,176.9,2000.0
WTG_03,180,10.47,18.81,193.07,85.5,67.12,103.6,1312.52,14.58,0.0,178.57,2000.0
WTG_03,181,14.64,15.9,230.33,85.06,69.53,100.86,1800.0,20.0,6.6,176.25,2000.0
WTG_03,182,4.87,25.06,214.17,71.85,64.84,76.93,618.49,6.87,0.0,178.51,251.92
WTG_03,183,8.34,19.3,173.36,80.37,67.7,92.75,1045.72,11.62,0.0,176.41,1260.95
WTG_03,184,6.18,16.33,187.91,72.54,65.86,74.8,786.47,8.74,0.0,175.74,498.29
WTG_03,185,11.12,19.46,221.7,86.49,68.56,105.63,1387.03,15.41,0.0,175.64,2000.0
WTG_03,186,10.94,15.47,201.63,85.11,68.7,102.16,1369.9,15.22,0.0,177.31,2000.0
WTG_03,187,13.11,18.83,212.48,84.9,69.47,103.8,1653.49,18.37,2.77,177.27,2000.0
WTG_03,188,9.96,21.23,206.15,84.31,68.06,108.54,1248.96,13.88,0.0,177.15,2000.0
WTG_03,189,8.79,18.57,193.08,81.42,67.51,95.1,1110.81,12.34,0.0,179.72,1487.1
WTG_03,190,6.99,17.36,195.15,78.16,66.52,80.89,872.15,9.69,0.0,173.96,757.71
WTG_03,191,8.02,24.22,198.28,79.57,68.48,93.01,1019.08,11.32,0.0,180.03,1123.91
WTG_03,192,5.14,16.06,186.66,71.97,65.18,71.0,642.12,7.13,0.0,176.31,285.17
WTG_03,193,7.75,19.13,176.88,78.63,67.68,88.98,982.17,10.91,0.0,177.07,1023.14
WTG_03,194,8.5,13.27,163.54,79.19,67.47,87.59,1073.34,11.93,0.0,177.62,1332.33
WTG_03,195,11.65,21.5,213.04,87.09,69.16,108.02,1441.87,16.02,0.0,176.47,2000.0
WTG_03,196,9.61,17.69,186.91,86.35,68.26,104.49,1180.69,13.12,0.0,178.03,1951.79
WTG_03,197,8.74,17.61,208.3,82.98,67.92,94.23,1108.91,12.32,0.0,176.9,1462.11
WTG_03,198,8.25,18.38,204.26,81.0,66.06,91.37,1053.84,11.71,0.0,176.76,1245.25
WTG_03,199,10.5,14.18,168.07,87.87,68.58,100.13,1337.8,14.86,0.0,176.6,2000.0
WTG_03,200,10.54,20.23,207.52,86.65,68.17,107.72,1315.36,14.62,0.0,177.3,2000.0
WTG_03,201,9.43,18.0,195.44,84.62,69.91,100.47,1206.05,13.4,0.0,176.69,1818.4
WTG_03,202,10.84,10.29,174.19,86.35,69.0,96.54,1388.85,15.43,0.0,176.6,2000.0
WTG_03,203,6.04,10.14,217.65,75.64,67.11,69.95,741.27,8.24,0.0,176.98,474.67
WTG_03,204,7.87,22.09,202.92,78.8,68.59,92.84,980.4,10.89,0.0,175.8,1075.27
WTG_03,205,4.2,22.62,207.06,72.18,66.21,76.37,540.0,6.0,0.0,174.75,160.79
WTG_03,206,8.31,17.49,199.1,81.77,67.71,91.04,1036.47,11.52,0.0,178.33,1261.87
WTG_03,207,8.84,14.28,184.99,84.64,67.71,93.61,1091.34,12.13,0.0,177.17,1545.29
WTG_03,208,8.9,16.03,234.41,84.32,69.57,94.87,1086.96,12.08,0.0,174.15,1589.81
WTG_03,209,6.3,17.6,205.52,75.95,68.36,78.83,813.02,9.03,0.0,174.47,524.46
WTG_03,210,7.93,17.63,203.79,79.71,67.64,88.69,1022.6,11.36,0.0,176.69,1078.86
WTG_03,211,5.45,18.35,216.54,73.77,68.0,75.55,700.52,7.78,0.0,176.54,367.25
WTG_03,212,10.12,14.74,205.38,87.97,68.77,103.38,1290.22,14.34,0.0,174.74,2000.0
WTG_03,213,11.29,20.08,195.19,87.54,70.82,106.51,1406.7,15.63,0.0,173.17,2000.0
WTG_03,214,11.15,23.32,186.65,87.93,69.57,112.64,1385.74,15.4,0.0,175.37,2000.0
WTG_03,215,10.84,14.63,207.12,88.85,71.27,103.43,1388.48,15.43,0.0,173.66,2000.0
WTG_03,216,11.19,13.58,198.27,88.4,70.69,100.91,1420.88,15.79,0.0,174.89,2000.0
WTG_03,217,9.47,18.14,219.54,86.51,69.77,105.65,1209.65,13.44,0.0,173.97,1880.9
WTG_03,218,12.89,20.68,227.44,88.32,71.74,108.6,1604.38,17.83,2.21,171.77,2000.0
WTG_03,219,9.95,16.53,194.84,87.59,69.92,104.47,1240.66,13.79,0.0,173.16,2000.0
WTG_03,220,9.88,20.61,197.41,87.33,69.28,108.39,1262.87,14.03,0.0,171.99,2000.0
WTG_03,221,14.05,11.8,216.16,87.91,72.39,99.85,1770.21,19.67,5.13,175.23,2000.0
WTG_03,222,11.51,17.46,201.16,89.54,71.8,106.5,1458.53,16.21,0.0,173.01,2000.0
WTG_03,223,11.03,17.37,204.01,89.02,70.56,108.34,1399.21,15.55,0.0,175.91,2000.0
WTG_03,224,6.45,14.35,190.61,77.45,69.08,76.99,828.6,9.21,0.0,176.04,619.24
WTG_03,225,11.06,14.7,170.96,89.67,71.39,102.25,1412.5,15.69,0.0,172.16,2000.0
WTG_03,226,8.11,15.3,204.34,83.09,70.91,89.36,1029.67,11.44,0.0,175.0,1202.36
WTG_03,227,8.05,14.33,188.31,81.43,70.71,87.99,966.37,10.74,0.0,170.8,1159.18
WTG_03,228,6.21,18.76,174.6,76.72,69.31,80.87,792.53,8.81,0.0,174.2,503.02
WTG_03,229,5.73,16.77,219.29,76.86,69.9,76.48,716.89,7.97,0.0,170.79,419.09
WTG_03,230,6.58,18.76,179.46,77.89,69.68,83.69,819.32,9.1,0.0,173.44,627.98
WTG_03,231,5.13,18.32,205.46,76.22,68.82,75.52,639.68,7.11,0.0,172.58,301.93
WTG_03,232,13.67,16.43,218.91,89.44,72.93,107.25,1722.78,19.14,4.17,176.07,2000.0
WTG_03,233,9.14,13.08,178.48,87.52,71.31,96.85,1143.63,12.71,0.0,173.35,1661.05
WTG_03,234,9.16,25.47,212.79,86.31,71.44,108.13,1170.52,13.01,0.0,171.3,1670.2
WTG_03,235,11.95,15.42,185.35,89.34,73.33,105.0,1517.53,16.86,0.0,171.93,2000.0
WTG_03,236,8.83,14.87,216.73,87.08,71.54,96.92,1084.51,12.05,0.0,174.34,1516.09
WTG_03,237,8.45,11.9,205.73,83.67,70.12,88.64,1062.56,11.81,0.0,171.3,1296.09
WTG_03,238,8.22,14.88,184.99,84.21,72.27,91.35,1042.24,11.58,0.0,171.14,1222.68
WTG_03,239,8.74,18.4,213.14,85.56,71.33,100.15,1099.87,12.22,0.0,170.37,1437.36
WTG_03,240,4.91,18.26,216.99,78.61,69.59,77.63,611.81,6.8,0.0,173.46,296.46
WTG_03,241,8.78,14.78,217.43,86.66,71.48,95.8,1114.06,12.38,0.0,170.09,1474.6
WTG_03,242,9.3,16.94,208.47,89.15,71.58,105.28,1187.0,13.19,0.0,169.85,1775.06
WTG_03,243,4.97,13.72,219.81,76.12,71.66,72.88,634.48,7.05,0.0,168.34,289.76
WTG_03,244,14.49,12.76,198.43,90.34,75.14,105.15,1800.0,20.0,6.22,170.86,2000.0
WTG_03,245,12.31,17.73,200.37,90.3,73.14,109.52,1587.13,17.63,0.78,167.09,2000.0
WTG_03,246,7.42,17.6,202.09,83.28,72.05,88.81,911.97,10.13,0.0,170.43,891.11
WTG_03,247,8.6,18.95,206.24,85.59,71.91,100.03,1088.92,12.1,0.0,168.93,1404.87
WTG_03,248,7.32,17.13,202.27,83.01,71.51,87.86,925.65,10.28,0.0,169.67,848.56
WTG_03,249,9.59,24.68,199.21,90.93,72.69,115.69,1198.43,13.32,0.0,170.78,1927.36
WTG_03,250,9.86,17.91,234.31,90.45,72.57,110.52,1254.22,13.94,0.0,168.75,2000.0
WTG_03,251,7.43,18.1,199.97,83.83,70.97,90.48,899.44,9.99,0.0,168.09,918.88
WTG_03,252,7.48,19.94,217.35,84.34,71.77,92.11,956.39,10.63,0.0,165.71,923.66
WTG_03,253,8.77,20.32,209.58,87.96,73.35,104.22,1093.45,12.15,0.0,171.58,1495.28
WTG_03,254,9.85,20.44,204.25,93.38,73.0,113.21,1231.85,13.69,0.0,169.32,2000.0
WTG_03,255,10.71,19.38,219.2,92.8,74.34,112.57,1385.27,15.39,0.0,170.02,2000.0
WTG_03,256,8.33,19.29,186.02,87.55,73.15,98.82,1040.26,11.56,0.0,170.19,1288.7
WTG_03,257,12.09,16.35,183.87,93.04,75.98,111.38,1531.58,17.02,0.23,168.32,2000.0
WTG_03,258,9.5,16.01,190.47,92.1,74.34,110.2,1179.34,13.1,0.0,169.36,1895.48
WTG_03,259,7.03,22.14,193.8,82.27,73.31,93.36,917.28,10.19,0.0,167.43,734.84
WTG_03,260,6.85,18.59,234.63,82.8,72.14,87.41,835.96,9.29,0.0,167.92,703.76
WTG_03,261,9.73,17.22,228.08,93.92,74.57,110.85,1236.87,13.74,0.0,167.7,2000.0
WTG_03,262,6.18,26.02,220.16,80.37,72.93,90.64,732.16,8.14,0.0,167.28,538.36
WTG_03,263,12.35,23.59,210.9,93.81,76.36,120.54,1570.57,17.45,0.88,166.81,2000.0
WTG_03,264,9.04,18.31,216.88,91.44,73.33,103.52,1154.98,12.83,0.0,166.79,1641.6
WTG_03,265,8.91,15.55,199.6,89.35,74.3,102.04,1116.79,12.41,0.0,168.22,1565.59
WTG_03,266,11.9,24.74,195.41,92.52,77.67,118.73,1464.0,16.27,0.0,168.05,2000.0
WTG_03,267,11.34,19.36,237.85,93.23,76.27,114.2,1424.59,15.83,0.0,165.69,2000.0
WTG_03,268,10.1,20.84,210.87,93.61,75.95,115.14,1289.2,14.32,0.0,165.14,2000.0
WTG_03,269,11.89,16.61,231.89,94.62,78.11,112.72,1513.54,16.82,0.0,167.52,2000.0
WTG_03,270,7.51,25.38,226.77,86.2,73.77,100.83,936.12,10.4,0.0,167.77,961.24
WTG_03,271,6.92,13.59,200.52,83.9,74.88,85.5,866.24,9.62,0.0,165.49,717.74
WTG_03,272,7.93,17.47,206.08,87.72,75.01,98.09,997.96,11.09,0.0,168.89,1110.45
WTG_03,273,5.92,11.68,202.06,83.37,73.85,76.95,760.34,8.45,0.0,163.83,462.68
WTG_03,274,10.41,22.25,178.8,94.92,75.94,120.06,1337.28,14.86,0.0,167.03,2000.0
WTG_03,275,10.23,15.07,231.71,95.19,75.81,111.79,1289.16,14.32,0.0,166.53,2000.0
WTG_03,276,7.9,18.94,208.48,88.1,75.77,97.91,1011.37,11.24,0.0,164.05,1078.55
WTG_03,277,7.34,19.64,204.17,87.3,76.11,94.78,920.8,10.23,0.0,166.47,880.29
WTG_03,278,14.21,18.5,206.7,96.28,78.54,115.29,1785.7,19.84,5.53,165.91,2000.0
WTG_03,279,10.95,15.6,199.25,96.94,77.7,112.34,1368.35,15.2,0.0,164.29,2000.0
WTG_03,280,9.91,26.84,212.33,96.13,75.97,123.65,1257.64,13.97,0.0,164.54,2000.0
WTG_03,281,8.24,15.46,198.69,89.94,76.24,99.77,1035.04,11.5,0.0,161.18,1229.15
WTG_03,282,9.61,18.28,206.19,94.56,77.18,115.44,1198.46,13.32,0.0,162.99,1951.75
WTG_03,283,13.85,17.52,208.96,95.52,78.87,115.28,1769.36,19.66,4.63,162.72,2000.0
WTG_03,284,11.12,14.59,227.4,95.9,77.85,113.54,1411.75,15.69,0.0,164.7,2000.0
WTG_03,285,8.28,17.42,201.98,89.73,77.61,101.13,1040.55,11.56,0.0,165.13,1235.67
WTG_03,286,10.49,19.25,197.95,98.15,78.64,117.14,1299.94,14.44,0.0,162.52,2000.0
WTG_03,287,6.68,11.81,210.22,87.03,76.18,84.27,872.39,9.69,0.0,164.54,681.03
WTG_03,288,10.12,16.74,201.55,97.46,77.42,117.8,1285.68,14.29,0.0,161.71,2000.0
WTG_03,289,10.62,13.21,206.45,98.05,78.59,111.57,1354.17,15.05,0.0,160.9,2000.0
WTG_03,290,12.76,18.41,213.32,97.51,80.38,117.02,1628.67,18.1,1.9,159.97,2000.0
WTG_03,291,12.53,15.84,204.54,98.67,80.08,114.97,1574.84,17.5,1.32,160.15,2000.0
WTG_03,292,9.76,8.2,212.69,98.94,77.95,109.88,1253.87,13.93,0.0,163.48,2000.0
WTG_03,293,10.19,15.61,197.83,97.1,79.09,116.19,1282.65,14.25,0.0,163.0,2000.0
WTG_03,294,10.83,12.33,226.38,98.32,78.18,112.96,1365.55,15.17,0.0,161.18,2000.0
WTG_03,295,5.82,16.84,198.89,84.39,77.2,86.72,722.33,8.03,0.0,162.59,400.84
WTG_03,296,7.42,15.89,202.4,89.58,78.69,98.05,931.44,10.35,0.0,159.66,900.31
WTG_03,297,9.98,18.12,225.41,97.96,80.1,117.72,1261.08,14.01,0.0,162.43,2000.0
WTG_03,298,10.38,18.35,190.12,98.74,79.54,119.16,1320.41,14.67,0.0,161.11,2000.0
WTG_03,299,7.67,21.6,238.56,91.53,79.79,103.91,972.61,10.81,0.0,160.89,988.56
WTG_03,300,10.76,14.5,216.89,100.38,81.06,115.57,1331.85,14.8,0.0,162.48,2000.0
WTG_03,301,5.72,17.18,214.23,86.04,77.44,88.66,670.74,7.45,0.0,156.93,410.34
WTG_03,302,6.98,10.79,212.06,90.59,78.95,88.98,881.37,9.79,0.0,158.06,742.95
WTG_03,303,3.24,17.42,206.16,84.39,78.18,84.43,540.0,6.0,0.0,159.94,84.96
WTG_03,304,13.17,14.84,225.03,99.8,82.24,117.29,1652.09,18.36,2.93,159.8,2000.0
WTG_03,305,9.15,8.06,209.35,99.13,80.71,103.06,1179.79,13.11,0.0,158.01,1685.94
WTG_03,306,7.6,17.08,192.82,93.37,79.32,100.56,957.93,10.64,0.0,159.02,962.32
WTG_03,307,10.94,16.55,214.01,100.58,81.89,119.55,1384.48,15.38,0.0,158.25,2000.0
WTG_03,308,10.09,25.75,201.87,99.61,81.9,127.23,1278.68,14.21,0.0,161.15,2000.0
WTG_03,309,10.31,19.55,182.8,102.67,82.45,121.29,1289.37,14.33,0.0,158.31,2000.0
WTG_03,310,5.24,11.48,217.8,89.56,80.13,83.86,673.99,7.49,0.0,155.52,323.91
WTG_03,311,11.14,11.39,241.41,101.99,83.45,114.99,1419.82,15.78,0.0,157.01,2000.0
WTG_03,312,6.37,12.21,214.04,89.59,80.75,88.09,801.88,8.91,0.0,157.34,552.82
WTG_03,313,6.34,19.02,194.04,90.18,81.86,97.15,778.8,8.65,0.0,157.01,526.48
WTG_03,314,4.0,21.38,214.78,88.07,81.53,90.05,540.0,6.0,0.0,154.26,158.64
WTG_03,315,6.1,16.86,235.32,90.79,81.75,91.18,757.7,8.42,0.0,157.53,490.95
WTG_03,316,7.36,17.59,232.87,92.41,81.94,100.88,923.71,10.26,0.0,155.78,854.84
WTG_03,317,8.0,22.97,212.07,97.59,82.46,112.37,975.86,10.84,0.0,154.24,1137.3
WTG_03,318,8.39,20.01,228.78,97.9,82.1,111.93,1065.66,11.84,0.0,156.98,1328.37
WTG_03,319,11.52,11.42,208.76,102.28,83.95,116.33,1448.12,16.09,0.0,152.76,2000.0
WTG_03,320,11.07,19.13,205.04,104.05,83.85,124.1,1357.89,15.09,0.0,154.36,2000.0
WTG_03,321,9.84,10.0,232.41,104.81,84.15,117.47,1217.06,13.52,0.0,156.59,2000.0
WTG_03,322,5.35,21.61,232.08,89.22,82.8,94.44,667.44,7.42,0.0,155.42,332.6
WTG_03,323,5.46,23.56,218.24,90.02,81.37,100.52,705.6,7.84,0.0,154.66,345.08
WTG_03,324,10.75,19.17,220.56,103.87,84.94,129.37,1348.75,14.99,0.0,153.43,2000.0
WTG_03,325,4.07,16.37,196.64,89.7,81.91,89.03,540.0,6.0,0.0,152.13,135.09
WTG_03,326,9.89,25.79,195.28,104.84,85.44,132.75,1259.45,13.99,0.0,150.08,2000.0
WTG_03,327,8.9,24.13,210.5,103.8,84.29,123.1,1132.07,12.58,0.0,152.02,1570.4
WTG_03,328,10.54,8.72,222.61,105.84,86.6,117.99,1330.53,14.78,0.0,152.17,2000.0
WTG_03,329,9.82,19.15,231.37,106.46,87.25,127.09,1243.56,13.82,0.0,154.28,2000.0
WTG_03,330,15.18,15.91,209.75,104.5,87.79,124.44,1800.0,20.0,7.94,150.99,2000.0
WTG_03,331,8.07,16.04,224.76,100.32,84.76,109.63,1026.77,11.41,0.0,150.8,1182.68
WTG_03,332,9.64,22.37,215.99,106.89,86.06,129.71,1217.79,13.53,0.0,151.86,1969.83
WTG_03,333,9.94,23.29,176.88,105.52,86.74,134.13,1250.37,13.89,0.0,153.71,2000.0
WTG_03,334,11.46,16.7,232.32,106.51,87.68,125.58,1459.86,16.22,0.0,149.79,2000.0
WTG_03,335,10.22,22.15,207.82,107.79,86.84,134.18,1312.32,14.58,0.0,150.76,2000.0
WTG_03,336,8.17,15.96,208.94,100.46,86.82,111.29,1010.88,11.23,0.0,150.61,1213.83
WTG_03,337,11.02,15.42,213.19,108.6,87.16,125.36,1362.13,15.13,0.0,149.07,2000.0
WTG_03,338,9.1,15.26,196.63,105.5,87.4,120.0,1153.32,12.81,0.0,147.3,1682.26
WTG_03,339,7.32,22.54,182.84,99.26,87.51,112.69,923.59,10.26,0.0,147.93,863.32
WTG_03,340,7.36,23.19,229.62,98.99,87.76,114.18,978.96,10.88,0.0,149.22,872.34
WTG_03,341,11.12,20.51,230.23,106.98,89.48,131.58,1422.59,15.81,0.0,149.51,2000.0
WTG_03,342,3.29,23.88,201.23,93.43,87.57,101.62,540.0,6.0,0.0,146.82,83.99
WTG_03,343,11.61,15.82,205.99,108.97,89.74,128.73,1475.24,16.39,0.0,145.9,2000.0
WTG_03,344,12.91,14.39,204.9,111.14,90.76,129.82,1658.91,18.43,2.28,147.82,2000.0
WTG_03,345,7.12,14.93,192.64,99.34,86.48,106.19,872.72,9.7,0.0,147.71,783.82
WTG_03,346,9.77,13.46,239.3,110.32,89.96,124.5,1227.93,13.64,0.0,146.15,2000.0
WTG_03,347,9.3,16.49,194.88,109.24,89.48,126.56,1148.71,12.76,0.0,145.15,1778.07
WTG_03,348,6.87,18.86,197.56,100.44,89.24,108.54,899.32,9.99,0.0,147.71,690.81
WTG_03,349,3.0,19.65,210.8,95.39,87.23,97.1,540.0,6.0,0.0,149.82,60.22
WTG_03,350,10.48,22.21,209.72,109.73,90.68,136.67,1305.43,14.5,0.0,146.18,2000.0
WTG_03,351,10.03,16.11,220.63,111.72,92.44,130.97,1258.86,13.99,0.0,146.24,2000.0
WTG_03,352,9.23,15.21,254.22,110.28,90.46,124.59,1186.06,13.18,0.0,145.7,1731.21
WTG_03,353,9.01,17.38,210.98,107.33,92.3,125.68,1138.25,12.65,0.0,146.41,1606.41
WTG_03,354,4.59,10.94,211.27,96.95,89.85,92.91,596.5,6.63,0.0,144.1,195.08
WTG_03,355,8.26,19.54,235.99,105.4,91.83,123.52,1019.17,11.32,0.0,142.13,1258.79
WTG_03,356,10.61,16.05,224.38,113.3,93.63,133.77,1296.38,14.4,0.0,142.29,2000.0
WTG_03,357,9.67,12.22,240.36,113.17,92.94,127.85,1230.88,13.68,0.0,142.3,1961.49
WTG_03,358,6.81,12.38,206.6,103.31,92.29,106.32,861.63,9.57,0.0,140.22,709.9
WTG_03,359,10.6,20.67,242.03,113.43,92.38,139.0,1343.34,14.93,0.0,143.86,2000.0
WTG_03,360,3.02,24.78,223.46,97.86,91.32,106.72,540.0,6.0,0.0,141.49,64.57
WTG_03,361,6.7,14.91,223.63,104.16,92.22,109.54,835.49,9.28,0.0,140.33,664.7
WTG_03,362,8.46,15.47,231.8,109.73,95.33,121.51,1053.36,11.7,0.0,142.12,1351.41
WTG_03,363,10.28,15.94,224.16,115.44,95.46,135.67,1303.28,14.48,0.0,139.18,2000.0
WTG_03,364,7.81,17.65,233.09,106.6,94.13,120.24,970.65,10.78,0.0,142.45,1054.42
WTG_03,365,11.31,16.4,193.48,115.99,95.2,136.15,1434.72,15.94,0.0,136.46,2000.0
WTG_03,366,6.38,13.25,229.69,104.13,95.09,105.21,789.55,8.77,0.0,139.24,593.2
WTG_03,367,9.1,13.15,208.44,112.88,95.5,127.54,1141.46,12.68,0.0,139.37,1659.69
WTG_03,368,6.84,16.36,238.43,105.65,93.17,114.38,846.05,9.4,0.0,137.36,684.41
WTG_03,369,8.32,20.97,206.02,109.63,95.47,129.4,1044.09,11.6,0.0,137.49,1254.51
WTG_03,370,11.3,13.62,205.69,117.07,96.79,136.04,1400.44,15.56,0.0,136.25,2000.0
WTG_03,371,11.7,18.94,211.61,117.87,97.73,141.43,1446.17,16.07,0.0,135.74,2000.0
WTG_03,372,8.62,16.17,235.95,114.23,97.31,127.66,1081.37,12.02,0.0,135.92,1400.59
WTG_04,1,8.05,20.0,150.23,72.76,62.84,86.81,1007.94,11.2,0.0,183.36,1149.97
WTG_04,2,6.64,20.58,164.97,69.89,62.21,77.04,846.04,9.4,0.0,185.72,622.86
WTG_04,3,7.59,18.57,188.93,71.13,63.12,84.16,973.21,10.81,0.0,186.65,972.53
WTG_04,4,6.7,18.4,175.37,68.3,64.01,76.01,841.19,9.35,0.0,181.48,641.89
WTG_04,5,12.04,22.36,175.11,79.12,66.31,104.59,1530.18,17.0,0.1,182.42,2000.0
WTG_04,6,8.84,17.69,198.58,76.44,63.82,90.33,1114.32,12.38,0.0,186.95,1514.35
WTG_04,7,9.48,18.01,183.37,78.45,63.83,99.33,1175.73,13.06,0.0,185.55,1868.89
WTG_04,8,11.14,18.04,196.64,79.48,64.16,101.04,1410.45,15.67,0.0,185.16,2000.0
WTG_04,9,7.75,22.43,162.15,72.04,63.17,87.13,968.27,10.76,0.0,185.49,1037.51
WTG_04,10,5.21,16.6,205.25,65.51,61.96,66.76,644.38,7.16,0.0,185.95,306.05
WTG_04,11,9.49,21.09,165.34,78.89,63.46,102.24,1190.03,13.22,0.0,187.0,1878.84
WTG_04,12,6.53,16.04,173.22,69.68,61.96,71.4,869.89,9.67,0.0,184.19,605.52
WTG_04,13,6.89,16.93,170.67,70.36,63.45,76.25,852.86,9.48,0.0,185.36,735.64
WTG_04,14,7.76,14.19,186.84,72.51,64.49,78.56,956.31,10.63,0.0,186.88,1012.1
WTG_04,15,8.39,12.65,190.68,73.68,64.24,81.01,1066.8,11.85,0.0,184.06,1298.23
WTG_04,16,6.48,18.34,165.28,67.99,61.56,74.45,804.13,8.93,0.0,187.09,587.96
WTG_04,17,9.34,24.17,201.71,77.85,64.56,102.39,1190.68,13.23,0.0,182.4,1792.91
WTG_04,18,10.23,13.48,167.37,78.36,64.5,96.94,1288.99,14.32,0.0,183.53,2000.0
WTG_04,19,12.18,11.76,213.66,77.98,65.21,94.49,1527.43,16.97,0.45,185.09,2000.0
WTG_04,20,7.59,14.21,198.96,70.96,62.86,78.52,957.18,10.64,0.0,182.79,985.93
WTG_04,21,5.97,22.39,164.52,66.34,62.42,76.75,719.02,7.99,0.0,181.0,495.28
WTG_04,22,8.33,19.79,187.51,74.2,63.08,87.13,1066.06,11.85,0.0,183.27,1266.59
WTG_04,23,5.34,22.04,159.58,66.07,63.1,72.82,678.37,7.54,0.0,186.14,331.9
WTG_04,24,9.09,17.39,216.9,77.41,63.43,95.41,1119.89,12.44,0.0,182.45,1673.87
WTG_04,25,7.7,13.17,188.68,71.42,62.8,77.48,949.61,10.55,0.0,184.82,1009.14
WTG_04,26,6.28,29.21,175.29,66.73,62.99,84.5,751.16,8.35,0.0,185.82,531.84
WTG_04,27,8.07,16.88,177.14,73.13,63.73,84.34,1015.98,11.29,0.0,186.55,1170.88
WTG_04,28,9.72,19.44,200.63,78.54,64.23,100.08,1212.8,13.48,0.0,185.91,2000.0
WTG_04,29,8.73,22.54,172.82,76.43,63.2,95.46,1095.94,12.18,0.0,185.66,1479.08
WTG_04,30,9.93,16.95,202.22,79.85,64.44,100.8,1217.69,13.53,0.0,187.02,2000.0
WTG_04,31,8.29,23.2,172.39,74.7,63.62,91.85,1060.81,11.79,0.0,182.92,1278.8
WTG_04,32,9.78,13.54,171.3,79.47,64.29,95.44,1210.39,13.45,0.0,186.82,2000.0
WTG_04,33,8.48,14.85,186.69,73.97,62.63,84.88,1103.76,12.26,0.0,185.57,1346.34
WTG_04,34,8.03,11.34,170.64,72.07,63.93,76.93,1038.09,11.53,0.0,187.32,1161.08
WTG_04,35,9.61,21.8,157.77,79.81,64.78,103.51,1223.45,13.59,0.0,184.32,1954.28
WTG_04,36,10.95,17.76,170.51,79.09,65.43,100.44,1363.04,15.14,0.0,184.42,2000.0
WTG_04,37,11.01,14.67,185.13,78.23,64.14,95.54,1384.3,15.38,0.0,184.83,2000.0
WTG_04,38,12.03,15.98,176.14,79.43,65.75,97.41,1531.29,17.01,0.07,187.28,2000.0
WTG_04,39,14.37,20.08,152.64,79.16,67.15,103.18,1800.0,20.0,5.93,184.15,2000.0
WTG_04,40,9.08,14.42,181.26,78.51,62.82,88.73,1134.18,12.6,0.0,184.85,1664.93
WTG_04,41,5.2,18.18,195.33,65.85,60.78,69.09,682.59,7.58,0.0,185.32,313.07
WTG_04,42,10.6,15.17,177.67,78.61,63.36,98.01,1308.67,14.54,0.0,184.44,2000.0
WTG_04,43,7.65,14.06,135.81,70.94,62.28,78.26,991.6,11.02,0.0,185.43,971.63
WTG_04,44,6.93,16.43,209.57,68.59,61.53,74.98,872.38,9.69,0.0,185.7,730.76
WTG_04,45,11.75,9.01,167.62,79.38,64.97,91.92,1469.92,16.33,0.0,183.86,2000.0
WTG_04,46,11.34,19.73,179.8,80.25,62.89,103.82,1457.07,16.19,0.0,186.4,2000.0
WTG_04,47,14.02,22.95,208.38,81.1,66.35,103.89,1781.83,19.8,5.04,184.75,2000.0
WTG_04,48,9.97,18.3,166.1,80.15,65.27,101.73,1227.47,13.64,0.0,186.79,2000.0
WTG_04,49,8.8,11.03,178.07,75.47,64.02,84.85,1103.89,12.27,0.0,184.79,1490.74
WTG_04,50,4.24,16.07,185.66,65.19,61.91,64.11,556.33,6.18,0.0,186.6,159.25
WTG_04,51,7.35,15.7,184.92,69.98,63.18,77.12,914.31,10.16,0.0,185.53,880.41
WTG_04,52,7.85,16.64,186.64,73.39,62.61,81.55,992.82,11.03,0.0,182.84,1064.42
WTG_04,53,9.93,13.54,181.13,79.06,63.81,97.49,1244.51,13.83,0.0,185.63,2000.0
WTG_04,54,7.6,17.0,210.08,70.59,62.78,79.32,953.04,10.59,0.0,183.28,954.41
WTG_04,55,6.19,14.68,194.37,68.67,63.41,69.14,773.01,8.59,0.0,184.25,518.55
WTG_04,56,6.84,20.77,182.53,68.43,63.03,77.44,854.75,9.5,0.0,186.69,691.49
WTG_04,57,7.67,17.4,165.65,71.36,64.24,81.09,965.62,10.73,0.0,184.0,985.96
WTG_04,58,7.22,20.38,205.28,70.71,64.02,79.18,915.01,10.17,0.0,186.2,838.92
WTG_04,59,11.46,12.65,172.61,79.13,65.08,96.04,1428.56,15.87,0.0,186.81,2000.0
WTG_04,60,6.91,14.62,205.74,69.7,62.89,73.78,881.73,9.8,0.0,184.69,725.67
WTG_04,61,9.67,11.96,175.78,78.65,63.73,92.69,1206.49,13.41,0.0,186.01,1984.93
WTG_04,62,8.79,11.18,173.68,74.86,63.71,84.45,1114.07,12.38,0.0,183.03,1487.88
WTG_04,63,10.38,14.8,186.03,78.7,64.27,98.96,1306.65,14.52,0.0,183.14,2000.0
WTG_04,64,13.23,16.96,186.93,79.12,64.99,99.29,1647.52,18.31,3.08,184.57,2000.0
WTG_04,65,13.63,13.34,188.04,80.07,65.72,93.38,1721.46,19.13,4.07,186.17,2000.0
WTG_04,66,6.21,13.81,196.92,68.81,62.08,69.76,775.91,8.62,0.0,184.05,540.03
WTG_04,67,14.58,15.23,202.09,78.99,66.18,95.61,1800.0,20.0,6.46,185.51,2000.0
WTG_04,68,9.87,18.53,142.2,79.76,64.37,100.9,1221.35,13.57,0.0,186.13,2000.0
WTG_04,69,6.43,20.44,194.02,69.66,63.03,75.45,817.53,9.08,0.0,185.55,583.33
WTG_04,70,10.88,15.65,203.34,79.77,64.46,98.73,1377.91,15.31,0.0,186.59,2000.0
WTG_04,71,9.49,24.66,184.42,78.58,64.66,104.57,1206.72,13.41,0.0,184.53,1891.1
WTG_04,72,5.72,18.97,192.08,66.69,61.59,72.39,741.79,8.24,0.0,186.83,423.33
WTG_04,73,10.89,22.34,184.12,79.49,64.64,105.1,1363.48,15.15,0.0,184.97,2000.0
WTG_04,74,8.67,14.89,201.52,74.37,62.77,88.05,1093.28,12.15,0.0,185.99,1429.14
WTG_04,75,4.94,21.05,201.34,66.03,61.0,71.9,624.7,6.94,0.0,185.52,289.22
WTG_04,76,7.49,20.29,162.59,70.05,63.15,82.89,961.79,10.69,0.0,185.4,911.9
WTG_04,77,7.14,15.98,170.7,70.09,63.59,77.83,896.02,9.96,0.0,184.27,818.04
WTG_04,78,8.53,26.68,209.47,74.53,64.12,96.75,1045.13,11.61,0.0,183.89,1372.95
WTG_04,79,7.31,15.71,200.13,68.92,63.71,77.99,899.78,10.0,0.0,184.65,849.96
WTG_04,80,8.26,19.81,210.12,72.08,62.77,87.97,1047.5,11.64,0.0,184.16,1227.18
WTG_04,81,9.49,15.79,172.23,79.49,65.23,97.07,1174.23,13.05,0.0,184.49,1902.18
WTG_04,82,12.31,17.87,191.51,80.84,65.74,100.78,1550.08,17.22,0.77,185.04,2000.0
WTG_04,83,9.41,15.61,197.55,78.69,63.84,95.47,1161.95,12.91,0.0,183.64,1835.08
WTG_04,84,6.59,18.95,198.58,68.22,62.51,74.62,796.02,8.84,0.0,183.85,636.14
WTG_04,85,11.42,18.13,182.76,79.92,64.94,101.81,1436.23,15.96,0.0,186.58,2000.0
WTG_04,86,10.03,18.22,198.46,80.29,63.67,99.73,1269.87,14.11,0.0,184.06,2000.0
WTG_04,87,11.44,11.69,194.62,79.72,64.1,93.33,1448.01,16.09,0.0,183.34,2000.0
WTG_04,88,7.66,17.27,171.32,72.39,64.2,81.4,991.02,11.01,0.0,184.07,967.04
WTG_04,89,9.86,12.89,202.56,78.6,62.55,94.46,1240.54,13.78,0.0,186.77,2000.0
WTG_04,90,7.99,17.32,198.83,71.95,62.19,86.23,1039.61,11.55,0.0,188.5,1143.29
WTG_04,91,9.47,12.92,203.55,79.24,64.35,91.86,1191.42,13.24,0.0,184.61,1867.39
WTG_04,92,10.65,20.04,193.13,79.74,62.37,102.21,1359.06,15.1,0.0,186.23,2000.0
WTG_04,93,8.02,16.14,173.68,73.42,62.32,82.56,1029.09,11.43,0.0,184.66,1144.8
WTG_04,94,8.3,15.54,184.21,74.85,63.98,83.66,1060.91,11.79,0.0,186.44,1228.59
WTG_04,95,5.37,15.34,187.68,66.69,61.92,67.34,701.25,7.79,0.0,187.59,340.06
WTG_04,96,11.49,17.67,199.73,80.5,65.88,100.18,1457.99,16.2,0.0,186.03,2000.0
WTG_04,97,8.04,14.31,185.66,73.26,61.54,83.15,1011.95,11.24,0.0,187.31,1119.42
WTG_04,98,8.35,18.04,194.34,73.76,63.52,87.41,1041.18,11.57,0.0,183.09,1282.53
WTG_04,99,9.1,18.65,191.83,76.74,64.12,96.5,1142.58,12.7,0.0,184.93,1674.34
WTG_04,100,9.54,17.61,208.56,78.96,63.57,99.58,1196.92,13.3,0.0,184.59,1927.1
WTG_04,101,10.55,7.08,190.18,79.19,64.23,89.7,1321.18,14.68,0.0,182.99,2000.0
WTG_04,102,9.79,23.46,194.41,80.63,65.67,105.63,1248.19,13.87,0.0,183.95,2000.0
WTG_04,103,10.96,20.83,201.94,79.98,64.29,105.64,1414.8,15.72,0.0,184.52,2000.0
WTG_04,104,8.23,16.61,180.73,72.3,63.0,86.58,1023.78,11.38,0.0,186.12,1218.28
WTG_04,105,11.31,22.71,218.01,79.01,64.58,105.09,1393.77,15.49,0.0,184.34,2000.0
WTG_04,106,9.55,18.14,179.76,78.42,63.9,97.83,1163.92,12.93,0.0,184.27,1900.23
WTG_04,107,6.17,17.5,174.6,67.52,62.0,72.94,762.46,8.47,0.0,185.61,497.75
WTG_04,108,8.83,14.81,196.51,77.07,64.26,89.32,1124.43,12.49,0.0,185.19,1514.38
WTG_04,109,10.69,14.81,184.02,80.08,65.56,96.1,1353.12,15.03,0.0,183.52,2000.0
WTG_04,110,9.57,15.1,241.67,78.71,63.95,96.53,1215.6,13.51,0.0,185.14,1929.43
WTG_04,111,7.86,16.91,211.26,71.19,63.93,83.78,1015.06,11.28,0.0,187.02,1071.36
WTG_04,112,10.84,23.69,192.0,79.93,65.82,105.83,1376.65,15.3,0.0,183.67,2000.0
WTG_04,113,9.24,17.09,201.04,76.78,64.97,94.63,1156.55,12.85,0.0,182.26,1763.43
WTG_04,114,9.59,16.98,174.76,80.03,64.58,98.72,1178.67,13.1,0.0,185.66,1943.06
WTG_04,115,8.93,12.28,170.19,76.92,64.5,87.49,1121.77,12.46,0.0,184.51,1565.29
WTG_04,116,5.55,19.65,199.48,66.08,62.35,70.92,656.1,7.29,0.0,184.87,363.25
WTG_04,117,8.47,17.36,180.95,74.61,64.14,86.66,1056.18,11.74,0.0,187.2,1322.35
WTG_04,118,8.21,24.12,182.17,73.74,63.56,91.73,998.42,11.09,0.0,184.85,1225.04
WTG_04,119,7.72,16.79,204.52,71.74,63.23,80.09,976.27,10.85,0.0,184.34,1022.1
WTG_04,120,3.0,15.64,190.77,64.47,60.35,61.92,540.0,6.0,0.0,182.37,55.37
WTG_04,121,5.98,17.25,211.24,67.51,62.19,70.84,760.07,8.45,0.0,185.52,470.56
WTG_04,122,5.54,20.37,186.37,65.53,62.11,72.1,712.47,7.92,0.0,182.15,387.8
WTG_04,123,6.42,27.77,201.44,67.94,62.74,84.82,843.26,9.37,0.0,185.51,594.21
WTG_04,124,7.56,11.96,241.72,71.43,63.23,75.12,949.6,10.55,0.0,186.78,944.43
WTG_04,125,8.69,13.35,190.08,76.44,63.99,84.87,1086.41,12.07,0.0,183.0,1464.39
WTG_04,126,9.04,19.35,186.98,76.7,62.41,93.88,1130.12,12.56,0.0,183.88,1615.21
WTG_04,127,12.02,14.74,195.41,80.82,65.47,97.13,1518.44,16.87,0.05,183.82,2000.0
WTG_04,128,8.4,16.26,201.1,75.32,65.16,86.35,1065.63,11.84,0.0,186.45,1311.59
WTG_04,129,8.12,22.74,208.82,72.73,62.8,90.2,1041.38,11.57,0.0,187.09,1179.63
WTG_04,130,8.23,21.14,205.66,71.46,62.89,88.94,1031.29,11.46,0.0,183.55,1244.06
WTG_04,131,9.84,19.16,199.01,78.87,64.84,101.43,1250.65,13.9,0.0,182.41,2000.0
WTG_04,132,11.43,23.58,216.56,80.95,64.83,107.61,1443.34,16.04,0.0,185.17,2000.0
WTG_04,133,11.28,18.74,212.74,81.03,64.56,102.92,1425.84,15.84,0.0,184.61,2000.0
WTG_04,134,11.94,22.54,199.85,78.26,65.64,104.36,1513.6,16.82,0.0,184.99,2000.0
WTG_04,135,6.14,13.26,217.57,68.11,62.75,68.84,793.22,8.81,0.0,183.7,509.84
WTG_04,136,11.48,16.99,187.3,80.16,64.95,100.42,1447.42,16.08,0.0,186.53,2000.0
WTG_04,137,7.2,17.48,200.62,70.98,64.09,77.88,899.57,10.0,0.0,183.28,828.69
WTG_04,138,8.23,14.13,202.27,75.05,63.78,84.14,1016.2,11.29,0.0,182.22,1261.84
WTG_04,139,15.31,15.64,192.09,79.04,66.72,98.09,1800.0,20.0,8.27,183.05,2000.0
WTG_04,140,6.99,18.9,174.78,72.11,63.58,77.76,867.15,9.63,0.0,184.1,761.03
WTG_04,141,9.08,16.6,207.65,76.98,65.21,93.08,1147.87,12.75,0.0,183.18,1660.01
WTG_04,142,14.44,10.7,183.12,81.41,67.73,93.4,1800.0,20.0,6.11,188.26,2000.0
WTG_04,143,9.92,21.91,197.0,79.8,65.1,105.33,1249.14,13.88,0.0,184.56,2000.0
WTG_04,144,12.77,6.13,202.05,79.93,66.2,90.18,1622.42,18.03,1.93,186.82,2000.0
WTG_04,145,8.25,19.07,219.68,74.96,64.55,88.12,1001.1,11.12,0.0,183.9,1224.38
WTG_04,146,6.8,15.64,217.82,68.94,63.81,73.66,844.92,9.39,0.0,184.41,691.89
WTG_04,147,4.79,11.55,194.82,64.56,61.7,62.3,579.88,6.44,0.0,183.99,273.6
WTG_04,148,6.24,14.17,179.94,68.61,63.84,70.86,781.03,8.68,0.0,186.2,563.72
WTG_04,149,3.0,16.78,214.51,65.92,61.81,63.52,540.0,6.0,0.0,182.99,85.84
WTG_04,150,7.43,13.07,201.43,71.84,62.35,77.33,909.47,10.11,0.0,185.26,909.98
WTG_04,151,10.87,14.97,204.44,81.67,65.31,99.27,1390.43,15.45,0.0,184.91,2000.0
WTG_04,152,10.46,11.31,200.77,81.48,64.83,93.49,1305.21,14.5,0.0,183.92,2000.0
WTG_04,153,5.75,23.74,184.86,67.21,63.27,76.62,733.89,8.15,0.0,188.11,438.34
WTG_04,154,11.34,17.23,183.81,81.68,64.6,100.58,1426.91,15.85,0.0,184.39,2000.0
WTG_04,155,8.71,17.57,193.76,76.15,62.19,90.99,1112.73,12.36,0.0,181.92,1461.08
WTG_04,156,10.62,23.9,181.71,81.13,65.2,108.87,1332.88,14.81,0.0,185.0,2000.0
WTG_04,157,9.61,18.27,207.97,79.71,65.09,100.44,1179.09,13.1,0.0,182.81,1951.43
WTG_04,158,9.02,13.67,166.92,77.52,65.4,89.2,1149.4,12.77,0.0,182.2,1622.33
WTG_04,159,8.82,16.61,183.27,74.74,64.05,89.45,1110.5,12.34,0.0,184.67,1502.84
WTG_04,160,7.36,22.45,220.06,72.24,64.85,84.29,939.58,10.44,0.0,186.29,853.82
WTG_04,161,7.62,10.54,184.7,71.83,63.98,73.69,991.35,11.01,0.0,183.62,951.34
WTG_04,162,9.18,15.75,174.87,78.68,64.02,92.57,1160.63,12.9,0.0,183.84,1718.41
WTG_04,163,12.92,20.58,206.86,80.35,66.84,103.4,1643.87,18.27,2.3,182.12,2000.0
WTG_04,164,10.81,22.95,179.63,80.27,64.84,106.46,1376.54,15.29,0.0,183.4,2000.0
WTG_04,165,7.46,19.73,172.44,71.57,63.97,84.63,913.74,10.15,0.0,184.36,912.97
WTG_04,166,10.5,14.1,208.12,80.21,65.93,96.21,1312.95,14.59,0.0,180.76,2000.0
WTG_04,167,8.47,19.87,198.98,74.6,62.77,90.74,1088.95,12.1,0.0,185.7,1341.69
WTG_04,168,8.02,18.11,203.12,74.8,63.94,84.4,992.23,11.02,0.0,184.04,1144.17
WTG_04,169,3.44,19.35,203.68,65.37,61.82,66.6,540.0,6.0,0.0,181.83,86.57
WTG_04,170,8.51,16.78,201.49,74.97,64.12,88.34,1061.42,11.79,0.0,184.15,1358.55
WTG_04,171,10.9,17.52,191.85,80.1,66.92,100.13,1370.52,15.23,0.0,183.65,2000.0
WTG_04,172,8.03,17.01,192.23,74.15,64.66,82.7,1016.97,11.3,0.0,180.64,1114.01
WTG_04,173,6.56,17.03,236.0,68.62,63.54,74.47,836.0,9.29,0.0,182.05,593.19
WTG_04,174,8.66,15.13,180.84,76.65,64.95,87.75,1096.15,12.18,0.0,185.07,1441.67
WTG_04,175,9.77,18.54,188.32,82.42,65.24,101.54,1222.41,13.58,0.0,182.72,2000.0
WTG_04,176,7.77,26.71,191.61,72.91,64.77,91.52,995.42,11.06,0.0,182.98,1026.61
WTG_04,177,13.15,21.94,209.56,82.12,66.74,106.17,1670.71,18.56,2.87,181.74,2000.0
WTG_04,178,6.94,13.2,216.91,67.96,63.05,72.55,828.19,9.2,0.0,185.97,728.56
WTG_04,179,9.99,14.67,213.89,79.58,64.54,97.55,1259.26,13.99,0.0,183.94,2000.0
WTG_04,180,9.19,24.18,203.78,77.12,64.03,101.73,1109.8,12.33,0.0,182.84,1714.1
WTG_04,181,5.56,18.81,176.94,66.82,63.05,70.27,707.25,7.86,0.0,183.36,412.12
WTG_04,182,10.61,20.88,199.36,81.98,65.27,103.21,1352.46,15.03,0.0,183.18,2000.0
WTG_04,183,6.63,19.81,180.58,69.79,63.09,79.55,834.39,9.27,0.0,180.94,654.46
WTG_04,184,8.18,17.83,198.64,74.33,64.25,86.51,1033.99,11.49,0.0,182.81,1213.54
WTG_04,185,10.97,15.41,211.2,81.17,65.3,99.9,1382.42,15.36,0.0,184.02,2000.0
WTG_04,186,7.51,20.11,206.8,72.66,63.51,86.68,966.99,10.74,0.0,181.57,946.03
WTG_04,187,11.37,19.73,181.09,81.76,65.52,103.37,1430.78,15.9,0.0,180.14,2000.0
WTG_04,188,13.34,13.72,203.7,81.39,68.12,97.9,1678.62,18.65,3.34,184.59,2000.0
WTG_04,189,9.82,22.07,191.96,81.63,64.97,105.86,1256.96,13.97,0.0,183.94,2000.0
WTG_04,190,5.57,24.38,198.82,66.71,63.01,78.06,707.3,7.86,0.0,184.56,372.12
WTG_04,191,9.4,19.39,194.04,80.19,65.81,100.92,1193.9,13.27,0.0,181.27,1852.14
WTG_04,192,6.39,19.82,199.04,70.21,64.75,77.68,812.85,9.03,0.0,182.28,598.72
WTG_04,193,8.86,14.78,222.67,78.14,63.64,90.73,1130.0,12.56,0.0,181.49,1535.51
WTG_04,194,8.98,16.75,209.33,77.32,65.59,93.78,1135.82,12.62,0.0,180.97,1614.3
WTG_04,195,6.7,17.4,216.18,69.96,65.49,76.23,852.98,9.48,0.0,182.9,645.19
WTG_04,196,10.23,21.05,192.76,81.51,65.86,105.69,1297.94,14.42,0.0,182.22,2000.0
WTG_04,197,6.95,21.78,198.51,71.55,63.8,82.07,880.43,9.78,0.0,184.51,732.92
WTG_04,198,11.93,15.9,229.2,81.29,66.29,100.55,1509.12,16.77,0.0,183.23,2000.0
WTG_04,199,9.19,14.35,214.75,78.82,66.34,92.4,1136.59,12.63,0.0,184.31,1688.5
WTG_04,200,11.68,21.26,195.33,80.83,67.23,104.41,1452.46,16.14,0.0,184.27,2000.0
WTG_04,201,6.62,18.42,210.72,69.88,64.61,77.51,822.83,9.14,0.0,183.27,642.15
WTG_04,202,12.9,20.65,189.84,81.16,68.84,105.36,1623.33,18.04,2.24,180.1,2000.0
WTG_04,203,7.64,10.27,195.35,71.66,64.82,75.31,927.25,10.3,0.0,183.57,969.16
WTG_04,204,8.74,12.42,208.1,76.61,64.34,86.06,1135.67,12.62,0.0,183.76,1474.22
WTG_04,205,11.68,19.04,212.5,80.66,66.77,102.63,1484.77,16.5,0.0,183.07,2000.0
WTG_04,206,9.83,24.72,180.95,81.82,66.38,109.77,1246.89,13.85,0.0,184.95,2000.0
WTG_04,207,6.28,12.46,200.6,70.73,63.71,69.66,752.54,8.36,0.0,182.86,563.68
WTG_04,208,9.13,18.51,209.17,79.14,65.07,98.54,1147.28,12.75,0.0,180.89,1688.48
WTG_04,209,8.77,21.87,190.05,76.55,65.33,96.76,1110.54,12.34,0.0,182.06,1491.9
WTG_04,210,14.75,14.95,216.07,81.42,68.39,100.47,1800.0,20.0,6.89,185.19,2000.0
WTG_04,211,16.36,19.0,191.15,82.11,67.06,106.01,1800.0,20.0,10.91,184.1,2000.0
WTG_04,212,4.79,15.16,213.44,67.75,62.32,66.43,624.71,6.94,0.0,184.44,222.7
WTG_04,213,7.62,11.97,203.49,72.59,64.37,75.6,949.39,10.55,0.0,182.99,983.3
WTG_04,214,8.6,13.25,204.31,76.83,65.69,85.45,1101.8,12.24,0.0,185.77,1394.99
WTG_04,215,7.82,20.62,213.04,74.19,64.1,87.5,983.17,10.92,0.0,181.73,1062.33
WTG_04,216,7.85,12.78,218.5,75.16,65.0,79.67,1017.39,11.3,0.0,181.44,1077.12
WTG_04,217,10.61,18.91,200.54,80.89,66.05,104.45,1360.19,15.11,0.0,184.13,2000.0
WTG_04,218,10.38,25.59,226.33,80.54,66.13,111.24,1315.72,14.62,0.0,185.26,2000.0
WTG_04,219,10.04,22.67,198.22,80.04,66.0,108.56,1276.71,14.19,0.0,182.89,2000.0
WTG_04,220,6.01,8.28,196.51,69.49,64.76,65.13,755.81,8.4,0.0,178.9,464.01
WTG_04,221,5.71,16.78,210.68,68.73,64.11,71.4,728.81,8.1,0.0,183.54,417.57
WTG_04,222,6.7,21.4,205.32,69.86,64.34,80.84,843.24,9.37,0.0,178.79,651.47
WTG_04,223,8.51,21.7,210.81,76.16,65.73,96.24,1062.9,11.81,0.0,183.75,1354.93
WTG_04,224,10.3,16.03,213.65,82.27,66.93,101.84,1267.69,14.09,0.0,182.69,2000.0
WTG_04,225,8.51,20.15,188.21,76.83,64.4,93.73,1057.14,11.75,0.0,183.36,1357.1
WTG_04,226,8.81,27.5,192.36,77.79,65.65,101.88,1103.16,12.26,0.0,181.34,1496.78
WTG_04,227,8.76,22.91,235.73,77.08,65.89,99.94,1127.29,12.53,0.0,181.86,1465.21
WTG_04,228,5.68,16.0,214.16,69.7,62.98,71.42,728.25,8.09,0.0,183.35,400.41
WTG_04,229,6.92,14.65,174.9,71.92,65.66,77.47,900.27,10.0,0.0,181.78,717.54
WTG_04,230,7.65,18.69,222.26,72.56,64.64,85.66,961.02,10.68,0.0,181.48,971.16
WTG_04,231,7.48,15.14,204.38,74.48,66.52,78.66,938.32,10.43,0.0,182.4,917.07
WTG_04,232,7.06,17.01,207.84,72.86,65.5,78.91,885.46,9.84,0.0,180.92,776.92
WTG_04,233,5.4,14.58,232.73,69.03,64.44,68.58,666.24,7.4,0.0,183.93,328.66
WTG_04,234,10.37,15.88,197.03,81.94,65.62,101.41,1297.93,14.42,0.0,179.45,2000.0
WTG_04,235,14.46,14.14,201.07,81.99,69.05,101.29,1800.0,20.0,6.15,182.86,2000.0
WTG_04,236,12.7,13.81,208.36,83.37,67.91,99.08,1602.53,17.81,1.74,182.46,2000.0
WTG_04,237,4.55,17.05,201.69,67.25,64.18,69.76,557.3,6.19,0.0,183.63,223.7
WTG_04,238,8.97,21.74,214.31,77.79,66.49,98.97,1132.9,12.59,0.0,182.93,1573.39
WTG_04,239,10.86,17.26,186.53,81.78,66.67,102.94,1378.14,15.31,0.0,183.25,2000.0
WTG_04,240,8.99,16.23,181.12,79.21,66.28,95.15,1142.35,12.69,0.0,181.2,1585.37
WTG_04,241,8.85,19.94,235.7,78.68,66.16,96.0,1131.43,12.57,0.0,180.56,1525.0
WTG_04,242,7.07,20.61,188.13,72.84,65.78,83.3,914.77,10.16,0.0,181.73,788.62
WTG_04,243,11.72,15.19,181.3,81.67,67.41,100.34,1489.41,16.55,0.0,180.18,2000.0
WTG_04,244,8.19,16.93,194.64,76.39,66.02,89.26,1018.39,11.32,0.0,181.98,1205.5
WTG_04,245,5.02,20.09,213.58,68.71,64.83,72.39,625.06,6.95,0.0,178.98,256.37
WTG_04,246,8.78,17.07,198.34,78.13,67.01,93.0,1104.92,12.28,0.0,178.59,1473.07
WTG_04,247,7.82,13.72,208.71,75.56,65.48,83.24,990.84,11.01,0.0,180.97,1026.49
WTG_04,248,5.88,13.43,210.02,71.65,64.87,70.64,734.34,8.16,0.0,183.11,446.72
WTG_04,249,9.68,11.57,212.48,82.18,69.19,99.36,1198.28,13.31,0.0,179.72,2000.0
WTG_04,250,9.05,21.01,216.75,79.98,66.71,100.47,1148.27,12.76,0.0,182.15,1649.48
WTG_04,251,9.91,19.17,217.03,83.11,68.41,104.07,1212.11,13.47,0.0,183.13,2000.0
WTG_04,252,9.19,19.96,230.34,80.88,66.79,101.03,1167.85,12.98,0.0,179.66,1712.72
WTG_04,253,8.89,8.66,211.74,79.52,65.98,88.5,1117.77,12.42,0.0,180.52,1539.93
WTG_04,254,8.64,14.14,205.76,79.22,67.4,89.73,1113.02,12.37,0.0,178.43,1432.21
WTG_04,255,8.5,17.06,221.23,79.08,66.61,90.18,1076.24,11.96,0.0,182.62,1374.02
WTG_04,256,12.4,12.54,228.24,84.47,69.72,99.9,1569.08,17.43,1.0,181.19,2000.0
WTG_04,257,10.54,16.4,204.87,82.93,67.44,103.31,1311.92,14.58,0.0,179.93,2000.0
WTG_04,258,10.26,11.51,204.1,83.14,66.75,98.7,1294.57,14.38,0.0,181.32,2000.0
WTG_04,259,10.23,22.15,208.92,83.88,66.82,108.15,1298.08,14.42,0.0,182.66,2000.0
WTG_04,260,3.0,17.44,223.58,67.91,64.95,67.92,540.0,6.0,0.0,179.19,53.32
WTG_04,261,11.77,23.69,204.1,83.29,68.96,109.69,1458.28,16.2,0.0,179.0,2000.0
WTG_04,262,10.28,21.76,196.88,84.12,67.78,109.69,1270.87,14.12,0.0,179.89,2000.0
WTG_04,263,11.17,18.64,207.67,85.09,67.85,104.41,1405.11,15.61,0.0,179.69,2000.0
WTG_04,264,6.6,17.79,216.72,72.5,66.56,79.96,849.05,9.43,0.0,177.31,643.65
WTG_04,265,10.43,12.17,237.11,83.04,67.81,101.7,1306.45,14.52,0.0,181.28,2000.0
WTG_04,266,5.13,24.02,224.5,70.1,67.24,78.68,640.94,7.12,0.0,180.02,301.09
WTG_04,267,7.93,12.27,239.57,75.17,66.87,83.2,977.87,10.87,0.0,178.49,1100.24
WTG_04,268,10.47,16.92,224.2,83.88,68.66,104.99,1343.35,14.93,0.0,179.68,2000.0
WTG_04,269,9.48,17.03,208.63,83.49,68.63,102.16,1217.28,13.53,0.0,180.06,1881.38
WTG_04,270,6.29,23.08,165.26,71.35,66.89,83.04,790.6,8.78,0.0,178.96,563.84
WTG_04,271,11.36,18.79,176.58,84.35,70.18,108.12,1414.4,15.72,0.0,178.92,2000.0
WTG_04,272,15.26,18.1,192.76,85.33,71.54,104.79,1800.0,20.0,8.15,179.02,2000.0
WTG_04,273,9.24,14.16,180.97,81.64,68.29,98.3,1160.33,12.89,0.0,178.83,1730.19
WTG_04,274,9.43,20.91,215.71,83.36,67.45,107.09,1176.63,13.07,0.0,181.36,1844.0
WTG_04,275,7.19,18.77,217.13,74.97,66.24,85.13,896.5,9.96,0.0,177.48,825.99
WTG_04,276,11.35,15.32,205.18,83.42,68.66,102.7,1454.55,16.16,0.0,179.65,2000.0
WTG_04,277,9.9,14.63,190.19,86.07,68.71,104.49,1251.93,13.91,0.0,177.22,2000.0
WTG_04,278,5.07,13.52,225.64,70.24,65.79,67.48,670.05,7.44,0.0,179.97,274.47
WTG_04,279,9.56,18.04,186.9,84.2,67.71,104.42,1233.77,13.71,0.0,179.25,1913.16
WTG_04,280,9.82,18.62,215.42,84.63,68.89,106.96,1216.68,13.52,0.0,176.83,2000.0
WTG_04,281,5.71,9.14,220.36,72.21,65.52,66.85,733.79,8.15,0.0,178.91,421.26
WTG_04,282,9.34,17.11,213.73,82.5,69.38,101.22,1176.9,13.08,0.0,176.58,1793.63
WTG_04,283,7.07,16.61,223.21,73.93,68.26,81.48,890.37,9.89,0.0,178.34,775.5
WTG_04,284,12.7,20.04,183.98,83.82,70.71,108.64,1568.41,17.43,1.75,178.65,2000.0
WTG_04,285,7.23,24.97,251.14,75.64,67.7,90.98,906.36,10.07,0.0,176.69,837.83
WTG_04,286,6.16,19.62,200.8,73.06,68.24,80.97,729.88,8.11,0.0,176.02,521.16
WTG_04,287,3.43,15.12,199.32,70.6,65.73,69.03,540.0,6.0,0.0,179.23,88.32
WTG_04,288,3.95,23.29,210.2,71.06,65.89,77.79,540.0,6.0,0.0,179.29,123.07
WTG_04,289,6.56,25.93,212.37,75.62,67.02,89.64,838.91,9.32,0.0,176.48,599.46
WTG_04,290,7.45,21.16,224.41,77.45,67.57,91.65,916.14,10.18,0.0,175.7,926.97
WTG_04,291,7.44,19.92,196.3,76.39,68.97,88.33,941.95,10.47,0.0,178.15,908.94
WTG_04,292,11.87,21.16,220.99,84.63,69.5,110.27,1474.45,16.38,0.0,176.35,2000.0
WTG_04,293,10.98,21.26,180.76,85.03,70.39,110.27,1368.14,15.2,0.0,176.73,2000.0
WTG_04,294,12.25,8.78,227.95,85.05,71.83,96.89,1533.76,17.04,0.63,177.55,2000.0
WTG_04,295,10.32,11.56,195.7,84.89,69.7,101.63,1297.48,14.42,0.0,176.92,2000.0
WTG_04,296,11.7,14.01,190.82,84.57,69.57,104.59,1508.38,16.76,0.0,176.83,2000.0
WTG_04,297,8.37,17.36,224.89,80.38,69.92,95.06,1050.85,11.68,0.0,177.2,1323.21
WTG_04,298,7.53,19.33,217.45,78.3,70.28,90.03,938.8,10.43,0.0,179.95,942.77
WTG_04,299,7.43,20.81,229.98,78.38,68.15,88.48,919.61,10.22,0.0,179.35,893.84
WTG_04,300,11.99,19.73,209.31,87.18,71.2,111.73,1503.09,16.7,0.0,175.62,2000.0
WTG_04,301,8.95,16.51,193.82,83.08,71.24,99.1,1125.05,12.5,0.0,178.59,1583.9
WTG_04,302,9.17,24.71,246.18,83.06,70.13,109.16,1164.38,12.94,0.0,177.82,1678.88
WTG_04,303,10.15,18.03,200.76,86.96,70.82,109.16,1286.18,14.29,0.0,176.12,2000.0
WTG_04,304,7.73,15.01,208.52,78.11,68.79,89.03,966.3,10.74,0.0,175.9,1034.02
WTG_04,305,9.38,19.81,193.45,86.16,69.82,106.94,1204.6,13.38,0.0,176.53,1827.42
WTG_04,306,9.66,12.18,212.26,84.58,69.02,103.15,1191.45,13.24,0.0,175.55,1988.35
WTG_04,307,6.53,23.08,215.61,77.48,68.67,89.22,838.52,9.32,0.0,176.18,610.19
WTG_04,308,4.86,19.93,215.52,72.43,68.51,74.99,593.91,6.6,0.0,177.75,239.29
WTG_04,309,7.76,12.67,225.02,79.35,69.75,85.3,977.81,10.86,0.0,176.79,1047.77
WTG_04,310,7.97,14.59,220.15,80.47,69.83,88.7,1001.14,11.12,0.0,175.06,1112.67
WTG_04,311,10.08,19.4,224.61,87.41,71.11,109.32,1259.26,13.99,0.0,177.82,2000.0
WTG_04,312,4.75,21.14,192.22,73.49,68.65,78.19,632.93,7.03,0.0,176.03,213.19
WTG_04,313,10.58,14.38,199.06,86.47,73.52,104.43,1344.74,14.94,0.0,177.36,2000.0
WTG_04,314,7.54,20.04,221.22,80.12,69.68,91.47,969.75,10.77,0.0,175.9,938.22
WTG_04,315,6.2,16.86,213.92,74.92,70.28,81.91,772.8,8.59,0.0,175.41,559.69
WTG_04,316,6.84,14.93,203.83,75.51,70.68,82.25,829.32,9.21,0.0,176.5,688.04
WTG_04,317,10.47,18.67,233.61,87.88,70.65,113.16,1308.49,14.54,0.0,175.25,2000.0
WTG_04,318,9.35,23.03,225.52,84.59,70.79,111.35,1179.41,13.1,0.0,175.76,1803.1
WTG_04,319,12.05,17.52,191.09,88.17,72.46,110.16,1537.69,17.09,0.13,180.13,2000.0
WTG_04,320,9.29,12.75,203.21,85.58,71.61,101.09,1181.53,13.13,0.0,176.84,1738.6
WTG_04,321,11.16,9.35,225.92,86.24,71.75,99.98,1419.04,15.77,0.0,171.74,2000.0
WTG_04,322,8.99,14.81,251.58,83.42,70.95,99.67,1130.04,12.56,0.0,173.28,1619.31
WTG_04,323,7.94,17.13,208.79,81.06,71.43,93.03,1034.4,11.49,0.0,174.4,1108.79
WTG_04,324,8.2,18.67,229.75,82.18,71.07,95.97,1053.24,11.7,0.0,173.7,1208.58
WTG_04,325,8.55,23.37,213.89,82.55,71.21,102.59,1079.22,11.99,0.0,174.33,1351.37
WTG_04,326,7.93,18.32,214.42,80.86,71.94,93.83,981.6,10.91,0.0,173.18,1089.88
WTG_04,327,10.0,24.83,226.45,89.33,73.0,117.82,1269.54,14.11,0.0,175.66,2000.0
WTG_04,328,6.3,11.99,215.16,77.25,69.29,76.63,794.52,8.83,0.0,173.21,540.86
WTG_04,329,4.91,23.98,192.51,75.07,69.22,84.93,607.97,6.76,0.0,174.25,273.92
WTG_04,330,14.83,19.62,210.88,87.8,75.41,112.38,1800.0,20.0,7.08,174.54,2000.0
WTG_04,331,12.79,8.57,232.28,87.89,73.32,101.91,1611.99,17.91,1.96,177.15,2000.0
WTG_04,332,11.51,23.06,210.32,88.26,71.87,115.3,1439.24,15.99,0.0,172.61,2000.0
WTG_04,333,8.56,18.53,218.74,82.15,71.67,98.85,1078.49,11.98,0.0,174.02,1371.94
WTG_04,334,11.27,21.75,224.75,88.24,72.35,115.93,1418.02,15.76,0.0,172.94,2000.0
WTG_04,335,5.88,14.69,200.5,76.38,69.44,79.01,742.18,8.25,0.0,172.84,464.21
WTG_04,336,8.44,15.49,216.86,83.94,71.99,95.69,1064.34,11.83,0.0,175.02,1321.21
WTG_04,337,10.4,21.31,232.09,87.88,73.46,114.65,1319.66,14.66,0.0,175.33,2000.0
WTG_04,338,11.32,15.48,219.39,88.42,74.06,108.89,1429.23,15.88,0.0,173.11,2000.0
WTG_04,339,7.19,15.66,231.51,79.72,71.37,86.08,886.89,9.85,0.0,172.71,802.73
WTG_04,340,5.24,13.97,244.81,76.22,71.6,77.05,668.17,7.42,0.0,172.24,304.85
WTG_04,341,11.44,9.85,198.26,88.82,74.33,103.21,1444.55,16.05,0.0,171.88,2000.0
WTG_04,342,11.56,21.64,199.24,89.63,73.75,116.79,1437.77,15.98,0.0,172.68,2000.0
WTG_04,343,10.02,12.93,231.81,90.5,73.18,108.44,1211.15,13.46,0.0,171.93,2000.0
WTG_04,344,9.16,19.36,262.2,86.72,73.55,107.25,1177.87,13.09,0.0,173.12,1699.21
WTG_04,345,9.35,13.5,215.72,87.69,73.51,104.99,1162.96,12.92,0.0,171.68,1801.22
WTG_04,346,8.02,18.81,225.06,84.25,73.36,97.34,990.94,11.01,0.0,172.58,1139.96
WTG_04,347,10.13,21.01,184.34,88.97,74.28,115.38,1248.57,13.87,0.0,169.99,2000.0
WTG_04,348,9.87,18.8,246.46,90.57,73.58,114.44,1232.89,13.7,0.0,172.19,2000.0
WTG_04,349,9.09,19.07,205.95,87.53,73.71,108.0,1130.43,12.56,0.0,171.6,1663.57
WTG_04,350,5.43,23.15,216.82,77.56,72.76,87.98,680.11,7.56,0.0,172.14,358.04
WTG_04,351,12.38,21.53,212.69,90.43,75.14,115.01,1539.35,17.1,0.94,171.43,2000.0
WTG_04,352,9.37,11.94,222.0,89.08,73.92,103.62,1171.93,13.02,0.0,172.69,1851.48
WTG_04,353,8.07,15.1,225.9,85.58,74.06,95.55,991.73,11.02,0.0,171.94,1164.77
WTG_04,354,13.27,22.84,222.0,91.57,75.62,118.07,1688.83,18.76,3.19,165.86,2000.0
WTG_04,355,10.0,15.42,232.17,90.2,75.61,113.26,1267.47,14.08,0.0,171.49,2000.0
WTG_04,356,10.98,18.68,207.73,90.85,74.22,113.83,1396.66,15.52,0.0,171.15,2000.0
WTG_04,357,10.26,18.2,218.26,90.75,74.6,114.79,1259.25,13.99,0.0,168.75,2000.0
WTG_04,358,7.49,9.65,211.39,82.05,74.01,85.47,923.94,10.27,0.0,172.4,924.98
WTG_04,359,10.24,10.64,196.93,89.15,76.34,107.62,1291.62,14.35,0.0,170.53,2000.0
WTG_04,360,7.48,19.71,205.43,84.12,73.14,96.85,946.38,10.52,0.0,169.65,907.54
WTG_04,361,7.78,18.67,227.1,83.37,74.6,99.0,1004.42,11.16,0.0,171.46,1039.24
WTG_04,362,11.27,21.18,226.69,90.8,76.32,117.03,1441.12,16.01,0.0,167.7,2000.0
WTG_04,363,7.2,27.94,218.34,80.95,73.87,103.73,913.63,10.15,0.0,169.63,802.57
WTG_04,364,10.5,20.95,207.53,93.25,76.46,116.11,1347.54,14.97,0.0,167.85,2000.0
WTG_04,365,4.54,22.65,216.13,77.51,72.26,87.87,540.0,6.0,0.0,168.98,211.19
WTG_04,366,8.27,16.4,193.9,86.09,75.18,97.74,1018.09,11.31,0.0,166.68,1262.0
WTG_04,367,10.52,19.51,243.0,92.87,76.27,118.93,1350.26,15.0,0.0,170.23,2000.0
WTG_04,368,9.42,18.8,238.47,89.78,76.37,113.25,1197.88,13.31,0.0,170.98,1864.82
WTG_04,369,12.87,18.13,239.93,94.72,77.81,115.56,1653.21,18.37,2.16,169.48,2000.0
WTG_04,370,8.12,18.34,238.14,86.37,75.15,101.07,1022.9,11.37,0.0,169.06,1150.48
WTG_04,371,12.68,21.63,233.45,94.57,77.33,121.37,1585.45,17.62,1.7,167.03,2000.0
WTG_04,372,6.87,19.18,227.94,83.06,74.87,91.38,882.04,9.8,0.0,166.3,698.93
WTG_04,373,7.12,20.09,234.58,82.71,75.87,95.2,870.95,9.68,0.0,165.95,800.28
WTG_04,374,11.0,15.65,212.66,94.04,77.29,112.5,1345.93,14.95,0.0,169.17,2000.0
WTG_04,375,7.33,16.19,252.18,85.0,76.09,93.98,911.46,10.13,0.0,167.76,879.11
WTG_04,376,9.68,17.79,240.27,94.3,77.47,117.59,1196.03,13.29,0.0,166.88,2000.0
WTG_04,377,4.33,17.71,202.83,78.67,74.28,79.65,540.0,6.0,0.0,167.9,159.66
WTG_04,378,14.55,20.42,214.76,93.98,79.41,118.56,1800.0,20.0,6.38,169.21,2000.0
WTG_04,379,5.28,20.87,216.38,80.39,75.35,88.72,699.76,7.78,0.0,164.8,329.34
WTG_04,380,7.08,10.86,204.16,82.89,76.27,87.95,894.13,9.93,0.0,166.09,786.21
WTG_04,381,7.42,16.35,209.99,87.36,76.07,94.84,922.9,10.25,0.0,166.08,899.72
WTG_04,382,7.28,22.39,182.64,85.11,76.09,101.09,907.92,10.09,0.0,167.35,861.66
WTG_04,383,9.53,14.8,225.14,95.08,76.01,113.03,1193.11,13.26,0.0,163.21,1913.28
WTG_04,384,15.1,16.13,229.6,93.99,81.29,117.0,1800.0,20.0,7.76,168.55,2000.0
WTG_04,385,9.14,19.15,214.49,92.24,77.36,113.35,1146.3,12.74,0.0,165.71,1663.43
WTG_04,386,9.72,24.7,218.03,96.05,79.19,124.63,1238.24,13.76,0.0,165.62,2000.0
WTG_04,387,5.7,20.0,222.82,81.57,77.75,91.74,719.16,7.99,0.0,164.98,423.76
WTG_04,388,8.63,19.92,241.61,90.63,79.34,109.15,1088.98,12.1,0.0,164.86,1415.28
WTG_04,389,12.66,18.59,235.96,96.62,79.54,119.16,1578.58,17.54,1.65,165.11,2000.0
WTG_04,390,6.53,16.34,220.69,85.86,76.78,91.67,823.26,9.15,0.0,165.55,630.97
WTG_04,391,12.79,20.87,223.46,94.98,80.58,123.38,1623.65,18.04,1.98,164.04,2000.0
WTG_04,392,9.32,17.03,184.49,93.76,78.13,113.38,1175.15,13.06,0.0,165.31,1787.63
WTG_04,393,13.93,23.53,199.13,95.55,80.93,125.62,1770.73,19.67,4.83,165.42,2000.0
WTG_04,394,8.75,17.68,226.36,91.09,78.99,108.67,1113.34,12.37,0.0,163.71,1493.96
WTG_04,395,8.43,17.81,207.5,90.52,78.53,105.52,1035.98,11.51,0.0,165.58,1288.69
WTG_04,396,6.85,23.67,243.96,85.81,76.17,99.91,828.16,9.2,0.0,164.57,708.94
WTG_04,397,14.05,21.61,224.55,98.33,81.38,121.68,1769.66,19.66,5.12,160.06,2000.0
WTG_04,398,12.3,17.81,222.55,96.53,81.16,119.65,1518.16,16.87,0.76,161.46,2000.0
WTG_04,399,7.04,22.83,223.57,84.58,78.51,101.01,897.88,9.98,0.0,163.34,753.66
WTG_04,400,17.21,20.78,261.04,97.35,83.57,125.2,1800.0,20.0,13.04,161.76,2000.0
WTG_04,401,9.63,12.28,232.47,96.43,80.67,114.85,1241.71,13.8,0.0,162.55,1967.13
WTG_04,402,9.45,17.3,235.14,95.29,80.24,117.98,1203.55,13.37,0.0,162.45,1839.96
WTG_04,403,7.39,19.05,215.34,88.43,79.79,102.74,947.26,10.53,0.0,161.17,893.65
WTG_04,404,10.01,17.72,226.8,98.58,80.22,119.69,1249.05,13.88,0.0,159.88,2000.0
WTG_04,405,6.07,20.38,199.41,86.2,78.95,95.97,759.88,8.44,0.0,161.78,502.11
WTG_04,406,8.44,17.16,254.13,92.49,80.48,107.48,1077.93,11.98,0.0,160.2,1359.59
WTG_04,407,13.75,15.91,249.49,97.9,82.96,120.68,1710.72,19.01,4.39,161.88,2000.0
WTG_04,408,7.96,17.47,216.01,91.92,79.21,106.16,986.4,10.96,0.0,160.49,1095.94
WTG_04,409,7.07,20.96,243.18,89.64,79.16,101.86,910.78,10.12,0.0,159.43,784.57
WTG_04,410,12.06,16.47,233.68,98.18,83.69,120.09,1529.41,16.99,0.15,160.77,2000.0
WTG_04,411,7.04,16.74,220.41,89.08,79.94,97.17,873.41,9.7,0.0,158.96,754.4
WTG_04,412,8.81,21.77,243.8,94.45,82.25,117.1,1096.39,12.18,0.0,158.85,1534.17
WTG_04,413,7.14,17.79,230.0,88.65,80.33,99.88,911.46,10.13,0.0,159.63,785.99
WTG_04,414,6.62,19.08,255.34,88.83,80.42,99.27,825.61,9.17,0.0,158.65,633.08
WTG_04,415,13.58,19.38,212.2,100.58,83.28,124.06,1700.52,18.89,3.95,158.67,2000.0
WTG_04,416,8.96,16.92,199.23,95.8,82.68,115.53,1121.86,12.47,0.0,159.18,1581.43
WTG_04,417,9.58,9.36,215.38,98.64,84.33,115.52,1224.71,13.61,0.0,159.78,1925.72
WTG_04,418,11.85,9.1,209.99,99.6,82.06,115.42,1484.3,16.49,0.0,159.67,2000.0
WTG_04,419,13.0,14.85,208.85,100.89,83.96,123.12,1590.36,17.67,2.51,158.25,2000.0
WTG_04,420,9.37,12.55,226.31,99.47,83.87,114.46,1144.67,12.72,0.0,158.66,1818.79
WTG_04,421,10.41,19.77,209.12,100.39,83.13,127.06,1268.55,14.09,0.0,158.12,2000.0
WTG_04,422,5.7,10.27,205.27,88.19,81.7,87.1,761.53,8.46,0.0,159.72,418.7
WTG_04,423,7.77,20.31,217.07,94.22,82.51,110.38,1014.39,11.27,0.0,157.27,1044.55
WTG_04,424,9.28,24.54,206.76,99.56,83.34,129.29,1172.32,13.03,0.0,155.57,1761.97
WTG_04,425,12.65,22.86,251.01,102.42,83.95,128.59,1564.96,17.39,1.62,156.55,2000.0
WTG_04,426,9.48,24.37,219.82,100.81,84.34,129.46,1183.53,13.15,0.0,154.12,1879.0
WTG_04,427,6.71,23.68,225.51,90.12,82.77,106.82,839.15,9.32,0.0,156.16,680.22
WTG_04,428,9.25,17.25,201.81,99.68,85.27,119.72,1169.01,12.99,0.0,154.83,1722.35
WTG_04,429,8.68,14.67,231.82,98.6,84.08,113.53,1091.34,12.13,0.0,155.76,1465.64
WTG_04,430,9.08,16.55,234.5,100.16,85.29,119.13,1170.49,13.01,0.0,154.4,1661.59
WTG_04,431,13.25,25.22,219.59,102.76,86.48,132.55,1663.13,18.48,3.13,156.33,2000.0
WTG_04,432,10.38,20.9,228.44,102.55,85.14,129.52,1302.82,14.48,0.0,153.02,2000.0
WTG_04,433,8.54,20.75,228.4,98.03,85.47,120.26,1103.97,12.27,0.0,155.61,1368.41
WTG_04,434,6.39,21.39,251.39,92.55,84.68,104.24,799.28,8.88,0.0,154.11,586.51
WTG_04,435,8.8,19.83,237.12,99.44,85.9,120.13,1114.41,12.38,0.0,153.66,1491.91
WTG_04,436,8.55,21.79,202.85,98.83,85.62,119.05,1039.18,11.55,0.0,155.77,1395.98
WTG_04,437,9.69,11.66,245.06,103.1,84.63,122.03,1223.56,13.6,0.0,154.81,1994.57
WTG_04,438,8.51,23.11,203.04,98.18,85.67,121.37,1062.12,11.8,0.0,153.65,1345.39
WTG_04,439,6.81,24.74,260.07,94.47,84.05,110.02,860.21,9.56,0.0,152.88,682.42
WTG_04,440,6.1,16.88,211.04,91.53,84.65,99.07,768.97,8.54,0.0,154.89,500.05
WTG_04,441,8.63,21.3,232.89,98.8,85.96,123.22,1097.53,12.19,0.0,153.04,1434.31
WTG_04,442,3.0,17.19,226.22,88.48,84.66,91.94,540.0,6.0,0.0,151.24,79.41
WTG_04,443,6.32,14.26,240.59,92.26,86.38,99.72,794.13,8.82,0.0,154.69,548.51
WTG_04,444,10.23,19.16,206.16,103.36,88.26,129.91,1284.69,14.27,0.0,154.45,2000.0
WTG_04,445,11.2,20.23,233.69,105.05,88.34,131.25,1400.67,15.56,0.0,151.01,2000.0
WTG_04,446,10.19,18.87,212.76,106.18,87.36,130.43,1258.46,13.98,0.0,154.32,2000.0
WTG_04,447,6.19,15.09,213.17,94.45,86.88,99.51,809.65,9.0,0.0,154.8,552.86
WTG_04,448,9.67,21.41,223.22,106.06,89.01,134.03,1213.5,13.48,0.0,150.35,2000.0
WTG_04,449,7.54,18.41,215.5,97.09,87.24,111.84,930.31,10.34,0.0,150.48,961.69
WTG_04,450,12.63,13.53,228.92,105.0,90.38,127.11,1595.43,17.73,1.57,150.08,2000.0
WTG_04,451,10.77,19.5,205.89,106.49,88.64,131.71,1341.49,14.91,0.0,150.05,2000.0
WTG_04,452,7.89,14.62,199.07,98.19,88.12,110.05,1014.51,11.27,0.0,150.17,1094.64
WTG_04,453,8.14,16.29,255.34,99.44,88.96,112.69,1017.47,11.31,0.0,149.15,1173.62
WTG_04,454,12.62,18.98,228.28,106.3,90.46,131.63,1628.13,18.09,1.54,151.9,2000.0
WTG_04,455,10.44,22.5,243.69,107.04,89.06,136.69,1307.53,14.53,0.0,151.45,2000.0
WTG_04,456,8.58,18.6,224.19,100.57,89.42,122.23,1095.49,12.17,0.0,150.14,1379.4
WTG_04,457,7.4,13.46,233.12,100.08,88.04,108.93,934.87,10.39,0.0,149.25,889.4
WTG_04,458,4.41,17.28,240.19,92.93,86.88,98.17,549.22,6.1,0.0,150.08,166.7
WTG_04,459,6.36,15.18,237.25,95.39,88.79,103.3,785.82,8.73,0.0,147.62,549.56
WTG_04,460,9.01,24.11,211.39,105.01,89.4,132.85,1100.47,12.23,0.0,149.62,1617.43
WTG_04,461,3.48,15.39,260.86,94.14,88.06,96.13,540.0,6.0,0.0,149.16,102.8
WTG_04,462,10.35,16.71,228.78,107.66,90.45,132.19,1293.21,14.37,0.0,146.38,2000.0
WTG_04,463,7.74,17.34,232.33,101.98,90.76,115.34,992.01,11.02,0.0,147.75,1012.14
WTG_04,464,9.8,22.75,244.75,109.48,92.22,138.39,1258.55,13.98,0.0,146.75,2000.0
WTG_04,465,9.04,21.6,240.23,106.28,90.39,129.18,1134.9,12.61,0.0,145.05,1602.7
WTG_04,466,9.82,23.44,227.18,108.25,91.99,140.21,1240.61,13.78,0.0,147.5,2000.0
WTG_04,467,7.79,14.73,228.81,101.74,90.06,112.34,1011.39,11.24,0.0,148.34,1053.43
WTG_04,468,6.61,16.7,246.62,99.01,89.64,108.6,804.1,8.93,0.0,144.99,658.42
WTG_04,469,10.1,15.41,198.23,110.33,91.52,132.48,1268.89,14.1,0.0,146.05,2000.0
WTG_04,470,8.47,19.0,237.2,102.42,91.92,124.06,1046.23,11.62,0.0,144.01,1335.31
WTG_04,471,9.79,22.69,219.96,109.56,92.12,142.0,1216.44,13.52,0.0,145.28,2000.0
WTG_04,472,4.3,10.81,229.63,96.43,91.31,96.38,557.49,6.19,0.0,145.38,150.81
WTG_04,473,10.27,9.47,258.8,110.89,94.31,130.29,1283.28,14.26,0.0,144.78,2000.0
WTG_04,474,11.5,18.17,211.83,112.56,95.08,137.67,1474.98,16.39,0.0,147.03,2000.0
WTG_04,475,14.58,17.3,215.37,111.21,96.37,135.71,1800.0,20.0,6.45,146.29,2000.0
WTG_04,476,7.25,13.23,224.47,102.54,92.95,110.75,903.89,10.04,0.0,142.68,847.21
WTG_04,477,7.54,26.18,231.08,103.6,94.06,126.95,914.47,10.16,0.0,141.99,935.66
WTG_04,478,15.05,17.88,246.49,111.15,93.96,139.96,1800.0,20.0,7.61,143.39,2000.0
WTG_04,479,6.69,19.81,230.74,101.7,92.37,116.07,853.91,9.49,0.0,143.96,676.39
WTG_04,480,9.25,26.71,221.43,110.21,94.64,141.69,1149.53,12.77,0.0,141.84,1748.51
WTG_04,481,13.73,16.38,216.12,112.45,97.12,138.12,1750.69,19.45,4.32,143.96,2000.0
WTG_04,482,7.13,20.38,221.21,103.34,93.97,119.42,887.72,9.86,0.0,140.21,816.13
WTG_04,483,11.42,20.24,198.51,114.37,95.02,141.25,1443.31,16.04,0.0,142.04,2000.0
WTG_04,484,9.14,21.05,205.62,112.31,95.91,136.79,1180.85,13.12,0.0,139.26,1685.4
WTG_04,485,7.59,24.36,249.28,105.18,94.46,125.79,945.33,10.5,0.0,141.66,920.09
WTG_04,486,11.19,21.96,235.29,116.08,96.74,144.54,1377.59,15.31,0.0,141.08,2000.0
WTG_04,487,10.04,8.47,225.11,114.53,95.14,131.4,1264.16,14.05,0.0,139.01,2000.0
WTG_05,1,10.36,23.04,187.34,78.17,67.97,103.12,1316.27,14.63,0.0,187.94,2000.0
WTG_05,2,6.39,22.65,177.99,67.31,66.04,78.54,805.41,8.95,0.0,186.55,550.82
WTG_05,3,7.07,18.89,169.88,67.64,67.2,78.28,898.13,9.98,0.0,188.02,743.7
WTG_05,4,13.96,8.66,168.17,78.79,68.47,92.15,1752.13,19.47,4.91,187.16,2000.0
WTG_05,5,12.03,13.87,178.65,77.67,68.15,96.88,1506.84,16.74,0.07,188.59,2000.0
WTG_05,6,11.22,18.84,174.33,78.28,67.71,101.36,1407.1,15.63,0.0,185.49,2000.0
WTG_05,7,10.67,18.72,195.73,77.8,67.44,101.97,1344.22,14.94,0.0,184.66,2000.0
WTG_05,8,9.1,20.05,170.88,74.7,66.58,95.28,1148.31,12.76,0.0,188.79,1650.06
WTG_05,9,7.16,14.39,207.42,67.72,66.19,74.35,919.78,10.22,0.0,185.53,780.5
WTG_05,10,11.9,21.3,188.23,78.44,69.33,104.9,1523.37,16.93,0.0,186.51,2000.0
WTG_05,11,10.58,15.34,188.66,77.99,67.76,97.41,1342.04,14.91,0.0,188.24,2000.0
WTG_05,12,11.01,17.88,184.57,78.25,67.16,101.05,1412.76,15.7,0.0,188.26,2000.0
WTG_05,13,12.21,18.19,154.06,77.63,68.49,100.8,1507.78,16.75,0.52,187.52,2000.0
WTG_05,14,8.76,14.54,181.16,73.61,66.5,88.08,1093.13,12.15,0.0,187.57,1472.85
WTG_05,15,11.56,24.15,194.32,78.78,68.09,107.64,1466.09,16.29,0.0,188.69,2000.0
WTG_05,16,8.1,21.58,182.97,71.52,67.09,89.26,1018.74,11.32,0.0,188.3,1162.2
WTG_05,17,10.5,23.09,179.45,77.66,66.95,103.79,1302.81,14.48,0.0,188.62,2000.0
WTG_05,18,4.95,15.0,190.62,64.03,64.38,64.26,636.24,7.07,0.0,188.17,256.47
WTG_05,19,7.75,17.02,159.93,70.96,67.21,80.51,996.37,11.07,0.0,187.23,1030.09
WTG_05,20,4.26,30.56,179.76,64.1,65.99,78.35,555.82,6.18,0.0,186.25,151.86
WTG_05,21,8.65,9.09,181.53,73.26,67.08,81.42,1105.06,12.28,0.0,185.28,1424.82
WTG_05,22,9.22,27.74,162.17,77.01,66.55,105.85,1160.44,12.89,0.0,187.76,1754.59
WTG_05,23,7.13,17.7,178.1,67.36,65.93,79.16,900.39,10.0,0.0,187.89,786.14
WTG_05,24,8.17,21.02,180.03,72.25,66.03,89.03,1063.17,11.81,0.0,188.18,1200.13
WTG_05,25,8.86,15.99,172.93,74.3,66.97,89.82,1121.28,12.46,0.0,187.91,1538.89
WTG_05,26,8.5,18.07,223.07,73.32,66.42,89.88,1076.47,11.96,0.0,187.32,1360.22
WTG_05,27,11.64,16.66,168.3,78.52,67.22,98.85,1472.92,16.37,0.0,185.61,2000.0
WTG_05,28,16.06,11.38,182.95,78.77,69.04,95.24,1800.0,20.0,10.15,189.13,2000.0
WTG_05,29,9.53,18.96,178.34,78.53,66.38,99.88,1184.5,13.16,0.0,187.54,1923.16
WTG_05,30,8.92,18.26,197.2,75.47,66.41,91.03,1110.26,12.34,0.0,187.03,1547.85
WTG_05,31,8.17,24.22,196.97,72.57,66.03,91.8,1050.69,11.67,0.0,186.27,1214.19
WTG_05,32,8.47,20.74,185.22,73.07,65.79,90.62,1091.3,12.13,0.0,188.86,1321.49
WTG_05,33,8.46,20.2,168.9,74.23,65.77,91.61,1036.49,11.52,0.0,187.82,1342.22
WTG_05,34,5.66,13.47,183.64,63.78,64.66,65.8,705.98,7.84,0.0,187.74,379.38
WTG_05,35,7.75,18.81,199.1,71.01,65.6,82.75,983.2,10.92,0.0,187.45,1021.02
WTG_05,36,5.91,16.32,152.48,66.89,65.55,70.15,778.78,8.65,0.0,187.01,439.52
WTG_05,37,9.52,20.6,193.67,76.86,66.0,101.63,1213.44,13.48,0.0,189.37,1892.53
WTG_05,38,13.04,19.22,172.3,76.67,68.35,101.52,1612.49,17.92,2.6,187.64,2000.0
WTG_05,39,9.09,18.55,147.67,75.64,66.49,91.77,1145.54,12.73,0.0,186.52,1618.68
WTG_05,40,7.57,22.76,186.95,69.83,66.73,86.74,960.63,10.67,0.0,185.81,973.9
WTG_05,41,12.68,12.32,197.86,79.6,68.29,94.59,1570.68,17.45,1.71,188.65,2000.0
WTG_05,42,8.18,25.27,187.08,70.93,66.0,92.35,1024.48,11.38,0.0,187.0,1194.51
WTG_05,43,7.35,26.4,168.85,69.7,66.05,87.77,929.31,10.33,0.0,188.4,884.06
WTG_05,44,9.67,16.96,160.97,77.35,67.14,99.3,1209.53,13.44,0.0,190.39,1969.83
WTG_05,45,7.66,21.1,189.09,69.29,65.1,85.13,988.04,10.98,0.0,186.93,996.08
WTG_05,46,6.55,12.93,187.01,67.5,65.74,68.16,852.34,9.47,0.0,188.82,611.87
WTG_05,47,6.26,18.09,179.58,66.64,65.06,72.47,805.25,8.95,0.0,182.26,524.67
WTG_05,48,14.23,20.2,173.29,78.71,67.87,102.62,1772.77,19.7,5.58,190.36,2000.0
WTG_05,49,6.17,18.32,217.95,66.68,65.31,74.38,788.19,8.76,0.0,187.1,517.41
WTG_05,50,4.1,16.43,170.5,64.28,65.17,64.54,540.0,6.0,0.0,187.69,147.97
WTG_05,51,6.35,9.28,186.8,66.22,66.02,64.81,814.76,9.05,0.0,190.22,562.44
WTG_05,52,12.08,21.84,196.57,78.45,68.63,104.91,1499.09,16.66,0.2,188.36,2000.0
WTG_05,53,15.75,17.7,199.35,78.91,69.57,101.94,1800.0,20.0,9.38,186.35,2000.0
WTG_05,54,7.78,18.85,198.61,70.08,65.53,84.04,983.76,10.93,0.0,187.56,1056.07
WTG_05,55,10.36,17.89,180.4,77.92,67.36,100.08,1303.65,14.49,0.0,188.95,2000.0
WTG_05,56,9.49,27.03,188.01,77.84,67.77,108.67,1185.2,13.17,0.0,188.59,1917.4
WTG_05,57,10.34,13.59,191.21,77.59,67.67,96.53,1278.88,14.21,0.0,188.37,2000.0
WTG_05,58,9.72,15.57,181.88,77.26,66.22,97.46,1241.07,13.79,0.0,189.21,2000.0
WTG_05,59,12.04,14.3,190.51,79.32,69.13,96.01,1549.71,17.22,0.09,187.35,2000.0
WTG_05,60,9.09,18.42,199.74,74.0,65.44,93.84,1152.3,12.8,0.0,187.99,1606.66
WTG_05,61,9.71,14.16,196.21,76.98,67.29,98.48,1236.11,13.73,0.0,190.17,1994.06
WTG_05,62,10.41,15.08,199.5,76.49,67.61,97.09,1303.33,14.48,0.0,187.76,2000.0
WTG_05,63,3.25,18.68,149.83,62.66,65.14,64.41,540.0,6.0,0.0,187.71,83.46
WTG_05,64,10.99,5.62,179.69,79.39,67.06,87.66,1383.95,15.38,0.0,184.72,2000.0
WTG_05,65,12.78,17.01,179.92,78.51,70.54,100.13,1608.8,17.88,1.94,186.89,2000.0
WTG_05,66,7.6,16.43,164.07,69.55,65.74,81.42,957.89,10.64,0.0,185.44,976.21
WTG_05,67,3.83,13.39,163.59,63.01,65.58,60.1,540.0,6.0,0.0,188.73,118.23
WTG_05,68,12.78,16.18,197.86,77.0,67.54,98.48,1605.71,17.84,1.95,186.22,2000.0
WTG_05,69,7.71,17.12,197.7,69.94,65.81,80.05,963.9,10.71,0.0,185.12,995.24
WTG_05,70,9.17,15.73,201.49,77.24,66.31,92.39,1129.83,12.55,0.0,185.71,1690.33
WTG_05,71,5.63,24.19,189.67,65.5,66.25,77.44,711.65,7.91,0.0,188.52,366.93
WTG_05,72,6.18,19.25,197.21,67.01,66.19,72.34,745.91,8.29,0.0,188.7,501.51
WTG_05,73,9.24,21.12,177.78,76.0,67.17,98.48,1175.63,13.06,0.0,189.97,1747.23
WTG_05,74,8.7,14.31,176.66,72.92,68.18,87.25,1098.4,12.2,0.0,188.18,1459.67
WTG_05,75,8.76,18.08,185.28,74.75,66.68,91.24,1121.71,12.46,0.0,186.26,1477.26
WTG_05,76,12.04,14.67,182.73,78.91,68.2,98.84,1511.54,16.79,0.1,186.22,2000.0
WTG_05,77,9.42,14.9,194.01,78.0,66.78,95.25,1187.07,13.19,0.0,186.28,1838.66
WTG_05,78,9.28,13.22,177.86,76.73,68.34,92.24,1168.02,12.98,0.0,186.84,1786.39
WTG_05,79,12.85,19.75,178.26,76.78,69.53,103.67,1627.37,18.08,2.12,190.16,2000.0
WTG_05,80,10.06,17.01,200.52,78.35,67.51,99.13,1282.27,14.25,0.0,188.2,2000.0
WTG_05,81,5.13,21.1,196.92,66.01,65.95,71.46,656.83,7.3,0.0,186.49,298.97
WTG_05,82,6.8,20.21,173.2,67.4,66.03,78.94,876.4,9.74,0.0,188.68,711.84
WTG_05,83,13.02,11.26,183.53,78.03,69.26,93.86,1636.15,18.18,2.56,185.02,2000.0
WTG_05,84,16.19,19.06,190.08,78.3,68.25,100.89,1800.0,20.0,10.46,188.51,2000.0
WTG_05,85,13.86,19.47,205.05,79.32,70.54,103.69,1743.56,19.37,4.65,185.7,2000.0
WTG_05,86,8.83,19.11,184.7,75.49,68.29,92.87,1119.89,12.44,0.0,185.23,1528.27
WTG_05,87,9.9,25.54,181.55,78.63,67.64,107.56,1259.21,13.99,0.0,183.84,2000.0
WTG_05,88,6.22,16.44,205.26,65.96,66.36,73.05,781.91,8.69,0.0,188.83,521.72
WTG_05,89,10.52,12.1,183.62,77.28,67.99,95.45,1359.99,15.11,0.0,186.07,2000.0
WTG_05,90,3.23,18.4,177.18,62.97,65.03,64.31,540.0,6.0,0.0,186.86,68.61
WTG_05,91,4.61,19.24,146.26,63.53,65.69,70.22,575.2,6.39,0.0,182.21,228.83
WTG_05,92,8.62,6.5,187.43,75.09,67.28,76.94,1086.19,12.07,0.0,189.35,1372.65
WTG_05,93,4.51,13.08,154.81,64.77,65.52,63.11,600.8,6.68,0.0,187.24,206.93
WTG_05,94,9.68,18.43,180.27,78.68,66.56,100.14,1218.5,13.54,0.0,188.73,1997.92
WTG_05,95,8.23,20.34,173.12,72.17,66.39,90.03,1010.78,11.23,0.0,187.34,1214.84
WTG_05,96,13.62,19.62,153.41,78.83,68.98,104.9,1735.42,19.28,4.06,189.21,2000.0
WTG_05,97,7.15,17.49,193.37,68.27,66.04,78.21,915.87,10.18,0.0,188.87,803.06
WTG_05,98,10.07,14.91,199.53,80.71,67.58,98.89,1261.8,14.02,0.0,185.88,2000.0
WTG_05,99,8.72,18.12,186.99,74.81,66.06,91.52,1142.97,12.7,0.0,188.68,1453.79
WTG_05,100,7.68,7.96,189.42,72.4,66.53,71.74,968.12,10.76,0.0,185.19,1007.82
WTG_05,101,9.5,19.92,181.92,77.91,67.07,100.64,1210.41,13.45,0.0,183.27,1890.35
WTG_05,102,9.59,18.11,193.03,78.25,67.78,98.98,1217.35,13.53,0.0,186.0,1945.81
WTG_05,103,9.13,15.06,203.2,76.3,68.0,93.19,1138.04,12.64,0.0,187.89,1675.45
WTG_05,104,3.73,22.78,213.31,63.06,63.94,70.1,540.0,6.0,0.0,186.01,118.18
WTG_05,105,8.11,14.16,179.5,72.59,67.58,84.23,1022.02,11.36,0.0,188.47,1163.2
WTG_05,106,9.61,15.52,195.01,79.05,66.86,97.62,1216.46,13.52,0.0,187.59,1943.44
WTG_05,107,8.28,17.17,188.63,72.22,67.39,87.28,1028.37,11.43,0.0,185.29,1266.94
WTG_05,108,9.18,14.36,211.67,75.5,66.64,93.67,1136.53,12.63,0.0,187.5,1693.69
WTG_05,109,9.35,15.37,204.51,76.74,67.26,96.08,1163.36,12.93,0.0,187.94,1810.61
WTG_05,110,10.49,13.8,184.3,80.08,66.65,96.55,1325.03,14.72,0.0,185.85,2000.0
WTG_05,111,3.0,12.42,200.48,64.92,65.79,60.35,540.0,6.0,0.0,186.67,83.0
WTG_05,112,3.0,12.42,192.71,62.84,66.17,61.2,540.0,6.0,0.0,187.94,63.75
WTG_05,113,11.47,15.76,207.44,79.37,68.78,98.53,1448.35,16.09,0.0,186.37,2000.0
WTG_05,114,11.47,16.23,204.8,80.22,68.68,101.41,1458.1,16.2,0.0,187.11,2000.0
WTG_05,115,8.96,14.45,190.18,75.47,67.18,90.56,1125.33,12.5,0.0,188.38,1563.81
WTG_05,116,5.93,24.85,189.67,66.58,66.26,79.51,729.97,8.11,0.0,185.15,470.76
WTG_05,117,10.81,16.85,170.15,78.28,69.54,99.44,1371.98,15.24,0.0,182.86,2000.0
WTG_05,118,10.56,16.78,188.54,78.63,69.59,99.12,1324.54,14.72,0.0,186.96,2000.0
WTG_05,119,10.61,14.96,176.54,78.79,69.32,98.85,1354.58,15.05,0.0,183.55,2000.0
WTG_05,120,13.37,15.88,185.96,80.88,68.8,100.6,1688.93,18.77,3.42,187.31,2000.0
WTG_05,121,8.66,21.15,206.11,73.72,66.92,94.58,1065.92,11.84,0.0,189.04,1453.62
WTG_05,122,8.23,17.87,213.68,72.71,68.58,87.08,1031.49,11.46,0.0,189.0,1208.41
WTG_05,123,10.84,15.42,193.07,83.0,69.54,100.3,1351.09,15.01,0.0,185.12,2000.0
WTG_05,124,12.92,22.4,220.62,78.57,69.29,105.52,1661.42,18.46,2.31,186.49,2000.0
WTG_05,125,7.58,26.29,221.07,72.59,67.13,89.43,955.34,10.61,0.0,185.63,988.61
WTG_05,126,7.39,18.83,193.94,69.73,67.68,81.83,932.08,10.36,0.0,186.21,895.18
WTG_05,127,11.39,13.1,188.48,80.29,68.77,96.75,1433.45,15.93,0.0,184.79,2000.0
WTG_05,128,11.73,16.03,199.7,80.51,70.77,101.31,1513.56,16.82,0.0,185.78,2000.0
WTG_05,129,10.61,12.85,181.2,79.01,68.37,96.1,1325.38,14.73,0.0,186.59,2000.0
WTG_05,130,9.36,22.35,203.07,79.11,68.22,103.94,1154.08,12.82,0.0,185.47,1789.96
WTG_05,131,6.58,16.79,178.58,69.19,66.06,75.48,819.01,9.1,0.0,184.75,630.02
WTG_05,132,7.38,18.53,184.94,71.95,67.36,81.42,954.63,10.61,0.0,185.7,901.73
WTG_05,133,8.62,15.56,175.66,75.63,68.7,90.01,1085.89,12.07,0.0,183.63,1405.07
WTG_05,134,10.0,15.09,175.09,79.58,69.98,100.19,1252.62,13.92,0.0,184.87,2000.0
WTG_05,135,11.9,19.78,179.51,79.94,69.36,105.57,1532.87,17.03,0.0,186.17,2000.0
WTG_05,136,10.57,15.97,206.11,78.84,69.73,99.06,1348.62,14.98,0.0,185.56,2000.0
WTG_05,137,7.88,22.87,187.81,73.38,69.58,89.08,1013.05,11.26,0.0,185.71,1069.53
WTG_05,138,15.87,18.27,194.73,78.71,71.87,101.04,1800.0,20.0,9.68,184.58,2000.0
WTG_05,139,12.02,16.57,183.49,79.15,70.32,101.23,1530.17,17.0,0.05,183.28,2000.0
WTG_05,140,10.59,19.86,188.6,81.13,69.24,105.41,1329.4,14.77,0.0,185.92,2000.0
WTG_05,141,11.2,18.16,180.42,81.69,69.42,103.92,1402.66,15.59,0.0,184.52,2000.0
WTG_05,142,9.28,24.06,205.66,79.27,68.97,103.19,1146.45,12.74,0.0,183.71,1747.43
WTG_05,143,10.76,21.98,194.57,80.15,69.28,106.08,1400.16,15.56,0.0,185.37,2000.0
WTG_05,144,7.78,24.69,216.39,72.0,69.28,90.85,991.43,11.02,0.0,186.48,1017.54
WTG_05,145,10.19,18.21,183.96,81.28,68.9,103.15,1281.8,14.24,0.0,184.79,2000.0
WTG_05,146,10.66,14.37,174.85,81.54,69.73,98.09,1354.88,15.05,0.0,183.93,2000.0
WTG_05,147,9.95,15.87,195.0,79.82,69.36,102.62,1266.75,14.07,0.0,187.1,2000.0
WTG_05,148,3.95,22.36,198.55,64.23,67.37,71.72,540.0,6.0,0.0,182.42,127.35
WTG_05,149,5.7,20.4,196.99,67.7,67.67,75.71,732.79,8.14,0.0,184.1,418.32
WTG_05,150,6.58,19.56,211.13,70.01,68.25,78.03,814.62,9.05,0.0,181.63,646.51
WTG_05,151,9.36,21.16,185.03,78.61,69.6,105.79,1209.46,13.44,0.0,182.4,1815.25
WTG_05,152,10.32,16.71,205.8,81.77,71.61,102.47,1323.22,14.7,0.0,185.35,2000.0
WTG_05,153,7.52,18.08,192.65,72.5,69.87,85.78,962.36,10.69,0.0,185.36,955.1
WTG_05,154,7.71,15.55,183.21,73.47,68.19,83.28,988.54,10.98,0.0,184.04,990.09
WTG_05,155,12.33,22.57,217.03,80.15,70.44,106.4,1580.39,17.56,0.84,182.3,2000.0
WTG_05,156,9.17,15.76,192.9,77.79,69.68,95.1,1164.55,12.94,0.0,183.43,1692.99
WTG_05,157,12.36,16.92,222.26,80.32,71.28,104.15,1582.74,17.59,0.89,183.01,2000.0
WTG_05,158,11.27,22.83,184.19,81.41,70.26,108.64,1407.88,15.64,0.0,183.55,2000.0
WTG_05,159,5.09,21.06,188.72,67.08,68.99,74.64,590.96,6.57,0.0,181.92,289.4
WTG_05,160,10.27,15.36,184.31,80.26,71.69,102.26,1303.17,14.48,0.0,183.07,2000.0
WTG_05,161,8.99,20.02,210.7,77.93,69.75,99.18,1119.3,12.44,0.0,183.37,1604.65
WTG_05,162,10.84,19.95,173.58,83.04,70.17,106.23,1341.26,14.9,0.0,182.48,2000.0
WTG_05,163,7.61,18.71,217.31,75.53,69.52,85.2,967.68,10.75,0.0,185.3,959.38
WTG_05,164,7.83,24.65,183.34,75.23,71.03,92.52,1011.98,11.24,0.0,185.0,1058.04
WTG_05,165,5.48,13.81,184.45,68.57,68.72,70.45,699.26,7.77,0.0,183.98,362.09
WTG_05,166,11.74,25.28,196.28,80.97,71.04,113.12,1469.28,16.33,0.0,182.69,2000.0
WTG_05,167,5.98,12.04,197.43,69.96,70.45,70.51,773.97,8.6,0.0,182.57,487.28
WTG_05,168,3.0,16.21,209.58,66.8,68.99,66.63,540.0,6.0,0.0,179.25,46.95
WTG_05,169,9.62,21.05,182.69,79.6,71.5,107.05,1207.32,13.41,0.0,184.96,1940.19
WTG_05,170,11.14,16.58,195.75,82.48,72.39,103.51,1414.25,15.71,0.0,180.96,2000.0
WTG_05,171,8.84,18.82,179.08,78.18,70.39,96.88,1089.52,12.11,0.0,184.63,1525.44
WTG_05,172,12.15,13.05,189.21,82.36,71.46,99.79,1546.75,17.19,0.39,181.46,2000.0
WTG_05,173,9.69,24.81,187.0,83.3,70.07,113.79,1202.78,13.36,0.0,181.86,2000.0
WTG_05,174,7.16,11.6,208.0,72.34,69.83,76.45,899.61,10.0,0.0,181.85,811.52
WTG_05,175,7.33,11.86,238.43,72.18,68.73,78.46,898.55,9.98,0.0,182.15,867.78
WTG_05,176,12.15,19.6,195.35,83.49,71.6,107.47,1514.28,16.83,0.38,181.99,2000.0
WTG_05,177,8.14,21.09,210.18,77.49,71.4,93.73,1021.69,11.35,0.0,179.21,1180.56
WTG_05,178,9.86,20.79,156.48,82.76,71.03,108.69,1246.89,13.85,0.0,183.62,2000.0
WTG_05,179,7.88,21.86,185.81,75.94,70.88,93.38,1007.04,11.19,0.0,177.55,1078.14
WTG_05,180,5.45,19.67,167.35,69.31,69.27,77.37,677.2,7.52,0.0,182.79,355.4
WTG_05,181,6.6,15.7,187.13,73.07,70.96,77.63,788.5,8.76,0.0,179.27,635.73
WTG_05,182,9.05,21.32,200.52,79.94,71.5,104.89,1146.01,12.73,0.0,180.73,1649.98
WTG_05,183,5.83,15.32,184.23,71.03,69.74,72.24,741.22,8.24,0.0,181.35,422.87
WTG_05,184,9.37,20.07,188.31,83.28,71.92,105.79,1166.73,12.96,0.0,180.28,1816.54
WTG_05,185,5.14,21.87,212.13,70.49,70.78,80.39,660.55,7.34,0.0,182.11,296.18
WTG_05,186,9.16,12.77,200.93,82.44,72.01,98.24,1158.72,12.87,0.0,177.85,1701.25
WTG_05,187,10.05,14.81,170.09,83.73,72.58,105.02,1262.46,14.03,0.0,178.09,2000.0
WTG_05,188,11.27,18.39,214.23,82.99,72.3,108.09,1412.39,15.69,0.0,182.43,2000.0
WTG_05,189,7.59,20.52,176.05,74.68,71.5,91.28,959.29,10.66,0.0,175.67,971.06
WTG_05,190,12.34,19.41,209.75,84.61,73.84,108.92,1547.24,17.19,0.85,181.56,2000.0
WTG_05,191,10.91,25.68,201.41,84.63,74.04,113.82,1361.61,15.13,0.0,179.79,2000.0
WTG_05,192,13.02,17.04,213.17,83.76,73.92,106.79,1649.88,18.33,2.56,177.34,2000.0
WTG_05,193,8.33,19.01,226.07,79.69,71.74,95.19,1056.28,11.74,0.0,183.12,1279.01
WTG_05,194,8.8,22.47,213.86,80.8,72.85,102.43,1082.47,12.03,0.0,177.66,1505.02
WTG_05,195,7.81,17.61,217.27,78.01,71.78,89.88,1016.77,11.3,0.0,179.49,1068.97
WTG_05,196,7.42,20.31,210.41,75.47,72.99,89.52,944.43,10.49,0.0,177.61,913.72
WTG_05,197,10.33,22.86,207.02,85.12,72.97,112.03,1301.99,14.47,0.0,178.75,2000.0
WTG_05,198,9.2,18.05,209.94,82.79,74.61,103.45,1155.28,12.84,0.0,182.22,1721.36
WTG_05,199,9.88,17.15,186.41,84.55,73.96,107.32,1218.91,13.54,0.0,178.83,2000.0
WTG_05,200,12.2,17.65,231.19,84.95,75.54,106.25,1516.66,16.85,0.51,176.22,2000.0
WTG_05,201,8.73,24.21,203.49,82.42,72.95,103.88,1075.86,11.95,0.0,180.44,1446.61
WTG_05,202,11.53,23.1,185.95,85.91,75.04,115.71,1425.04,15.83,0.0,175.45,2000.0
WTG_05,203,11.15,13.61,213.14,85.29,73.79,104.94,1396.25,15.51,0.0,176.72,2000.0
WTG_05,204,10.97,20.56,225.72,87.03,74.46,110.51,1388.28,15.43,0.0,178.01,2000.0
WTG_05,205,5.44,27.82,222.33,73.33,72.26,89.46,724.82,8.05,0.0,175.71,355.78
WTG_05,206,3.0,14.84,178.77,69.75,72.94,71.66,540.0,6.0,0.0,175.01,86.64
WTG_05,207,8.02,15.68,211.92,78.85,74.14,91.16,988.95,10.99,0.0,176.38,1135.23
WTG_05,208,8.47,26.14,194.55,81.1,73.16,108.15,1048.07,11.65,0.0,176.47,1344.04
WTG_05,209,8.06,18.64,226.85,81.5,74.14,93.77,984.74,10.94,0.0,175.89,1154.07
WTG_05,210,9.52,23.32,195.91,84.59,74.68,114.81,1214.05,13.49,0.0,176.74,1874.96
WTG_05,211,9.72,19.11,217.74,86.22,76.54,110.87,1214.31,13.49,0.0,175.13,2000.0
WTG_05,212,10.37,18.32,206.1,88.33,76.27,112.41,1311.24,14.57,0.0,175.47,2000.0
WTG_05,213,10.04,18.79,218.22,85.97,76.93,112.24,1286.09,14.29,0.0,175.16,2000.0
WTG_05,214,10.02,11.96,217.23,87.53,76.37,105.13,1235.58,13.73,0.0,176.83,2000.0
WTG_05,215,8.93,17.87,202.78,83.2,75.53,102.26,1121.72,12.46,0.0,175.45,1541.15
WTG_05,216,8.19,14.55,194.2,81.63,75.03,92.11,1026.62,11.41,0.0,173.39,1209.37
WTG_05,217,15.49,13.48,193.92,88.21,77.82,107.32,1800.0,20.0,8.73,175.38,2000.0
WTG_05,218,8.22,18.98,217.63,82.58,76.14,99.75,1035.28,11.5,0.0,172.45,1221.53
WTG_05,219,11.26,20.41,188.62,87.45,77.35,115.24,1423.64,15.82,0.0,173.27,2000.0
WTG_05,220,8.64,19.2,190.06,84.27,76.35,101.59,1073.36,11.93,0.0,175.65,1419.03
WTG_05,221,6.91,11.56,196.59,78.32,75.09,81.8,890.89,9.9,0.0,174.62,735.75
WTG_05,222,6.33,16.61,198.97,77.29,75.11,83.54,773.12,8.59,0.0,172.88,545.13
WTG_05,223,12.94,14.65,206.07,89.14,77.41,109.35,1621.93,18.02,2.36,175.82,2000.0
WTG_05,224,13.4,17.48,203.03,88.44,78.48,113.34,1728.68,19.21,3.51,172.3,2000.0
WTG_05,225,11.72,19.34,210.27,90.28,77.95,114.02,1472.01,16.36,0.0,173.48,2000.0
WTG_05,226,9.48,13.88,194.13,87.68,76.0,105.11,1183.68,13.15,0.0,171.17,1888.53
WTG_05,227,12.4,18.06,210.22,89.4,79.54,113.7,1572.54,17.47,1.01,175.25,2000.0
WTG_05,228,10.55,15.53,195.34,89.31,77.48,111.54,1316.47,14.63,0.0,172.78,2000.0
WTG_05,229,9.74,25.56,216.6,89.41,78.37,120.29,1227.28,13.64,0.0,175.91,2000.0
WTG_05,230,9.04,18.2,193.0,88.57,78.67,107.89,1147.48,12.75,0.0,170.38,1605.77
WTG_05,231,9.51,22.84,212.0,88.89,77.61,118.51,1180.67,13.12,0.0,169.35,1884.55
WTG_05,232,10.64,12.83,188.78,91.56,78.84,108.16,1304.44,14.49,0.0,173.52,2000.0
WTG_05,233,12.08,18.42,233.82,89.9,80.11,115.37,1536.65,17.07,0.2,172.53,2000.0
WTG_05,234,7.29,18.51,191.15,80.46,77.51,94.55,879.71,9.77,0.0,172.0,866.79
WTG_05,235,8.29,19.08,210.56,85.35,78.31,101.86,1058.06,11.76,0.0,171.92,1280.44
WTG_05,236,10.67,17.23,211.77,91.84,80.1,114.74,1338.96,14.88,0.0,169.46,2000.0
WTG_05,237,7.47,20.38,240.43,82.25,77.49,97.14,935.11,10.39,0.0,167.65,923.95
WTG_05,238,12.38,9.08,199.84,92.6,80.7,105.95,1539.13,17.1,0.96,169.63,2000.0
WTG_05,239,7.09,17.83,206.49,81.71,78.28,93.47,926.99,10.3,0.0,170.79,754.11
WTG_05,240,10.48,19.38,190.02,92.63,81.09,118.09,1341.77,14.91,0.0,172.23,2000.0
WTG_05,241,9.94,17.12,204.0,93.41,80.27,115.74,1252.53,13.92,0.0,170.33,2000.0
WTG_05,242,16.45,13.47,191.52,92.51,81.93,111.69,1800.0,20.0,11.12,169.69,2000.0
WTG_05,243,7.74,19.24,221.01,85.67,79.67,99.98,988.02,10.98,0.0,168.06,1035.19
WTG_05,244,8.02,15.91,215.38,84.97,80.77,98.7,1017.02,11.3,0.0,167.3,1146.19
WTG_05,245,7.9,27.94,198.68,85.48,79.31,110.35,989.79,11.0,0.0,170.29,1082.61
WTG_05,246,9.79,13.56,199.43,94.21,80.81,113.18,1223.07,13.59,0.0,171.07,2000.0
WTG_05,247,11.19,20.3,234.07,94.03,80.71,120.71,1418.82,15.76,0.0,165.55,2000.0
WTG_05,248,7.83,16.54,193.25,85.59,80.8,98.4,980.66,10.9,0.0,167.56,1072.75
WTG_05,249,9.81,14.01,185.22,93.74,81.27,114.63,1244.86,13.83,0.0,167.64,2000.0
WTG_05,250,9.61,7.89,188.96,93.8,82.05,107.98,1195.3,13.28,0.0,165.33,1953.1
WTG_05,251,12.62,23.09,186.23,94.36,84.02,126.19,1595.8,17.73,1.54,168.11,2000.0
WTG_05,252,9.74,16.64,207.93,93.77,81.09,118.38,1251.38,13.9,0.0,167.07,2000.0
WTG_05,253,7.39,22.1,198.97,85.51,81.41,103.86,928.12,10.31,0.0,164.69,885.92
WTG_05,254,10.22,18.69,207.71,95.32,83.34,119.94,1303.58,14.48,0.0,166.55,2000.0
WTG_05,255,8.37,17.47,200.67,89.82,82.16,104.63,1063.48,11.82,0.0,165.85,1292.65
WTG_05,256,9.16,18.97,196.69,92.78,82.76,115.35,1132.5,12.58,0.0,165.49,1699.6
WTG_05,257,7.88,14.13,212.81,88.59,81.89,98.19,981.62,10.91,0.0,168.84,1077.61
WTG_05,258,7.68,20.49,234.89,87.77,81.94,105.32,981.97,10.91,0.0,165.74,992.28
WTG_05,259,7.71,13.83,186.08,88.39,82.2,96.95,989.71,11.0,0.0,166.02,1011.64
WTG_05,260,9.11,21.63,200.21,94.33,84.12,118.57,1142.98,12.7,0.0,165.18,1671.34
WTG_05,261,11.77,17.58,198.4,97.12,85.08,119.42,1507.54,16.75,0.0,165.64,2000.0
WTG_05,262,3.0,10.06,214.11,81.38,80.03,78.17,540.0,6.0,0.0,164.0,49.84
WTG_05,263,8.89,18.08,213.7,95.0,85.0,111.97,1119.1,12.43,0.0,162.78,1515.46
WTG_05,264,8.41,22.32,174.01,91.4,83.81,113.48,1050.67,11.67,0.0,162.06,1282.16
WTG_05,265,7.12,20.48,213.32,87.51,83.77,103.17,907.35,10.08,0.0,159.38,792.24
WTG_05,266,9.99,19.24,207.53,97.54,86.61,124.38,1255.46,13.95,0.0,161.85,2000.0
WTG_05,267,9.04,19.42,216.58,96.56,85.86,120.31,1135.21,12.61,0.0,160.99,1632.88
WTG_05,268,13.19,14.84,212.1,98.49,88.02,119.86,1675.18,18.61,2.98,164.13,2000.0
WTG_05,269,5.54,25.76,221.92,85.22,83.94,101.14,696.24,7.74,0.0,163.17,367.73
WTG_05,270,13.92,18.8,194.32,98.13,87.3,127.24,1744.3,19.38,4.8,161.4,2000.0
WTG_05,271,6.92,21.27,189.42,90.28,84.92,101.41,851.83,9.46,0.0,162.41,716.08
WTG_05,272,8.23,10.6,202.45,94.81,85.47,103.26,1046.87,11.63,0.0,159.19,1234.24
WTG_05,273,5.14,21.54,214.25,85.67,84.17,97.1,653.32,7.26,0.0,161.63,305.94
WTG_05,274,13.02,21.18,207.84,99.23,88.79,127.45,1645.4,18.28,2.55,159.34,2000.0
WTG_05,275,13.09,21.29,193.65,100.29,89.77,129.87,1648.07,18.31,2.73,162.89,2000.0
WTG_05,276,11.98,18.82,217.76,101.66,89.48,126.83,1505.99,16.73,0.0,159.21,2000.0
WTG_05,277,12.1,21.39,185.75,101.8,89.85,131.29,1529.28,16.99,0.26,156.75,2000.0
WTG_05,278,7.04,22.46,198.93,90.96,88.19,108.71,859.62,9.55,0.0,158.29,775.51
WTG_05,279,8.08,24.36,213.28,94.61,87.07,118.65,1010.34,11.23,0.0,154.97,1147.28
WTG_05,280,8.65,20.44,213.13,96.55,88.25,120.07,1077.14,11.97,0.0,157.99,1434.38
WTG_05,281,7.31,22.79,209.4,94.04,88.8,111.97,934.74,10.39,0.0,158.11,883.14
WTG_05,282,9.53,13.16,212.74,101.6,88.75,122.5,1205.9,13.4,0.0,154.56,1915.3
WTG_05,283,12.65,17.07,211.98,101.56,91.6,127.99,1603.58,17.82,1.62,155.19,2000.0
WTG_05,284,7.13,16.66,188.92,93.9,88.67,105.27,928.86,10.32,0.0,156.89,818.32
WTG_05,285,13.39,15.72,191.74,102.49,91.82,125.47,1715.57,19.06,3.49,157.02,2000.0
WTG_05,286,11.14,15.7,227.79,103.25,92.81,128.09,1430.01,15.89,0.0,155.34,2000.0
WTG_05,287,12.41,19.21,201.12,102.33,91.81,132.62,1564.96,17.39,1.02,153.78,2000.0
WTG_05,288,12.87,23.66,207.82,106.37,93.78,136.17,1610.79,17.9,2.16,153.23,2000.0
WTG_05,289,9.29,18.98,190.25,101.4,91.73,129.08,1172.31,13.03,0.0,152.89,1785.2
WTG_05,290,13.24,15.24,215.62,104.39,93.73,129.21,1662.14,18.47,3.09,153.22,2000.0
WTG_05,291,5.6,19.61,215.43,91.27,88.47,102.65,701.71,7.8,0.0,153.97,414.38
WTG_05,292,6.36,14.08,223.47,94.73,90.42,100.79,809.73,9.0,0.0,153.69,571.73
WTG_05,293,5.64,9.43,202.8,93.73,89.3,93.95,727.12,8.08,0.0,153.04,398.06
WTG_05,294,5.62,21.45,207.73,94.16,90.88,103.68,763.78,8.49,0.0,150.84,358.48
WTG_05,295,9.69,22.15,235.33,107.35,93.51,136.31,1247.0,13.86,0.0,150.88,1989.49
WTG_05,296,7.23,18.15,198.66,98.07,92.11,113.11,891.9,9.91,0.0,150.37,837.05
WTG_05,297,8.24,20.64,207.71,100.78,91.82,120.11,1040.15,11.56,0.0,148.32,1194.41
WTG_05,298,6.39,15.8,202.5,94.66,92.65,105.65,817.54,9.08,0.0,149.38,578.31
WTG_05,299,8.85,18.76,221.37,105.27,94.89,127.19,1086.47,12.07,0.0,150.23,1520.13
WTG_05,300,13.14,25.67,208.06,110.73,95.14,142.18,1637.76,18.2,2.84,146.86,2000.0
WTG_05,301,9.31,13.19,208.47,107.87,94.46,126.42,1138.2,12.65,0.0,148.28,1785.66
WTG_05,302,9.45,17.85,221.72,107.48,95.97,131.33,1213.18,13.48,0.0,145.11,1845.73
WTG_05,303,9.57,19.99,199.47,107.95,96.08,135.4,1194.87,13.28,0.0,147.2,1914.28
WTG_05,304,6.74,12.18,223.45,97.88,94.1,106.72,839.46,9.33,0.0,151.02,675.43
WTG_05,305,4.06,17.2,216.68,94.64,93.97,101.21,540.0,6.0,0.0,148.5,159.92
WTG_05,306,7.31,16.59,224.79,99.84,94.76,115.06,902.44,10.03,0.0,144.71,860.07
WTG_05,307,7.64,19.97,202.01,103.01,97.01,121.12,977.27,10.86,0.0,148.02,983.76
WTG_05,308,11.28,15.91,230.2,111.39,98.9,136.67,1425.8,15.84,0.0,147.97,2000.0
WTG_05,309,11.72,20.09,195.51,112.1,99.09,141.0,1473.02,16.37,0.0,144.93,2000.0
WTG_05,310,10.8,14.57,236.43,111.89,99.15,136.1,1324.09,14.71,0.0,144.78,2000.0
WTG_05,311,10.39,21.24,206.17,112.3,99.39,143.84,1327.22,14.75,0.0,144.46,2000.0
WTG_05,312,8.02,21.59,201.16,104.52,97.28,127.41,1041.61,11.57,0.0,143.48,1132.12
WTG_05,313,13.92,13.85,211.89,114.43,100.22,136.93,1735.37,19.28,4.81,143.36,2000.0
WTG_06,1,8.94,16.88,166.94,79.04,64.15,89.73,1139.12,12.66,0.0,180.83,1579.48
WTG_06,2,6.07,9.89,176.08,68.9,63.36,62.97,766.72,8.52,0.0,182.72,516.12
WTG_06,3,7.25,16.66,175.47,72.12,63.03,79.16,926.96,10.3,0.0,179.19,816.05
WTG_06,4,3.0,24.78,187.77,65.57,60.69,70.72,540.0,6.0,0.0,180.56,58.92
WTG_06,5,9.85,14.11,168.88,82.65,65.2,96.09,1234.12,13.71,0.0,181.62,2000.0
WTG_06,6,5.9,16.15,202.55,69.11,62.82,68.26,755.57,8.4,0.0,180.33,457.15
WTG_06,7,9.94,17.89,180.3,80.94,64.45,101.13,1240.67,13.79,0.0,179.53,2000.0
WTG_06,8,9.1,18.06,194.75,80.53,64.96,94.23,1147.08,12.75,0.0,179.95,1636.58
WTG_06,9,8.2,12.31,175.89,76.85,64.35,81.04,1036.7,11.52,0.0,181.62,1213.82
WTG_06,10,9.41,19.82,151.24,79.27,65.24,97.68,1180.54,13.12,0.0,178.83,1810.17
WTG_06,11,9.97,17.73,187.79,80.5,65.46,100.01,1288.32,14.31,0.0,181.07,2000.0
WTG_06,12,4.87,20.01,161.68,68.26,61.46,68.0,622.79,6.92,0.0,180.0,242.71
WTG_06,13,9.67,13.42,184.36,81.64,64.98,95.11,1233.63,13.71,0.0,180.69,1966.86
WTG_06,14,5.48,19.75,182.32,68.71,62.84,73.4,692.91,7.7,0.0,180.74,392.57
WTG_06,15,7.21,19.59,171.22,71.7,62.61,80.35,929.87,10.33,0.0,181.2,831.8
WTG_06,16,5.89,21.14,191.58,68.63,62.17,74.52,748.05,8.31,0.0,179.86,460.48
WTG_06,17,10.26,21.22,171.15,80.95,64.56,102.71,1276.56,14.18,0.0,179.93,2000.0
WTG_06,18,5.23,23.13,196.98,67.17,62.88,73.29,644.96,7.17,0.0,182.64,322.4
WTG_06,19,10.28,16.54,175.78,82.64,65.05,100.0,1297.55,14.42,0.0,177.14,2000.0
WTG_06,20,9.04,18.99,181.95,80.51,64.43,94.5,1139.47,12.66,0.0,182.22,1620.57
WTG_06,21,7.6,12.85,195.71,74.67,61.94,76.43,951.9,10.58,0.0,182.43,987.06
WTG_06,22,4.61,19.46,192.07,68.42,61.16,69.33,580.11,6.45,0.0,181.5,215.09
WTG_06,23,12.25,14.21,204.45,80.81,66.16,95.95,1519.05,16.88,0.64,182.51,2000.0
WTG_06,24,4.78,16.22,209.19,68.34,61.32,66.23,588.55,6.54,0.0,183.1,256.12
WTG_06,25,7.98,15.24,187.43,74.31,63.41,80.61,1000.99,11.12,0.0,177.21,1093.44
WTG_06,26,9.91,11.46,193.8,82.77,64.65,95.04,1268.06,14.09,0.0,182.21,2000.0
WTG_06,27,5.39,14.59,206.91,67.93,61.85,66.12,656.41,7.29,0.0,184.1,349.3
WTG_06,28,10.92,13.79,185.73,81.87,65.5,97.85,1342.48,14.92,0.0,181.37,2000.0
WTG_06,29,9.02,16.64,190.82,77.61,63.8,90.96,1114.13,12.38,0.0,179.62,1602.18
WTG_06,30,7.4,18.84,202.03,73.15,63.6,80.57,937.63,10.42,0.0,180.77,883.01
WTG_06,31,13.31,18.4,174.68,80.79,67.13,98.98,1663.62,18.48,3.29,182.65,2000.0
WTG_06,32,10.99,16.24,171.95,81.25,65.65,99.73,1407.31,15.64,0.0,181.71,2000.0
WTG_06,33,9.14,16.44,187.47,77.96,63.58,92.94,1113.57,12.37,0.0,179.31,1697.6
WTG_06,34,6.18,23.64,210.35,71.97,62.85,78.25,806.47,8.96,0.0,180.82,531.64
WTG_06,35,12.57,20.34,209.41,81.2,66.61,102.36,1585.32,17.61,1.43,180.95,2000.0
WTG_06,36,9.62,25.23,196.79,80.75,64.74,109.15,1224.03,13.6,0.0,181.58,1959.09
WTG_06,37,7.62,16.33,204.98,72.6,63.38,80.01,950.72,10.56,0.0,180.36,970.94
WTG_06,38,9.06,13.39,175.44,79.11,63.85,89.1,1180.14,13.11,0.0,180.4,1634.94
WTG_06,39,11.75,22.21,201.28,82.39,64.52,106.26,1482.04,16.47,0.0,180.79,2000.0
WTG_06,40,11.85,13.79,182.93,81.63,63.89,95.56,1506.12,16.73,0.0,179.34,2000.0
WTG_06,41,4.35,15.16,211.98,66.62,61.76,64.08,568.5,6.32,0.0,181.41,168.13
WTG_06,42,7.22,15.61,200.42,72.17,63.61,75.71,937.12,10.41,0.0,182.5,814.46
WTG_06,43,8.62,25.63,202.31,76.24,63.75,97.95,1073.67,11.93,0.0,181.17,1409.76
WTG_06,44,14.28,13.11,183.91,81.78,66.18,96.58,1790.34,19.89,5.7,183.42,2000.0
WTG_06,45,3.16,23.57,222.25,65.77,61.86,70.15,540.0,6.0,0.0,180.15,60.34
WTG_06,46,8.8,14.18,177.75,76.58,63.9,87.08,1101.42,12.24,0.0,181.07,1498.88
WTG_06,47,12.5,17.59,166.44,81.16,65.67,99.59,1576.92,17.52,1.24,179.2,2000.0
WTG_06,48,7.79,19.82,185.41,74.06,62.94,83.18,963.29,10.7,0.0,179.93,1025.9
WTG_06,49,6.57,18.4,180.28,71.53,63.39,76.29,853.14,9.48,0.0,182.82,606.58
WTG_06,50,7.93,12.36,182.79,74.74,63.21,77.71,963.89,10.71,0.0,179.25,1107.95
WTG_06,51,8.92,14.03,184.54,78.68,64.03,88.96,1130.28,12.56,0.0,180.99,1571.16
WTG_06,52,9.32,13.89,166.48,79.56,65.24,94.63,1178.59,13.1,0.0,183.41,1786.63
WTG_06,53,8.33,16.27,197.1,75.62,64.46,83.96,1062.23,11.8,0.0,179.67,1256.47
WTG_06,54,7.52,16.4,161.86,73.31,63.69,77.73,959.46,10.66,0.0,178.13,922.99
WTG_06,55,9.22,16.26,192.33,79.14,65.15,94.51,1176.7,13.07,0.0,178.03,1695.32
WTG_06,56,11.88,13.96,196.19,81.48,64.55,95.91,1486.99,16.52,0.0,181.59,2000.0
WTG_06,57,7.94,13.71,166.63,74.95,63.45,78.89,986.37,10.96,0.0,180.5,1090.64
WTG_06,58,10.35,20.55,177.9,81.21,64.49,103.73,1299.38,14.44,0.0,179.91,2000.0
WTG_06,59,9.62,11.68,194.66,82.38,64.31,92.02,1208.37,13.43,0.0,180.22,1964.05
WTG_06,60,12.04,18.68,170.03,81.67,65.55,100.51,1513.1,16.81,0.09,179.81,2000.0
WTG_06,61,9.56,19.97,183.5,80.89,64.7,101.76,1195.18,13.28,0.0,178.87,1931.21
WTG_06,62,9.35,7.21,184.66,80.84,64.72,85.52,1188.45,13.2,0.0,178.45,1802.95
WTG_06,63,9.28,19.92,159.94,79.58,64.74,97.71,1176.91,13.08,0.0,180.25,1761.15
WTG_06,64,5.82,19.62,166.81,69.18,63.96,73.53,721.23,8.01,0.0,181.88,440.94
WTG_06,65,11.13,17.03,178.52,82.7,64.75,100.49,1381.14,15.35,0.0,178.54,2000.0
WTG_06,66,8.54,23.07,190.59,75.97,64.06,92.56,1081.73,12.02,0.0,180.58,1363.07
WTG_06,67,11.45,12.93,196.33,81.82,65.15,95.19,1461.02,16.23,0.0,181.97,2000.0
WTG_06,68,10.81,19.57,195.92,82.65,64.52,102.04,1365.97,15.18,0.0,182.02,2000.0
WTG_06,69,5.5,20.5,169.02,68.28,62.11,72.84,703.32,7.81,0.0,179.39,383.45
WTG_06,70,3.56,17.9,192.03,67.45,61.87,64.64,540.0,6.0,0.0,180.7,100.7
WTG_06,71,8.22,16.75,212.73,76.63,64.7,85.23,1037.36,11.53,0.0,179.81,1215.26
WTG_06,72,15.83,11.74,160.48,79.83,66.65,94.4,1800.0,20.0,9.58,180.47,2000.0
WTG_06,73,9.76,16.12,185.22,81.64,65.12,99.58,1252.75,13.92,0.0,179.31,2000.0
WTG_06,74,9.83,18.63,197.26,81.21,64.86,100.39,1221.09,13.57,0.0,179.89,2000.0
WTG_06,75,9.31,14.24,163.26,78.81,63.75,92.3,1191.34,13.24,0.0,183.07,1763.7
WTG_06,76,8.65,20.33,181.84,77.65,63.37,92.15,1093.34,12.15,0.0,180.93,1421.14
WTG_06,77,9.99,12.62,180.56,83.21,64.45,93.23,1269.53,14.11,0.0,180.0,2000.0
WTG_06,78,3.0,20.81,187.75,67.21,60.33,65.15,540.0,6.0,0.0,179.56,67.76
WTG_06,79,8.24,18.8,189.77,74.86,63.76,86.4,1041.43,11.57,0.0,179.93,1207.52
WTG_06,80,9.64,13.44,180.76,81.31,64.41,95.04,1223.17,13.59,0.0,180.18,1971.38
WTG_06,81,7.74,16.54,192.54,75.28,63.39,80.9,980.25,10.89,0.0,179.07,1000.61
WTG_06,82,12.66,20.15,193.94,83.18,66.62,102.46,1591.52,17.68,1.64,181.39,2000.0
WTG_06,83,5.72,10.37,188.55,69.05,61.95,63.03,706.8,7.85,0.0,179.0,405.24
WTG_06,84,11.53,17.6,196.31,83.06,65.48,100.76,1421.02,15.79,0.0,180.3,2000.0
WTG_06,85,9.94,24.4,222.19,82.36,63.94,106.43,1257.92,13.98,0.0,179.88,2000.0
WTG_06,86,14.1,23.71,206.92,82.06,68.06,106.82,1791.74,19.91,5.26,182.19,2000.0
WTG_06,87,4.98,20.89,172.89,68.49,63.06,71.34,622.93,6.92,0.0,177.74,292.3
WTG_06,88,6.66,20.72,193.82,70.39,63.38,79.12,869.31,9.66,0.0,177.99,652.32
WTG_06,89,9.86,12.96,191.34,82.96,65.0,96.15,1255.96,13.96,0.0,181.44,2000.0
WTG_06,90,6.58,17.49,152.12,71.25,64.44,74.12,835.32,9.28,0.0,181.59,584.25
WTG_06,91,12.01,16.26,170.01,81.96,65.95,98.47,1511.99,16.8,0.03,179.53,2000.0
WTG_06,92,3.61,17.32,182.65,68.4,61.96,65.06,540.0,6.0,0.0,180.98,114.88
WTG_06,93,11.84,14.35,175.18,81.88,64.92,97.31,1476.57,16.41,0.0,177.0,2000.0
WTG_06,94,8.86,16.98,181.23,78.3,63.96,92.28,1134.01,12.6,0.0,180.37,1516.74
WTG_06,95,10.69,20.44,206.68,82.28,65.39,100.12,1349.51,14.99,0.0,178.06,2000.0
WTG_06,96,10.76,23.68,188.36,81.96,65.19,106.49,1370.94,15.23,0.0,181.14,2000.0
WTG_06,97,8.0,22.99,174.7,74.87,63.63,89.66,1038.08,11.53,0.0,179.98,1121.36
WTG_06,98,7.81,20.45,207.22,75.43,62.58,84.74,965.48,10.73,0.0,182.38,1061.0
WTG_06,99,9.93,24.84,187.24,81.29,64.66,108.15,1242.08,13.8,0.0,181.52,2000.0
WTG_06,100,7.01,19.04,185.64,70.65,62.95,77.16,852.45,9.47,0.0,181.68,749.58
WTG_06,101,9.75,24.15,176.27,81.47,64.53,108.9,1230.83,13.68,0.0,181.06,2000.0
WTG_06,102,8.68,22.32,200.29,77.33,66.4,95.99,1092.75,12.14,0.0,179.89,1449.16
WTG_06,103,10.9,20.2,194.55,81.64,66.54,103.19,1382.43,15.36,0.0,179.44,2000.0
WTG_06,104,8.65,15.86,203.87,76.86,65.82,88.5,1079.75,12.0,0.0,181.36,1424.31
WTG_06,105,10.74,16.42,213.32,81.75,65.79,99.4,1352.6,15.03,0.0,180.87,2000.0
WTG_06,106,4.82,14.07,213.25,70.18,62.87,66.4,584.75,6.5,0.0,181.49,260.5
WTG_06,107,9.66,19.5,188.04,82.15,66.33,103.26,1213.05,13.48,0.0,180.75,1973.51
WTG_06,108,10.54,17.66,212.12,81.6,64.84,99.28,1298.09,14.42,0.0,180.66,2000.0
WTG_06,109,7.3,22.65,201.03,72.27,63.02,83.51,907.04,10.08,0.0,179.16,841.92
WTG_06,110,11.92,16.01,199.64,82.63,64.72,98.04,1512.52,16.81,0.0,181.4,2000.0
WTG_06,111,9.31,16.64,164.36,79.64,64.07,96.47,1190.69,13.23,0.0,180.84,1783.01
WTG_06,112,5.6,15.08,220.56,69.18,61.52,69.01,723.55,8.04,0.0,179.7,386.21
WTG_06,113,6.98,21.0,181.85,70.9,63.46,80.85,846.46,9.41,0.0,179.95,753.76
WTG_06,114,8.32,24.2,214.88,75.72,64.17,93.1,1031.37,11.46,0.0,182.92,1256.56
WTG_06,115,8.54,13.88,182.68,77.28,64.22,85.61,1082.28,12.03,0.0,180.2,1364.54
WTG_06,116,5.96,16.61,224.77,71.13,63.36,69.97,773.09,8.59,0.0,179.9,448.1
WTG_06,117,9.14,22.34,194.55,79.41,64.9,100.09,1157.9,12.87,0.0,180.51,1699.12
WTG_06,118,10.25,15.24,206.5,82.31,64.67,99.82,1281.22,14.24,0.0,182.86,2000.0
WTG_06,119,6.7,21.2,190.06,72.16,63.62,78.81,831.81,9.24,0.0,182.27,666.59
WTG_06,120,12.41,15.27,193.36,83.23,66.38,97.23,1535.68,17.06,1.03,182.68,2000.0
WTG_06,121,14.08,16.27,198.78,82.22,68.3,97.72,1788.28,19.87,5.19,177.91,2000.0
WTG_06,122,8.96,24.97,209.6,79.64,63.73,100.89,1102.18,12.25,0.0,181.68,1625.58
WTG_06,123,12.13,17.74,200.13,82.79,67.11,99.64,1526.28,16.96,0.33,179.86,2000.0
WTG_06,124,7.5,13.97,176.51,72.62,63.86,75.61,944.84,10.5,0.0,180.95,910.24
WTG_06,125,7.8,13.22,227.39,74.97,63.66,77.72,944.68,10.5,0.0,182.76,1057.72
WTG_06,126,14.31,16.83,186.03,82.72,67.54,99.95,1800.0,20.0,5.77,180.4,2000.0
WTG_06,127,9.92,13.65,182.5,84.49,65.25,95.01,1254.49,13.94,0.0,175.91,2000.0
WTG_06,128,11.05,18.57,214.41,82.5,65.53,101.45,1381.04,15.34,0.0,181.2,2000.0
WTG_06,129,6.92,20.14,220.33,71.51,64.1,80.19,901.15,10.01,0.0,180.41,700.53
WTG_06,130,12.2,15.32,197.95,83.04,66.74,99.33,1543.52,17.15,0.5,178.26,2000.0
WTG_06,131,8.57,13.98,183.3,77.03,64.02,83.94,1076.86,11.97,0.0,180.2,1351.54
WTG_06,132,8.03,19.37,183.47,76.24,63.74,88.33,1008.39,11.2,0.0,182.36,1175.22
WTG_06,133,10.5,14.87,208.79,82.16,65.26,98.61,1312.19,14.58,0.0,182.13,2000.0
WTG_06,134,14.92,18.11,187.25,81.57,67.43,102.39,1800.0,20.0,7.3,178.64,2000.0
WTG_06,135,10.97,14.55,182.39,83.67,65.16,96.99,1362.69,15.14,0.0,180.91,2000.0
WTG_06,136,13.32,24.46,187.82,82.09,66.9,106.37,1675.03,18.61,3.3,179.13,2000.0
WTG_06,137,9.56,11.92,200.74,81.45,66.01,95.24,1222.36,13.58,0.0,180.41,1928.05
WTG_06,138,9.37,15.52,187.7,80.82,65.0,95.16,1200.25,13.34,0.0,179.26,1839.09
WTG_06,139,5.85,19.72,174.88,68.93,62.87,72.68,727.86,8.09,0.0,181.53,440.65
WTG_06,140,12.56,14.84,235.45,82.87,66.91,97.87,1565.96,17.4,1.4,181.5,2000.0
WTG_06,141,12.0,17.97,191.85,81.86,66.66,101.34,1500.6,16.67,0.0,179.47,2000.0
WTG_06,142,7.57,15.8,193.52,73.8,63.81,79.61,951.89,10.58,0.0,180.79,955.26
WTG_06,143,7.73,8.45,173.79,75.3,64.81,74.7,993.13,11.03,0.0,179.27,1030.48
WTG_06,144,9.35,14.91,191.77,79.9,65.14,93.91,1211.89,13.47,0.0,180.16,1784.32
WTG_06,145,10.98,16.5,226.1,82.51,66.37,99.13,1405.91,15.62,0.0,176.64,2000.0
WTG_06,146,13.82,13.57,207.39,84.16,67.34,97.19,1754.36,19.49,4.56,177.4,2000.0
WTG_06,147,3.72,17.03,214.16,67.6,63.73,66.22,540.0,6.0,0.0,179.89,115.44
WTG_06,148,8.77,15.12,177.62,78.28,64.89,88.35,1093.25,12.15,0.0,179.82,1465.37
WTG_06,149,7.85,21.37,198.33,74.97,65.32,87.65,980.64,10.9,0.0,180.76,1047.55
WTG_06,150,10.81,22.86,207.93,83.38,64.25,107.71,1364.76,15.16,0.0,180.63,2000.0
WTG_06,151,13.1,13.52,212.53,82.59,66.91,96.76,1662.1,18.47,2.74,177.55,2000.0
WTG_06,152,11.94,14.21,179.45,82.48,65.88,99.48,1525.5,16.95,0.0,181.26,2000.0
WTG_06,153,6.95,14.01,206.81,72.25,64.08,74.79,882.97,9.81,0.0,181.87,731.9
WTG_06,154,13.56,15.06,196.27,82.23,67.94,98.28,1732.34,19.25,3.89,177.27,2000.0
WTG_06,155,6.93,21.96,199.24,74.05,64.1,81.5,845.4,9.39,0.0,179.46,723.91
WTG_06,156,9.51,16.44,215.71,83.55,65.7,97.42,1190.14,13.22,0.0,179.7,1908.78
WTG_06,157,7.59,21.59,198.81,72.93,64.02,86.27,954.27,10.6,0.0,181.16,947.04
WTG_06,158,8.22,14.22,198.65,76.91,66.41,84.95,1048.71,11.65,0.0,177.52,1235.68
WTG_06,159,5.33,13.48,213.43,69.48,62.62,66.43,640.98,7.12,0.0,179.06,340.23
WTG_06,160,11.02,11.49,182.6,82.73,67.02,94.95,1372.46,15.25,0.0,179.62,2000.0
WTG_06,161,12.71,10.91,196.53,82.82,67.27,94.05,1600.97,17.79,1.78,179.34,2000.0
WTG_06,162,6.45,17.18,210.13,71.76,64.02,75.74,830.34,9.23,0.0,180.97,608.11
WTG_06,163,9.21,24.05,206.96,80.66,64.35,102.02,1150.01,12.78,0.0,180.9,1711.17
WTG_06,164,12.36,19.14,203.22,83.48,66.64,104.81,1552.14,17.25,0.91,179.77,2000.0
WTG_06,165,10.11,13.76,161.72,83.84,65.35,97.24,1282.27,14.25,0.0,180.8,2000.0
WTG_06,166,10.09,13.99,197.11,82.96,66.72,98.39,1305.86,14.51,0.0,181.25,2000.0
WTG_06,167,10.89,21.63,219.08,82.04,66.2,104.39,1366.47,15.18,0.0,179.59,2000.0
WTG_06,168,7.47,21.85,208.48,74.7,63.55,84.91,933.74,10.37,0.0,177.92,930.31
WTG_06,169,9.03,16.28,188.97,79.71,65.0,94.74,1147.68,12.75,0.0,183.06,1629.33
WTG_06,170,6.65,21.56,194.91,71.25,63.75,79.51,849.47,9.44,0.0,178.58,631.29
WTG_06,171,11.36,14.67,187.53,83.46,67.35,98.35,1469.16,16.32,0.0,178.86,2000.0
WTG_06,172,8.19,17.67,209.85,77.47,65.06,86.86,1044.57,11.61,0.0,178.24,1176.05
WTG_06,173,8.87,23.26,202.34,79.45,65.69,97.55,1140.44,12.67,0.0,174.78,1534.79
WTG_06,174,7.05,22.11,218.71,73.17,63.66,84.79,852.03,9.47,0.0,178.01,789.58
WTG_06,175,15.54,15.31,193.35,83.99,66.95,100.32,1800.0,20.0,8.85,178.12,2000.0
WTG_06,176,6.85,12.4,212.28,73.59,65.14,73.23,867.97,9.64,0.0,181.15,697.69
WTG_06,177,9.54,25.73,219.11,82.61,66.25,108.25,1216.62,13.52,0.0,178.48,1887.06
WTG_06,178,10.62,21.12,172.72,83.13,66.02,104.86,1361.89,15.13,0.0,180.23,2000.0
WTG_06,179,9.3,20.73,207.38,82.2,66.31,99.04,1137.84,12.64,0.0,180.1,1763.53
WTG_06,180,10.54,14.15,204.13,82.08,66.32,99.87,1323.93,14.71,0.0,179.32,2000.0
WTG_06,181,10.98,17.07,206.57,83.36,67.82,102.78,1380.43,15.34,0.0,176.98,2000.0
WTG_06,182,7.96,14.3,200.89,75.56,66.12,82.77,1020.49,11.34,0.0,177.87,1138.66
WTG_06,183,6.66,25.12,173.87,73.24,65.73,83.7,830.57,9.23,0.0,179.31,655.93
WTG_06,184,8.84,18.16,191.51,79.53,65.57,94.22,1117.09,12.41,0.0,176.33,1519.01
WTG_06,185,8.52,14.93,196.66,79.22,66.01,88.1,1071.43,11.9,0.0,178.0,1373.22
WTG_06,186,8.48,11.01,209.61,78.16,66.73,83.57,1072.85,11.92,0.0,177.37,1357.97
WTG_06,187,12.86,19.46,223.77,84.6,67.7,104.64,1623.88,18.04,2.16,178.42,2000.0
WTG_06,188,11.08,13.74,207.82,83.11,66.0,100.7,1412.75,15.7,0.0,177.04,2000.0
WTG_06,189,12.54,17.17,215.37,85.01,68.0,102.4,1591.11,17.68,1.36,179.1,2000.0
WTG_06,190,15.7,18.27,179.61,84.07,69.46,103.75,1800.0,20.0,9.26,177.15,2000.0
WTG_06,191,8.49,13.74,218.23,80.6,65.92,86.51,1084.86,12.05,0.0,177.48,1331.3
WTG_06,192,10.05,18.38,178.24,84.71,66.69,103.5,1287.45,14.31,0.0,178.65,2000.0
WTG_06,193,9.34,20.98,188.68,81.52,66.96,102.99,1195.9,13.29,0.0,178.3,1778.89
WTG_06,194,12.73,14.67,181.92,84.71,67.42,99.38,1619.13,17.99,1.83,180.44,2000.0
WTG_06,195,8.5,23.71,211.15,79.33,66.16,97.04,1065.54,11.84,0.0,178.43,1371.04
WTG_06,196,6.18,21.6,206.22,71.95,65.27,78.88,768.3,8.54,0.0,177.94,500.04
WTG_06,197,10.68,13.4,198.72,84.91,67.13,98.75,1351.61,15.02,0.0,176.55,2000.0
WTG_06,198,9.97,14.52,208.41,85.26,66.73,98.67,1277.56,14.2,0.0,177.36,2000.0
WTG_06,199,7.46,16.03,166.57,76.28,66.25,80.92,943.74,10.49,0.0,178.92,915.48
WTG_06,200,11.22,16.05,202.94,83.66,66.94,100.04,1440.48,16.01,0.0,174.42,2000.0
WTG_06,201,7.79,17.3,185.46,75.31,65.92,85.21,969.2,10.77,0.0,176.67,1025.61
WTG_06,202,11.84,18.61,213.6,83.28,68.59,104.18,1492.44,16.58,0.0,179.02,2000.0
WTG_06,203,8.37,24.97,208.31,78.07,65.6,98.87,1038.25,11.54,0.0,177.81,1306.66
WTG_06,204,9.18,15.98,212.88,81.25,66.8,96.31,1151.91,12.8,0.0,178.05,1705.54
WTG_06,205,9.84,16.67,204.77,84.42,67.42,101.47,1258.05,13.98,0.0,178.58,2000.0
WTG_06,206,10.5,21.99,233.0,85.35,67.16,108.23,1328.79,14.76,0.0,178.68,2000.0
WTG_06,207,11.08,23.63,196.6,84.86,68.09,110.0,1408.9,15.65,0.0,177.01,2000.0
WTG_06,208,5.45,18.62,206.23,71.5,65.12,75.19,685.81,7.62,0.0,180.38,362.45
WTG_06,209,11.2,15.7,204.28,84.9,68.45,103.44,1413.78,15.71,0.0,174.17,2000.0
WTG_06,210,7.73,21.84,200.34,78.17,67.31,89.67,985.19,10.95,0.0,179.38,1015.02
WTG_06,211,9.77,18.26,223.15,85.14,67.2,103.58,1206.36,13.4,0.0,176.7,2000.0
WTG_06,212,5.22,24.21,225.25,70.2,64.94,80.12,659.57,7.33,0.0,176.75,309.01
WTG_06,213,7.72,18.19,193.21,76.17,66.79,86.66,943.78,10.49,0.0,175.6,1005.88
WTG_06,214,9.49,17.94,190.35,83.3,67.41,101.86,1154.32,12.83,0.0,178.46,1862.92
WTG_06,215,6.42,14.72,191.83,74.09,64.76,75.68,805.06,8.95,0.0,177.24,584.5
WTG_06,216,11.21,8.44,214.08,86.27,68.75,94.14,1394.14,15.49,0.0,177.65,2000.0
WTG_06,217,9.9,16.37,208.84,85.48,68.13,104.73,1240.85,13.79,0.0,177.81,2000.0
WTG_06,218,11.5,15.89,179.04,85.71,68.44,103.72,1445.62,16.06,0.0,173.71,2000.0
WTG_06,219,8.3,19.49,187.27,79.12,69.08,91.28,1062.3,11.8,0.0,174.23,1271.77
WTG_06,220,7.81,18.76,177.8,76.93,67.17,89.22,995.76,11.06,0.0,177.32,1086.72
WTG_06,221,14.4,16.12,231.89,86.91,69.77,103.89,1800.0,20.0,5.99,175.36,2000.0
WTG_06,222,5.81,12.91,212.78,72.38,65.49,69.47,713.52,7.93,0.0,176.33,429.41
WTG_06,223,3.0,21.38,182.88,70.04,66.54,71.27,540.0,6.0,0.0,176.6,37.74
WTG_06,224,10.35,20.96,187.35,85.81,68.37,107.41,1332.42,14.8,0.0,177.28,2000.0
WTG_06,225,10.59,9.26,208.79,85.23,68.41,95.66,1371.82,15.24,0.0,174.07,2000.0
WTG_06,226,8.54,17.24,211.6,80.15,67.72,92.27,1066.42,11.85,0.0,174.91,1399.59
WTG_06,227,8.3,18.82,214.74,80.75,66.88,91.35,1037.59,11.53,0.0,175.72,1236.09
WTG_06,228,8.74,12.35,215.73,82.64,68.3,89.58,1051.08,11.68,0.0,175.75,1485.75
WTG_06,229,7.33,18.27,212.34,76.41,68.01,83.27,903.47,10.04,0.0,176.41,863.29
WTG_06,230,8.87,17.5,212.84,83.13,67.46,96.39,1110.47,12.34,0.0,176.71,1535.86
WTG_06,231,10.17,23.12,201.3,84.67,68.45,110.9,1293.17,14.37,0.0,176.69,2000.0
WTG_06,232,9.61,23.59,195.19,85.7,67.82,112.08,1188.49,13.21,0.0,176.34,1963.73
WTG_06,233,10.63,24.37,197.49,85.68,69.11,112.1,1364.55,15.16,0.0,176.81,2000.0
WTG_06,234,5.62,11.01,191.59,73.07,67.06,70.27,707.53,7.86,0.0,172.5,402.26
WTG_06,235,8.66,27.68,192.84,81.35,68.94,107.29,1076.44,11.96,0.0,175.08,1436.58
WTG_06,236,15.84,16.19,201.09,86.16,71.19,102.72,1800.0,20.0,9.61,174.1,2000.0
WTG_06,237,7.77,21.57,205.45,77.29,69.08,90.37,981.06,10.9,0.0,176.13,1033.07
WTG_06,238,8.44,15.55,219.46,81.05,68.38,91.27,1041.58,11.57,0.0,175.78,1304.65
WTG_06,239,8.83,18.42,201.72,82.57,69.2,98.13,1137.67,12.64,0.0,173.61,1498.15
WTG_06,240,6.57,13.03,198.86,76.13,67.56,75.82,832.86,9.25,0.0,174.74,617.87
WTG_06,241,4.79,13.4,221.46,72.84,66.08,69.59,586.28,6.51,0.0,173.71,254.09
WTG_06,242,9.38,17.16,163.64,84.99,69.51,101.3,1193.87,13.27,0.0,173.06,1826.52
WTG_06,243,9.6,15.22,202.36,86.43,69.28,102.2,1192.58,13.25,0.0,173.8,1926.56
WTG_06,244,7.24,13.68,187.59,77.91,68.38,79.3,901.5,10.02,0.0,174.42,850.58
WTG_06,245,9.84,24.34,204.22,87.05,69.27,113.98,1233.09,13.7,0.0,175.4,2000.0
WTG_06,246,6.51,17.91,241.31,76.51,67.7,80.03,794.17,8.82,0.0,173.25,604.81
WTG_06,247,6.34,17.32,220.09,76.53,67.86,78.68,775.99,8.62,0.0,174.86,564.73
WTG_06,248,6.75,19.69,202.3,77.76,69.26,83.3,851.54,9.46,0.0,172.22,701.54
WTG_06,249,10.17,19.3,175.25,88.82,69.4,108.87,1287.1,14.3,0.0,172.32,2000.0
WTG_06,250,8.76,14.72,187.46,83.61,69.79,94.18,1119.69,12.44,0.0,172.0,1483.31
WTG_06,251,9.53,17.13,202.23,86.04,70.03,103.84,1183.29,13.15,0.0,176.13,1879.15
WTG_06,252,8.84,18.78,205.45,82.83,69.35,97.11,1094.23,12.16,0.0,173.24,1517.49
WTG_06,253,9.37,18.88,183.78,85.42,70.51,104.92,1189.29,13.21,0.0,173.15,1819.8
WTG_06,254,10.42,24.49,203.29,87.57,70.57,113.64,1303.98,14.49,0.0,170.73,2000.0
WTG_06,255,8.23,22.44,193.35,80.89,68.66,96.35,1060.86,11.79,0.0,172.42,1238.36
WTG_06,256,6.28,22.88,187.85,76.19,68.82,85.98,774.73,8.61,0.0,170.74,566.62
WTG_06,257,11.01,20.45,215.49,87.82,70.87,109.29,1374.66,15.27,0.0,172.53,2000.0
WTG_06,258,11.44,10.3,200.31,88.36,71.5,99.85,1453.22,16.15,0.0,173.16,2000.0
WTG_06,259,13.07,15.31,185.08,88.44,71.61,105.73,1639.38,18.22,2.68,173.03,2000.0
WTG_06,260,7.29,14.31,185.1,78.76,69.86,81.72,937.08,10.41,0.0,171.17,859.13
WTG_06,261,6.56,19.11,197.03,77.75,68.92,84.44,800.78,8.9,0.0,173.58,623.31
WTG_06,262,11.8,21.14,209.74,87.98,70.91,110.67,1463.99,16.27,0.0,170.06,2000.0
WTG_06,263,11.21,13.76,218.5,88.04,71.86,103.54,1436.32,15.96,0.0,170.94,2000.0
WTG_06,264,10.1,15.04,238.47,88.5,72.34,104.61,1283.01,14.26,0.0,173.17,2000.0
WTG_06,265,5.65,27.17,218.8,76.76,68.33,87.23,695.55,7.73,0.0,170.42,405.63
WTG_06,266,10.2,18.73,207.07,88.18,71.49,108.2,1270.33,14.11,0.0,170.59,2000.0
WTG_06,267,11.04,16.24,233.11,87.79,71.28,107.61,1394.35,15.49,0.0,172.63,2000.0
WTG_06,268,7.79,22.93,211.73,80.76,70.63,96.66,975.91,10.84,0.0,172.48,1057.96
WTG_06,269,8.61,21.48,234.52,85.02,70.53,100.89,1082.2,12.02,0.0,169.69,1405.73
WTG_06,270,4.69,13.46,219.94,76.19,69.05,70.42,572.39,6.36,0.0,171.11,234.2
WTG_06,271,9.95,19.54,208.86,88.84,72.55,110.93,1265.02,14.06,0.0,167.85,2000.0
WTG_06,272,8.53,17.31,223.4,83.13,70.34,97.42,1064.36,11.83,0.0,169.23,1367.84
WTG_06,273,11.41,22.56,225.92,89.76,72.91,113.91,1466.09,16.29,0.0,170.37,2000.0
WTG_06,274,10.93,19.8,220.6,89.69,72.14,114.03,1372.83,15.25,0.0,173.71,2000.0
WTG_06,275,9.01,17.48,214.19,86.48,71.16,101.72,1127.62,12.53,0.0,171.23,1602.85
WTG_06,276,3.0,10.29,194.88,75.95,69.98,67.28,540.0,6.0,0.0,171.9,47.84
WTG_06,277,5.04,13.34,200.03,76.08,69.86,74.54,613.57,6.82,0.0,173.31,297.94
WTG_06,278,8.32,12.54,189.98,83.39,71.98,89.67,1069.2,11.88,0.0,167.63,1271.73
WTG_06,279,3.98,12.22,225.26,75.28,68.93,68.81,540.0,6.0,0.0,169.58,138.26
WTG_06,280,6.67,16.06,206.18,79.03,71.9,82.0,836.28,9.29,0.0,169.22,660.08
WTG_06,281,9.99,20.47,190.01,88.96,72.4,111.2,1256.26,13.96,0.0,168.66,2000.0
WTG_06,282,9.21,17.13,191.09,88.51,73.34,103.47,1182.94,13.14,0.0,170.67,1715.89
WTG_06,283,10.04,12.44,226.41,89.16,71.8,104.79,1266.59,14.07,0.0,167.6,2000.0
WTG_06,284,10.58,16.48,184.98,89.58,71.44,109.17,1321.38,14.68,0.0,168.04,2000.0
WTG_06,285,13.69,21.97,232.97,90.93,74.41,115.02,1738.02,19.31,4.23,170.66,2000.0
WTG_06,286,10.49,18.03,209.59,90.39,73.03,110.36,1326.16,14.74,0.0,169.39,2000.0
WTG_06,287,10.59,19.2,207.83,89.69,73.64,112.12,1353.87,15.04,0.0,168.79,2000.0
WTG_06,288,5.7,18.79,235.73,78.31,70.79,82.15,694.4,7.72,0.0,168.23,405.36
WTG_06,289,9.38,16.98,200.83,88.47,73.47,106.2,1180.99,13.12,0.0,169.68,1825.18
WTG_06,290,7.33,20.85,208.27,83.05,72.12,92.34,906.29,10.07,0.0,170.32,858.27
WTG_06,291,11.14,14.64,206.03,91.35,74.36,106.19,1371.65,15.24,0.0,168.04,2000.0
WTG_06,292,9.42,9.53,219.05,89.55,73.62,98.7,1180.97,13.12,0.0,168.24,1812.05
WTG_06,293,7.92,10.02,218.66,84.46,73.13,85.45,1012.1,11.25,0.0,168.52,1109.0
WTG_06,294,8.21,17.69,192.64,85.44,72.41,98.52,1054.05,11.71,0.0,169.05,1190.52
WTG_06,295,8.93,13.89,222.85,88.8,73.52,100.72,1066.26,11.85,0.0,167.01,1571.78
WTG_06,296,10.37,15.32,197.14,92.82,75.33,109.21,1288.45,14.32,0.0,166.73,2000.0
WTG_06,297,12.32,19.73,210.14,92.13,75.14,114.57,1532.87,17.03,0.81,167.58,2000.0
WTG_06,298,12.69,22.05,201.38,93.69,74.99,116.36,1600.07,17.78,1.72,167.93,2000.0
WTG_06,299,10.26,20.7,221.91,91.87,74.55,114.72,1305.77,14.51,0.0,166.24,2000.0
WTG_06,300,7.95,26.41,233.16,84.53,74.12,102.17,996.78,11.08,0.0,167.97,1072.39
WTG_06,301,10.35,18.07,209.54,92.8,74.35,112.15,1287.73,14.31,0.0,165.12,2000.0
WTG_06,302,9.93,17.19,207.36,91.71,75.1,112.37,1222.93,13.59,0.0,166.32,2000.0
WTG_06,303,11.76,21.86,226.88,94.17,75.98,117.55,1477.89,16.42,0.0,167.6,2000.0
WTG_06,304,15.91,17.6,231.95,94.36,76.88,110.98,1800.0,20.0,9.77,167.27,2000.0
WTG_06,305,8.46,21.38,203.5,88.36,73.8,103.13,1108.65,12.32,0.0,164.3,1332.61
WTG_06,306,5.77,20.71,201.55,81.06,73.61,87.55,704.74,7.83,0.0,165.66,413.19
WTG_06,307,13.99,22.33,193.09,93.19,77.2,117.41,1777.71,19.75,4.98,167.43,2000.0
WTG_06,308,7.55,15.76,222.2,83.99,75.23,92.0,990.93,11.01,0.0,166.5,941.02
WTG_06,309,9.09,20.37,216.36,91.28,74.82,109.89,1135.39,12.62,0.0,164.39,1660.68
WTG_06,310,10.15,19.89,210.42,93.54,75.82,116.74,1259.0,13.99,0.0,167.1,2000.0
WTG_06,311,8.11,11.67,203.39,87.78,74.75,92.88,1060.81,11.79,0.0,167.79,1196.97
WTG_06,312,9.52,16.48,231.09,92.44,76.26,110.3,1165.09,12.95,0.0,162.39,1886.07
WTG_06,313,7.27,16.12,210.29,84.77,74.38,91.46,918.27,10.2,0.0,165.23,859.68
WTG_06,314,7.5,11.19,204.05,86.68,75.41,87.35,959.11,10.66,0.0,166.89,925.71
WTG_06,315,6.83,11.3,216.66,83.15,74.78,84.39,846.14,9.4,0.0,165.46,699.28
WTG_06,316,6.15,12.58,217.56,82.5,74.5,82.07,768.61,8.54,0.0,165.06,504.46
WTG_06,317,11.46,16.97,226.64,93.82,77.19,116.18,1454.5,16.16,0.0,162.09,2000.0
WTG_06,318,13.48,24.99,222.78,95.48,77.27,123.15,1674.09,18.6,3.7,164.12,2000.0
WTG_06,319,7.58,13.52,233.79,86.66,75.56,89.76,968.75,10.76,0.0,165.71,954.72
WTG_06,320,9.55,21.82,205.19,95.31,78.0,117.77,1204.59,13.38,0.0,163.06,1919.22
WTG_06,321,8.39,15.61,251.8,90.49,76.17,100.34,1026.33,11.4,0.0,163.34,1337.61
WTG_06,322,7.59,23.52,221.67,87.21,76.15,101.76,986.5,10.96,0.0,161.66,957.83
WTG_06,323,10.8,19.36,211.59,95.59,78.36,118.69,1369.66,15.22,0.0,165.31,2000.0
WTG_06,324,6.23,14.15,195.12,84.29,76.52,84.61,772.82,8.59,0.0,163.68,525.95
WTG_06,325,12.19,16.18,208.28,96.29,77.81,115.64,1537.76,17.09,0.49,161.98,2000.0
WTG_06,326,7.72,14.09,220.71,89.53,76.78,94.3,982.85,10.92,0.0,162.52,1006.97
WTG_06,327,7.3,14.02,207.1,85.61,76.28,89.27,931.11,10.35,0.0,160.1,827.79
WTG_06,328,11.02,16.25,200.11,97.28,77.29,114.52,1391.5,15.46,0.0,161.13,2000.0
WTG_06,329,9.98,29.57,221.7,95.43,78.8,128.15,1252.42,13.92,0.0,161.3,2000.0
WTG_06,330,13.14,11.14,217.06,95.91,80.2,108.89,1639.77,18.22,2.86,163.96,2000.0
WTG_06,331,11.3,15.78,218.99,96.51,79.08,115.62,1440.94,16.01,0.0,161.51,2000.0
WTG_06,332,10.09,13.92,203.48,95.76,78.76,114.62,1263.85,14.04,0.0,161.29,2000.0
WTG_06,333,9.19,16.79,214.23,94.42,78.25,111.03,1149.75,12.78,0.0,159.24,1703.94
WTG_06,334,5.24,18.32,222.46,84.68,76.99,87.46,687.71,7.64,0.0,159.62,332.27
WTG_06,335,6.74,18.76,200.98,86.94,76.85,92.26,848.16,9.42,0.0,161.67,637.45
WTG_06,336,11.41,17.66,202.84,97.5,80.87,118.7,1450.3,16.11,0.0,160.31,2000.0
WTG_06,337,8.31,18.18,217.69,91.68,78.38,106.36,1026.83,11.41,0.0,159.95,1280.73
WTG_06,338,11.2,17.81,215.29,98.41,80.84,119.85,1415.4,15.73,0.0,158.76,2000.0
WTG_06,339,12.64,11.2,204.43,98.36,81.42,111.73,1589.59,17.66,1.59,160.43,2000.0
WTG_06,340,11.09,10.26,216.61,97.35,79.89,111.51,1404.33,15.6,0.0,158.39,2000.0
WTG_06,341,10.39,19.7,219.74,98.7,79.41,122.49,1331.65,14.8,0.0,161.19,2000.0
WTG_06,342,8.18,14.76,225.52,93.52,78.93,102.0,997.57,11.08,0.0,159.22,1208.93
WTG_06,343,11.61,18.42,209.16,98.76,79.54,119.44,1435.3,15.95,0.0,157.95,2000.0
WTG_06,344,7.51,17.89,212.75,90.36,78.71,102.26,944.68,10.5,0.0,160.82,964.41
WTG_06,345,6.29,22.85,186.8,88.2,79.72,99.01,844.77,9.39,0.0,157.41,575.39
WTG_06,346,11.99,23.42,203.69,99.31,81.53,127.31,1510.06,16.78,0.0,160.57,2000.0
WTG_06,347,6.34,21.08,227.89,86.95,78.8,96.3,767.49,8.53,0.0,155.58,575.35
WTG_06,348,11.76,14.23,208.86,98.93,82.28,117.04,1481.57,16.46,0.0,156.19,2000.0
WTG_06,349,11.55,26.31,217.96,100.53,81.98,128.5,1444.5,16.05,0.0,154.93,2000.0
WTG_06,350,9.95,12.94,208.96,100.92,80.83,117.27,1283.4,14.26,0.0,158.1,2000.0
WTG_06,351,10.22,15.57,224.65,99.76,82.66,118.33,1294.52,14.38,0.0,156.64,2000.0
WTG_06,352,7.4,16.02,212.84,92.63,80.71,100.55,958.82,10.65,0.0,157.1,899.69
WTG_06,353,7.03,22.22,237.56,91.86,80.45,102.64,896.87,9.97,0.0,157.07,775.78
WTG_06,354,13.32,19.2,224.85,100.39,84.06,124.39,1679.18,18.66,3.29,154.03,2000.0
WTG_06,355,5.25,10.98,237.63,89.02,80.29,84.58,644.49,7.16,0.0,154.77,323.1
WTG_06,356,9.83,14.02,187.05,100.77,81.89,118.55,1239.9,13.78,0.0,154.7,2000.0
WTG_06,357,10.86,19.79,240.12,101.53,82.78,122.76,1361.39,15.13,0.0,156.21,2000.0
WTG_06,358,14.84,22.0,245.17,102.06,85.57,125.58,1800.0,20.0,7.09,155.96,2000.0
WTG_06,359,8.75,23.91,221.48,95.99,83.17,118.84,1058.71,11.76,0.0,153.35,1482.41
WTG_06,360,7.07,14.43,213.66,90.93,81.61,98.48,875.63,9.73,0.0,154.12,773.74
WTG_06,361,10.56,12.97,224.8,102.33,84.18,117.55,1351.08,15.01,0.0,153.97,2000.0
WTG_06,362,7.0,19.31,208.28,93.2,83.21,101.55,894.27,9.94,0.0,154.16,791.4
WTG_06,363,9.54,18.26,243.95,99.96,83.78,123.51,1188.92,13.21,0.0,153.95,1916.28
WTG_06,364,9.99,15.74,198.08,101.74,82.93,121.45,1240.73,13.79,0.0,153.24,2000.0
WTG_06,365,9.33,13.1,202.49,100.36,83.4,116.97,1164.48,12.94,0.0,152.32,1793.14
WTG_06,366,5.88,17.65,204.13,91.48,82.2,96.65,691.39,7.68,0.0,154.21,450.65
WTG_06,367,6.86,26.2,221.52,91.72,82.31,109.91,872.41,9.69,0.0,155.55,696.18
WTG_06,368,9.72,18.37,231.31,104.89,84.38,126.93,1249.82,13.89,0.0,151.11,1999.72
WTG_06,369,11.58,12.27,233.72,104.82,84.96,121.12,1471.13,16.35,0.0,152.66,2000.0
WTG_06,370,5.88,13.95,275.54,91.91,84.16,91.46,782.96,8.7,0.0,153.21,445.08
WTG_06,371,11.47,19.45,237.96,104.41,84.87,128.58,1447.71,16.09,0.0,153.86,2000.0
WTG_06,372,8.62,12.64,230.22,99.9,85.54,110.39,1092.07,12.13,0.0,150.92,1414.54
WTG_06,373,4.96,16.15,230.94,89.78,82.59,91.56,619.17,6.88,0.0,151.56,282.37
WTG_06,374,13.48,26.98,233.26,102.43,87.44,137.53,1663.24,18.48,3.7,152.3,2000.0
WTG_06,375,4.59,23.55,235.56,90.49,82.34,100.7,605.65,6.73,0.0,151.96,228.87
WTG_06,376,4.07,14.14,203.56,90.27,83.31,87.72,540.0,6.0,0.0,151.97,148.11
WTG_06,377,7.18,22.65,196.8,96.46,84.77,110.04,896.17,9.96,0.0,148.93,844.74
WTG_06,378,10.13,21.59,221.57,104.62,86.97,131.96,1275.85,14.18,0.0,150.35,2000.0
WTG_06,379,7.61,14.9,198.39,97.38,85.48,104.81,985.57,10.95,0.0,148.86,969.47
WTG_06,380,12.03,20.33,230.43,106.21,87.76,131.21,1532.8,17.03,0.07,150.35,2000.0
WTG_06,381,8.91,14.42,220.89,101.46,85.68,117.67,1133.08,12.59,0.0,148.53,1563.94
WTG_06,382,14.56,23.36,199.18,106.29,89.39,133.78,1800.0,20.0,6.4,147.11,2000.0
WTG_06,383,12.94,7.64,208.18,105.88,89.96,117.03,1623.14,18.03,2.36,145.77,2000.0
WTG_06,384,9.15,12.85,221.52,103.92,88.46,119.25,1138.97,12.66,0.0,147.06,1694.76
WTG_06,385,10.56,18.58,230.28,107.38,89.03,131.51,1341.43,14.9,0.0,148.11,2000.0
WTG_06,386,10.52,21.75,242.7,107.24,87.73,134.33,1350.72,15.01,0.0,148.43,2000.0
WTG_06,387,8.01,12.66,243.54,100.59,86.7,108.97,1016.62,11.3,0.0,150.08,1111.51
WTG_06,388,8.53,17.63,214.66,103.99,88.19,118.18,1071.36,11.9,0.0,146.66,1356.17
WTG_06,389,5.82,21.75,240.24,96.52,87.81,106.61,699.53,7.77,0.0,150.64,443.84
WTG_06,390,10.0,21.97,219.19,109.31,89.37,133.42,1245.63,13.84,0.0,144.21,2000.0
WTG_06,391,10.92,16.54,224.44,108.55,89.77,130.51,1384.39,15.38,0.0,146.79,2000.0
WTG_06,392,7.0,17.94,203.29,99.56,88.11,109.28,891.58,9.91,0.0,147.76,748.45
WTG_06,393,10.11,16.53,205.24,109.28,89.69,129.09,1291.23,14.35,0.0,147.06,2000.0
WTG_06,394,8.79,10.55,217.33,105.87,90.48,113.96,1082.93,12.03,0.0,147.29,1502.08
WTG_06,395,10.3,12.53,246.91,110.57,89.67,128.19,1295.35,14.39,0.0,144.52,2000.0
WTG_06,396,8.13,12.79,203.95,103.79,89.3,111.36,1026.88,11.41,0.0,145.37,1156.29
WTG_06,397,8.49,22.92,188.94,104.48,90.77,126.33,1084.13,12.05,0.0,144.51,1346.59
WTG_06,398,8.37,15.18,203.62,105.35,90.02,119.47,1078.87,11.99,0.0,142.81,1301.18
WTG_06,399,8.05,25.25,219.11,103.57,90.3,124.35,1046.19,11.62,0.0,144.56,1155.39
WTG_06,400,12.06,19.87,224.25,111.67,92.53,135.51,1500.5,16.67,0.14,143.26,2000.0
WTG_06,401,6.73,12.1,215.6,100.16,90.06,103.1,831.9,9.24,0.0,138.28,661.58
WTG_06,402,9.87,18.53,234.62,111.39,92.09,134.14,1239.74,13.77,0.0,144.23,2000.0
WTG_06,403,12.25,25.53,212.16,110.26,93.63,142.25,1553.03,17.26,0.62,140.27,2000.0
WTG_06,404,9.45,21.73,221.35,111.66,91.96,137.19,1212.54,13.47,0.0,139.95,1845.41
WTG_06,405,9.58,18.91,227.66,111.65,92.05,136.61,1200.36,13.34,0.0,141.64,1938.84
WTG_06,406,5.22,15.31,242.37,98.57,89.6,102.02,640.79,7.12,0.0,140.69,320.21
WTG_06,407,12.97,22.5,239.68,111.74,94.41,141.21,1653.58,18.37,2.43,140.4,2000.0
WTG_06,408,8.93,20.9,236.64,110.14,92.12,130.85,1107.94,12.31,0.0,140.72,1574.09
WTG_06,409,12.47,16.34,227.16,113.55,93.35,135.91,1592.87,17.7,1.19,140.46,2000.0
WTG_06,410,6.89,20.84,248.98,104.35,92.46,116.04,871.61,9.68,0.0,139.89,694.54
WTG_06,411,10.14,20.66,233.2,114.07,94.74,139.18,1280.33,14.23,0.0,137.79,2000.0
WTG_06,412,12.33,24.77,221.78,112.44,95.63,145.82,1564.73,17.39,0.83,137.33,2000.0
WTG_06,413,5.84,15.08,214.19,103.16,93.2,104.46,747.27,8.3,0.0,136.34,456.97
WTG_06,414,10.84,11.65,229.73,112.7,95.42,132.38,1370.26,15.23,0.0,137.54,2000.0
WTG_06,415,6.27,19.17,199.72,101.92,93.08,112.63,801.14,8.9,0.0,137.99,558.16
WTG_06,416,6.8,12.65,214.7,105.38,94.83,108.11,868.71,9.65,0.0,137.09,701.08
WTG_06,417,8.54,6.47,225.06,111.1,95.53,115.91,1075.24,11.95,0.0,134.73,1352.19
WTG_06,418,6.57,19.22,213.75,104.88,95.36,114.93,823.35,9.15,0.0,138.38,606.67
WTG_06,419,11.19,16.57,219.12,116.93,96.93,138.01,1436.92,15.97,0.0,136.15,2000.0
WTG_06,420,12.44,18.0,240.71,117.09,98.84,139.32,1593.14,17.7,1.11,135.57,2000.0
WTG_06,421,5.85,12.01,221.44,103.76,94.51,106.26,742.14,8.25,0.0,133.62,448.39
WTG_07,1,9.53,19.87,174.34,80.35,61.56,99.81,1237.04,13.74,0.0,184.96,1918.24
WTG_07,2,3.45,19.67,182.05,69.09,59.73,64.62,540.0,6.0,0.0,184.21,95.31
WTG_07,3,9.51,23.62,175.54,82.49,61.99,103.13,1178.87,13.1,0.0,178.09,1872.15
WTG_07,4,11.75,9.85,213.01,82.85,62.7,92.67,1454.38,16.16,0.0,182.29,2000.0
WTG_07,5,7.91,17.11,170.72,75.44,60.7,82.91,999.35,11.1,0.0,181.64,1064.49
WTG_07,6,10.51,20.21,178.51,83.74,61.6,102.53,1330.05,14.78,0.0,180.52,2000.0
WTG_07,7,7.08,24.57,182.77,72.88,60.87,84.32,886.67,9.85,0.0,182.42,776.06
WTG_07,8,6.69,16.82,183.15,71.49,60.5,74.53,842.64,9.36,0.0,183.58,653.09
WTG_07,9,9.49,9.7,216.27,81.61,61.22,89.01,1195.51,13.28,0.0,183.02,1873.8
WTG_07,10,8.63,17.64,143.46,77.43,61.25,88.23,1083.13,12.03,0.0,181.39,1397.2
WTG_07,11,9.24,15.97,165.27,80.19,60.1,94.87,1133.43,12.59,0.0,182.61,1741.42
WTG_07,12,6.03,15.18,196.9,71.08,59.77,70.34,756.64,8.41,0.0,181.48,476.12
WTG_07,13,7.57,18.07,195.77,73.68,59.96,81.98,958.82,10.65,0.0,183.7,957.45
WTG_07,14,11.6,21.16,188.1,83.12,62.47,104.22,1468.92,16.32,0.0,183.47,2000.0
WTG_07,15,5.86,22.39,180.63,69.53,59.91,74.16,764.05,8.49,0.0,181.52,460.76
WTG_07,16,9.89,21.39,182.64,82.65,61.3,104.17,1254.03,13.93,0.0,184.18,2000.0
WTG_07,17,8.86,12.52,184.64,79.78,60.83,85.17,1128.76,12.54,0.0,179.43,1515.13
WTG_07,18,9.67,25.26,187.3,83.3,62.34,106.5,1205.46,13.39,0.0,184.43,1998.24
WTG_07,19,9.53,25.01,184.23,82.6,60.8,105.76,1211.62,13.46,0.0,181.45,1892.09
WTG_07,20,8.78,22.34,176.67,78.64,62.75,95.27,1126.15,12.51,0.0,181.98,1482.8
WTG_07,21,9.35,16.68,167.08,79.79,61.46,95.64,1215.15,13.5,0.0,181.78,1792.11
WTG_07,22,8.88,17.34,188.58,81.04,62.0,91.15,1133.39,12.59,0.0,180.12,1536.64
WTG_07,23,9.29,21.26,194.62,80.39,62.33,99.44,1136.65,12.63,0.0,178.67,1763.15
WTG_07,24,9.92,10.2,189.15,82.88,61.41,93.98,1296.59,14.41,0.0,183.05,2000.0
WTG_07,25,8.33,15.84,168.9,76.94,61.64,84.16,1056.69,11.74,0.0,183.06,1266.7
WTG_07,26,12.06,19.58,193.09,83.34,63.84,102.94,1526.28,16.96,0.14,181.8,2000.0
WTG_07,27,8.58,17.48,196.91,78.05,61.06,89.75,1071.78,11.91,0.0,178.71,1374.87
WTG_07,28,9.52,16.39,194.95,82.54,62.39,96.73,1194.51,13.27,0.0,181.97,1889.65
WTG_07,29,12.18,22.64,198.37,83.99,63.14,104.4,1526.98,16.97,0.44,181.93,2000.0
WTG_07,30,9.21,17.58,178.62,82.3,62.36,95.12,1182.92,13.14,0.0,184.21,1727.99
WTG_07,31,9.88,27.67,178.38,82.37,61.48,111.42,1253.3,13.93,0.0,182.4,2000.0
WTG_07,32,3.0,18.37,168.59,66.22,58.24,63.17,540.0,6.0,0.0,181.5,76.66
WTG_07,33,4.78,11.58,179.85,68.78,59.43,61.37,607.42,6.75,0.0,180.52,226.0
WTG_07,34,13.96,13.44,174.02,83.36,63.39,94.73,1768.21,19.65,4.9,179.79,2000.0
WTG_07,35,13.45,16.79,180.99,82.7,62.73,97.99,1727.0,19.19,3.62,184.91,2000.0
WTG_07,36,13.76,22.08,198.41,82.92,63.18,102.02,1747.22,19.41,4.4,183.75,2000.0
WTG_07,37,10.39,12.73,178.3,81.33,61.15,97.11,1327.65,14.75,0.0,182.17,2000.0
WTG_07,38,11.65,25.35,176.92,82.2,62.94,107.69,1473.77,16.38,0.0,182.75,2000.0
WTG_07,39,11.32,20.24,188.86,81.95,63.32,103.56,1430.35,15.89,0.0,180.88,2000.0
WTG_07,40,9.16,12.43,176.83,80.35,60.78,88.16,1163.83,12.93,0.0,183.49,1694.9
WTG_07,41,13.23,20.2,181.52,83.54,62.91,102.18,1689.54,18.77,3.09,181.56,2000.0
WTG_07,42,8.75,21.66,164.64,78.95,59.95,93.57,1091.24,12.12,0.0,179.44,1475.47
WTG_07,43,7.25,16.25,191.84,73.08,60.1,78.17,872.43,9.69,0.0,184.07,848.64
WTG_07,44,7.36,15.35,179.09,73.53,60.04,76.55,915.64,10.17,0.0,184.61,856.38
WTG_07,45,8.74,14.98,180.42,77.97,60.03,88.11,1103.04,12.26,0.0,180.71,1464.22
WTG_07,46,12.66,16.52,176.85,82.02,62.49,99.7,1586.19,17.62,1.64,180.52,2000.0
WTG_07,47,10.37,21.31,194.71,81.75,61.01,103.48,1310.9,14.57,0.0,182.09,2000.0
WTG_07,48,6.02,17.31,195.06,71.41,59.22,71.49,740.83,8.23,0.0,183.89,468.24
WTG_07,49,6.05,13.57,181.43,72.11,60.33,66.77,763.05,8.48,0.0,179.98,476.65
WTG_07,50,8.84,19.76,212.61,78.08,61.51,94.29,1115.52,12.39,0.0,179.34,1517.42
WTG_07,51,9.19,13.92,164.74,80.0,61.41,90.9,1188.02,13.2,0.0,180.33,1719.02
WTG_07,52,7.65,21.14,176.71,73.59,61.57,82.38,972.0,10.8,0.0,184.69,975.79
WTG_07,53,11.49,18.73,178.61,82.89,61.79,101.38,1441.73,16.02,0.0,182.4,2000.0
WTG_07,54,8.25,26.96,183.39,77.06,60.37,93.91,1007.55,11.2,0.0,184.1,1219.45
WTG_07,55,9.42,15.6,143.97,82.52,60.81,94.85,1198.65,13.32,0.0,182.44,1841.82
WTG_07,56,12.14,19.03,174.99,82.9,63.41,103.19,1552.98,17.26,0.35,182.54,2000.0
WTG_07,57,15.47,17.64,190.1,83.0,64.52,100.69,1800.0,20.0,8.67,181.19,2000.0
WTG_07,58,9.64,15.31,194.04,81.46,60.79,96.46,1204.7,13.39,0.0,180.7,1950.5
WTG_07,59,8.94,16.43,193.64,80.32,60.71,91.98,1133.93,12.6,0.0,182.2,1569.58
WTG_07,60,8.01,22.52,194.36,76.17,61.54,89.56,990.41,11.0,0.0,182.95,1137.79
WTG_07,61,7.9,17.16,182.32,74.71,60.94,82.63,966.19,10.74,0.0,181.59,1102.56
WTG_07,62,10.69,14.88,193.05,83.52,63.15,99.54,1355.82,15.06,0.0,181.55,2000.0
WTG_07,63,9.48,19.01,196.29,82.25,60.95,101.46,1225.68,13.62,0.0,181.22,1880.34
WTG_07,64,3.0,8.9,191.28,66.09,59.43,55.74,540.0,6.0,0.0,182.19,60.21
WTG_07,65,7.26,21.51,180.51,73.27,61.89,82.31,911.26,10.13,0.0,180.01,833.91
WTG_07,66,6.6,16.9,174.68,71.62,61.07,72.91,848.93,9.43,0.0,182.56,611.78
WTG_07,67,8.9,17.87,194.38,77.86,62.04,92.9,1087.84,12.09,0.0,182.6,1568.55
WTG_07,68,13.04,22.73,199.01,83.51,63.58,105.73,1637.29,18.19,2.59,181.8,2000.0
WTG_07,69,7.98,12.44,196.55,74.31,61.01,77.17,1002.27,11.14,0.0,181.22,1114.48
WTG_07,70,10.98,18.25,185.42,84.12,62.85,100.5,1370.62,15.23,0.0,181.7,2000.0
WTG_07,71,9.62,19.75,186.74,82.45,63.05,104.36,1180.04,13.11,0.0,182.81,1957.12
WTG_07,72,7.31,20.72,161.72,73.99,59.79,81.3,911.12,10.12,0.0,181.77,833.97
WTG_07,73,8.93,16.11,192.35,78.79,61.37,91.82,1102.31,12.25,0.0,182.85,1591.54
WTG_07,74,10.94,11.63,173.64,83.9,62.02,93.48,1380.68,15.34,0.0,180.99,2000.0
WTG_07,75,14.65,24.0,184.96,83.67,62.96,107.13,1800.0,20.0,6.62,183.32,2000.0
WTG_07,76,8.18,20.45,179.18,77.16,60.25,87.19,1036.57,11.52,0.0,183.74,1198.44
WTG_07,77,3.0,15.44,185.57,66.44,60.18,62.76,540.0,6.0,0.0,181.2,52.23
WTG_07,78,4.52,19.22,190.53,68.12,59.94,68.72,557.93,6.2,0.0,181.68,174.28
WTG_07,79,7.44,20.94,170.84,75.43,61.83,81.92,913.22,10.15,0.0,181.08,905.18
WTG_07,80,15.08,15.25,212.3,82.61,63.69,97.17,1800.0,20.0,7.71,182.92,2000.0
WTG_07,81,4.91,17.35,212.62,67.86,59.0,69.04,629.2,6.99,0.0,181.89,275.25
WTG_07,82,6.4,20.51,180.2,70.94,61.15,78.47,852.19,9.47,0.0,181.68,585.94
WTG_07,83,7.08,18.18,179.11,73.78,59.87,78.42,887.45,9.86,0.0,181.21,759.99
WTG_07,84,9.56,16.1,191.34,80.96,62.11,97.8,1212.0,13.47,0.0,179.5,1915.27
WTG_07,85,6.55,16.61,154.08,72.15,59.77,75.48,837.7,9.31,0.0,179.5,610.13
WTG_07,86,7.75,22.8,171.36,74.12,60.58,87.83,978.62,10.87,0.0,182.29,1034.98
WTG_07,87,6.94,25.36,195.91,71.79,60.65,84.81,888.96,9.88,0.0,181.21,747.49
WTG_07,88,9.52,9.57,190.72,82.34,61.04,89.64,1193.89,13.27,0.0,181.19,1865.61
WTG_07,89,4.38,11.06,197.08,68.59,58.26,59.51,541.58,6.02,0.0,181.38,179.54
WTG_07,90,13.41,14.32,200.83,82.61,64.32,98.11,1689.8,18.78,3.53,180.74,2000.0
WTG_07,91,9.86,13.85,186.45,83.5,61.59,96.31,1234.54,13.72,0.0,181.46,2000.0
WTG_07,92,8.6,16.88,183.92,78.52,63.31,87.67,1108.02,12.31,0.0,181.77,1390.97
WTG_07,93,9.61,17.96,189.92,81.37,63.21,101.96,1195.18,13.28,0.0,180.96,1958.6
WTG_07,94,11.63,16.83,189.55,82.72,63.46,99.88,1453.04,16.14,0.0,181.4,2000.0
WTG_07,95,5.27,18.24,172.31,68.91,59.94,69.81,665.34,7.39,0.0,179.85,351.41
WTG_07,96,7.02,23.88,215.65,72.63,60.32,81.87,865.92,9.62,0.0,184.58,767.72
WTG_07,97,11.75,15.39,193.97,82.98,62.9,97.89,1472.77,16.36,0.0,182.26,2000.0
WTG_07,98,14.52,16.86,185.36,83.03,63.98,100.13,1800.0,20.0,6.31,178.7,2000.0
WTG_07,99,7.63,10.0,182.51,74.6,60.89,72.07,944.5,10.49,0.0,182.83,987.21
WTG_07,100,6.28,16.07,201.67,71.97,59.85,71.96,805.86,8.95,0.0,180.09,529.26
WTG_07,101,6.46,18.14,179.25,71.06,60.21,74.85,850.57,9.45,0.0,181.41,584.43
WTG_07,102,9.77,21.65,165.14,83.68,63.52,104.14,1248.73,13.87,0.0,179.95,2000.0
WTG_07,103,6.44,16.65,209.28,72.8,61.1,72.84,791.29,8.79,0.0,180.86,580.0
WTG_07,104,11.29,24.33,215.92,84.86,62.58,106.02,1447.33,16.08,0.0,181.32,2000.0
WTG_07,105,12.69,20.65,189.39,83.55,63.48,103.29,1604.25,17.83,1.73,181.28,2000.0
WTG_07,106,8.69,18.01,206.29,79.15,63.67,89.87,1090.94,12.12,0.0,182.72,1442.4
WTG_07,107,8.25,17.76,171.02,77.93,60.74,86.29,1073.67,11.93,0.0,181.67,1239.8
WTG_07,108,8.6,19.79,222.34,78.12,61.35,91.41,1092.38,12.14,0.0,180.43,1391.4
WTG_07,109,9.3,20.11,197.43,83.74,61.71,99.28,1173.84,13.04,0.0,178.3,1771.06
WTG_07,110,8.04,14.4,180.05,76.66,62.07,80.74,992.04,11.02,0.0,177.9,1124.26
WTG_07,111,9.28,19.88,201.21,80.69,61.66,97.92,1150.61,12.78,0.0,180.14,1747.81
WTG_07,112,8.37,18.46,178.52,76.44,62.22,87.84,1052.28,11.69,0.0,178.27,1277.08
WTG_07,113,10.4,17.0,198.09,84.4,61.56,100.23,1318.09,14.65,0.0,180.13,2000.0
WTG_07,114,7.06,22.9,195.92,75.45,60.88,82.43,864.02,9.6,0.0,182.52,754.72
WTG_07,115,4.56,23.55,179.53,68.07,60.34,74.47,583.48,6.48,0.0,177.22,201.04
WTG_07,116,6.11,22.95,197.56,72.26,61.06,79.98,778.29,8.65,0.0,180.12,515.94
WTG_07,117,8.96,21.3,180.23,79.56,62.23,95.93,1154.43,12.83,0.0,180.79,1586.12
WTG_07,118,8.05,14.54,165.1,76.69,60.84,82.37,1000.42,11.12,0.0,179.14,1146.22
WTG_07,119,11.3,22.28,188.04,82.81,64.35,107.75,1452.77,16.14,0.0,182.07,2000.0
WTG_07,120,7.09,13.06,186.75,74.68,61.6,74.77,937.96,10.42,0.0,178.64,766.55
WTG_07,121,8.38,14.41,179.48,78.37,62.22,83.82,1068.67,11.87,0.0,179.38,1276.13
WTG_07,122,9.83,17.9,192.77,83.95,63.83,102.41,1235.0,13.72,0.0,180.24,2000.0
WTG_07,123,6.3,16.32,178.5,72.16,62.63,72.81,778.88,8.65,0.0,181.48,520.84
WTG_07,124,11.4,16.85,189.1,84.08,62.94,102.07,1411.2,15.68,0.0,179.17,2000.0
WTG_07,125,16.12,19.61,192.17,83.85,64.69,103.54,1800.0,20.0,10.3,180.63,2000.0
WTG_07,126,8.47,23.6,199.13,77.85,62.52,95.72,1076.38,11.96,0.0,178.55,1345.44
WTG_07,127,11.21,9.85,230.5,84.65,64.09,96.1,1412.41,15.69,0.0,182.86,2000.0
WTG_07,128,5.68,16.92,179.16,70.53,61.14,70.98,728.46,8.09,0.0,181.4,423.4
WTG_07,129,10.02,22.7,186.58,84.02,63.38,108.27,1260.89,14.01,0.0,183.28,2000.0
WTG_07,130,7.78,26.59,185.47,75.69,63.09,92.67,995.82,11.06,0.0,181.95,1028.26
WTG_07,131,10.88,19.64,201.37,84.01,64.02,105.54,1390.48,15.45,0.0,180.03,2000.0
WTG_07,132,7.76,15.51,205.94,76.43,63.06,82.03,974.03,10.82,0.0,182.05,1035.36
WTG_07,133,12.48,17.65,213.3,83.8,64.87,102.45,1566.26,17.4,1.2,180.62,2000.0
WTG_07,134,5.6,10.04,176.41,72.54,61.09,64.74,714.54,7.94,0.0,178.74,396.39
WTG_07,135,12.42,15.16,211.18,84.66,64.63,99.02,1560.21,17.34,1.05,182.98,2000.0
WTG_07,136,11.48,20.05,197.19,84.51,64.14,105.6,1434.21,15.94,0.0,180.09,2000.0
WTG_07,137,9.05,23.74,181.42,81.66,63.44,100.52,1109.93,12.33,0.0,185.13,1616.24
WTG_07,138,9.46,18.61,174.46,84.42,64.05,100.25,1165.41,12.95,0.0,177.72,1833.04
WTG_07,139,8.31,23.69,186.34,78.52,63.27,92.34,1030.34,11.45,0.0,179.73,1255.03
WTG_07,140,7.26,15.86,205.32,75.9,62.7,79.78,891.07,9.9,0.0,180.26,843.84
WTG_07,141,10.8,14.48,214.59,84.27,62.78,98.86,1339.25,14.88,0.0,179.16,2000.0
WTG_07,142,12.47,25.28,192.26,85.49,65.29,109.69,1545.87,17.18,1.17,177.51,2000.0
WTG_07,143,11.48,13.09,187.64,85.69,66.17,98.28,1455.09,16.17,0.0,179.15,2000.0
WTG_07,144,9.11,18.9,183.45,82.37,62.66,96.29,1127.72,12.53,0.0,178.47,1658.48
WTG_07,145,5.67,20.69,142.88,72.23,61.94,76.17,692.95,7.7,0.0,178.11,421.48
WTG_07,146,11.74,15.71,182.17,84.87,64.43,100.68,1490.81,16.56,0.0,178.25,2000.0
WTG_07,147,9.94,22.4,201.59,85.75,64.2,108.79,1246.09,13.85,0.0,175.38,2000.0
WTG_07,148,9.07,19.23,172.58,82.26,64.1,99.17,1146.4,12.74,0.0,180.84,1653.56
WTG_07,149,11.91,23.46,187.41,84.42,65.82,108.33,1493.06,16.59,0.0,179.35,2000.0
WTG_07,150,9.6,22.96,164.69,84.27,64.68,106.22,1216.18,13.51,0.0,180.27,1952.57
WTG_07,151,3.61,14.38,193.0,70.84,62.11,65.82,540.0,6.0,0.0,179.64,75.55
WTG_07,152,7.16,13.71,188.89,76.0,64.08,75.89,941.29,10.46,0.0,179.32,807.9
WTG_07,153,10.29,21.83,208.08,85.07,65.06,109.45,1295.59,14.4,0.0,176.59,2000.0
WTG_07,154,5.78,11.7,183.89,71.48,61.67,66.98,745.09,8.28,0.0,177.04,444.14
WTG_07,155,8.44,16.41,203.21,81.29,64.6,91.18,1029.28,11.44,0.0,178.84,1316.8
WTG_07,156,7.36,18.7,233.52,75.02,63.67,84.82,918.1,10.2,0.0,178.73,905.43
WTG_07,157,10.1,20.09,204.25,84.71,65.13,107.47,1266.35,14.07,0.0,180.69,2000.0
WTG_07,158,6.95,11.1,201.44,74.07,63.93,73.9,854.56,9.5,0.0,175.1,746.26
WTG_07,159,9.76,18.38,203.74,85.56,64.6,104.32,1244.22,13.82,0.0,177.37,2000.0
WTG_07,160,11.64,11.07,191.63,85.23,67.03,98.37,1462.33,16.25,0.0,181.12,2000.0
WTG_07,161,10.6,21.05,196.03,85.93,66.53,106.15,1363.82,15.15,0.0,176.61,2000.0
WTG_07,162,16.03,20.68,156.7,85.7,68.69,108.83,1800.0,20.0,10.07,180.61,2000.0
WTG_07,163,7.48,16.84,199.58,79.07,64.23,84.58,958.33,10.65,0.0,176.34,916.24
WTG_07,164,7.95,18.98,189.51,79.1,64.65,91.24,1020.91,11.34,0.0,178.98,1122.6
WTG_07,165,10.63,23.18,221.71,87.11,65.32,109.88,1366.7,15.19,0.0,178.03,2000.0
WTG_07,166,5.38,19.47,186.23,73.1,63.15,75.23,656.39,7.29,0.0,176.29,354.3
WTG_07,167,9.29,12.55,195.26,85.68,66.54,93.98,1206.69,13.41,0.0,177.6,1748.13
WTG_07,168,5.75,12.2,199.31,73.01,62.87,70.31,731.95,8.13,0.0,178.35,409.88
WTG_07,169,10.61,16.46,180.77,86.3,65.69,102.12,1360.02,15.11,0.0,177.69,2000.0
WTG_07,170,14.19,21.77,230.18,88.0,67.54,108.1,1780.85,19.79,5.47,179.59,2000.0
WTG_07,171,7.48,13.52,206.12,77.47,64.51,81.24,919.66,10.22,0.0,177.07,937.84
WTG_07,172,5.78,17.22,217.8,73.88,62.82,72.61,724.74,8.05,0.0,176.3,407.73
WTG_07,173,9.25,20.8,204.31,86.69,64.85,103.14,1176.57,13.07,0.0,178.94,1740.6
WTG_07,174,8.03,17.56,203.46,79.56,64.71,89.58,1032.19,11.47,0.0,175.89,1139.22
WTG_07,175,7.83,14.27,215.4,80.23,63.95,84.32,984.61,10.94,0.0,178.48,1055.09
WTG_07,176,8.84,18.88,200.56,85.49,65.69,97.33,1133.0,12.59,0.0,178.37,1523.01
WTG_07,177,8.47,15.6,179.87,81.46,65.01,90.64,1076.25,11.96,0.0,177.23,1331.51
WTG_07,178,10.21,17.42,206.21,86.99,65.8,105.62,1284.4,14.27,0.0,176.09,2000.0
WTG_07,179,11.53,20.0,190.52,87.88,67.56,108.61,1429.48,15.88,0.0,178.44,2000.0
WTG_07,180,8.46,18.17,209.86,81.14,64.45,93.61,1081.37,12.02,0.0,175.64,1336.55
WTG_07,181,4.33,17.88,207.87,73.75,62.69,72.85,544.52,6.05,0.0,174.38,183.03
WTG_07,182,8.4,15.36,214.31,84.44,64.63,90.65,1037.89,11.53,0.0,176.27,1326.88
WTG_07,183,6.52,16.91,200.94,77.66,64.91,78.42,808.23,8.98,0.0,176.97,609.98
WTG_07,184,12.47,19.47,183.67,87.65,68.54,107.52,1555.75,17.29,1.18,173.66,2000.0
WTG_07,185,11.56,22.61,190.46,87.95,66.29,111.81,1465.38,16.28,0.0,174.8,2000.0
WTG_07,186,7.32,17.63,195.37,79.04,65.52,83.93,907.45,10.08,0.0,174.63,868.93
WTG_07,187,8.55,14.7,206.67,83.63,67.66,90.59,1039.57,11.55,0.0,174.81,1368.63
WTG_07,188,10.37,18.25,180.31,88.55,66.25,107.93,1297.88,14.42,0.0,173.56,2000.0
WTG_07,189,7.13,18.67,202.8,78.92,64.97,86.84,914.22,10.16,0.0,173.0,793.91
WTG_07,190,10.81,20.93,205.0,88.72,66.33,110.37,1358.05,15.09,0.0,176.49,2000.0
WTG_07,191,8.44,17.87,183.74,84.03,67.5,95.87,1066.2,11.85,0.0,171.95,1308.82
WTG_07,192,10.81,20.59,192.97,90.09,67.08,109.61,1383.12,15.37,0.0,174.1,2000.0
WTG_07,193,11.93,19.82,185.07,88.38,68.09,108.35,1535.34,17.06,0.0,170.44,2000.0
WTG_07,194,8.71,11.78,204.11,84.93,66.12,92.47,1114.99,12.39,0.0,176.58,1458.61
WTG_07,195,12.52,12.68,198.33,89.37,70.5,102.92,1572.52,17.47,1.3,172.84,2000.0
WTG_07,196,9.74,12.75,188.86,91.15,68.08,101.77,1245.59,13.84,0.0,170.98,2000.0
WTG_07,197,11.5,13.83,182.73,89.3,68.13,105.46,1440.25,16.0,0.0,174.76,2000.0
WTG_07,198,13.17,23.41,215.68,90.69,70.89,114.13,1645.6,18.28,2.92,172.3,2000.0
WTG_07,199,6.79,21.92,189.9,79.12,67.12,88.05,857.43,9.53,0.0,173.98,675.4
WTG_07,200,5.56,17.53,192.95,76.2,66.53,78.17,683.48,7.59,0.0,174.03,367.87
WTG_07,201,9.82,18.64,201.28,90.05,68.7,111.41,1249.5,13.88,0.0,170.88,2000.0
WTG_07,202,6.13,8.92,179.34,77.6,66.86,72.45,770.02,8.56,0.0,172.4,496.61
WTG_07,203,9.07,19.61,172.81,87.46,67.93,103.92,1144.73,12.72,0.0,172.82,1638.62
WTG_07,204,13.02,11.23,208.98,90.35,70.55,104.68,1662.77,18.48,2.56,175.3,2000.0
WTG_07,205,5.82,16.79,203.49,77.37,66.42,77.55,743.74,8.26,0.0,168.84,437.44
WTG_07,206,5.09,22.65,211.25,77.02,66.71,80.69,651.28,7.24,0.0,172.66,286.76
WTG_07,207,11.13,13.4,183.43,91.49,70.79,104.25,1408.93,15.65,0.0,171.39,2000.0
WTG_07,208,6.5,14.29,194.35,79.94,66.35,80.88,844.76,9.39,0.0,171.89,620.39
WTG_07,209,6.67,21.32,186.61,79.26,67.78,88.49,854.82,9.5,0.0,171.6,655.28
WTG_07,210,11.58,22.63,197.42,90.51,69.99,113.37,1469.52,16.33,0.0,170.02,2000.0
WTG_07,211,9.51,9.54,207.66,89.69,69.45,101.79,1190.32,13.23,0.0,170.18,1893.91
WTG_07,212,3.47,22.86,209.34,76.49,68.42,80.72,540.0,6.0,0.0,169.91,100.25
WTG_07,213,12.73,25.28,214.96,92.32,71.61,118.15,1611.29,17.9,1.82,171.45,2000.0
WTG_07,214,9.22,20.2,216.94,88.85,71.09,108.42,1137.46,12.64,0.0,171.3,1707.62
WTG_07,215,11.82,13.81,170.93,91.91,70.2,106.15,1488.64,16.54,0.0,168.24,2000.0
WTG_07,216,7.47,13.36,203.8,82.85,69.44,86.61,931.25,10.35,0.0,170.41,926.2
WTG_07,217,10.34,20.57,214.16,91.85,71.4,113.48,1312.83,14.59,0.0,169.18,2000.0
WTG_07,218,6.85,14.47,197.04,82.1,69.39,83.21,858.38,9.54,0.0,172.84,693.64
WTG_07,219,9.83,18.47,191.76,92.69,71.82,110.73,1241.28,13.79,0.0,168.63,2000.0
WTG_07,220,10.78,14.41,178.8,92.16,71.12,108.98,1349.52,14.99,0.0,168.13,2000.0
WTG_07,221,7.9,15.39,193.58,86.52,71.26,93.74,974.48,10.83,0.0,169.0,1080.88
WTG_07,222,13.15,27.21,204.92,92.22,72.11,119.65,1638.71,18.21,2.87,169.67,2000.0
WTG_07,223,3.21,21.97,229.44,76.29,68.41,81.07,540.0,6.0,0.0,170.17,53.87
WTG_07,224,10.66,20.11,237.82,92.57,72.23,114.84,1334.71,14.83,0.0,169.38,2000.0
WTG_07,225,7.87,20.52,196.74,84.91,70.72,98.79,989.15,10.99,0.0,166.44,1072.84
WTG_07,226,13.78,18.02,193.2,93.2,73.87,114.2,1723.86,19.15,4.44,168.54,2000.0
WTG_07,227,7.59,21.36,205.04,85.4,70.78,98.06,925.8,10.29,0.0,166.68,981.55
WTG_07,228,10.89,13.58,194.18,93.37,72.83,109.68,1394.49,15.49,0.0,164.87,2000.0
WTG_07,229,13.14,25.16,204.7,95.11,74.2,121.3,1651.5,18.35,2.84,169.1,2000.0
WTG_07,230,11.83,14.16,216.31,95.05,73.32,109.06,1510.97,16.79,0.0,169.62,2000.0
WTG_07,231,5.65,24.73,202.12,82.68,71.17,90.32,734.52,8.16,0.0,166.76,397.42
WTG_07,232,8.64,20.57,205.32,89.16,72.39,106.12,1094.13,12.16,0.0,164.74,1404.87
WTG_07,233,10.43,20.46,205.64,94.1,73.59,116.37,1314.32,14.6,0.0,164.95,2000.0
WTG_07,234,9.7,26.15,197.44,95.76,73.96,124.13,1258.73,13.99,0.0,166.35,2000.0
WTG_07,235,8.43,21.31,209.86,90.57,72.18,105.19,1053.8,11.71,0.0,168.53,1337.13
WTG_07,236,7.77,21.01,209.25,88.97,73.24,100.58,991.77,11.02,0.0,164.35,1060.08
WTG_07,237,15.05,17.83,202.1,97.16,76.18,114.13,1800.0,20.0,7.62,164.11,2000.0
WTG_07,238,9.03,22.1,180.99,93.83,73.52,114.03,1146.26,12.74,0.0,163.62,1629.13
WTG_07,239,11.36,17.75,204.54,95.4,75.43,116.69,1432.4,15.92,0.0,164.14,2000.0
WTG_07,240,9.01,14.56,186.59,93.1,73.04,106.0,1138.33,12.65,0.0,163.79,1610.16
WTG_07,241,7.13,23.1,189.47,85.73,73.59,98.3,908.07,10.09,0.0,162.32,773.81
WTG_07,242,11.37,19.49,172.28,95.53,74.86,118.2,1450.5,16.12,0.0,163.93,2000.0
WTG_07,243,4.91,12.35,192.89,82.95,73.05,80.04,606.47,6.74,0.0,164.38,272.29
WTG_07,244,3.0,16.78,201.91,80.92,71.52,78.12,540.0,6.0,0.0,162.89,28.17
WTG_07,245,7.15,14.59,201.53,87.63,72.86,90.64,891.55,9.91,0.0,162.51,805.84
WTG_07,246,7.88,12.35,214.75,90.14,73.79,95.43,998.51,11.09,0.0,165.83,1067.48
WTG_07,247,7.39,22.9,191.79,89.12,74.94,102.13,921.38,10.24,0.0,159.75,908.86
WTG_07,248,14.84,17.13,207.14,98.73,76.79,117.51,1800.0,20.0,7.11,163.49,2000.0
WTG_07,249,12.0,20.59,215.92,98.14,76.11,120.31,1502.42,16.69,0.0,160.76,2000.0
WTG_07,250,6.65,20.13,189.81,88.85,74.39,95.94,870.72,9.67,0.0,160.04,661.3
WTG_07,251,9.54,10.93,221.03,98.56,75.87,109.54,1190.86,13.23,0.0,161.14,1916.73
WTG_07,252,11.01,17.41,214.24,98.97,77.33,119.79,1401.23,15.57,0.0,160.51,2000.0
WTG_07,253,11.84,19.02,194.25,98.21,78.2,121.31,1491.64,16.57,0.0,160.68,2000.0
WTG_07,254,9.12,15.69,207.95,96.93,76.74,111.14,1184.69,13.16,0.0,158.32,1683.52
WTG_07,255,7.79,20.7,191.52,92.57,75.42,105.02,976.84,10.85,0.0,161.68,1024.32
WTG_07,256,8.19,15.25,212.73,93.76,76.22,102.86,1060.98,11.79,0.0,157.3,1229.39
WTG_07,257,7.61,19.8,200.18,91.76,77.17,101.71,948.14,10.53,0.0,160.32,969.01
WTG_07,258,8.88,19.74,184.96,98.21,76.96,113.57,1135.36,12.62,0.0,156.54,1551.07
WTG_07,259,6.94,23.74,210.33,90.56,75.42,101.46,861.49,9.57,0.0,160.57,737.68
WTG_07,260,10.84,12.06,204.1,101.31,78.01,115.58,1353.15,15.03,0.0,158.53,2000.0
WTG_07,261,8.9,15.96,206.47,96.48,77.38,111.35,1106.6,12.3,0.0,158.95,1535.24
WTG_07,262,12.65,17.09,216.72,102.1,80.54,121.16,1594.91,17.72,1.63,157.03,2000.0
WTG_07,263,9.69,23.46,208.93,100.59,78.71,126.73,1213.76,13.49,0.0,157.45,2000.0
WTG_07,264,12.12,20.56,178.38,102.8,79.89,125.18,1515.5,16.84,0.29,157.49,2000.0
WTG_07,265,9.51,6.43,211.92,101.64,79.78,108.81,1188.97,13.21,0.0,155.28,1907.64
WTG_07,266,11.23,20.25,209.93,101.44,81.17,125.23,1418.43,15.76,0.0,156.45,2000.0
WTG_07,267,7.95,8.12,215.33,94.95,78.82,96.45,984.32,10.94,0.0,155.04,1109.0
WTG_07,268,8.44,16.08,191.19,97.92,80.14,109.77,1083.95,12.04,0.0,155.14,1308.42
WTG_07,269,8.5,17.33,214.81,97.94,80.63,111.35,1067.03,11.86,0.0,155.42,1359.46
WTG_07,270,9.85,24.54,197.92,103.57,80.25,130.52,1259.65,14.0,0.0,154.25,2000.0
WTG_07,271,10.75,16.01,215.05,104.97,80.84,121.94,1344.46,14.94,0.0,154.55,2000.0
WTG_07,272,8.96,20.48,207.84,100.83,81.07,119.93,1132.88,12.59,0.0,154.08,1563.1
WTG_07,273,8.98,20.83,191.42,100.47,81.72,122.23,1099.57,12.22,0.0,152.85,1578.18
WTG_07,274,8.79,15.89,214.62,99.99,81.17,114.99,1112.52,12.36,0.0,152.87,1480.74
WTG_07,275,5.12,23.21,214.96,91.97,79.81,100.63,624.39,6.94,0.0,154.32,300.15
WTG_07,276,9.76,18.82,209.64,105.96,82.5,127.17,1246.04,13.84,0.0,152.66,2000.0
WTG_07,277,8.25,19.28,222.9,98.02,82.34,116.03,1048.99,11.66,0.0,152.34,1226.09
WTG_07,278,7.84,21.28,194.89,98.29,81.42,113.58,1014.89,11.28,0.0,151.72,1066.74
WTG_07,279,10.77,19.6,227.27,106.52,83.6,128.45,1360.26,15.11,0.0,153.32,2000.0
WTG_07,280,8.08,14.9,200.97,100.17,82.04,110.5,1015.06,11.28,0.0,151.91,1195.78
WTG_07,281,12.24,25.65,185.72,106.11,83.36,135.05,1499.1,16.66,0.59,149.8,2000.0
WTG_07,282,7.07,21.42,202.81,96.5,82.31,108.58,861.54,9.57,0.0,152.13,777.53
WTG_07,283,7.74,20.79,184.37,99.39,82.66,112.29,990.98,11.01,0.0,150.43,1038.22
WTG_07,284,12.04,16.3,225.07,107.54,85.52,126.93,1496.34,16.63,0.1,151.95,2000.0
WTG_07,285,12.16,17.3,200.69,107.35,84.71,127.3,1520.83,16.9,0.39,150.68,2000.0
WTG_07,286,5.59,16.4,210.13,95.02,81.58,98.01,673.63,7.48,0.0,149.88,386.32
WTG_07,287,9.46,20.02,212.57,106.18,84.34,128.41,1205.32,13.39,0.0,151.91,1849.31
WTG_07,288,6.99,15.91,205.29,97.68,85.76,105.56,874.54,9.72,0.0,149.91,779.15
WTG_07,289,9.05,21.26,194.73,108.03,84.67,128.55,1116.03,12.4,0.0,149.8,1670.07
WTG_07,290,10.65,17.17,239.37,109.15,85.82,130.18,1354.34,15.05,0.0,147.44,2000.0
WTG_07,291,10.89,20.96,214.93,109.61,85.28,136.57,1378.44,15.32,0.0,145.86,2000.0
WTG_07,292,10.74,16.64,230.17,109.72,87.49,130.73,1335.76,14.84,0.0,147.66,2000.0
WTG_07,293,9.32,21.73,223.53,108.99,88.15,133.13,1201.19,13.35,0.0,147.16,1784.4
WTG_07,294,5.51,11.27,218.59,97.93,84.76,95.68,706.51,7.85,0.0,146.85,357.95
WTG_07,295,10.48,19.34,205.09,111.45,88.29,134.44,1316.59,14.63,0.0,146.5,2000.0
WTG_07,296,11.4,15.49,218.49,112.12,87.66,129.8,1431.99,15.91,0.0,144.1,2000.0
WTG_07,297,7.17,17.35,235.09,102.92,87.1,111.05,925.15,10.28,0.0,143.18,803.62
WTG_07,298,5.7,20.93,210.29,99.4,86.56,109.46,727.39,8.08,0.0,144.23,430.96
WTG_07,299,6.99,20.94,206.33,103.18,86.74,112.96,866.15,9.62,0.0,143.64,753.27
WTG_07,300,6.25,12.9,210.09,101.15,88.55,104.4,807.4,8.97,0.0,144.04,548.91
WTG_07,301,8.08,24.25,232.88,106.01,87.32,125.3,1023.21,11.37,0.0,143.16,1180.82
WTG_07,302,8.81,21.85,187.92,108.55,89.13,130.63,1084.24,12.05,0.0,141.42,1518.12
WTG_07,303,10.44,9.75,237.78,116.06,89.52,126.91,1310.08,14.56,0.0,144.04,2000.0
WTG_07,304,5.11,19.98,201.31,101.13,88.26,108.82,614.62,6.83,0.0,140.31,301.26
WTG_07,305,11.17,19.31,225.07,114.09,91.42,139.02,1397.9,15.53,0.0,141.02,2000.0
WTG_07,306,9.54,24.9,210.24,112.96,89.84,142.64,1192.17,13.25,0.0,139.12,1915.37
WTG_07,307,7.48,21.74,218.59,106.41,91.06,122.19,941.02,10.46,0.0,141.53,921.74
WTG_07,308,11.36,18.22,200.33,115.21,93.73,140.16,1428.64,15.87,0.0,139.38,2000.0
WTG_07,309,11.58,20.24,203.45,115.42,93.41,141.47,1466.14,16.29,0.0,143.12,2000.0
WTG_07,310,8.61,15.88,224.84,111.2,91.9,126.77,1084.58,12.05,0.0,139.24,1395.14
WTG_07,311,6.92,25.34,197.49,108.05,91.79,122.14,858.21,9.54,0.0,138.24,745.43
WTG_07,312,5.58,27.94,215.51,105.74,91.03,118.71,717.8,7.98,0.0,138.06,377.16
WTG_07,313,11.2,26.51,235.51,117.1,93.75,148.86,1432.73,15.92,0.0,134.23,2000.0
WTG_08,1,12.41,20.07,167.19,78.64,65.54,102.31,1554.94,17.28,1.03,181.18,2000.0
WTG_08,2,8.2,13.45,162.69,71.41,63.91,80.95,1054.94,11.72,0.0,183.74,1209.66
WTG_08,3,9.05,16.29,184.41,74.67,65.3,92.87,1138.53,12.65,0.0,184.8,1631.25
WTG_08,4,10.18,19.7,176.17,78.09,64.33,101.33,1302.24,14.47,0.0,185.34,2000.0
WTG_08,5,9.32,16.08,185.64,75.78,64.37,96.03,1172.81,13.03,0.0,184.62,1806.01
WTG_08,6,10.36,15.97,182.35,78.81,64.46,98.51,1313.09,14.59,0.0,187.51,2000.0
WTG_08,7,11.08,14.13,188.17,77.38,64.1,96.92,1409.81,15.66,0.0,181.2,2000.0
WTG_08,8,7.03,12.47,185.73,66.31,62.44,72.7,879.59,9.77,0.0,181.91,770.06
WTG_08,9,11.56,17.39,168.35,79.38,66.95,98.56,1442.21,16.02,0.0,184.64,2000.0
WTG_08,10,13.17,13.02,171.63,76.51,66.39,95.95,1664.23,18.49,2.92,185.05,2000.0
WTG_08,11,10.33,20.11,181.53,76.74,65.38,102.33,1323.75,14.71,0.0,182.27,2000.0
WTG_08,12,11.11,20.7,151.36,78.01,64.89,103.82,1412.29,15.69,0.0,183.62,2000.0
WTG_08,13,5.88,11.56,161.1,66.02,62.19,64.18,721.06,8.01,0.0,183.68,454.24
WTG_08,14,4.07,20.48,180.33,62.24,60.59,68.97,540.0,6.0,0.0,181.74,139.84
WTG_08,15,7.2,14.21,193.99,68.77,62.39,74.76,896.42,9.96,0.0,181.09,834.89
WTG_08,16,10.0,15.38,165.76,77.85,65.69,99.2,1254.91,13.94,0.0,181.84,2000.0
WTG_08,17,12.84,18.19,143.55,77.27,67.02,99.38,1613.52,17.93,2.1,181.62,2000.0
WTG_08,18,8.75,14.73,177.97,73.43,63.28,88.06,1104.96,12.28,0.0,182.32,1453.63
WTG_08,19,7.22,14.28,175.69,67.89,63.57,75.02,884.01,9.82,0.0,186.2,836.48
WTG_08,20,8.35,16.57,190.83,71.76,63.99,86.42,1015.31,11.28,0.0,185.31,1275.75
WTG_08,21,8.26,15.05,182.98,71.48,62.92,82.62,1036.27,11.51,0.0,183.2,1215.77
WTG_08,22,14.35,21.6,191.81,76.63,64.85,104.64,1800.0,20.0,5.88,184.46,2000.0
WTG_08,23,7.1,15.45,170.28,68.13,63.74,75.06,880.24,9.78,0.0,185.53,779.9
WTG_08,24,14.93,19.6,181.48,77.68,66.43,101.88,1800.0,20.0,7.32,182.97,2000.0
WTG_08,25,6.5,21.23,141.87,67.31,62.57,77.71,827.29,9.19,0.0,183.91,582.12
WTG_08,26,11.99,25.38,199.99,78.02,66.07,107.5,1521.46,16.91,0.0,183.73,2000.0
WTG_08,27,7.09,21.47,190.22,67.8,63.05,80.6,870.96,9.68,0.0,185.6,790.44
WTG_08,28,7.36,26.5,185.05,68.95,64.54,88.57,922.37,10.25,0.0,180.84,884.69
WTG_08,29,7.41,21.24,180.29,67.99,63.34,82.21,925.14,10.28,0.0,185.64,886.54
WTG_08,30,6.93,12.79,182.71,67.69,62.88,68.76,836.25,9.29,0.0,183.76,695.38
WTG_08,31,8.27,11.91,194.07,72.08,63.71,82.57,1069.44,11.88,0.0,184.0,1273.51
WTG_08,32,8.15,15.38,191.51,70.18,62.84,83.34,997.23,11.08,0.0,186.23,1207.63
WTG_08,33,8.33,13.8,199.31,72.09,63.44,81.93,1041.45,11.57,0.0,184.72,1245.74
WTG_08,34,11.07,14.99,185.24,76.94,64.64,97.1,1366.67,15.19,0.0,183.34,2000.0
WTG_08,35,4.82,12.73,180.25,64.05,61.69,61.64,634.4,7.05,0.0,184.55,257.56
WTG_08,36,6.09,24.53,182.95,66.15,62.99,78.69,803.3,8.93,0.0,185.59,521.86
WTG_08,37,8.05,11.25,201.01,70.96,63.56,79.1,1023.69,11.37,0.0,182.09,1138.45
WTG_08,38,12.73,23.32,174.19,80.03,65.15,103.93,1610.92,17.9,1.81,180.59,2000.0
WTG_08,39,9.53,22.1,170.56,75.9,64.6,100.94,1197.07,13.3,0.0,184.55,1896.26
WTG_08,40,7.92,21.94,186.59,70.14,64.11,88.32,970.57,10.78,0.0,185.31,1099.47
WTG_08,41,8.14,14.34,183.88,71.27,63.86,82.7,1038.44,11.54,0.0,182.03,1170.82
WTG_08,42,10.23,16.03,172.87,78.89,64.13,100.25,1324.09,14.71,0.0,182.97,2000.0
WTG_08,43,10.99,14.22,168.21,78.67,64.97,96.44,1383.95,15.38,0.0,184.06,2000.0
WTG_08,44,6.37,18.56,185.11,66.9,61.07,73.57,803.52,8.93,0.0,182.59,575.55
WTG_08,45,8.6,17.72,194.01,72.78,63.33,89.25,1089.92,12.11,0.0,183.62,1419.33
WTG_08,46,9.25,16.98,200.89,74.94,64.65,96.58,1183.05,13.15,0.0,185.25,1756.7
WTG_08,47,7.72,16.67,161.15,69.26,63.85,80.55,995.35,11.06,0.0,184.11,995.95
WTG_08,48,7.56,12.97,188.04,68.63,63.15,77.71,936.62,10.41,0.0,183.89,958.1
WTG_08,49,7.0,20.0,182.77,68.72,63.42,79.04,867.84,9.64,0.0,181.73,755.06
WTG_08,50,10.84,19.91,160.6,77.94,63.76,103.63,1338.65,14.87,0.0,185.37,2000.0
WTG_08,51,7.23,14.31,186.29,67.46,62.93,74.49,913.3,10.15,0.0,181.31,827.53
WTG_08,52,11.48,13.75,204.79,78.01,65.05,97.67,1449.1,16.1,0.0,186.71,2000.0
WTG_08,53,9.98,17.28,209.34,78.69,65.02,99.37,1253.95,13.93,0.0,184.0,2000.0
WTG_08,54,8.14,20.42,192.97,70.02,62.52,87.29,1002.67,11.14,0.0,182.62,1187.32
WTG_08,55,4.73,13.25,162.38,64.82,62.72,63.3,582.09,6.47,0.0,184.08,240.07
WTG_08,56,8.74,17.6,206.37,72.07,64.44,91.01,1111.78,12.35,0.0,182.57,1469.39
WTG_08,57,9.57,17.47,177.63,78.64,64.68,98.28,1212.69,13.47,0.0,184.93,1909.56
WTG_08,58,10.96,15.02,178.22,78.27,64.91,97.16,1339.7,14.89,0.0,184.01,2000.0
WTG_08,59,7.67,12.2,171.7,69.59,63.93,76.89,1007.76,11.2,0.0,183.14,990.5
WTG_08,60,11.77,17.12,185.84,76.64,65.45,100.36,1474.8,16.39,0.0,185.0,2000.0
WTG_08,61,10.37,14.32,194.76,77.57,64.62,97.97,1319.41,14.66,0.0,183.46,2000.0
WTG_08,62,6.61,16.36,208.57,67.04,61.93,74.63,809.3,8.99,0.0,182.38,656.3
WTG_08,63,9.23,10.65,206.48,75.71,64.77,87.95,1158.25,12.87,0.0,184.72,1723.24
WTG_08,64,8.94,18.35,174.39,74.86,64.85,92.11,1144.9,12.72,0.0,183.53,1579.67
WTG_08,65,11.77,17.86,188.71,76.25,65.45,100.95,1485.39,16.5,0.0,184.0,2000.0
WTG_08,66,13.0,15.66,211.32,79.01,66.65,98.5,1631.54,18.13,2.5,182.52,2000.0
WTG_08,67,8.48,19.02,207.51,72.3,63.43,88.67,1044.57,11.61,0.0,185.8,1337.58
WTG_08,68,7.0,18.54,169.1,66.02,63.92,77.19,897.01,9.97,0.0,185.34,745.64
WTG_08,69,11.72,17.55,192.84,78.97,65.2,100.32,1478.76,16.43,0.0,183.42,2000.0
WTG_08,70,8.43,20.56,185.54,73.68,63.87,92.08,1053.56,11.71,0.0,181.91,1314.05
WTG_08,71,7.39,16.07,185.87,69.09,64.04,76.58,917.78,10.2,0.0,184.73,884.52
WTG_08,72,10.85,14.1,175.37,78.96,65.02,95.67,1373.15,15.26,0.0,181.64,2000.0
WTG_08,73,5.27,17.58,186.44,64.62,63.35,68.56,673.88,7.49,0.0,181.09,341.85
WTG_08,74,10.98,20.9,191.2,77.51,65.91,103.45,1396.12,15.51,0.0,184.26,2000.0
WTG_08,75,15.51,22.09,182.1,76.28,66.07,104.17,1800.0,20.0,8.77,183.09,2000.0
WTG_08,76,9.69,14.55,203.39,78.75,64.12,96.29,1246.15,13.85,0.0,184.87,1996.49
WTG_08,77,9.67,19.57,215.31,78.01,65.61,102.37,1229.84,13.66,0.0,181.5,2000.0
WTG_08,78,11.08,17.85,218.91,76.69,65.72,100.65,1406.26,15.63,0.0,182.05,2000.0
WTG_08,79,12.51,12.83,193.23,77.74,65.69,95.78,1565.37,17.39,1.28,181.76,2000.0
WTG_08,80,11.57,20.66,173.18,78.06,64.53,102.92,1482.97,16.48,0.0,180.35,2000.0
WTG_08,81,9.45,21.39,177.25,76.46,64.86,104.0,1190.78,13.23,0.0,184.26,1871.35
WTG_08,82,6.42,17.9,199.06,66.89,62.97,73.51,818.19,9.09,0.0,183.97,566.64
WTG_08,83,13.41,15.02,195.09,78.11,65.92,97.36,1688.13,18.76,3.52,183.81,2000.0
WTG_08,84,9.33,20.48,164.46,76.61,64.99,100.79,1194.7,13.27,0.0,182.82,1805.49
WTG_08,85,9.58,19.94,180.65,76.79,65.62,101.53,1209.55,13.44,0.0,181.88,1903.99
WTG_08,86,5.92,28.09,178.08,65.13,63.14,82.35,736.4,8.18,0.0,181.29,464.39
WTG_08,87,9.13,19.3,172.84,74.73,64.79,96.62,1159.15,12.88,0.0,182.51,1682.1
WTG_08,88,8.35,19.58,179.94,71.69,63.21,87.23,1062.76,11.81,0.0,183.22,1269.7
WTG_08,89,4.11,19.31,187.63,63.84,61.79,67.37,551.94,6.13,0.0,182.34,161.96
WTG_08,90,8.91,15.66,197.56,74.09,64.87,92.71,1115.84,12.4,0.0,185.6,1573.68
WTG_08,91,6.85,22.61,155.78,68.26,63.75,81.19,835.24,9.28,0.0,181.24,716.52
WTG_08,92,4.48,14.55,198.95,63.97,63.6,65.42,580.04,6.44,0.0,184.31,202.34
WTG_08,93,11.89,19.4,196.47,77.7,66.62,103.21,1484.19,16.49,0.0,182.22,2000.0
WTG_08,94,10.76,22.49,176.33,78.21,66.22,105.7,1350.51,15.01,0.0,183.7,2000.0
WTG_08,95,7.64,21.4,188.55,69.36,63.45,85.34,975.84,10.84,0.0,185.46,992.48
WTG_08,96,12.39,18.4,230.7,79.23,66.05,100.82,1538.07,17.09,0.99,183.37,2000.0
WTG_08,97,15.69,14.66,178.72,79.18,68.1,96.69,1800.0,20.0,9.22,183.65,2000.0
WTG_08,98,10.93,15.27,200.93,76.56,65.7,99.41,1384.48,15.38,0.0,184.28,2000.0
WTG_08,99,11.02,13.17,211.31,78.4,66.82,97.24,1401.41,15.57,0.0,182.91,2000.0
WTG_08,100,6.88,17.09,177.21,66.74,63.09,76.14,834.79,9.28,0.0,180.45,718.41
WTG_08,101,11.55,17.54,155.64,78.57,66.32,101.28,1470.02,16.33,0.0,183.46,2000.0
WTG_08,102,7.65,15.01,174.4,70.92,63.77,79.43,966.23,10.74,0.0,182.27,995.12
WTG_08,103,7.74,10.29,187.38,70.21,64.31,78.1,969.9,10.78,0.0,183.7,1019.53
WTG_08,104,7.81,17.11,188.69,70.54,63.84,83.44,986.48,10.96,0.0,182.1,1049.04
WTG_08,105,10.43,17.13,163.44,78.7,64.16,100.18,1295.16,14.39,0.0,181.9,2000.0
WTG_08,106,8.38,21.52,206.41,72.6,64.75,91.82,1042.92,11.59,0.0,183.09,1295.9
WTG_08,107,6.17,18.91,169.65,65.18,61.93,73.58,762.94,8.48,0.0,180.96,517.42
WTG_08,108,6.91,15.9,195.4,68.68,64.88,76.58,906.29,10.07,0.0,181.15,717.34
WTG_08,109,11.18,23.16,213.86,78.86,65.51,105.55,1437.26,15.97,0.0,183.0,2000.0
WTG_08,110,9.5,18.68,183.88,77.65,65.29,101.24,1241.42,13.79,0.0,183.78,1910.45
WTG_08,111,10.21,18.46,169.84,79.59,65.65,103.49,1321.23,14.68,0.0,180.25,2000.0
WTG_08,112,7.41,17.44,177.45,70.54,65.22,80.98,924.23,10.27,0.0,181.91,915.15
WTG_08,113,5.73,22.19,188.88,68.33,63.59,75.44,725.56,8.06,0.0,180.37,405.64
WTG_08,114,10.32,14.99,184.63,78.89,66.85,98.35,1272.92,14.14,0.0,178.76,2000.0
WTG_08,115,8.44,23.21,200.66,73.18,64.1,93.64,1083.53,12.04,0.0,181.11,1331.44
WTG_08,116,10.59,17.68,164.61,77.66,66.25,99.56,1339.48,14.88,0.0,180.64,2000.0
WTG_08,117,5.79,20.74,216.67,65.76,64.14,75.81,748.75,8.32,0.0,180.14,442.61
WTG_08,118,11.69,19.73,188.52,79.96,67.8,103.54,1487.73,16.53,0.0,181.42,2000.0
WTG_08,119,7.77,18.07,212.16,71.34,64.56,83.88,960.31,10.67,0.0,178.87,1012.68
WTG_08,120,12.85,18.82,228.7,79.29,68.1,102.28,1626.95,18.08,2.13,182.62,2000.0
WTG_08,121,10.09,20.38,178.47,80.38,67.09,104.98,1283.37,14.26,0.0,182.04,2000.0
WTG_08,122,6.6,17.21,185.36,67.48,63.71,78.48,848.98,9.43,0.0,180.99,636.68
WTG_08,123,10.69,18.09,188.56,78.98,67.2,102.03,1368.39,15.2,0.0,179.47,2000.0
WTG_08,124,6.18,20.06,181.88,68.03,64.44,77.74,799.07,8.88,0.0,184.34,519.68
WTG_08,125,10.41,20.06,209.18,78.58,65.55,104.02,1301.74,14.46,0.0,183.36,2000.0
WTG_08,126,8.65,14.88,203.99,74.32,65.05,89.07,1060.15,11.78,0.0,183.2,1395.43
WTG_08,127,8.75,17.17,181.06,74.52,65.37,90.31,1100.05,12.22,0.0,180.37,1433.58
WTG_08,128,8.25,17.97,205.74,73.92,65.36,90.74,1047.54,11.64,0.0,180.19,1249.86
WTG_08,129,6.72,17.39,192.0,70.3,64.36,75.82,848.87,9.43,0.0,181.6,652.52
WTG_08,130,11.74,24.44,157.03,79.09,66.85,108.21,1492.93,16.59,0.0,180.3,2000.0
WTG_08,131,6.34,21.74,191.51,67.47,64.91,79.28,744.39,8.27,0.0,180.93,550.79
WTG_08,132,10.61,22.23,197.21,80.83,68.86,107.2,1324.74,14.72,0.0,181.47,2000.0
WTG_08,133,12.76,11.15,207.61,79.31,66.68,97.18,1614.58,17.94,1.9,179.37,2000.0
WTG_08,134,10.03,11.49,214.32,79.61,65.93,95.12,1260.1,14.0,0.0,182.44,2000.0
WTG_08,135,8.09,19.19,182.88,71.78,65.05,90.2,1019.13,11.32,0.0,179.56,1168.26
WTG_08,136,11.26,19.31,201.27,79.44,66.56,104.07,1429.66,15.89,0.0,182.59,2000.0
WTG_08,137,5.61,16.75,170.98,68.16,65.5,69.87,696.41,7.74,0.0,178.37,386.61
WTG_08,138,8.59,21.05,169.76,76.2,65.68,93.18,1075.13,11.95,0.0,182.13,1407.89
WTG_08,139,6.7,20.15,180.41,70.43,64.12,79.56,845.82,9.4,0.0,182.9,665.87
WTG_08,140,9.58,14.56,204.84,79.08,67.29,97.89,1188.95,13.21,0.0,176.42,1936.51
WTG_08,141,7.88,15.33,190.44,72.04,65.79,82.46,1002.73,11.14,0.0,180.41,1058.18
WTG_08,142,10.34,18.05,210.7,81.46,66.38,106.03,1286.32,14.29,0.0,181.68,2000.0
WTG_08,143,6.95,20.34,198.75,71.07,66.39,83.74,848.96,9.43,0.0,180.67,760.3
WTG_08,144,11.7,12.66,224.16,79.2,67.96,97.44,1487.57,16.53,0.0,180.84,2000.0
WTG_08,145,6.54,12.91,186.39,70.25,65.07,72.28,882.36,9.8,0.0,180.16,597.81
WTG_08,146,8.84,18.23,199.67,76.65,66.8,94.78,1087.55,12.08,0.0,180.68,1520.24
WTG_08,147,7.37,15.79,199.38,71.18,65.52,80.6,909.86,10.11,0.0,178.46,871.53
WTG_08,148,10.56,16.91,200.86,81.43,67.5,103.45,1308.94,14.54,0.0,181.68,2000.0
WTG_08,149,6.65,10.77,209.57,71.39,64.92,72.73,849.77,9.44,0.0,179.23,663.87
WTG_08,150,11.42,25.34,195.41,79.02,68.93,113.02,1424.97,15.83,0.0,181.03,2000.0
WTG_08,151,8.25,21.15,199.69,75.33,67.01,93.7,1018.51,11.32,0.0,179.62,1252.23
WTG_08,152,9.88,16.86,204.31,81.87,66.7,104.01,1280.4,14.23,0.0,180.08,2000.0
WTG_08,153,11.69,16.3,210.07,82.02,67.48,103.09,1459.84,16.22,0.0,178.89,2000.0
WTG_08,154,10.22,18.16,192.04,80.54,67.27,103.42,1276.97,14.19,0.0,180.4,2000.0
WTG_08,155,11.59,19.57,183.95,81.93,67.93,106.25,1430.07,15.89,0.0,176.66,2000.0
WTG_08,156,7.02,19.55,194.03,70.54,66.52,82.69,888.52,9.87,0.0,178.65,779.72
WTG_08,157,9.73,12.94,185.91,82.26,66.49,99.07,1218.0,13.53,0.0,178.58,2000.0
WTG_08,158,8.62,19.66,177.19,77.28,67.3,94.95,1082.95,12.03,0.0,180.52,1404.79
WTG_08,159,7.68,14.8,204.74,74.9,66.53,82.0,958.53,10.65,0.0,178.26,995.72
WTG_08,160,8.23,21.07,175.48,75.79,68.07,93.65,1085.56,12.06,0.0,179.4,1216.28
WTG_08,161,9.18,20.53,189.72,79.46,67.47,101.97,1144.49,12.72,0.0,177.88,1673.37
WTG_08,162,12.1,17.34,186.88,84.15,70.12,103.43,1517.62,16.86,0.25,178.59,2000.0
WTG_08,163,7.04,16.42,191.71,71.94,67.04,80.95,885.49,9.84,0.0,177.08,780.79
WTG_08,164,7.65,15.56,206.35,73.46,66.72,83.45,956.91,10.63,0.0,177.84,1010.53
WTG_08,165,7.65,16.59,211.87,74.16,67.51,85.83,961.17,10.68,0.0,179.14,980.14
WTG_08,166,10.13,21.75,186.41,82.26,70.77,110.57,1274.47,14.16,0.0,179.35,2000.0
WTG_08,167,8.28,17.73,208.18,75.8,67.81,91.51,1070.53,11.89,0.0,178.79,1236.76
WTG_08,168,10.79,19.82,185.4,83.17,69.12,106.6,1356.69,15.07,0.0,181.04,2000.0
WTG_08,169,3.0,17.75,216.62,67.36,64.59,68.38,540.0,6.0,0.0,177.29,61.88
WTG_08,170,8.79,12.61,196.7,78.88,67.76,92.29,1117.8,12.42,0.0,178.28,1516.02
WTG_08,171,8.59,16.49,190.23,78.1,67.88,93.48,1093.78,12.15,0.0,175.46,1392.93
WTG_08,172,7.54,18.19,186.05,74.19,67.69,86.1,942.78,10.48,0.0,176.2,954.08
WTG_08,173,8.98,20.53,174.27,79.54,69.29,103.6,1146.46,12.74,0.0,177.66,1589.59
WTG_08,174,7.77,18.74,203.72,75.46,68.55,89.33,953.99,10.6,0.0,177.68,1016.46
WTG_08,175,8.07,22.32,224.82,76.17,69.09,95.63,1005.84,11.18,0.0,176.78,1139.46
WTG_08,176,3.22,15.23,214.17,67.36,67.33,66.35,540.0,6.0,0.0,175.97,73.91
WTG_08,177,9.39,16.59,206.74,81.52,69.46,102.5,1155.63,12.84,0.0,176.54,1805.67
WTG_08,178,6.7,15.61,214.39,73.1,67.52,80.05,880.62,9.78,0.0,173.61,670.91
WTG_08,179,12.28,20.24,197.04,82.37,70.58,109.95,1527.0,16.97,0.71,174.92,2000.0
WTG_08,180,8.9,27.32,171.18,79.64,69.68,108.8,1107.48,12.31,0.0,175.9,1546.95
WTG_08,181,9.34,10.81,205.19,83.36,69.69,96.52,1180.38,13.12,0.0,175.62,1782.42
WTG_08,182,4.87,13.95,194.05,70.07,68.16,70.0,631.74,7.02,0.0,174.12,247.78
WTG_08,183,7.3,15.03,181.99,74.1,69.18,83.27,935.43,10.39,0.0,175.19,864.94
WTG_08,184,9.08,12.08,168.52,81.14,69.49,95.37,1144.91,12.72,0.0,172.7,1643.14
WTG_08,185,9.07,7.77,187.42,82.2,69.95,89.85,1133.45,12.59,0.0,177.87,1611.16
WTG_08,186,9.55,19.39,194.98,81.49,69.03,106.63,1193.28,13.26,0.0,171.27,1919.09
WTG_08,187,10.11,14.84,215.75,84.37,71.41,104.84,1269.1,14.1,0.0,176.34,2000.0
WTG_08,188,11.33,15.04,188.95,83.36,70.94,103.01,1414.24,15.71,0.0,172.59,2000.0
WTG_08,189,9.76,11.71,215.36,86.31,71.26,101.64,1236.65,13.74,0.0,171.6,2000.0
WTG_08,190,4.82,25.06,173.63,70.19,69.45,83.09,600.24,6.67,0.0,174.24,261.89
WTG_08,191,7.79,13.53,206.54,78.11,69.77,87.05,987.67,10.97,0.0,175.1,1046.27
WTG_08,192,9.55,15.59,201.71,83.52,70.86,104.64,1163.73,12.93,0.0,173.65,1917.87
WTG_08,193,4.65,20.07,210.14,70.07,69.3,77.37,564.75,6.28,0.0,173.09,197.76
WTG_08,194,8.15,14.56,201.57,79.27,70.65,90.39,1051.37,11.68,0.0,175.28,1176.71
WTG_08,195,11.01,17.28,210.61,84.93,71.22,108.53,1352.35,15.03,0.0,174.74,2000.0
WTG_08,196,8.01,21.01,210.55,79.69,71.55,96.42,974.12,10.82,0.0,173.01,1137.77
WTG_08,197,8.97,17.09,182.0,82.49,71.43,102.51,1113.64,12.37,0.0,172.86,1597.26
WTG_08,198,5.82,26.3,193.37,73.35,70.02,88.45,724.21,8.05,0.0,174.01,435.39
WTG_08,199,11.47,24.76,227.46,85.19,73.61,117.3,1407.28,15.64,0.0,171.27,2000.0
WTG_08,200,5.84,14.87,186.01,72.99,70.76,78.37,757.42,8.42,0.0,171.97,437.24
WTG_08,201,11.82,19.88,205.97,87.0,73.45,112.58,1453.91,16.15,0.0,173.07,2000.0
WTG_08,202,9.92,20.89,204.89,86.63,72.67,113.85,1262.35,14.03,0.0,170.09,2000.0
WTG_08,203,5.14,20.01,208.66,73.81,70.89,81.83,646.92,7.19,0.0,169.81,303.73
WTG_08,204,13.11,19.29,214.43,86.47,74.09,113.69,1662.96,18.48,2.79,170.1,2000.0
WTG_08,205,5.87,19.72,226.79,75.51,70.86,83.06,724.16,8.05,0.0,170.83,465.91
WTG_08,206,7.02,22.8,200.1,76.99,71.98,94.34,893.48,9.93,0.0,171.01,769.17
WTG_08,207,8.34,20.76,181.2,82.56,73.77,101.24,1010.63,11.23,0.0,172.15,1278.53
WTG_08,208,12.3,18.13,191.18,88.84,75.24,111.91,1535.81,17.06,0.74,172.57,2000.0
WTG_08,209,10.13,17.13,203.56,89.24,73.72,109.94,1283.87,14.27,0.0,170.95,2000.0
WTG_08,210,8.27,12.63,210.97,80.12,72.86,93.5,977.25,10.86,0.0,171.36,1249.28
WTG_08,211,11.02,13.78,203.95,88.11,74.18,107.33,1376.05,15.29,0.0,170.52,2000.0
WTG_08,212,10.37,14.56,198.43,88.33,74.58,110.51,1303.77,14.49,0.0,170.0,2000.0
WTG_08,213,7.72,17.95,185.35,78.21,73.12,95.51,957.19,10.64,0.0,170.18,1020.63
WTG_08,214,11.15,19.34,231.28,89.32,74.7,115.72,1382.92,15.37,0.0,170.25,2000.0
WTG_08,215,5.27,19.45,210.62,75.92,72.81,82.79,693.47,7.71,0.0,168.59,319.4
WTG_08,216,3.52,16.11,225.17,74.15,72.54,78.26,540.0,6.0,0.0,168.26,108.45
WTG_08,217,7.96,22.35,200.49,82.49,73.98,101.43,998.23,11.09,0.0,167.37,1124.49
WTG_08,218,5.13,22.45,195.44,76.14,72.88,85.48,615.7,6.84,0.0,169.26,323.75
WTG_08,219,7.67,15.88,208.11,80.36,74.45,93.09,968.87,10.77,0.0,172.05,978.96
WTG_08,220,3.38,18.59,177.65,74.93,73.33,80.42,540.0,6.0,0.0,168.26,78.56
WTG_08,221,11.46,23.5,205.97,90.05,76.06,120.6,1465.49,16.28,0.0,168.16,2000.0
WTG_08,222,9.89,22.56,215.81,90.36,75.1,119.41,1219.68,13.55,0.0,166.02,2000.0
WTG_08,223,9.24,13.93,208.33,87.02,74.91,106.9,1145.16,12.72,0.0,169.05,1738.37
WTG_08,224,11.28,21.03,224.62,91.42,77.61,116.56,1438.47,15.98,0.0,165.86,2000.0
WTG_08,225,12.95,17.48,185.39,90.56,78.52,115.52,1646.94,18.3,2.37,166.43,2000.0
WTG_08,226,9.83,17.3,216.31,90.74,76.72,114.05,1212.74,13.47,0.0,168.59,2000.0
WTG_08,227,7.15,22.24,211.78,80.25,75.21,101.22,904.2,10.05,0.0,166.39,806.34
WTG_08,228,10.03,10.33,199.15,91.95,76.76,107.96,1256.97,13.97,0.0,163.59,2000.0
WTG_08,229,6.24,14.07,197.76,78.55,74.79,85.12,776.76,8.63,0.0,167.71,523.96
WTG_08,230,13.0,26.0,206.95,91.64,79.4,124.69,1637.2,18.19,2.5,165.66,2000.0
WTG_08,231,7.18,21.86,188.32,81.94,76.71,98.74,892.86,9.92,0.0,163.5,808.27
WTG_08,232,7.7,18.56,206.32,84.89,76.52,98.2,952.59,10.58,0.0,166.68,1003.3
WTG_08,233,10.57,16.34,204.73,93.13,79.47,116.85,1325.65,14.73,0.0,164.76,2000.0
WTG_08,234,8.21,7.35,226.95,87.4,78.04,91.36,1022.23,11.36,0.0,165.57,1229.13
WTG_08,235,7.81,17.64,201.7,85.51,76.77,98.22,973.3,10.81,0.0,165.15,1044.62
WTG_08,236,9.72,10.55,209.7,92.84,78.81,109.94,1221.73,13.57,0.0,161.98,2000.0
WTG_08,237,7.58,14.22,187.17,84.51,78.47,97.65,935.35,10.39,0.0,162.96,965.89
WTG_08,238,14.04,20.17,206.23,93.38,80.2,121.97,1768.26,19.65,5.11,165.47,2000.0
WTG_08,239,9.54,19.01,218.34,95.28,80.14,118.2,1203.72,13.37,0.0,163.86,1926.04
WTG_08,240,7.33,17.12,228.66,86.02,77.66,95.31,905.7,10.06,0.0,160.05,860.66
WTG_08,241,7.48,17.84,199.55,85.44,78.1,99.6,933.03,10.37,0.0,162.15,921.2
WTG_08,242,11.54,26.08,172.57,95.73,80.4,127.73,1463.36,16.26,0.0,159.72,2000.0
WTG_08,243,11.56,18.54,221.2,95.54,80.69,121.49,1449.16,16.1,0.0,162.11,2000.0
WTG_08,244,9.27,15.57,209.77,94.58,80.94,113.02,1154.01,12.82,0.0,161.43,1752.42
WTG_08,245,7.66,19.13,190.75,87.7,79.26,101.45,953.21,10.59,0.0,160.94,1016.46
WTG_08,246,14.46,15.72,198.83,97.49,83.6,119.6,1800.0,20.0,6.16,163.53,2000.0
WTG_08,247,13.26,18.31,200.51,95.8,82.3,120.67,1666.05,18.51,3.16,156.4,2000.0
WTG_08,248,11.61,7.36,210.12,96.12,82.37,110.7,1480.82,16.45,0.0,159.55,2000.0
WTG_08,249,8.21,15.25,222.74,90.28,80.36,105.01,1050.53,11.67,0.0,159.2,1216.58
WTG_08,250,8.17,19.03,206.27,91.28,80.52,111.89,1014.78,11.28,0.0,157.59,1215.32
WTG_08,251,10.54,20.25,215.9,97.08,82.8,123.26,1358.74,15.1,0.0,158.87,2000.0
WTG_08,252,10.0,15.17,237.95,96.86,81.85,119.42,1264.96,14.06,0.0,158.82,2000.0
WTG_08,253,10.07,19.8,215.46,98.31,81.97,125.16,1276.58,14.18,0.0,156.27,2000.0
WTG_08,254,9.05,12.37,201.89,94.78,82.19,109.66,1138.98,12.66,0.0,158.99,1613.18
WTG_08,255,8.13,22.5,208.58,90.55,82.39,113.23,1017.5,11.31,0.0,155.98,1168.22
WTG_08,256,5.98,20.8,216.76,86.58,80.72,97.47,738.47,8.21,0.0,158.11,467.46
WTG_08,257,6.77,18.28,207.17,87.05,82.29,100.01,831.76,9.24,0.0,156.67,698.08
WTG_08,258,8.41,13.47,201.31,93.07,81.84,106.52,1068.67,11.87,0.0,155.03,1306.5
WTG_08,259,11.1,16.45,213.51,100.08,84.11,124.65,1384.05,15.38,0.0,155.44,2000.0
WTG_08,260,12.45,30.73,212.65,99.89,84.65,137.68,1544.13,17.16,1.13,154.73,2000.0
WTG_08,261,9.88,14.34,190.52,100.39,84.67,123.07,1224.31,13.6,0.0,153.93,2000.0
WTG_08,262,7.14,19.37,219.54,91.21,84.81,105.26,916.84,10.19,0.0,156.36,782.64
WTG_08,263,10.31,13.51,220.31,100.04,85.75,124.55,1305.87,14.51,0.0,156.93,2000.0
WTG_08,264,4.0,18.0,228.73,85.43,83.52,92.37,540.0,6.0,0.0,154.64,133.29
WTG_08,265,8.51,25.0,201.8,95.67,84.89,121.76,1087.91,12.09,0.0,151.0,1324.0
WTG_08,266,13.09,18.67,240.34,101.43,88.08,129.12,1663.2,18.48,2.72,153.8,2000.0
WTG_08,267,14.66,22.63,197.21,101.88,88.6,131.06,1800.0,20.0,6.64,153.97,2000.0
WTG_08,268,8.07,26.9,210.33,94.82,86.99,123.99,1014.36,11.27,0.0,153.32,1161.99
WTG_08,269,10.67,15.65,206.77,103.63,86.28,124.36,1353.97,15.04,0.0,154.43,2000.0
WTG_08,270,10.95,14.23,209.34,101.87,87.98,126.54,1383.53,15.37,0.0,148.81,2000.0
WTG_08,271,7.79,13.36,195.65,96.57,86.66,106.13,988.26,10.98,0.0,148.13,1020.26
WTG_08,272,9.35,18.22,187.33,101.65,87.57,127.43,1160.83,12.9,0.0,150.32,1826.81
WTG_08,273,12.38,15.07,200.92,102.98,89.3,128.71,1552.86,17.25,0.96,148.36,2000.0
WTG_08,274,8.53,21.05,237.09,98.46,88.69,122.64,1091.61,12.13,0.0,149.72,1362.03
WTG_08,275,8.48,26.07,235.46,98.2,88.18,128.05,1075.63,11.95,0.0,146.36,1345.03
WTG_08,276,10.51,20.75,217.96,104.2,90.72,135.76,1311.93,14.58,0.0,149.38,2000.0
WTG_08,277,9.08,17.97,203.0,103.86,89.11,124.61,1110.67,12.34,0.0,148.77,1649.34
WTG_08,278,8.45,14.02,191.01,99.84,89.0,115.94,1065.18,11.84,0.0,147.69,1304.82
WTG_08,279,6.37,18.62,223.57,94.58,88.13,106.24,793.12,8.81,0.0,147.77,592.76
WTG_08,280,8.77,12.86,231.88,101.27,90.5,120.0,1098.6,12.21,0.0,148.93,1506.23
WTG_08,281,10.0,21.99,215.13,105.58,89.82,137.72,1241.51,13.79,0.0,145.68,2000.0
WTG_08,282,12.97,24.74,249.27,107.51,92.14,139.88,1610.18,17.89,2.44,145.52,2000.0
WTG_08,283,8.82,20.65,181.1,102.59,91.86,127.24,1118.52,12.43,0.0,145.12,1506.03
WTG_08,284,8.3,24.25,210.03,99.93,91.09,127.51,1044.74,11.61,0.0,146.4,1271.86
WTG_08,285,9.73,13.48,183.62,107.65,91.4,130.62,1237.99,13.76,0.0,144.57,2000.0
WTG_08,286,5.95,21.08,197.89,95.94,89.59,110.41,774.9,8.61,0.0,144.14,465.71
WTG_08,287,9.43,23.27,221.75,106.96,91.46,138.11,1207.99,13.42,0.0,140.89,1807.47
WTG_08,288,11.63,24.28,206.04,110.72,95.07,143.23,1472.0,16.36,0.0,145.65,2000.0
WTG_08,289,6.59,15.26,222.94,99.27,92.54,106.74,830.33,9.23,0.0,143.76,638.61
WTG_08,290,7.42,19.02,202.33,101.54,92.48,117.25,927.4,10.3,0.0,141.74,889.71
WTG_08,291,10.47,14.58,232.95,110.22,94.68,134.14,1307.23,14.52,0.0,141.38,2000.0
WTG_08,292,11.71,8.91,200.56,111.71,94.79,129.01,1460.09,16.22,0.0,142.05,2000.0
WTG_08,293,7.04,8.85,170.92,100.93,93.38,105.67,911.08,10.12,0.0,140.96,774.57
WTG_08,294,10.81,14.42,213.28,110.95,96.22,135.53,1346.21,14.96,0.0,138.48,2000.0
WTG_08,295,8.79,21.95,191.38,107.89,94.91,134.31,1102.97,12.26,0.0,138.61,1489.7
WTG_08,296,8.57,17.18,236.46,108.85,95.54,127.66,1085.12,12.06,0.0,137.68,1396.12
WTG_08,297,5.92,9.37,222.97,100.03,93.83,103.34,753.82,8.38,0.0,137.73,452.33
WTG_09,1,6.95,12.13,182.21,68.94,61.15,71.77,860.27,9.56,0.0,180.01,731.35
WTG_09,2,12.16,9.95,208.36,78.48,62.62,93.06,1545.1,17.17,0.41,181.04,2000.0
WTG_09,3,10.67,15.09,166.35,79.19,63.25,97.62,1348.06,14.98,0.0,180.1,2000.0
WTG_09,4,10.68,22.88,160.16,81.72,61.94,105.26,1325.1,14.72,0.0,181.02,2000.0
WTG_09,5,11.44,18.68,197.97,80.12,62.48,99.92,1420.24,15.78,0.0,178.11,2000.0
WTG_09,6,6.97,18.01,187.61,68.85,61.32,79.65,872.63,9.7,0.0,179.51,751.56
WTG_09,7,10.2,19.59,182.78,78.82,62.94,102.3,1296.94,14.41,0.0,179.52,2000.0
WTG_09,8,15.11,17.54,184.62,79.55,63.27,100.63,1800.0,20.0,7.77,177.46,2000.0
WTG_09,9,5.75,25.3,162.06,67.79,58.54,76.86,689.83,7.66,0.0,177.91,400.82
WTG_09,10,8.31,16.26,173.79,73.08,61.47,83.65,1081.06,12.01,0.0,180.83,1246.63
WTG_09,11,8.0,19.5,179.48,74.02,60.7,85.09,971.15,10.79,0.0,182.36,1146.19
WTG_09,12,13.73,17.32,177.92,78.96,64.8,99.66,1728.03,19.2,4.31,178.54,2000.0
WTG_09,13,10.24,15.33,180.3,79.78,61.99,97.06,1267.62,14.08,0.0,180.28,2000.0
WTG_09,14,7.48,14.86,198.86,70.68,60.77,77.62,956.84,10.63,0.0,178.9,921.19
WTG_09,15,11.16,19.41,177.55,79.07,61.9,101.53,1396.91,15.52,0.0,181.25,2000.0
WTG_09,16,4.97,16.58,197.66,66.26,60.18,66.29,623.65,6.93,0.0,179.9,274.76
WTG_09,17,11.26,21.76,180.38,80.29,63.21,104.95,1418.04,15.76,0.0,178.48,2000.0
WTG_09,18,8.31,17.11,203.08,73.0,60.75,86.64,1043.13,11.59,0.0,182.45,1282.61
WTG_09,19,8.47,7.75,158.44,73.02,61.21,74.96,1072.65,11.92,0.0,179.53,1314.96
WTG_09,20,6.09,12.0,169.97,68.18,59.75,65.85,747.84,8.31,0.0,179.47,503.45
WTG_09,21,6.23,12.85,157.42,67.09,58.0,67.69,760.99,8.46,0.0,177.71,556.33
WTG_09,22,9.15,17.81,183.04,75.46,61.44,95.31,1152.0,12.8,0.0,182.82,1679.03
WTG_09,23,8.41,17.48,189.81,74.14,60.67,87.17,1085.91,12.07,0.0,181.55,1298.99
WTG_09,24,5.77,15.9,196.72,67.38,59.74,71.33,738.47,8.21,0.0,180.3,438.79
WTG_09,25,3.0,16.87,175.46,64.49,59.64,61.86,540.0,6.0,0.0,179.88,52.63
WTG_09,26,7.06,18.74,170.88,69.24,61.97,77.83,891.05,9.9,0.0,177.19,770.47
WTG_09,27,11.54,22.03,153.02,79.61,62.55,104.55,1441.37,16.02,0.0,178.69,2000.0
WTG_09,28,3.0,26.2,168.27,64.37,59.33,72.42,540.0,6.0,0.0,176.14,57.04
WTG_09,29,6.92,20.98,192.72,68.93,58.37,78.04,854.37,9.49,0.0,182.73,704.29
WTG_09,30,12.61,19.95,187.61,78.96,62.46,102.1,1554.09,17.27,1.53,182.04,2000.0
WTG_09,31,7.65,16.64,194.19,70.37,60.75,79.49,937.78,10.42,0.0,179.62,970.57
WTG_09,32,7.34,13.72,192.34,69.34,60.17,74.97,918.49,10.21,0.0,179.9,878.51
WTG_09,33,10.89,16.28,194.5,78.44,62.85,97.86,1378.38,15.32,0.0,180.06,2000.0
WTG_09,34,8.87,17.17,177.56,76.39,60.97,90.34,1102.21,12.25,0.0,179.89,1508.53
WTG_09,35,11.74,25.73,185.9,78.04,61.44,107.45,1476.29,16.4,0.0,176.95,2000.0
WTG_09,36,11.7,19.69,179.83,78.54,61.4,102.98,1493.8,16.6,0.0,178.87,2000.0
WTG_09,37,9.04,22.01,204.26,75.52,62.63,97.43,1138.42,12.65,0.0,180.21,1630.63
WTG_09,38,7.98,22.8,186.79,72.02,61.66,89.24,1019.54,11.33,0.0,178.64,1124.49
WTG_09,39,6.53,18.6,197.51,67.9,60.74,74.87,851.91,9.47,0.0,181.6,585.07
WTG_09,40,10.64,14.06,168.78,79.32,61.11,95.52,1346.12,14.96,0.0,181.12,2000.0
WTG_09,41,8.13,18.47,200.08,72.19,61.2,86.3,1002.54,11.14,0.0,177.86,1175.29
WTG_09,42,8.99,21.48,156.38,75.32,59.67,97.48,1131.1,12.57,0.0,179.55,1578.18
WTG_09,43,6.98,19.31,168.67,70.83,60.01,79.86,859.26,9.55,0.0,180.61,771.46
WTG_09,44,5.47,14.29,207.67,65.9,60.82,66.38,662.96,7.37,0.0,181.28,393.38
WTG_09,45,12.49,23.56,175.73,78.17,63.16,105.26,1558.0,17.31,1.22,181.7,2000.0
WTG_09,46,7.57,11.03,205.61,71.74,61.4,73.23,957.72,10.64,0.0,179.4,956.58
WTG_09,47,6.22,12.14,193.38,68.56,60.72,68.16,790.48,8.78,0.0,176.95,540.21
WTG_09,48,8.23,21.86,167.28,73.45,61.35,90.64,1038.95,11.54,0.0,180.34,1235.3
WTG_09,49,5.34,20.03,189.17,66.49,58.69,70.92,647.08,7.19,0.0,179.22,356.2
WTG_09,50,7.59,19.17,170.35,71.53,60.9,83.46,976.41,10.85,0.0,179.65,976.9
WTG_09,51,7.19,22.76,189.86,69.12,61.98,83.0,893.47,9.93,0.0,180.3,811.05
WTG_09,52,10.8,13.14,201.65,78.97,62.97,93.17,1350.24,15.0,0.0,178.3,2000.0
WTG_09,53,8.27,9.88,194.31,73.03,61.7,75.83,1047.15,11.63,0.0,178.15,1227.67
WTG_09,54,8.16,18.09,184.52,73.41,60.15,85.84,1044.45,11.61,0.0,179.59,1203.5
WTG_09,55,12.66,18.7,175.46,78.57,62.96,100.91,1609.9,17.89,1.64,181.89,2000.0
WTG_09,56,9.51,20.91,178.2,78.23,61.79,100.41,1204.05,13.38,0.0,178.9,1910.61
WTG_09,57,8.16,13.76,205.53,73.05,61.04,82.95,1013.57,11.26,0.0,176.65,1208.86
WTG_09,58,8.51,13.68,156.38,73.5,61.78,83.94,1050.69,11.67,0.0,179.56,1355.86
WTG_09,59,8.2,17.61,179.62,72.56,60.77,86.1,1017.79,11.31,0.0,180.52,1227.54
WTG_09,60,6.77,21.02,194.07,68.31,60.31,77.5,855.77,9.51,0.0,179.98,675.08
WTG_09,61,11.23,21.51,180.39,78.99,63.05,101.8,1434.17,15.94,0.0,178.15,2000.0
WTG_09,62,9.23,13.97,216.79,77.17,60.91,91.2,1173.46,13.04,0.0,180.41,1743.18
WTG_09,63,7.41,20.68,196.97,71.55,60.59,84.7,933.15,10.37,0.0,181.0,865.99
WTG_09,64,8.48,19.79,156.11,72.6,61.1,90.59,1086.33,12.07,0.0,181.33,1377.75
WTG_09,65,14.26,19.53,218.63,79.52,64.78,101.68,1800.0,20.0,5.66,181.24,2000.0
WTG_09,66,5.92,16.86,177.05,67.78,59.45,68.69,747.88,8.31,0.0,177.98,452.4
WTG_09,67,11.49,14.12,192.67,79.08,64.55,98.6,1441.86,16.02,0.0,179.53,2000.0
WTG_09,68,7.87,30.53,170.62,71.84,59.75,96.22,990.59,11.01,0.0,178.55,1072.57
WTG_09,69,12.59,12.18,187.79,78.6,62.52,96.23,1546.45,17.18,1.47,179.94,2000.0
WTG_09,70,12.23,16.48,196.09,77.82,63.18,99.34,1528.05,16.98,0.58,181.16,2000.0
WTG_09,71,9.54,26.1,189.74,77.78,62.32,106.81,1219.55,13.55,0.0,181.24,1903.67
WTG_09,72,9.88,14.83,203.32,80.31,61.59,98.59,1229.49,13.66,0.0,180.58,2000.0
WTG_09,73,11.13,14.65,190.51,77.67,62.15,96.33,1377.02,15.3,0.0,180.99,2000.0
WTG_09,74,13.81,20.62,231.82,78.58,63.73,102.21,1715.24,19.06,4.52,178.84,2000.0
WTG_09,75,10.55,13.04,170.5,80.1,61.58,94.94,1322.28,14.69,0.0,180.84,2000.0
WTG_09,76,11.0,23.71,194.64,79.09,62.26,104.56,1388.79,15.43,0.0,181.3,2000.0
WTG_09,77,9.53,21.11,145.46,79.63,62.2,101.92,1199.76,13.33,0.0,179.3,1890.5
WTG_09,78,9.99,14.29,186.3,80.49,62.7,95.43,1248.71,13.87,0.0,181.24,2000.0
WTG_09,79,9.47,22.89,192.74,76.84,61.22,103.5,1192.99,13.26,0.0,181.65,1871.43
WTG_09,80,7.62,17.84,163.99,71.78,61.29,83.13,986.86,10.97,0.0,178.72,991.54
WTG_09,81,6.72,22.25,203.01,69.95,60.7,80.54,824.87,9.17,0.0,178.18,658.79
WTG_09,82,10.64,12.32,158.5,79.13,61.98,96.69,1353.93,15.04,0.0,179.62,2000.0
WTG_09,83,8.84,24.78,183.0,75.01,61.34,97.31,1101.51,12.24,0.0,180.19,1529.73
WTG_09,84,9.17,21.87,201.26,76.91,62.11,97.86,1165.38,12.95,0.0,176.38,1702.46
WTG_09,85,11.9,20.7,186.6,78.79,62.39,103.95,1519.35,16.88,0.0,177.52,2000.0
WTG_09,86,7.08,19.16,170.54,69.83,60.17,77.28,880.52,9.78,0.0,177.94,748.45
WTG_09,87,7.95,11.68,217.84,72.26,60.4,77.73,959.34,10.66,0.0,178.67,1100.52
WTG_09,88,12.83,13.52,153.53,79.28,63.8,96.73,1592.61,17.7,2.06,178.91,2000.0
WTG_09,89,7.78,16.46,217.17,72.56,61.03,80.59,992.37,11.03,0.0,180.16,1063.3
WTG_09,90,8.85,17.63,185.86,75.69,60.41,92.26,1077.88,11.98,0.0,178.56,1542.73
WTG_09,91,10.41,21.53,204.39,78.9,61.74,104.24,1308.18,14.54,0.0,179.52,2000.0
WTG_09,92,6.94,13.42,187.57,69.81,61.88,73.08,866.21,9.62,0.0,178.74,717.21
WTG_09,93,8.87,24.16,171.69,76.89,61.32,100.06,1132.26,12.58,0.0,182.41,1515.88
WTG_09,94,8.73,15.12,192.32,73.77,61.14,86.64,1097.23,12.19,0.0,180.63,1459.7
WTG_09,95,11.48,20.96,194.64,80.06,62.32,103.85,1430.84,15.9,0.0,179.57,2000.0
WTG_09,96,13.16,21.41,198.74,79.31,63.34,102.62,1626.75,18.07,2.89,178.15,2000.0
WTG_09,97,8.83,22.46,180.84,75.54,61.46,96.53,1105.38,12.28,0.0,177.75,1541.32
WTG_09,98,10.43,15.39,189.35,78.4,62.96,99.06,1322.12,14.69,0.0,178.8,2000.0
WTG_09,99,10.5,24.57,178.43,79.89,62.92,107.55,1327.19,14.75,0.0,180.52,2000.0
WTG_09,100,6.72,18.66,182.85,68.97,60.85,75.09,824.75,9.16,0.0,178.33,660.38
WTG_09,101,10.81,20.03,203.41,79.15,62.7,104.53,1386.89,15.41,0.0,183.87,2000.0
WTG_09,102,10.16,20.14,201.09,80.3,62.49,102.67,1280.3,14.23,0.0,177.43,2000.0
WTG_09,103,10.83,18.85,179.23,78.22,62.69,102.55,1344.37,14.94,0.0,180.52,2000.0
WTG_09,104,8.02,13.0,199.21,72.94,62.46,79.86,1032.53,11.47,0.0,179.08,1127.62
WTG_09,105,11.6,15.05,171.03,79.27,62.55,97.46,1476.49,16.41,0.0,181.77,2000.0
WTG_09,106,13.16,25.18,206.95,79.39,65.2,107.64,1666.08,18.51,2.89,181.92,2000.0
WTG_09,107,9.14,7.29,200.31,77.96,60.73,82.77,1174.13,13.05,0.0,179.94,1677.75
WTG_09,108,10.19,23.43,200.38,80.04,60.92,106.31,1262.81,14.03,0.0,179.12,2000.0
WTG_09,109,7.36,20.0,173.65,71.54,60.26,80.55,935.28,10.39,0.0,180.02,886.68
WTG_09,110,8.28,29.61,197.88,72.6,61.85,98.39,1044.87,11.61,0.0,179.47,1248.22
WTG_09,111,9.24,18.88,165.01,77.25,62.86,98.39,1178.82,13.1,0.0,177.02,1720.67
WTG_09,112,9.08,19.09,168.59,76.94,61.25,95.85,1157.97,12.87,0.0,180.81,1646.31
WTG_09,113,9.32,15.94,184.76,78.6,61.65,93.61,1178.07,13.09,0.0,180.08,1780.75
WTG_09,114,7.81,21.13,191.51,72.0,60.84,84.76,995.36,11.06,0.0,178.23,1031.28
WTG_09,115,7.64,22.98,182.94,71.54,60.79,86.77,939.6,10.44,0.0,180.97,982.59
WTG_09,116,10.68,20.34,173.84,80.08,62.01,104.33,1397.23,15.52,0.0,178.73,2000.0
WTG_09,117,8.51,11.28,173.08,75.21,62.13,82.52,1080.7,12.01,0.0,178.86,1373.01
WTG_09,118,9.72,21.29,191.87,78.91,62.29,104.47,1246.79,13.85,0.0,179.32,2000.0
WTG_09,119,12.2,21.22,170.44,81.43,63.28,104.13,1565.03,17.39,0.5,179.34,2000.0
WTG_09,120,9.96,18.0,190.0,78.96,62.96,101.64,1278.9,14.21,0.0,178.59,2000.0
WTG_09,121,10.98,17.37,188.77,79.32,63.33,100.48,1379.04,15.32,0.0,177.46,2000.0
WTG_09,122,11.41,16.81,173.88,80.46,62.66,100.09,1477.57,16.42,0.0,178.01,2000.0
WTG_09,123,5.9,20.09,198.38,69.17,60.79,74.79,764.22,8.49,0.0,177.31,451.72
WTG_09,124,7.46,20.08,191.14,71.11,61.36,81.51,943.94,10.49,0.0,180.29,902.87
WTG_09,125,4.75,18.74,218.98,65.06,61.31,70.43,610.73,6.79,0.0,178.04,245.87
WTG_09,126,7.81,23.02,219.54,71.99,59.85,88.16,961.69,10.69,0.0,181.06,1034.22
WTG_09,127,5.4,18.51,183.97,67.77,60.05,71.37,710.35,7.89,0.0,179.63,338.53
WTG_09,128,8.65,14.84,197.65,76.37,62.23,87.79,1082.51,12.03,0.0,178.65,1415.66
WTG_09,129,8.54,17.01,197.96,74.19,62.41,88.47,1086.97,12.08,0.0,177.05,1367.41
WTG_09,130,3.66,19.19,180.56,64.78,59.63,68.56,540.0,6.0,0.0,180.61,96.38
WTG_09,131,12.37,18.1,205.44,79.86,62.67,99.43,1560.05,17.33,0.92,181.66,2000.0
WTG_09,132,10.2,20.18,215.54,79.75,63.07,102.84,1255.0,13.94,0.0,177.33,2000.0
WTG_09,133,5.97,22.6,182.16,67.23,59.5,75.87,742.8,8.25,0.0,179.02,478.6
WTG_09,134,10.24,17.19,199.86,81.78,63.48,101.36,1261.63,14.02,0.0,178.09,2000.0
WTG_09,135,8.4,17.99,213.22,74.38,62.47,88.86,1066.28,11.85,0.0,179.12,1314.16
WTG_09,136,7.14,17.55,177.41,68.52,61.16,77.37,899.21,9.99,0.0,179.78,802.89
WTG_09,137,10.59,16.29,201.94,81.27,62.47,101.24,1345.34,14.95,0.0,178.66,2000.0
WTG_09,138,6.89,16.59,177.31,70.75,60.65,76.48,882.47,9.81,0.0,179.01,696.07
WTG_09,139,9.68,15.64,199.19,79.09,62.19,97.88,1221.74,13.57,0.0,180.82,1971.79
WTG_09,140,9.02,14.89,186.64,76.12,61.67,91.87,1127.13,12.52,0.0,179.19,1608.87
WTG_09,141,8.62,18.01,193.42,75.82,61.0,90.51,1082.25,12.02,0.0,176.63,1416.45
WTG_09,142,10.59,21.07,185.04,80.94,63.53,105.83,1332.11,14.8,0.0,181.08,2000.0
WTG_09,143,5.94,21.55,216.49,67.56,61.42,73.89,721.5,8.02,0.0,181.55,458.45
WTG_09,144,8.72,21.66,193.5,75.28,62.85,94.8,1107.41,12.3,0.0,176.34,1423.23
WTG_09,145,9.15,14.73,180.92,78.69,63.83,91.25,1125.98,12.51,0.0,179.91,1696.58
WTG_09,146,11.08,15.68,180.84,80.42,64.24,100.5,1376.91,15.3,0.0,176.3,2000.0
WTG_09,147,7.03,23.2,183.73,71.11,60.17,81.64,884.49,9.83,0.0,180.27,738.08
WTG_09,148,13.8,16.84,194.1,80.01,64.38,99.05,1755.17,19.5,4.5,179.01,2000.0
WTG_09,149,8.77,16.25,179.87,76.99,62.07,90.12,1088.84,12.1,0.0,177.35,1493.34
WTG_09,150,11.34,18.12,200.52,79.43,62.9,103.09,1435.55,15.95,0.0,177.5,2000.0
WTG_09,151,7.97,13.46,176.86,74.04,61.63,82.31,990.89,11.01,0.0,178.33,1140.82
WTG_09,152,12.39,26.85,210.62,80.43,62.83,110.09,1562.32,17.36,0.96,177.09,2000.0
WTG_09,153,7.31,25.17,212.13,69.9,62.33,88.88,928.75,10.32,0.0,175.12,870.85
WTG_09,154,10.91,12.3,165.85,79.9,64.26,95.97,1398.92,15.54,0.0,178.18,2000.0
WTG_09,155,8.49,19.39,192.1,75.51,62.62,92.93,1072.4,11.92,0.0,177.84,1341.04
WTG_09,156,8.54,18.96,210.07,73.5,62.18,92.28,1056.34,11.74,0.0,177.28,1371.59
WTG_09,157,9.44,15.88,182.81,79.49,63.16,96.03,1207.19,13.41,0.0,178.56,1836.26
WTG_09,158,6.66,20.09,176.08,70.66,61.7,79.78,833.38,9.26,0.0,179.12,646.88
WTG_09,159,10.37,16.67,211.21,80.46,63.66,99.21,1300.3,14.45,0.0,176.92,2000.0
WTG_09,160,5.92,21.15,221.09,68.79,62.42,75.89,742.59,8.25,0.0,177.88,465.23
WTG_09,161,8.15,18.3,233.66,73.19,63.28,86.23,1027.21,11.41,0.0,179.16,1177.29
WTG_09,162,7.3,12.93,205.28,72.02,62.38,75.59,908.54,10.09,0.0,179.16,862.49
WTG_09,163,6.69,8.18,206.9,68.79,60.37,67.22,846.38,9.4,0.0,180.56,650.64
WTG_09,164,8.65,16.55,196.03,75.54,62.89,90.66,1129.58,12.55,0.0,176.46,1436.93
WTG_09,165,10.9,14.73,173.84,80.83,63.26,98.47,1374.5,15.27,0.0,179.69,2000.0
WTG_09,166,10.1,14.17,167.34,80.36,62.9,97.99,1256.48,13.96,0.0,177.84,2000.0
WTG_09,167,10.96,18.0,197.63,81.61,64.39,104.49,1377.11,15.3,0.0,178.82,2000.0
WTG_09,168,7.75,14.38,211.09,72.63,62.63,79.77,962.33,10.69,0.0,179.03,1037.78
WTG_09,169,5.92,19.09,193.93,68.23,61.74,73.55,747.23,8.3,0.0,176.3,449.54
WTG_09,170,8.1,16.41,181.92,74.15,61.8,87.41,1037.69,11.53,0.0,181.4,1165.72
WTG_09,171,7.05,22.9,195.72,71.33,60.57,83.68,917.04,10.19,0.0,177.75,775.6
WTG_09,172,9.5,13.14,186.27,80.1,64.28,95.63,1206.54,13.41,0.0,178.17,1863.49
WTG_09,173,3.95,14.71,228.11,65.87,60.81,65.33,540.0,6.0,0.0,177.77,154.51
WTG_09,174,9.95,14.73,180.36,80.98,64.33,99.56,1238.23,13.76,0.0,178.29,2000.0
WTG_09,175,9.35,13.54,197.76,78.84,62.0,94.98,1180.96,13.12,0.0,178.05,1811.99
WTG_09,176,8.55,18.11,210.78,76.28,62.2,91.02,1069.24,11.88,0.0,177.37,1371.62
WTG_09,177,13.09,16.81,200.7,82.38,66.52,101.67,1666.2,18.51,2.73,176.6,2000.0
WTG_09,178,13.07,21.18,199.03,81.05,65.52,106.69,1672.23,18.58,2.67,177.4,2000.0
WTG_09,179,5.52,14.25,177.53,68.34,63.12,69.77,704.75,7.83,0.0,174.55,352.84
WTG_09,180,5.8,14.89,180.46,69.41,62.53,70.01,701.44,7.79,0.0,176.84,429.8
WTG_09,181,9.89,17.57,210.26,79.97,64.98,101.96,1253.78,13.93,0.0,177.73,2000.0
WTG_09,182,4.21,17.95,199.7,66.66,61.93,70.03,540.0,6.0,0.0,176.12,209.19
WTG_09,183,11.01,17.34,211.43,81.32,65.37,103.92,1423.08,15.81,0.0,175.75,2000.0
WTG_09,184,7.87,20.7,196.42,74.76,62.79,88.74,974.14,10.82,0.0,176.15,1079.51
WTG_09,185,6.26,16.01,199.61,69.97,63.13,73.5,762.45,8.47,0.0,175.09,533.82
WTG_09,186,8.48,15.73,206.88,79.02,63.53,88.02,1061.87,11.8,0.0,174.59,1298.93
WTG_09,187,5.34,17.63,203.74,67.48,60.34,71.77,685.3,7.61,0.0,176.04,338.3
WTG_09,188,5.84,21.31,175.17,69.22,63.02,76.76,747.4,8.3,0.0,179.31,417.84
WTG_09,189,13.79,18.95,207.02,82.17,65.74,102.77,1757.23,19.52,4.49,174.63,2000.0
WTG_09,190,14.96,19.29,195.31,82.34,66.37,105.31,1800.0,20.0,7.39,176.15,2000.0
WTG_09,191,6.59,14.71,187.34,69.77,62.9,74.06,830.07,9.22,0.0,176.88,605.78
WTG_09,192,8.89,28.08,201.1,79.15,63.85,105.92,1112.99,12.37,0.0,177.12,1545.87
WTG_09,193,8.27,18.44,223.28,75.62,62.21,89.9,1046.89,11.63,0.0,178.43,1231.34
WTG_09,194,5.65,18.6,214.18,67.9,62.93,73.17,731.1,8.12,0.0,174.9,415.25
WTG_09,195,11.05,18.63,210.4,82.68,65.61,103.4,1375.93,15.29,0.0,178.08,2000.0
WTG_09,196,8.21,15.56,208.98,77.46,65.1,87.16,1044.91,11.61,0.0,176.9,1204.57
WTG_09,197,9.82,11.8,201.39,81.98,62.92,96.68,1239.67,13.77,0.0,177.57,2000.0
WTG_09,198,13.33,14.23,202.54,82.83,66.3,101.45,1699.1,18.88,3.32,174.2,2000.0
WTG_09,199,6.24,19.12,201.34,69.94,62.06,77.39,785.04,8.72,0.0,175.47,542.8
WTG_09,200,8.29,23.08,211.56,76.1,63.46,94.11,1054.22,11.71,0.0,174.94,1257.01
WTG_09,201,8.89,13.38,202.64,79.71,62.62,90.62,1116.98,12.41,0.0,172.38,1541.16
WTG_09,202,9.6,21.05,179.93,81.91,64.41,105.54,1187.13,13.19,0.0,175.28,1918.76
WTG_09,203,6.57,22.53,204.39,70.77,64.29,83.58,805.99,8.96,0.0,175.57,612.26
WTG_09,204,13.27,23.81,196.94,81.86,67.72,109.23,1664.38,18.49,3.17,176.98,2000.0
WTG_09,205,10.73,16.78,227.65,82.29,65.98,103.63,1323.46,14.71,0.0,173.01,2000.0
WTG_09,206,12.1,19.94,185.07,82.61,66.19,106.17,1518.14,16.87,0.25,174.85,2000.0
WTG_09,207,4.97,19.35,171.83,68.79,62.86,73.44,626.55,6.96,0.0,176.74,242.79
WTG_09,208,11.62,11.56,199.93,82.2,66.07,97.88,1500.19,16.67,0.0,173.61,2000.0
WTG_09,209,11.17,20.34,180.88,81.65,64.85,105.84,1406.09,15.62,0.0,175.2,2000.0
WTG_09,210,7.86,14.16,195.12,76.37,64.26,85.2,1003.2,11.15,0.0,175.73,1071.65
WTG_09,211,7.78,18.37,182.38,75.88,64.08,90.05,974.48,10.83,0.0,174.87,1041.54
WTG_09,212,4.8,22.85,210.31,69.33,64.23,76.99,609.48,6.77,0.0,172.84,236.94
WTG_09,213,3.0,19.54,186.51,66.86,62.36,69.31,540.0,6.0,0.0,176.13,47.26
WTG_09,214,10.43,13.17,185.32,84.08,65.12,101.3,1321.52,14.68,0.0,172.21,2000.0
WTG_09,215,8.49,19.95,170.32,78.78,64.43,95.24,1107.76,12.31,0.0,175.98,1367.54
WTG_09,216,6.19,17.28,215.26,70.2,63.2,76.46,753.46,8.37,0.0,175.47,527.62
WTG_09,217,7.25,18.5,191.39,73.39,65.01,84.43,903.7,10.04,0.0,173.75,856.45
WTG_09,218,5.96,13.42,190.72,71.08,63.8,72.17,747.78,8.31,0.0,175.24,473.92
WTG_09,219,10.61,12.45,197.67,83.65,66.15,99.42,1359.21,15.1,0.0,176.82,2000.0
WTG_09,220,9.09,24.04,202.08,80.37,65.87,105.43,1153.89,12.82,0.0,175.24,1644.88
WTG_09,221,9.94,12.65,190.0,83.97,65.99,101.2,1267.95,14.09,0.0,174.88,2000.0
WTG_09,222,7.34,15.16,194.36,74.62,64.3,81.3,935.29,10.39,0.0,174.68,835.47
WTG_09,223,4.84,17.09,204.63,68.89,63.05,70.73,611.95,6.8,0.0,174.9,248.25
WTG_09,224,8.71,17.79,176.82,78.19,65.27,94.11,1096.99,12.19,0.0,173.34,1463.75
WTG_09,225,6.75,19.52,205.04,73.7,64.5,81.61,873.43,9.7,0.0,175.13,675.05
WTG_09,226,12.11,20.82,204.57,84.57,68.71,107.79,1508.09,16.76,0.27,175.07,2000.0
WTG_09,227,10.37,16.63,223.16,84.09,65.98,104.37,1314.21,14.6,0.0,174.73,2000.0
WTG_09,228,11.47,18.88,191.55,82.68,67.31,106.99,1452.49,16.14,0.0,175.01,2000.0
WTG_09,229,9.96,19.94,195.67,84.29,66.7,106.78,1255.52,13.95,0.0,173.38,2000.0
WTG_09,230,3.97,15.94,203.95,69.7,65.05,68.57,540.0,6.0,0.0,171.06,122.67
WTG_09,231,9.72,13.23,190.82,83.7,66.15,101.36,1241.92,13.8,0.0,172.45,2000.0
WTG_09,232,13.83,15.88,197.38,85.37,68.05,104.0,1772.08,19.69,4.58,171.61,2000.0
WTG_09,233,11.0,22.9,194.3,83.42,66.85,112.42,1379.84,15.33,0.0,171.75,2000.0
WTG_09,234,9.23,12.77,201.24,83.08,67.16,95.26,1153.15,12.81,0.0,172.64,1712.98
WTG_09,235,9.11,10.74,182.54,83.02,65.77,93.74,1171.11,13.01,0.0,172.39,1647.79
WTG_09,236,8.57,25.42,184.79,82.75,65.74,102.48,1090.91,12.12,0.0,173.97,1394.53
WTG_09,237,8.5,16.15,218.06,80.28,66.74,92.54,1066.12,11.85,0.0,172.09,1337.38
WTG_09,238,6.71,20.9,198.4,74.57,65.35,82.74,831.95,9.24,0.0,170.72,646.18
WTG_09,239,8.42,17.18,200.25,78.78,67.42,94.22,1053.53,11.71,0.0,173.28,1289.28
WTG_09,240,10.22,21.62,187.19,84.38,67.79,112.0,1288.79,14.32,0.0,172.01,2000.0
WTG_09,241,13.12,18.85,192.45,85.45,69.36,105.72,1633.87,18.15,2.81,172.55,2000.0
WTG_09,242,7.72,12.42,203.26,78.0,66.12,83.41,992.44,11.03,0.0,173.51,1046.43
WTG_09,243,6.51,20.49,208.71,73.9,65.06,83.07,823.28,9.15,0.0,173.33,582.83
WTG_09,244,12.08,18.86,195.84,84.71,69.31,109.16,1550.37,17.23,0.19,171.02,2000.0
WTG_09,245,9.25,19.77,207.56,84.0,67.54,104.26,1173.83,13.04,0.0,171.35,1733.93
WTG_09,246,8.76,12.22,195.05,80.96,69.03,90.95,1104.33,12.27,0.0,171.02,1456.22
WTG_09,247,6.92,17.53,192.48,76.48,66.63,82.64,867.0,9.63,0.0,172.73,716.89
WTG_09,248,6.6,11.74,204.75,73.78,67.19,75.25,866.48,9.63,0.0,172.27,606.32
WTG_09,249,6.91,18.57,231.07,76.56,65.64,85.89,848.69,9.43,0.0,171.33,740.05
WTG_09,250,9.23,19.35,199.74,84.64,66.86,106.11,1163.96,12.93,0.0,169.37,1732.28
WTG_09,251,10.9,18.32,185.88,87.14,68.33,107.43,1383.42,15.37,0.0,173.27,2000.0
WTG_09,252,9.45,21.47,192.43,85.45,68.43,110.67,1157.06,12.86,0.0,170.34,1883.68
WTG_09,253,9.57,24.38,204.81,86.55,67.35,114.27,1222.22,13.58,0.0,171.3,1895.69
WTG_09,254,8.76,17.6,201.61,84.16,68.93,97.86,1089.01,12.1,0.0,170.99,1475.9
WTG_09,255,9.24,17.43,190.46,84.01,69.79,105.3,1172.26,13.03,0.0,171.28,1748.22
WTG_09,256,5.92,19.61,209.83,74.5,68.42,82.71,755.25,8.39,0.0,169.89,480.46
WTG_09,257,15.0,21.32,198.88,86.78,71.01,111.81,1800.0,20.0,7.5,167.66,2000.0
WTG_09,258,9.27,18.56,213.71,84.07,69.39,104.26,1157.15,12.86,0.0,169.39,1730.17
WTG_09,259,8.22,15.52,195.5,81.59,69.12,94.32,1019.91,11.33,0.0,166.39,1242.46
WTG_09,260,9.86,15.66,222.75,86.07,68.9,108.24,1228.84,13.65,0.0,170.16,2000.0
WTG_09,261,5.99,26.61,215.84,73.96,66.89,90.97,769.16,8.55,0.0,168.42,492.9
WTG_09,262,8.31,17.69,187.04,82.24,69.4,97.07,1040.88,11.57,0.0,170.1,1277.33
WTG_09,263,9.82,19.01,196.89,87.29,68.91,111.48,1218.36,13.54,0.0,169.66,2000.0
WTG_09,264,9.77,19.41,224.33,88.07,70.31,113.2,1231.28,13.68,0.0,170.08,2000.0
WTG_09,265,9.26,18.39,199.45,85.08,70.48,106.04,1157.62,12.86,0.0,173.36,1760.05
WTG_09,266,7.27,19.0,201.32,77.88,68.05,90.65,901.39,10.02,0.0,170.04,860.31
WTG_09,267,5.52,20.33,208.63,73.24,69.01,83.13,679.04,7.54,0.0,166.84,358.26
WTG_09,268,11.0,15.7,220.52,87.89,70.01,109.8,1376.73,15.3,0.0,169.97,2000.0
WTG_09,269,9.27,22.1,182.49,86.92,69.93,108.59,1146.52,12.74,0.0,166.88,1762.4
WTG_09,270,10.04,27.71,225.27,88.62,69.66,121.63,1293.62,14.37,0.0,168.21,2000.0
WTG_09,271,10.73,18.12,211.29,89.27,69.82,109.74,1350.63,15.01,0.0,168.8,2000.0
WTG_09,272,12.6,24.77,188.83,88.15,72.44,118.0,1580.53,17.56,1.5,167.45,2000.0
WTG_09,273,10.36,14.82,231.19,89.18,71.42,109.8,1305.83,14.51,0.0,167.54,2000.0
WTG_09,274,11.72,18.4,198.23,88.24,72.22,112.63,1462.13,16.25,0.0,165.84,2000.0
WTG_09,275,4.63,13.55,195.85,74.41,69.49,72.47,578.43,6.43,0.0,167.02,236.52
WTG_09,276,10.96,21.39,202.56,88.54,71.66,115.9,1399.48,15.55,0.0,166.46,2000.0
WTG_09,277,13.24,14.66,209.86,88.36,72.25,107.02,1645.22,18.28,3.09,168.42,2000.0
WTG_09,278,9.89,22.35,202.58,89.43,72.67,115.96,1266.64,14.07,0.0,168.89,2000.0
WTG_09,279,10.2,15.71,188.16,90.85,71.37,110.1,1266.51,14.07,0.0,168.05,2000.0
WTG_09,280,9.18,22.4,212.37,86.39,68.82,112.27,1159.53,12.88,0.0,166.5,1693.29
WTG_09,281,8.0,10.19,198.5,82.9,70.63,86.76,993.98,11.04,0.0,164.61,1114.06
WTG_09,282,5.75,25.24,230.59,77.07,69.65,90.04,709.26,7.88,0.0,167.5,388.77
WTG_09,283,10.13,13.53,212.71,90.23,71.49,110.37,1291.66,14.35,0.0,164.22,2000.0
WTG_09,284,11.89,11.32,235.3,88.82,71.73,107.21,1477.58,16.42,0.0,167.58,2000.0
WTG_09,285,9.6,20.96,224.17,89.65,71.37,115.09,1197.08,13.3,0.0,166.69,1924.46
WTG_09,286,7.3,20.82,218.41,81.81,71.29,95.17,932.3,10.36,0.0,168.21,848.27
WTG_09,287,9.82,15.57,192.04,91.87,70.83,111.95,1257.55,13.97,0.0,165.12,2000.0
WTG_09,288,8.12,14.94,222.29,84.08,72.05,94.97,1033.68,11.49,0.0,167.0,1159.06
WTG_09,289,8.27,8.98,211.7,85.71,70.36,90.49,1045.89,11.62,0.0,163.77,1251.22
WTG_09,290,5.98,17.71,219.53,78.52,71.45,85.47,758.89,8.43,0.0,164.14,460.13
WTG_09,291,7.46,11.13,202.66,81.96,72.26,89.24,908.24,10.09,0.0,165.11,942.99
WTG_09,292,8.75,12.71,201.63,87.1,73.35,99.91,1131.37,12.57,0.0,164.38,1479.08
WTG_09,293,9.54,14.93,200.88,89.74,72.86,109.45,1198.41,13.32,0.0,163.07,1918.9
WTG_09,294,8.04,8.71,198.04,82.82,72.32,90.08,993.09,11.03,0.0,164.05,1138.66
WTG_09,295,10.25,15.95,186.18,90.62,73.09,112.47,1291.15,14.35,0.0,168.32,2000.0
WTG_09,296,9.56,10.38,177.31,91.27,73.04,106.97,1217.51,13.53,0.0,162.65,1958.52
WTG_09,297,3.0,22.15,200.5,76.46,71.53,83.73,540.0,6.0,0.0,164.01,47.99
WTG_09,298,9.46,20.48,216.76,89.18,73.92,114.41,1168.48,12.98,0.0,164.69,1842.29
WTG_09,299,10.01,13.99,208.1,93.02,75.59,112.57,1252.98,13.92,0.0,163.22,2000.0
WTG_09,300,12.15,24.85,189.11,93.39,75.64,122.26,1552.79,17.25,0.37,166.12,2000.0
WTG_09,301,9.85,16.26,217.69,92.91,74.19,113.42,1258.48,13.98,0.0,161.63,2000.0
WTG_09,302,5.49,24.07,206.85,80.01,70.66,90.68,630.42,7.0,0.0,161.35,370.57
WTG_09,303,7.14,22.85,208.07,83.86,71.86,98.27,892.5,9.92,0.0,162.95,819.08
WTG_09,304,6.67,26.12,212.09,82.88,72.53,99.25,826.26,9.18,0.0,160.53,634.6
WTG_09,305,9.18,15.46,205.77,90.55,74.18,108.55,1141.78,12.69,0.0,164.47,1714.85
WTG_09,306,11.23,21.16,186.93,92.45,75.45,118.82,1402.63,15.58,0.0,160.4,2000.0
WTG_09,307,13.2,20.88,225.45,93.0,76.26,119.6,1677.55,18.64,3.0,164.3,2000.0
WTG_09,308,5.66,15.79,197.11,81.37,73.5,85.47,732.07,8.13,0.0,162.08,426.53
WTG_09,309,10.93,19.7,218.38,93.88,76.01,119.41,1391.5,15.46,0.0,160.95,2000.0
WTG_09,310,9.4,15.12,184.38,92.41,74.73,112.65,1202.33,13.36,0.0,160.88,1811.37
WTG_09,311,8.22,20.99,243.45,88.52,73.73,106.05,1043.51,11.59,0.0,163.77,1217.97
WTG_09,312,9.39,18.43,211.51,93.64,75.24,112.59,1176.57,13.07,0.0,161.26,1828.72
WTG_09,313,14.33,16.49,189.23,94.98,79.12,117.35,1800.0,20.0,5.83,161.4,2000.0
WTG_09,314,7.7,19.14,210.96,86.93,74.12,101.51,969.68,10.77,0.0,158.8,1002.52
WTG_09,315,8.37,19.32,197.59,88.05,75.87,105.24,1019.77,11.33,0.0,162.12,1286.28
WTG_09,316,8.99,18.24,181.89,90.8,76.01,110.9,1134.78,12.61,0.0,159.35,1594.87
WTG_09,317,9.06,16.11,215.4,92.0,75.39,109.62,1140.59,12.67,0.0,161.61,1645.73
WTG_09,318,11.39,22.85,231.04,95.49,77.81,123.63,1426.74,15.85,0.0,159.35,2000.0
WTG_09,319,9.18,20.13,221.74,93.43,77.68,114.12,1158.45,12.87,0.0,157.53,1704.2
WTG_09,320,10.68,19.08,215.94,95.35,77.86,120.57,1358.22,15.09,0.0,158.08,2000.0
WTG_09,321,10.73,20.6,215.32,96.78,79.48,122.14,1382.37,15.36,0.0,157.82,2000.0
WTG_09,322,11.15,16.99,212.38,94.98,77.8,118.87,1387.27,15.41,0.0,157.63,2000.0
WTG_09,323,4.61,10.94,201.11,82.09,74.49,80.0,590.18,6.56,0.0,155.34,219.45
WTG_09,324,3.01,17.03,204.21,82.35,74.71,83.5,540.0,6.0,0.0,157.42,62.28
WTG_09,325,12.45,17.18,225.32,96.65,79.86,117.52,1549.84,17.22,1.14,157.06,2000.0
WTG_09,326,8.08,9.69,205.64,89.72,76.89,95.83,990.83,11.01,0.0,157.7,1127.21
WTG_09,327,6.8,25.16,212.2,85.77,77.35,102.91,880.15,9.78,0.0,155.46,667.01
WTG_09,328,4.4,20.93,222.57,81.85,75.83,88.69,559.21,6.21,0.0,155.7,180.4
WTG_09,329,12.15,10.6,223.06,97.8,79.38,113.36,1558.19,17.31,0.38,153.2,2000.0
WTG_09,330,9.09,16.39,202.53,94.41,79.5,114.28,1145.3,12.73,0.0,157.67,1654.71
WTG_09,331,8.74,20.04,199.66,92.79,78.42,113.61,1113.45,12.37,0.0,159.56,1466.59
WTG_09,332,10.09,24.32,230.17,96.68,78.59,129.06,1271.83,14.13,0.0,155.36,2000.0
WTG_09,333,9.94,9.88,220.1,98.57,80.32,115.87,1272.12,14.13,0.0,154.8,2000.0
WTG_09,334,10.95,23.72,219.42,98.79,79.61,128.1,1402.81,15.59,0.0,155.95,2000.0
WTG_09,335,7.26,17.11,224.91,90.75,78.39,100.54,951.51,10.57,0.0,156.78,810.57
WTG_09,336,12.91,15.09,210.22,99.94,81.18,118.48,1625.85,18.07,2.28,153.83,2000.0
WTG_09,337,5.05,17.09,223.79,85.1,77.85,90.56,625.02,6.94,0.0,155.72,277.96
WTG_09,338,14.64,18.49,224.84,99.08,81.54,123.44,1800.0,20.0,6.6,154.08,2000.0
WTG_09,339,7.74,28.41,221.58,91.33,79.57,115.73,1011.05,11.23,0.0,153.73,1041.84
WTG_09,340,6.56,16.23,219.39,88.67,79.69,96.15,832.42,9.25,0.0,155.79,624.55
WTG_09,341,4.38,20.63,221.43,85.74,78.85,90.95,540.0,6.0,0.0,154.38,179.66
WTG_09,342,7.86,22.5,186.61,93.71,80.16,110.38,1033.86,11.49,0.0,153.56,1053.32
WTG_09,343,11.57,11.79,224.82,100.37,81.56,117.37,1457.96,16.2,0.0,153.89,2000.0
WTG_09,344,10.67,20.65,220.81,99.07,80.17,129.31,1361.2,15.12,0.0,150.59,2000.0
WTG_09,345,6.28,16.85,189.69,88.86,80.09,96.17,784.96,8.72,0.0,151.73,531.8
WTG_09,346,9.64,22.18,238.64,101.72,80.8,128.36,1211.33,13.46,0.0,151.17,2000.0
WTG_09,347,12.61,15.99,186.31,100.39,82.82,123.84,1584.93,17.61,1.53,153.29,2000.0
WTG_09,348,10.74,13.28,209.22,101.24,81.38,120.08,1354.03,15.04,0.0,150.86,2000.0
WTG_09,349,3.0,20.56,194.31,85.8,80.51,93.29,540.0,6.0,0.0,150.72,68.38
WTG_09,350,7.95,22.39,218.48,94.53,80.67,113.35,1019.95,11.33,0.0,151.96,1067.74
WTG_09,351,13.35,14.25,207.21,102.92,84.36,123.09,1680.11,18.67,3.37,151.52,2000.0
WTG_09,352,8.82,14.73,214.25,99.26,81.65,113.02,1096.0,12.18,0.0,150.37,1511.47
WTG_09,353,7.08,18.13,220.11,91.99,81.78,104.06,853.56,9.48,0.0,149.17,791.28
WTG_09,354,13.23,19.28,228.97,103.17,85.18,129.9,1670.31,18.56,3.09,149.94,2000.0
WTG_09,355,14.71,21.84,198.41,103.1,86.17,132.42,1800.0,20.0,6.78,147.36,2000.0
WTG_09,356,12.2,16.01,206.66,103.09,84.44,125.64,1526.76,16.96,0.51,146.41,2000.0
WTG_09,357,6.89,13.04,211.66,94.38,83.48,99.01,880.67,9.79,0.0,148.82,729.33
WTG_09,358,8.92,9.4,197.54,100.65,84.18,109.94,1120.73,12.45,0.0,149.26,1558.09
WTG_09,359,9.45,20.49,231.9,102.3,83.66,129.42,1187.68,13.2,0.0,147.62,1873.2
WTG_09,360,9.65,25.97,221.9,102.64,84.61,137.56,1220.23,13.56,0.0,147.38,1966.46
WTG_09,361,10.0,23.71,237.12,103.29,84.62,134.86,1268.18,14.09,0.0,146.27,2000.0
WTG_09,362,9.62,25.65,238.97,103.94,86.12,135.26,1216.65,13.52,0.0,148.6,1970.99
WTG_09,363,10.24,14.98,213.17,103.73,86.06,128.18,1269.69,14.11,0.0,143.67,2000.0
WTG_09,364,13.6,17.95,220.75,105.41,88.07,131.46,1686.56,18.74,3.99,148.59,2000.0
WTG_09,365,7.38,17.17,207.32,97.47,85.57,107.18,945.9,10.51,0.0,148.29,889.03
WTG_09,366,11.38,16.52,221.85,105.46,87.14,129.45,1431.3,15.9,0.0,145.29,2000.0
WTG_09,367,9.48,28.83,206.42,104.45,86.72,140.1,1189.39,13.22,0.0,145.6,1861.55
WTG_09,368,11.57,21.17,214.36,106.4,87.28,134.15,1429.67,15.89,0.0,146.4,2000.0
WTG_09,369,9.87,17.05,198.52,106.73,85.03,130.76,1263.0,14.03,0.0,144.59,2000.0
WTG_09,370,7.45,21.02,227.72,97.38,85.65,115.0,947.04,10.52,0.0,143.68,926.63
WTG_09,371,10.82,15.91,236.58,108.67,87.61,131.39,1346.3,14.96,0.0,143.68,2000.0
WTG_09,372,11.53,17.3,197.92,107.54,89.0,131.97,1389.59,15.44,0.0,145.45,2000.0
WTG_09,373,7.87,16.65,233.11,99.82,87.64,113.64,946.64,10.52,0.0,144.37,1070.59
WTG_09,374,11.3,12.03,215.31,108.39,88.49,126.23,1416.51,15.74,0.0,144.81,2000.0
WTG_09,375,8.83,11.53,194.51,105.57,87.16,117.63,1120.57,12.45,0.0,143.15,1495.93
WTG_09,376,7.18,9.04,220.46,98.81,87.41,104.25,890.69,9.9,0.0,141.74,814.9
WTG_09,377,7.83,11.34,214.77,101.38,87.73,108.36,993.69,11.04,0.0,142.68,1048.0
WTG_09,378,8.49,18.49,209.3,103.52,89.54,123.53,1057.37,11.75,0.0,142.68,1346.5
WTG_09,379,8.56,9.9,205.79,104.17,89.08,115.24,1066.44,11.85,0.0,143.24,1373.97
WTG_09,380,8.22,19.03,223.16,104.06,87.85,121.81,1040.17,11.56,0.0,141.12,1241.24
WTG_09,381,14.38,16.68,203.36,109.71,91.67,135.07,1800.0,20.0,5.95,139.51,2000.0
WTG_09,382,8.15,15.91,234.61,102.67,90.57,119.27,1031.74,11.46,0.0,141.69,1173.94
WTG_09,383,9.03,24.03,201.75,107.04,90.47,134.73,1151.41,12.79,0.0,139.41,1613.57
WTG_09,384,7.76,10.05,229.85,102.84,90.43,108.98,959.91,10.67,0.0,140.79,1056.75
WTG_09,385,11.47,23.21,195.58,111.02,91.72,141.6,1432.75,15.92,0.0,141.65,2000.0
WTG_09,386,15.52,18.42,225.4,111.86,92.38,136.88,1800.0,20.0,8.8,137.44,2000.0
WTG_09,387,15.74,20.54,209.76,112.21,93.95,139.52,1800.0,20.0,9.34,139.03,2000.0
WTG_09,388,9.28,14.25,204.9,110.3,91.93,130.99,1176.35,13.07,0.0,137.04,1759.6
WTG_09,389,10.58,21.0,214.22,113.76,92.3,141.53,1334.72,14.83,0.0,137.42,2000.0
WTG_09,390,7.8,12.79,235.5,103.97,91.38,114.71,996.75,11.07,0.0,137.11,1039.86
WTG_09,391,5.84,18.87,222.66,99.89,89.55,111.41,755.68,8.4,0.0,138.39,436.18
WTG_09,392,9.07,12.68,200.98,110.46,91.26,127.76,1133.2,12.59,0.0,135.41,1656.99
WTG_09,393,7.69,21.89,230.78,105.99,91.64,124.36,989.18,10.99,0.0,135.79,1001.86
WTG_09,394,9.06,12.85,216.02,109.47,92.11,130.18,1167.65,12.97,0.0,136.58,1619.52
WTG_09,395,8.32,18.27,222.91,107.85,92.28,126.17,1037.34,11.53,0.0,136.02,1261.27
WTG_09,396,6.51,28.44,230.9,102.19,92.67,124.6,797.04,8.86,0.0,134.93,568.99
WTG_10,1,8.95,20.44,207.61,74.25,63.1,96.54,1114.94,12.39,0.0,180.88,1595.29
WTG_10,2,10.34,24.61,164.33,75.76,63.79,106.85,1302.52,14.47,0.0,185.48,2000.0
WTG_10,3,7.15,17.83,168.23,67.37,61.28,77.02,898.92,9.99,0.0,182.25,793.84
WTG_10,4,7.85,17.53,136.83,70.6,61.81,83.88,992.1,11.02,0.0,182.16,1084.19
WTG_10,5,9.73,8.33,189.64,77.34,64.59,91.71,1226.35,13.63,0.0,184.45,2000.0
WTG_10,6,10.39,26.02,176.82,76.95,63.84,109.04,1283.92,14.27,0.0,182.28,2000.0
WTG_10,7,5.47,22.26,199.73,63.13,61.12,75.33,700.09,7.78,0.0,182.21,365.27
WTG_10,8,9.33,19.84,188.52,76.29,64.33,98.12,1157.39,12.86,0.0,183.99,1786.15
WTG_10,9,6.1,17.03,173.4,65.48,60.4,71.91,803.59,8.93,0.0,183.85,510.56
WTG_10,10,8.43,18.19,208.02,73.34,62.19,89.29,1079.63,12.0,0.0,182.29,1306.07
WTG_10,11,8.62,9.55,189.01,72.28,62.34,81.44,1050.98,11.68,0.0,184.61,1412.97
WTG_10,12,12.27,13.32,176.53,77.79,63.86,97.02,1545.41,17.17,0.68,183.99,2000.0
WTG_10,13,13.47,19.27,151.26,76.65,64.34,103.67,1682.71,18.7,3.68,181.5,2000.0
WTG_10,14,7.68,18.26,161.67,68.56,61.54,80.96,964.33,10.71,0.0,183.29,959.82
WTG_10,15,12.37,15.56,213.56,77.43,65.38,96.99,1562.66,17.36,0.93,186.29,2000.0
WTG_10,16,10.33,13.42,173.77,76.38,64.61,97.07,1294.15,14.38,0.0,185.87,2000.0
WTG_10,17,9.15,22.94,178.09,76.25,63.27,98.69,1170.92,13.01,0.0,185.64,1685.01
WTG_10,18,9.52,15.85,173.04,76.01,63.27,95.68,1183.66,13.15,0.0,177.7,1877.44
WTG_10,19,5.16,21.76,180.18,63.8,61.72,71.63,619.11,6.88,0.0,184.32,296.45
WTG_10,20,8.94,16.52,195.1,73.12,62.45,90.92,1110.0,12.33,0.0,183.21,1588.53
WTG_10,21,3.0,18.42,154.69,62.62,59.83,64.85,540.0,6.0,0.0,183.3,63.51
WTG_10,22,7.58,13.7,183.41,69.97,63.18,74.47,979.23,10.88,0.0,182.08,954.78
WTG_10,23,7.63,23.3,182.0,70.18,62.71,86.48,984.37,10.94,0.0,185.13,974.45
WTG_10,24,7.74,26.08,160.48,68.91,62.61,90.11,967.3,10.75,0.0,183.86,1021.02
WTG_10,25,6.78,13.94,182.07,65.57,61.83,72.74,867.05,9.63,0.0,183.92,712.48
WTG_10,26,5.95,15.09,182.39,65.43,59.83,67.73,797.72,8.86,0.0,181.52,477.05
WTG_10,27,9.9,17.46,173.17,76.68,63.34,101.83,1252.79,13.92,0.0,184.71,2000.0
WTG_10,28,10.08,16.4,182.53,77.14,63.84,99.82,1291.67,14.35,0.0,183.98,2000.0
WTG_10,29,5.73,15.02,194.01,64.61,60.47,69.32,711.41,7.9,0.0,182.82,440.06
WTG_10,30,8.3,21.47,168.14,71.31,61.49,88.87,1047.02,11.63,0.0,184.71,1238.83
WTG_10,31,12.24,14.46,169.67,78.09,63.48,96.35,1544.48,17.16,0.61,186.08,2000.0
WTG_10,32,9.95,20.34,180.35,77.5,63.96,102.58,1226.81,13.63,0.0,183.32,2000.0
WTG_10,33,8.0,18.82,176.24,70.75,63.25,83.56,992.49,11.03,0.0,184.69,1123.46
WTG_10,34,7.25,13.97,169.11,67.23,61.94,73.59,960.92,10.68,0.0,181.37,851.05
WTG_10,35,5.6,13.83,194.99,63.99,62.04,65.86,724.28,8.05,0.0,183.87,371.7
WTG_10,36,7.7,24.12,209.36,68.27,63.63,88.17,983.8,10.93,0.0,183.53,997.18
WTG_10,37,10.78,18.11,179.72,78.68,65.04,98.65,1398.17,15.54,0.0,184.59,2000.0
WTG_10,38,10.25,15.54,227.92,77.24,63.99,98.52,1293.97,14.38,0.0,182.55,2000.0
WTG_10,39,11.1,18.13,180.13,76.58,63.19,98.28,1394.96,15.5,0.0,183.85,2000.0
WTG_10,40,6.46,16.35,179.47,66.11,61.24,71.46,795.64,8.84,0.0,182.42,586.37
WTG_10,41,11.38,15.73,186.62,78.04,63.41,100.5,1424.75,15.83,0.0,183.87,2000.0
WTG_10,42,9.51,13.8,193.95,75.61,63.35,93.1,1228.19,13.65,0.0,182.65,1880.76
WTG_10,43,11.09,25.07,197.51,77.09,63.96,108.5,1382.03,15.36,0.0,182.12,2000.0
WTG_10,44,14.47,13.84,171.94,78.68,64.85,95.93,1800.0,20.0,6.18,183.18,2000.0
WTG_10,45,7.8,21.6,191.85,70.16,62.91,86.6,985.92,10.95,0.0,185.9,1054.63
WTG_10,46,9.33,17.41,196.57,74.35,64.16,97.19,1185.69,13.17,0.0,182.04,1785.94
WTG_10,47,10.04,15.91,192.63,77.95,62.56,97.61,1285.06,14.28,0.0,184.66,2000.0
WTG_10,48,7.4,14.69,173.92,69.51,61.65,75.67,913.31,10.15,0.0,183.16,907.49
WTG_10,49,6.07,20.82,185.05,64.7,61.32,74.23,758.89,8.43,0.0,181.23,508.52
WTG_10,50,6.73,14.76,171.47,65.51,62.51,70.89,846.8,9.41,0.0,180.7,670.22
WTG_10,51,11.59,13.59,190.46,76.45,64.43,95.24,1449.85,16.11,0.0,184.93,2000.0
WTG_10,52,5.19,23.66,154.01,62.45,61.2,74.87,659.54,7.33,0.0,182.98,290.58
WTG_10,53,8.89,18.81,194.56,74.07,62.67,92.51,1149.77,12.78,0.0,184.29,1534.57
WTG_10,54,9.45,15.02,186.97,77.27,64.51,95.14,1197.36,13.3,0.0,181.61,1867.52
WTG_10,55,9.79,12.65,214.03,77.67,63.53,93.68,1223.71,13.6,0.0,182.07,2000.0
WTG_10,56,8.01,16.5,186.99,70.47,62.99,81.5,997.88,11.09,0.0,184.42,1139.76
WTG_10,57,13.07,17.36,203.81,77.6,66.02,101.47,1646.73,18.3,2.68,180.94,2000.0
WTG_10,58,6.43,17.65,175.19,65.74,63.27,74.48,816.85,9.08,0.0,184.3,582.32
WTG_10,59,6.98,17.85,183.84,68.12,63.06,77.67,881.42,9.79,0.0,183.07,742.18
WTG_10,60,7.99,22.33,190.86,69.88,63.72,91.08,1017.1,11.3,0.0,182.56,1127.92
WTG_10,61,8.9,16.48,176.16,73.04,63.37,89.69,1132.34,12.58,0.0,182.28,1543.12
WTG_10,62,7.31,19.85,187.31,67.72,63.24,79.13,887.34,9.86,0.0,183.76,863.41
WTG_10,63,10.95,13.17,182.12,77.87,64.1,96.63,1380.86,15.34,0.0,183.68,2000.0
WTG_10,64,9.27,16.89,190.11,74.49,64.1,97.02,1199.89,13.33,0.0,184.04,1753.03
WTG_10,65,13.91,18.57,230.73,77.97,64.73,102.45,1726.52,19.18,4.78,183.98,2000.0
WTG_10,66,8.46,19.72,189.59,70.37,63.5,89.78,1077.79,11.98,0.0,181.97,1329.12
WTG_10,67,8.06,17.21,164.39,70.59,61.97,82.73,999.96,11.11,0.0,181.85,1151.54
WTG_10,68,9.74,15.41,199.88,78.02,63.84,99.52,1248.39,13.87,0.0,181.29,2000.0
WTG_10,69,10.57,21.8,186.74,77.57,64.17,104.87,1346.1,14.96,0.0,181.02,2000.0
WTG_10,70,7.72,18.17,192.88,70.52,62.39,83.23,984.31,10.94,0.0,182.87,1010.92
WTG_10,71,6.71,28.47,194.59,67.11,62.58,86.98,811.99,9.02,0.0,181.93,677.41
WTG_10,72,11.3,15.35,175.09,77.97,65.66,97.02,1417.8,15.75,0.0,185.13,2000.0
WTG_10,73,7.5,15.63,170.18,68.48,63.28,79.53,951.57,10.57,0.0,181.62,909.45
WTG_10,74,8.24,17.43,165.33,71.75,62.97,85.76,1027.84,11.42,0.0,182.72,1221.08
WTG_10,75,12.28,17.91,202.4,78.32,64.54,99.84,1557.7,17.31,0.7,182.97,2000.0
WTG_10,76,12.76,18.86,180.03,76.96,65.1,101.45,1592.67,17.7,1.89,183.33,2000.0
WTG_10,77,6.72,22.11,198.99,67.0,60.75,78.26,836.58,9.3,0.0,182.38,646.4
WTG_10,78,6.8,23.18,182.86,65.48,61.78,81.1,865.09,9.61,0.0,181.06,657.92
WTG_10,79,9.91,23.39,176.07,77.32,63.89,106.29,1248.07,13.87,0.0,182.67,2000.0
WTG_10,80,9.35,21.45,197.06,76.44,65.12,99.7,1146.96,12.74,0.0,180.68,1787.08
WTG_10,81,14.7,23.07,206.12,77.58,66.25,107.24,1800.0,20.0,6.74,183.15,2000.0
WTG_10,82,10.94,23.57,202.28,77.19,63.02,106.89,1388.62,15.43,0.0,183.05,2000.0
WTG_10,83,12.18,19.83,183.44,77.93,66.02,102.67,1526.2,16.96,0.45,183.59,2000.0
WTG_10,84,13.09,17.41,183.44,78.04,66.08,99.02,1624.94,18.05,2.72,181.49,2000.0
WTG_10,85,4.29,25.21,190.92,62.93,60.88,71.66,540.0,6.0,0.0,182.39,146.65
WTG_10,86,12.06,16.96,206.25,77.71,65.22,101.0,1547.96,17.2,0.16,184.93,2000.0
WTG_10,87,12.8,15.07,210.52,76.88,64.6,98.47,1621.6,18.02,1.99,182.03,2000.0
WTG_10,88,9.91,13.49,177.49,76.79,63.36,94.81,1246.56,13.85,0.0,182.85,2000.0
WTG_10,89,12.82,14.94,174.6,78.64,64.4,97.66,1632.93,18.14,2.05,182.36,2000.0
WTG_10,90,10.76,25.49,183.8,77.82,65.05,110.96,1355.55,15.06,0.0,182.16,2000.0
WTG_10,91,10.79,22.63,167.52,78.09,63.48,105.39,1385.33,15.39,0.0,180.14,2000.0
WTG_10,92,9.67,24.14,189.69,77.92,63.58,107.63,1192.0,13.24,0.0,185.66,1981.95
WTG_10,93,8.85,17.48,178.48,74.21,63.66,92.48,1134.0,12.6,0.0,181.46,1555.09
WTG_10,94,10.83,17.84,192.81,78.02,63.91,99.95,1382.16,15.36,0.0,182.76,2000.0
WTG_10,95,9.52,21.69,178.05,77.47,62.73,103.45,1180.53,13.12,0.0,181.57,1924.39
WTG_10,96,9.9,16.33,208.15,78.58,64.1,100.62,1223.44,13.59,0.0,184.35,2000.0
WTG_10,97,9.0,24.52,198.97,75.56,63.54,98.24,1124.56,12.5,0.0,182.99,1585.39
WTG_10,98,8.35,15.32,204.94,72.08,63.96,83.89,1038.53,11.54,0.0,181.51,1276.24
WTG_10,99,10.06,19.98,173.01,78.3,63.94,104.87,1260.84,14.01,0.0,182.28,2000.0
WTG_10,100,12.77,16.14,165.99,78.39,64.54,99.78,1654.59,18.38,1.93,183.62,2000.0
WTG_10,101,6.14,17.43,189.19,64.24,60.76,73.43,750.07,8.33,0.0,180.86,532.61
WTG_10,102,10.69,16.62,196.18,77.79,66.02,99.6,1322.68,14.7,0.0,178.89,2000.0
WTG_10,103,11.75,17.02,194.34,79.22,64.28,99.01,1474.64,16.38,0.0,182.99,2000.0
WTG_10,104,9.39,22.28,194.61,75.56,63.79,101.74,1181.7,13.13,0.0,182.63,1834.66
WTG_10,105,11.04,19.12,201.13,78.83,66.11,105.29,1413.25,15.7,0.0,181.97,2000.0
WTG_10,106,6.65,7.68,219.47,68.02,63.24,65.77,827.66,9.2,0.0,183.36,653.89
WTG_10,107,10.36,15.29,215.1,78.0,64.22,98.33,1316.95,14.63,0.0,183.04,2000.0
WTG_10,108,12.23,13.62,185.44,77.76,63.85,98.04,1561.34,17.35,0.57,182.39,2000.0
WTG_10,109,8.16,11.58,185.76,73.46,63.51,81.4,994.14,11.05,0.0,184.0,1194.78
WTG_10,110,7.68,20.47,150.04,70.91,63.08,86.94,972.68,10.81,0.0,183.71,1012.51
WTG_10,111,8.88,23.96,198.87,74.21,64.14,95.53,1089.51,12.11,0.0,184.35,1543.7
WTG_10,112,11.79,24.36,191.05,77.68,64.78,107.82,1506.6,16.74,0.0,183.79,2000.0
WTG_10,113,12.04,15.41,202.06,77.56,65.26,100.19,1517.45,16.86,0.1,181.1,2000.0
WTG_10,114,10.98,19.24,166.83,77.41,65.37,104.6,1419.04,15.77,0.0,182.43,2000.0
WTG_10,115,7.96,17.51,187.73,71.98,62.99,84.81,1000.84,11.12,0.0,181.17,1127.87
WTG_10,116,9.72,13.53,169.0,77.38,65.25,97.36,1208.43,13.43,0.0,182.28,1998.98
WTG_10,117,9.15,18.47,196.18,78.42,63.55,95.65,1163.73,12.93,0.0,180.85,1691.98
WTG_10,118,5.69,16.85,177.45,64.9,63.21,70.24,718.72,7.99,0.0,180.21,406.92
WTG_10,119,10.1,18.0,191.92,79.37,64.62,102.34,1254.53,13.94,0.0,181.79,2000.0
WTG_10,120,10.69,17.77,188.52,77.78,64.71,102.22,1360.37,15.12,0.0,178.25,2000.0
WTG_10,121,11.78,21.18,192.55,79.05,64.73,106.35,1492.16,16.58,0.0,182.85,2000.0
WTG_10,122,9.52,28.46,190.63,78.2,66.03,111.24,1167.3,12.97,0.0,181.04,1902.42
WTG_10,123,5.86,25.23,158.08,65.98,62.72,79.1,747.03,8.3,0.0,180.79,412.97
WTG_10,124,9.35,16.16,190.63,78.09,64.22,98.23,1165.66,12.95,0.0,182.74,1794.94
WTG_10,125,11.05,18.03,178.23,78.34,65.63,101.53,1394.5,15.49,0.0,180.62,2000.0
WTG_10,126,9.75,19.46,194.36,78.78,65.41,102.96,1239.42,13.77,0.0,180.78,2000.0
WTG_10,127,7.84,19.49,157.04,73.6,64.03,85.43,980.53,10.89,0.0,182.11,1066.62
WTG_10,128,7.3,12.57,195.54,69.72,64.39,76.49,943.52,10.48,0.0,183.18,843.58
WTG_10,129,7.26,17.5,160.36,69.91,64.44,80.79,907.26,10.08,0.0,179.23,825.03
WTG_10,130,8.0,19.84,194.88,72.93,64.06,87.31,995.86,11.07,0.0,181.47,1133.79
WTG_10,131,6.84,23.29,153.54,69.4,64.73,82.86,856.48,9.52,0.0,179.43,691.88
WTG_10,132,10.61,10.84,196.9,78.68,64.06,96.63,1336.23,14.85,0.0,181.72,2000.0
WTG_10,133,8.86,18.92,191.04,75.58,64.94,94.5,1133.46,12.59,0.0,180.56,1524.74
WTG_10,134,8.67,15.26,179.11,75.74,64.05,88.95,1088.98,12.1,0.0,180.91,1429.68
WTG_10,135,10.0,17.44,205.78,79.48,65.92,103.42,1257.55,13.97,0.0,181.98,2000.0
WTG_10,136,9.48,19.05,202.45,78.74,64.42,102.76,1165.7,12.95,0.0,182.09,1866.07
WTG_10,137,7.65,14.37,200.15,73.78,63.63,79.7,940.3,10.45,0.0,179.49,985.15
WTG_10,138,6.76,14.61,219.58,70.18,62.81,74.51,852.26,9.47,0.0,178.97,691.75
WTG_10,139,3.0,19.7,198.46,62.2,62.49,68.09,540.0,6.0,0.0,181.02,66.51
WTG_10,140,3.0,20.18,205.82,65.13,62.07,70.05,540.0,6.0,0.0,181.54,47.41
WTG_10,141,10.4,25.27,194.35,79.62,66.33,110.38,1321.79,14.69,0.0,180.19,2000.0
WTG_10,142,9.17,16.38,205.22,76.65,65.51,95.74,1123.53,12.48,0.0,177.89,1685.97
WTG_10,143,10.18,18.91,194.85,79.82,66.28,105.84,1296.13,14.4,0.0,179.7,2000.0
WTG_10,144,12.12,25.58,199.35,80.2,66.84,111.35,1508.54,16.76,0.29,181.67,2000.0
WTG_10,145,6.87,19.47,208.32,69.57,63.79,80.09,861.71,9.57,0.0,180.63,699.43
WTG_10,146,9.66,20.85,201.86,80.21,65.49,105.91,1213.57,13.48,0.0,178.6,1968.56
WTG_10,147,11.26,9.04,202.43,79.3,66.66,94.48,1421.42,15.79,0.0,179.35,2000.0
WTG_10,148,9.04,16.08,193.18,77.73,66.83,94.01,1161.85,12.91,0.0,180.7,1649.18
WTG_10,149,9.53,16.52,204.1,80.14,65.99,99.88,1203.73,13.37,0.0,180.61,1895.78
WTG_10,150,4.74,24.57,208.6,66.58,62.3,76.06,563.11,6.26,0.0,180.16,252.39
WTG_10,151,6.27,14.5,196.68,68.2,64.15,72.37,798.96,8.88,0.0,179.55,545.13
WTG_10,152,9.45,19.59,197.96,79.68,66.81,103.05,1192.69,13.25,0.0,177.93,1869.79
WTG_10,153,12.0,16.12,193.66,79.5,68.06,100.64,1497.35,16.64,0.0,178.45,2000.0
WTG_10,154,10.85,24.72,191.82,82.12,67.05,111.7,1357.45,15.08,0.0,177.95,2000.0
WTG_10,155,11.27,11.73,214.29,81.94,66.95,99.76,1444.3,16.05,0.0,180.5,2000.0
WTG_10,156,7.19,18.83,151.9,72.9,65.91,83.59,880.88,9.79,0.0,177.16,829.41
WTG_10,157,10.61,10.33,203.42,81.68,66.63,98.01,1320.74,14.67,0.0,175.97,2000.0
WTG_10,158,8.64,21.16,205.13,77.32,65.39,97.26,1078.78,11.99,0.0,178.78,1432.71
WTG_10,159,9.45,21.25,189.7,79.12,66.65,105.66,1220.38,13.56,0.0,176.62,1851.79
WTG_10,160,8.23,13.04,206.55,75.66,65.38,87.58,1034.02,11.49,0.0,177.25,1191.41
WTG_10,161,7.55,18.64,159.89,73.78,66.21,86.35,959.75,10.66,0.0,175.88,958.89
WTG_10,162,10.23,17.83,189.79,81.21,65.92,104.85,1270.75,14.12,0.0,176.89,2000.0
WTG_10,163,11.19,17.34,192.36,81.89,67.29,103.12,1415.49,15.73,0.0,179.93,2000.0
WTG_10,164,3.0,17.91,231.64,66.15,64.16,68.54,540.0,6.0,0.0,178.45,42.64
WTG_10,165,10.42,22.43,172.78,82.42,66.93,108.8,1336.11,14.85,0.0,178.14,2000.0
WTG_10,166,10.61,22.7,189.39,81.32,67.55,108.77,1348.09,14.98,0.0,175.97,2000.0
WTG_10,167,7.43,20.09,230.64,72.61,67.2,86.09,944.28,10.49,0.0,179.7,881.89
WTG_10,168,10.71,16.99,168.1,82.41,69.98,103.94,1367.76,15.2,0.0,179.6,2000.0
WTG_10,169,8.53,19.02,201.58,78.9,66.4,94.59,1090.27,12.11,0.0,179.96,1356.51
WTG_10,170,11.95,16.57,207.2,81.94,69.72,102.58,1486.25,16.51,0.0,178.39,2000.0
WTG_10,171,8.01,20.48,205.86,74.76,66.84,90.58,1008.92,11.21,0.0,177.07,1119.76
WTG_10,172,7.24,16.15,194.11,74.35,67.14,82.58,925.19,10.28,0.0,174.84,851.95
WTG_10,173,15.1,25.12,210.68,82.65,70.8,111.7,1800.0,20.0,7.76,175.75,2000.0
WTG_10,174,9.03,10.31,175.09,80.81,67.46,93.63,1125.49,12.51,0.0,175.44,1619.28
WTG_10,175,8.69,12.08,190.96,77.86,67.89,90.79,1060.13,11.78,0.0,176.04,1492.31
WTG_10,176,8.81,21.8,205.22,79.26,67.04,101.24,1114.27,12.38,0.0,177.28,1512.49
WTG_10,177,7.51,19.43,214.24,74.48,67.43,89.51,934.01,10.38,0.0,177.0,947.83
WTG_10,178,3.0,10.66,205.78,66.85,64.85,62.81,540.0,6.0,0.0,177.85,35.35
WTG_10,179,7.21,18.98,196.33,72.69,67.46,85.65,937.61,10.42,0.0,174.92,844.5
WTG_10,180,10.96,18.77,209.57,83.66,70.3,107.51,1340.15,14.89,0.0,177.28,2000.0
WTG_10,181,9.73,18.53,190.78,83.12,68.45,107.73,1224.29,13.6,0.0,175.25,2000.0
WTG_10,182,8.61,17.97,197.94,78.56,68.77,97.61,1086.6,12.07,0.0,174.86,1402.96
WTG_10,183,7.66,19.51,199.92,75.03,67.34,90.55,948.07,10.53,0.0,176.36,978.5
WTG_10,184,6.97,12.56,200.99,74.57,67.14,78.63,878.94,9.77,0.0,175.53,779.89
WTG_10,185,8.86,17.56,199.5,81.46,68.25,98.8,1130.69,12.56,0.0,171.36,1559.47
WTG_10,186,9.53,15.9,198.31,81.94,69.05,104.59,1185.63,13.17,0.0,173.72,1890.06
WTG_10,187,10.63,15.23,198.71,84.36,70.23,105.84,1363.67,15.15,0.0,175.36,2000.0
WTG_10,188,9.62,13.89,192.6,83.44,70.33,103.27,1221.94,13.58,0.0,174.9,1966.57
WTG_10,189,9.49,14.35,194.79,84.41,68.2,101.73,1158.7,12.87,0.0,173.54,1873.17
WTG_10,190,3.66,9.96,229.9,69.83,67.79,65.23,540.0,6.0,0.0,175.63,123.09
WTG_10,191,12.59,15.29,195.38,85.3,71.18,104.48,1575.27,17.5,1.46,175.34,2000.0
WTG_10,192,7.09,19.62,206.75,74.62,70.02,86.7,885.57,9.84,0.0,172.06,770.16
WTG_10,193,9.48,17.15,193.15,83.83,71.03,105.11,1177.83,13.09,0.0,172.81,1872.14
WTG_10,194,12.21,15.93,188.57,84.87,71.63,107.81,1546.6,17.18,0.53,173.6,2000.0
WTG_10,195,10.44,17.25,184.05,85.02,71.42,110.47,1325.95,14.73,0.0,170.66,2000.0
WTG_10,196,8.21,17.69,201.24,79.43,69.81,94.2,1031.29,11.46,0.0,172.15,1216.51
WTG_10,197,12.32,25.93,194.63,85.65,71.87,116.58,1546.68,17.19,0.8,171.58,2000.0
WTG_10,198,10.73,16.88,229.29,86.75,71.43,109.09,1386.56,15.41,0.0,173.67,2000.0
WTG_10,199,11.51,15.12,232.74,85.63,73.39,106.76,1454.84,16.16,0.0,175.86,2000.0
WTG_10,200,9.31,17.98,184.26,84.14,70.9,106.92,1184.13,13.16,0.0,171.92,1770.22
WTG_10,201,3.0,14.61,180.32,70.73,68.69,69.56,540.0,6.0,0.0,171.7,68.36
WTG_10,202,11.38,21.27,206.63,86.6,71.35,114.75,1409.08,15.66,0.0,169.84,2000.0
WTG_10,203,6.24,12.7,192.89,73.95,69.44,78.71,759.27,8.44,0.0,171.62,528.07
WTG_10,204,10.67,26.88,175.08,86.06,72.43,121.77,1334.69,14.83,0.0,172.4,2000.0
WTG_10,205,10.21,22.16,222.88,86.01,72.02,113.41,1319.19,14.66,0.0,172.38,2000.0
WTG_10,206,6.87,15.13,205.9,77.22,70.31,84.74,830.67,9.23,0.0,170.01,729.1
WTG_10,207,15.51,14.33,205.54,87.51,74.71,107.65,1800.0,20.0,8.78,169.06,2000.0
WTG_10,208,7.17,16.16,191.85,76.72,71.08,86.22,884.64,9.83,0.0,172.23,817.57
WTG_10,209,7.46,15.09,187.47,78.96,71.24,91.24,971.03,10.79,0.0,171.12,934.38
WTG_10,210,8.36,15.76,213.27,81.87,72.2,96.29,1049.63,11.66,0.0,170.91,1266.2
WTG_10,211,8.19,18.03,200.95,81.98,72.73,96.84,1008.0,11.2,0.0,169.3,1219.68
WTG_10,212,11.77,15.7,228.15,87.58,74.37,112.01,1455.3,16.17,0.0,170.17,2000.0
WTG_10,213,3.0,17.68,203.15,73.64,70.02,75.09,540.0,6.0,0.0,168.56,58.22
WTG_10,214,15.5,17.28,218.63,88.26,76.21,115.2,1800.0,20.0,8.76,170.87,2000.0
WTG_10,215,8.14,23.84,195.03,80.92,72.26,105.56,1005.77,11.18,0.0,170.09,1198.79
WTG_10,216,6.84,18.56,200.17,78.47,72.35,88.74,878.19,9.76,0.0,170.86,709.76
WTG_10,217,10.05,16.69,197.86,88.4,74.65,110.8,1264.09,14.05,0.0,171.34,2000.0
WTG_10,218,9.01,14.83,196.61,86.39,72.94,102.46,1142.78,12.7,0.0,168.67,1601.68
WTG_10,219,7.45,25.84,214.34,80.25,72.97,100.7,947.91,10.53,0.0,168.38,911.32
WTG_10,220,5.89,23.83,202.92,77.07,72.97,90.9,766.2,8.51,0.0,167.67,461.86
WTG_10,221,7.06,24.66,204.92,81.02,72.83,97.99,904.76,10.05,0.0,166.86,767.52
WTG_10,222,9.69,15.24,211.06,88.94,74.64,111.86,1225.34,13.61,0.0,168.66,1997.62
WTG_10,223,8.28,14.08,175.74,84.23,73.92,96.32,1063.52,11.82,0.0,166.92,1244.58
WTG_10,224,6.91,16.53,213.12,79.78,72.46,88.06,883.46,9.82,0.0,166.03,718.74
WTG_10,225,9.11,12.92,213.06,86.91,75.3,105.49,1163.11,12.92,0.0,165.92,1650.35
WTG_10,226,11.34,17.89,203.52,92.21,76.76,114.41,1425.6,15.84,0.0,165.9,2000.0
WTG_10,227,4.13,26.22,207.98,77.61,72.52,89.07,540.0,6.0,0.0,164.26,159.16
WTG_10,228,10.42,17.44,170.43,90.61,76.12,115.41,1318.73,14.65,0.0,166.78,2000.0
WTG_10,229,4.86,15.37,198.31,76.22,73.41,82.28,626.17,6.96,0.0,163.49,252.5
WTG_10,230,11.57,21.74,221.28,90.03,78.04,120.89,1477.49,16.42,0.0,164.34,2000.0
WTG_10,231,6.05,18.12,238.82,81.41,75.19,89.19,771.52,8.57,0.0,165.36,479.57
WTG_10,232,10.29,8.14,205.5,93.73,77.68,107.5,1310.38,14.56,0.0,164.75,2000.0
WTG_10,233,7.25,20.18,233.0,82.29,76.36,99.14,907.45,10.08,0.0,163.32,842.81
WTG_10,234,10.46,7.47,199.32,91.3,77.91,107.02,1341.19,14.9,0.0,164.36,2000.0
WTG_10,235,9.85,21.64,219.73,92.55,77.52,121.59,1247.47,13.86,0.0,162.02,2000.0
WTG_10,236,12.72,18.24,227.59,93.56,79.05,117.81,1611.57,17.91,1.81,163.28,2000.0
WTG_10,237,11.94,20.89,190.99,93.11,79.39,120.74,1509.98,16.78,0.0,163.05,2000.0
WTG_10,238,6.67,20.44,206.0,82.51,76.74,95.07,828.52,9.21,0.0,162.4,658.26
WTG_10,239,9.34,20.76,189.26,92.02,77.67,117.61,1179.22,13.1,0.0,161.8,1808.86
WTG_10,240,9.56,10.06,195.79,92.46,77.79,110.15,1212.22,13.47,0.0,163.21,1934.03
WTG_10,241,8.07,17.5,209.18,87.5,77.41,104.84,996.65,11.07,0.0,162.16,1182.65
WTG_10,242,8.56,19.49,204.82,88.2,77.86,111.86,1068.03,11.87,0.0,161.82,1398.02
WTG_10,243,5.04,22.52,200.04,81.71,77.71,91.7,615.49,6.84,0.0,161.13,296.83
WTG_10,244,8.27,14.27,212.98,88.73,78.67,103.41,1061.44,11.79,0.0,161.04,1236.58
WTG_10,245,9.08,21.66,206.35,91.52,79.24,116.11,1134.08,12.6,0.0,161.11,1631.58
WTG_10,246,5.22,14.01,214.38,81.7,78.61,85.53,649.74,7.22,0.0,158.84,316.41
WTG_10,247,10.52,13.79,219.58,96.07,81.11,117.0,1339.89,14.89,0.0,160.3,2000.0
WTG_10,248,9.61,15.07,196.16,95.53,79.71,116.19,1211.35,13.46,0.0,161.92,1949.74
WTG_10,249,5.52,21.25,200.34,82.66,77.45,95.7,698.66,7.76,0.0,160.38,379.24
WTG_10,250,9.18,21.3,209.92,92.13,80.51,118.77,1155.73,12.84,0.0,159.7,1699.12
WTG_10,251,8.27,11.09,204.15,89.04,79.54,100.58,1034.17,11.49,0.0,159.88,1265.87
WTG_10,252,9.53,20.99,188.48,97.42,81.3,123.09,1183.59,13.15,0.0,158.68,1905.76
WTG_10,253,10.49,12.56,201.47,97.14,82.83,116.87,1318.45,14.65,0.0,158.82,2000.0
WTG_10,254,5.53,20.46,199.6,85.05,79.83,97.33,691.3,7.68,0.0,157.75,383.32
WTG_10,255,9.82,19.06,216.02,97.91,80.79,125.6,1237.48,13.75,0.0,159.05,2000.0
WTG_10,256,7.79,15.92,176.32,90.51,81.37,103.74,980.08,10.89,0.0,158.3,1044.2
WTG_10,257,6.58,14.24,185.46,85.23,80.34,95.33,817.82,9.09,0.0,157.01,610.86
WTG_10,258,10.57,20.11,200.95,98.66,84.98,125.46,1328.01,14.76,0.0,157.7,2000.0
WTG_10,259,7.67,23.81,211.42,91.23,83.06,112.63,955.78,10.62,0.0,155.17,988.16
WTG_10,260,10.22,24.39,212.97,100.02,83.26,131.0,1285.29,14.28,0.0,156.56,2000.0
WTG_10,261,10.93,14.31,194.78,99.07,83.85,121.27,1387.32,15.41,0.0,156.93,2000.0
WTG_10,262,10.64,13.54,231.11,99.91,83.24,121.23,1402.97,15.59,0.0,152.5,2000.0
WTG_10,263,12.68,16.53,221.46,98.96,83.78,124.28,1600.24,17.78,1.69,153.76,2000.0
WTG_10,264,5.02,19.72,212.13,86.18,81.32,94.68,656.26,7.29,0.0,153.63,293.49
WTG_10,265,8.46,19.54,182.04,94.75,84.32,115.98,1068.86,11.88,0.0,155.31,1341.42
WTG_10,266,12.58,18.11,219.49,101.14,85.7,127.21,1561.32,17.35,1.46,151.68,2000.0
WTG_10,267,13.33,14.18,218.27,100.65,86.45,124.31,1670.6,18.56,3.33,153.65,2000.0
WTG_10,268,11.2,18.11,222.92,102.14,86.12,128.44,1414.84,15.72,0.0,150.85,2000.0
WTG_10,269,7.39,19.63,193.66,94.2,85.04,108.27,932.14,10.36,0.0,154.19,860.81
WTG_10,270,6.77,15.76,214.61,91.86,84.86,101.69,869.81,9.66,0.0,150.7,674.1
WTG_10,271,11.11,9.94,209.19,101.87,85.97,120.48,1387.04,15.41,0.0,150.27,2000.0
WTG_10,272,8.42,17.95,216.6,96.44,86.56,116.93,1087.77,12.09,0.0,149.19,1314.94
WTG_10,273,9.19,20.7,194.62,100.51,85.46,129.51,1147.63,12.75,0.0,149.36,1707.99
WTG_10,274,7.25,16.49,205.72,94.98,85.0,106.25,918.92,10.21,0.0,150.96,821.72
WTG_10,275,10.73,6.81,206.42,103.26,87.72,120.02,1352.68,15.03,0.0,150.51,2000.0
WTG_10,276,5.39,19.83,212.73,91.08,84.48,101.24,693.93,7.71,0.0,148.48,330.98
WTG_10,277,9.2,20.9,191.27,100.48,88.55,128.4,1180.35,13.12,0.0,151.09,1675.85
WTG_10,278,10.91,18.05,200.42,104.31,89.05,131.24,1363.99,15.16,0.0,148.39,2000.0
WTG_10,279,12.85,20.22,200.87,105.28,90.42,135.39,1625.26,18.06,2.12,149.26,2000.0
WTG_10,280,9.01,12.49,209.27,101.42,89.01,120.06,1131.85,12.58,0.0,145.73,1615.0
WTG_10,281,3.82,21.48,193.26,91.67,86.95,101.62,540.0,6.0,0.0,146.67,113.7
WTG_10,282,9.75,17.18,201.14,108.11,90.03,131.8,1217.46,13.53,0.0,144.28,2000.0
WTG_10,283,8.77,11.16,221.89,100.95,89.69,116.57,1059.63,11.77,0.0,146.87,1481.54
WTG_10,284,3.59,22.52,213.67,91.37,88.31,102.16,540.0,6.0,0.0,145.18,89.19
WTG_10,285,8.25,18.73,187.59,99.84,88.69,122.76,1065.43,11.84,0.0,144.98,1248.65
WTG_10,286,4.5,16.02,204.25,93.45,88.49,99.2,577.91,6.42,0.0,146.52,214.02
WTG_10,287,7.94,20.07,192.6,100.55,89.46,120.55,978.17,10.87,0.0,147.66,1105.87
WTG_10,288,8.91,16.8,204.33,105.0,91.88,127.7,1143.79,12.71,0.0,142.35,1552.14
WTG_10,289,6.59,15.14,218.7,98.62,91.16,107.33,844.68,9.39,0.0,140.71,633.74
WTG_10,290,7.9,20.15,216.41,102.1,91.91,121.56,963.17,10.7,0.0,143.82,1050.02
WTG_10,291,9.53,12.68,204.44,108.21,92.56,129.16,1198.86,13.32,0.0,138.77,1893.06
WTG_10,292,9.27,22.98,176.13,108.35,93.14,138.83,1170.7,13.01,0.0,140.2,1735.97
WTG_10,293,9.16,27.96,212.34,107.32,91.81,141.11,1167.47,12.97,0.0,139.22,1714.31
WTG_10,294,7.95,19.99,223.7,104.86,92.55,126.87,982.61,10.92,0.0,141.35,1138.48
WTG_10,295,8.83,14.25,192.78,107.59,93.02,126.86,1129.83,12.55,0.0,140.05,1517.61
WTG_10,296,6.29,12.31,210.18,100.2,92.42,106.95,804.51,8.94,0.0,139.96,562.67
WTG_10,297,7.09,16.11,210.13,101.59,93.8,115.49,897.23,9.97,0.0,139.11,764.94
WTG_10,298,9.73,19.03,197.47,111.72,94.35,141.01,1250.78,13.9,0.0,137.33,2000.0
WTG_11,1,12.94,21.58,147.53,78.62,62.63,103.94,1644.97,18.28,2.34,184.2,2000.0
WTG_11,2,5.68,21.66,195.75,66.38,59.16,73.86,718.38,7.98,0.0,186.1,385.32
WTG_11,3,9.42,19.22,202.51,77.46,60.0,96.88,1178.55,13.1,0.0,185.71,1817.72
WTG_11,4,9.0,10.72,203.59,76.57,60.48,86.73,1121.16,12.46,0.0,181.51,1595.68
WTG_11,5,8.28,18.54,200.02,73.14,60.38,85.79,1028.7,11.43,0.0,186.0,1245.98
WTG_11,6,7.52,19.5,177.7,71.6,59.4,81.83,953.07,10.59,0.0,186.38,940.54
WTG_11,7,12.5,16.41,191.09,79.79,61.6,100.03,1559.72,17.33,1.25,184.39,2000.0
WTG_11,8,9.06,19.56,166.4,75.58,59.31,96.09,1117.11,12.41,0.0,187.06,1640.33
WTG_11,9,11.14,13.26,183.57,79.12,61.15,95.53,1398.47,15.54,0.0,186.26,2000.0
WTG_11,10,12.25,16.71,178.31,79.32,61.22,99.08,1539.0,17.1,0.62,182.54,2000.0
WTG_11,11,5.07,13.28,177.33,65.16,58.61,64.97,650.0,7.22,0.0,184.86,275.21
WTG_11,12,9.25,15.58,208.75,78.06,60.9,93.16,1179.4,13.1,0.0,185.77,1725.14
WTG_11,13,11.84,14.99,175.46,79.64,61.35,97.1,1491.1,16.57,0.0,183.82,2000.0
WTG_11,14,8.91,18.62,196.34,75.76,61.12,92.31,1141.71,12.69,0.0,184.53,1541.71
WTG_11,15,8.01,20.15,185.81,73.09,60.26,87.48,1026.65,11.41,0.0,183.89,1128.15
WTG_11,16,12.92,15.78,173.97,80.57,62.38,98.77,1620.72,18.01,2.3,181.94,2000.0
WTG_11,17,12.21,13.85,181.15,80.28,61.0,95.63,1526.25,16.96,0.53,184.99,2000.0
WTG_11,18,12.92,16.3,171.06,78.24,61.77,96.83,1631.5,18.13,2.31,184.73,2000.0
WTG_11,19,5.89,27.88,190.22,66.31,58.71,81.94,746.1,8.29,0.0,183.32,456.34
WTG_11,20,10.71,26.43,159.8,79.61,61.29,110.81,1358.77,15.1,0.0,187.33,2000.0
WTG_11,21,5.38,21.06,193.31,66.33,57.92,73.04,699.25,7.77,0.0,184.45,349.63
WTG_11,22,10.71,17.62,188.91,78.46,62.76,100.38,1360.43,15.12,0.0,185.73,2000.0
WTG_11,23,9.15,13.57,194.04,76.1,60.09,90.66,1157.42,12.86,0.0,184.85,1697.29
WTG_11,24,8.28,19.08,203.85,73.07,59.97,88.11,1052.1,11.69,0.0,184.11,1268.53
WTG_11,25,9.63,24.27,208.67,78.23,62.33,105.67,1238.0,13.76,0.0,187.06,1968.67
WTG_11,26,9.91,13.87,160.37,78.05,60.56,96.37,1274.31,14.16,0.0,185.33,2000.0
WTG_11,27,9.8,15.07,182.72,79.44,59.98,97.16,1265.46,14.06,0.0,186.47,2000.0
WTG_11,28,3.92,26.39,163.4,63.78,57.63,74.52,540.0,6.0,0.0,183.39,132.47
WTG_11,29,10.42,21.31,162.32,80.3,60.97,102.98,1331.96,14.8,0.0,186.65,2000.0
WTG_11,30,9.12,25.29,193.64,76.23,60.95,99.85,1148.85,12.77,0.0,184.16,1656.46
WTG_11,31,4.96,13.84,173.93,65.82,59.32,65.59,620.57,6.9,0.0,186.55,274.38
WTG_11,32,8.05,18.94,174.77,71.32,60.83,87.14,1018.99,11.32,0.0,183.63,1145.86
WTG_11,33,10.3,15.14,182.11,79.22,59.54,97.13,1288.47,14.32,0.0,190.79,2000.0
WTG_11,34,5.15,16.48,187.72,66.15,58.55,66.28,645.32,7.17,0.0,186.05,288.56
WTG_11,35,7.68,14.5,192.32,72.47,59.93,78.12,944.36,10.49,0.0,183.16,1023.58
WTG_11,36,3.0,24.46,169.06,62.23,57.64,69.52,540.0,6.0,0.0,185.95,62.38
WTG_11,37,11.09,17.02,171.06,77.88,62.7,99.3,1401.09,15.57,0.0,184.58,2000.0
WTG_11,38,13.01,17.78,182.22,78.51,60.8,98.21,1622.39,18.03,2.52,184.41,2000.0
WTG_11,39,5.55,20.61,180.59,65.92,58.91,74.74,670.24,7.45,0.0,184.71,398.43
WTG_11,40,9.03,23.75,179.59,76.18,60.44,98.81,1157.72,12.86,0.0,183.95,1621.45
WTG_11,41,7.37,12.82,177.4,70.09,60.23,75.49,923.65,10.26,0.0,186.77,886.27
WTG_11,42,8.49,15.96,163.69,73.0,60.26,85.63,1093.81,12.15,0.0,186.92,1330.97
WTG_11,43,7.08,18.12,156.51,71.12,59.37,77.03,914.4,10.16,0.0,184.7,756.01
WTG_11,44,6.31,20.63,178.27,66.29,58.86,76.3,790.05,8.78,0.0,184.95,573.3
WTG_11,45,7.61,16.72,212.24,71.27,59.68,80.45,967.79,10.75,0.0,184.44,957.69
WTG_11,46,6.98,11.33,201.89,69.63,60.24,68.81,891.86,9.91,0.0,184.87,753.66
WTG_11,47,4.47,16.42,189.65,64.64,57.61,65.68,557.27,6.19,0.0,183.18,223.34
WTG_11,48,6.81,21.75,199.65,70.39,59.22,79.11,860.74,9.56,0.0,185.54,703.61
WTG_11,49,11.09,21.73,202.06,79.6,61.58,102.69,1415.01,15.72,0.0,182.15,2000.0
WTG_11,50,6.37,21.28,178.44,68.69,57.54,78.14,804.67,8.94,0.0,184.81,591.25
WTG_11,51,7.36,16.69,180.4,71.89,60.14,76.23,903.81,10.04,0.0,185.16,880.94
WTG_11,52,9.73,14.02,167.04,78.72,61.09,98.69,1241.89,13.8,0.0,185.11,2000.0
WTG_11,53,9.73,17.91,179.42,79.51,61.72,101.22,1240.52,13.78,0.0,182.81,2000.0
WTG_11,54,5.67,23.01,183.72,66.71,60.08,75.52,719.05,7.99,0.0,185.68,389.04
WTG_11,55,12.11,24.72,175.31,80.36,61.45,106.62,1533.77,17.04,0.28,184.48,2000.0
WTG_11,56,8.2,16.89,191.78,72.68,59.46,83.95,1023.23,11.37,0.0,186.59,1235.56
WTG_11,57,5.77,19.83,196.12,66.04,59.93,72.07,674.08,7.49,0.0,183.94,402.21
WTG_11,58,7.13,14.94,176.27,68.83,59.12,75.69,885.7,9.84,0.0,183.01,785.16
WTG_11,59,7.38,15.92,185.9,70.93,60.18,78.42,916.47,10.18,0.0,186.79,916.34
WTG_11,60,6.14,15.77,173.75,69.16,59.64,70.76,770.82,8.56,0.0,186.36,533.53
WTG_11,61,12.71,22.71,184.1,78.94,61.45,105.23,1599.26,17.77,1.77,184.64,2000.0
WTG_11,62,6.84,28.74,190.64,70.48,58.76,86.84,885.24,9.84,0.0,181.95,722.37
WTG_11,63,4.96,13.96,184.02,66.07,59.12,65.12,622.76,6.92,0.0,182.69,315.42
WTG_11,64,9.74,11.54,183.69,79.31,60.28,93.05,1239.13,13.77,0.0,185.39,2000.0
WTG_11,65,11.61,22.17,182.88,80.17,60.47,106.57,1423.87,15.82,0.0,181.56,2000.0
WTG_11,66,9.99,21.32,208.62,79.3,60.34,101.95,1267.32,14.08,0.0,184.28,2000.0
WTG_11,67,10.23,22.1,179.41,79.55,61.52,104.79,1315.3,14.61,0.0,184.5,2000.0
WTG_11,68,12.89,11.2,187.44,79.13,61.65,95.92,1591.47,17.68,2.23,184.25,2000.0
WTG_11,69,11.84,18.21,168.88,79.44,62.66,99.94,1459.84,16.22,0.0,185.88,2000.0
WTG_11,70,8.55,13.74,192.32,74.83,60.46,84.92,1105.4,12.28,0.0,183.41,1371.85
WTG_11,71,10.23,12.15,192.52,78.36,61.32,94.11,1313.31,14.59,0.0,184.81,2000.0
WTG_11,72,13.81,21.51,177.41,79.27,62.63,102.69,1726.72,19.19,4.51,187.59,2000.0
WTG_11,73,14.24,19.92,174.25,78.38,62.31,103.01,1783.55,19.82,5.61,184.78,2000.0
WTG_11,74,12.81,11.91,174.19,80.5,61.68,95.96,1578.13,17.53,2.03,185.62,2000.0
WTG_11,75,11.17,20.34,214.55,80.7,60.66,102.82,1403.43,15.59,0.0,185.43,2000.0
WTG_11,76,6.85,14.4,218.05,69.03,59.65,72.23,848.89,9.43,0.0,184.24,702.63
WTG_11,77,6.5,15.78,198.13,68.18,59.16,71.28,834.74,9.27,0.0,184.01,618.18
WTG_11,78,9.43,22.35,158.8,76.47,61.51,100.26,1182.57,13.14,0.0,184.7,1812.95
WTG_11,79,11.57,16.13,169.54,80.05,61.43,98.3,1459.39,16.22,0.0,186.26,2000.0
WTG_11,80,5.35,21.75,180.04,67.05,58.5,71.9,646.88,7.19,0.0,184.44,309.71
WTG_11,81,7.57,15.85,180.66,69.78,60.72,78.25,953.88,10.6,0.0,184.88,965.46
WTG_11,82,8.85,14.77,205.23,76.21,59.8,87.87,1101.39,12.24,0.0,186.08,1548.62
WTG_11,83,6.15,17.47,198.75,66.78,59.67,70.39,782.9,8.7,0.0,184.86,508.02
WTG_11,84,5.76,14.49,193.92,67.37,58.42,67.75,712.05,7.91,0.0,182.8,437.41
WTG_11,85,10.18,24.27,170.57,78.32,60.32,105.26,1286.38,14.29,0.0,185.29,2000.0
WTG_11,86,8.1,15.1,219.56,71.11,59.58,81.0,988.26,10.98,0.0,183.2,1188.79
WTG_11,87,7.65,15.16,192.45,71.46,61.01,78.2,979.42,10.88,0.0,185.77,982.38
WTG_11,88,15.31,25.26,213.24,78.96,62.88,107.89,1800.0,20.0,8.28,183.41,2000.0
WTG_11,89,9.37,15.9,189.83,78.81,60.72,96.33,1155.32,12.84,0.0,183.48,1799.79
WTG_11,90,8.38,18.86,186.08,73.01,60.14,86.52,1030.69,11.45,0.0,183.4,1302.81
WTG_11,91,8.68,20.25,170.57,76.7,60.69,94.42,1078.19,11.98,0.0,183.76,1467.39
WTG_11,92,10.63,20.41,175.08,79.69,60.94,101.85,1343.33,14.93,0.0,184.37,2000.0
WTG_11,93,11.08,21.32,162.66,79.52,62.13,102.82,1398.93,15.54,0.0,182.61,2000.0
WTG_11,94,10.47,16.61,206.99,78.67,59.96,100.22,1325.17,14.72,0.0,184.13,2000.0
WTG_11,95,11.29,19.03,191.22,79.17,61.69,102.81,1437.32,15.97,0.0,182.87,2000.0
WTG_11,96,11.31,18.25,183.84,80.39,61.95,101.83,1428.59,15.87,0.0,184.33,2000.0
WTG_11,97,7.54,19.78,182.97,69.64,59.0,84.83,931.32,10.35,0.0,185.94,935.98
WTG_11,98,8.4,20.09,175.54,73.38,60.16,89.7,1070.26,11.89,0.0,185.51,1307.7
WTG_11,99,8.8,11.69,183.17,74.69,58.98,83.93,1094.28,12.16,0.0,184.51,1475.31
WTG_11,100,10.13,20.01,204.36,78.41,61.28,103.58,1298.3,14.43,0.0,182.94,2000.0
WTG_11,101,9.66,25.29,170.06,79.37,61.26,109.24,1217.47,13.53,0.0,183.72,1999.72
WTG_11,102,6.35,17.6,173.78,68.25,60.12,74.06,789.82,8.78,0.0,182.98,569.16
WTG_11,103,6.51,20.51,193.9,67.89,57.82,78.6,816.58,9.07,0.0,185.1,611.55
WTG_11,104,8.78,14.41,187.2,73.97,60.57,87.28,1075.47,11.95,0.0,183.88,1492.07
WTG_11,105,6.15,24.03,195.91,68.96,58.7,78.1,762.76,8.48,0.0,182.35,509.55
WTG_11,106,7.3,23.98,182.2,70.46,60.61,86.53,911.89,10.13,0.0,184.55,857.74
WTG_11,107,8.43,21.84,178.89,75.04,59.86,91.46,1046.29,11.63,0.0,184.29,1309.75
WTG_11,108,8.86,16.48,197.81,76.21,61.4,90.35,1107.64,12.31,0.0,183.79,1545.11
WTG_11,109,4.26,23.35,225.31,65.17,57.72,73.59,540.0,6.0,0.0,183.57,175.26
WTG_11,110,3.88,15.14,170.08,65.69,59.92,65.22,540.0,6.0,0.0,182.42,130.17
WTG_11,111,10.55,21.19,183.25,79.33,62.47,104.68,1334.24,14.82,0.0,183.67,2000.0
WTG_11,112,5.94,22.61,192.32,68.04,58.65,74.59,749.99,8.33,0.0,182.84,448.65
WTG_11,113,9.87,19.35,193.41,82.05,61.44,102.24,1240.21,13.78,0.0,183.72,2000.0
WTG_11,114,8.48,18.28,177.73,73.92,61.42,87.46,1083.05,12.03,0.0,187.08,1346.73
WTG_11,115,13.71,24.9,184.05,80.15,63.12,107.8,1732.17,19.25,4.28,183.11,2000.0
WTG_11,116,9.21,29.74,211.18,78.04,60.61,107.53,1161.53,12.91,0.0,180.86,1713.87
WTG_11,117,9.23,18.47,183.54,77.27,61.67,96.63,1170.74,13.01,0.0,182.19,1730.18
WTG_11,118,4.6,23.74,193.69,66.55,59.05,75.22,580.7,6.45,0.0,183.95,213.03
WTG_11,119,3.0,23.07,196.63,64.1,57.96,70.95,540.0,6.0,0.0,183.03,55.55
WTG_11,120,6.83,35.2,174.7,70.26,59.82,94.5,858.96,9.54,0.0,182.25,666.34
WTG_11,121,4.96,15.02,212.28,63.97,59.0,66.71,635.45,7.06,0.0,182.49,244.34
WTG_11,122,11.69,18.51,218.49,79.45,62.96,102.65,1460.82,16.23,0.0,181.05,2000.0
WTG_11,123,10.73,12.04,178.63,79.71,62.48,96.04,1365.46,15.17,0.0,184.1,2000.0
WTG_11,124,10.98,23.23,173.79,80.64,61.95,106.62,1389.41,15.44,0.0,184.76,2000.0
WTG_11,125,9.54,22.38,194.15,78.92,60.51,101.96,1194.69,13.27,0.0,182.19,1880.74
WTG_11,126,10.76,17.03,195.27,79.54,61.72,101.48,1367.61,15.2,0.0,183.42,2000.0
WTG_11,127,3.0,16.59,200.68,63.87,57.66,64.17,540.0,6.0,0.0,184.35,44.09
WTG_11,128,8.67,16.6,176.58,76.03,61.5,90.4,1097.96,12.2,0.0,183.46,1407.41
WTG_11,129,7.7,19.73,204.61,72.41,60.91,84.47,949.36,10.55,0.0,184.29,1003.34
WTG_11,130,6.6,26.07,183.63,69.28,59.44,85.16,838.88,9.32,0.0,182.08,624.06
WTG_11,131,9.2,17.74,182.58,78.2,60.02,94.64,1113.89,12.38,0.0,182.78,1731.23
WTG_11,132,8.79,17.14,214.86,76.78,61.57,92.53,1077.97,11.98,0.0,183.4,1499.27
WTG_11,133,9.62,16.68,170.66,79.3,61.94,100.12,1217.45,13.53,0.0,182.12,1949.71
WTG_11,134,9.63,17.68,196.25,80.37,61.15,100.3,1235.32,13.73,0.0,183.86,1968.32
WTG_11,135,5.03,16.57,182.05,66.69,59.91,69.23,631.33,7.01,0.0,184.66,276.89
WTG_11,136,8.41,15.64,181.78,75.12,61.88,84.88,1053.5,11.71,0.0,183.06,1292.49
WTG_11,137,12.89,12.07,215.86,80.93,63.59,96.05,1608.65,17.87,2.22,181.86,2000.0
WTG_11,138,5.89,17.69,190.62,68.24,60.79,72.87,727.91,8.09,0.0,182.7,445.76
WTG_11,139,6.94,15.02,197.15,71.09,60.67,74.93,879.49,9.77,0.0,181.93,732.47
WTG_11,140,7.19,19.92,184.68,70.86,60.73,84.11,908.46,10.09,0.0,180.9,806.59
WTG_11,141,11.02,14.93,214.35,80.76,61.58,99.37,1376.16,15.29,0.0,183.59,2000.0
WTG_11,142,10.47,17.05,233.12,79.57,61.77,101.07,1354.14,15.05,0.0,182.62,2000.0
WTG_11,143,6.93,15.83,164.47,71.81,59.52,76.21,834.87,9.28,0.0,182.69,733.89
WTG_11,144,9.93,15.96,177.9,81.01,61.65,100.58,1263.04,14.03,0.0,184.41,2000.0
WTG_11,145,7.28,16.53,188.19,71.39,61.07,80.71,958.82,10.65,0.0,181.66,848.35
WTG_11,146,10.98,14.96,182.17,80.47,62.48,100.07,1390.57,15.45,0.0,182.55,2000.0
WTG_11,147,10.7,11.5,179.11,80.72,62.68,96.62,1347.09,14.97,0.0,180.64,2000.0
WTG_11,148,10.52,22.2,189.66,82.24,62.63,105.89,1309.51,14.55,0.0,182.45,2000.0
WTG_11,149,6.92,20.86,194.14,70.23,59.98,82.44,854.67,9.5,0.0,182.85,730.63
WTG_11,150,7.83,23.09,183.8,74.14,61.67,89.58,978.39,10.87,0.0,181.99,1060.57
WTG_11,151,7.39,16.67,191.25,72.77,61.27,79.47,938.22,10.42,0.0,182.87,876.36
WTG_11,152,8.7,16.16,216.45,77.34,62.24,91.22,1090.53,12.12,0.0,181.38,1441.73
WTG_11,153,9.55,12.45,166.49,82.34,63.18,94.62,1192.64,13.25,0.0,183.48,1916.75
WTG_11,154,5.64,24.13,187.82,67.96,61.76,78.61,699.81,7.78,0.0,183.44,409.19
WTG_11,155,9.29,20.72,180.38,78.86,62.05,100.47,1137.53,12.64,0.0,178.84,1749.75
WTG_11,156,7.4,18.16,191.95,72.36,60.73,82.01,926.06,10.29,0.0,181.37,885.74
WTG_11,157,5.88,17.27,165.91,69.22,60.79,73.51,728.39,8.09,0.0,182.85,451.82
WTG_11,158,9.26,22.71,163.98,78.55,63.0,103.09,1181.81,13.13,0.0,180.4,1715.13
WTG_11,159,8.88,15.62,208.61,77.93,62.7,91.78,1117.49,12.42,0.0,182.77,1530.77
WTG_11,160,12.9,9.68,214.09,81.18,63.21,94.94,1651.68,18.35,2.26,181.12,2000.0
WTG_11,161,5.52,15.37,195.5,66.42,60.69,68.89,700.66,7.79,0.0,181.0,355.13
WTG_11,162,3.88,16.72,201.79,66.35,58.94,67.08,540.0,6.0,0.0,180.41,130.34
WTG_11,163,5.69,20.71,200.34,68.94,59.79,75.02,705.68,7.84,0.0,179.88,402.56
WTG_11,164,10.24,24.26,205.27,82.24,62.93,108.71,1292.89,14.37,0.0,182.53,2000.0
WTG_11,165,12.32,20.95,232.18,81.0,63.52,107.88,1539.25,17.1,0.81,179.71,2000.0
WTG_11,166,7.63,23.04,202.39,72.21,61.86,89.52,943.28,10.48,0.0,181.52,976.6
WTG_11,167,13.69,20.97,179.14,83.31,64.62,106.76,1727.36,19.19,4.23,181.63,2000.0
WTG_11,168,6.33,11.9,193.4,70.09,61.15,68.26,809.02,8.99,0.0,181.5,537.13
WTG_11,169,10.02,20.68,208.65,82.09,61.53,104.97,1261.12,14.01,0.0,179.97,2000.0
WTG_11,170,9.13,19.07,206.78,79.81,64.1,99.3,1162.64,12.92,0.0,180.95,1677.62
WTG_11,171,10.15,21.26,220.34,82.22,62.42,106.94,1258.62,13.98,0.0,183.64,2000.0
WTG_11,172,9.01,18.06,191.19,78.66,64.17,97.02,1162.18,12.91,0.0,180.22,1614.77
WTG_11,173,3.78,18.55,190.53,65.62,62.71,68.55,540.0,6.0,0.0,181.77,113.23
WTG_11,174,8.45,7.05,195.18,77.97,64.16,80.74,1067.2,11.86,0.0,181.32,1320.49
WTG_11,175,6.12,13.37,187.68,71.33,61.5,70.43,806.95,8.97,0.0,179.85,495.72
WTG_11,176,7.69,15.1,221.02,74.36,63.3,82.58,967.36,10.75,0.0,180.97,995.62
WTG_11,177,11.54,13.72,185.13,82.26,63.74,99.23,1456.52,16.18,0.0,182.09,2000.0
WTG_11,178,8.08,16.16,185.39,74.64,62.41,86.49,1002.49,11.14,0.0,181.3,1146.15
WTG_11,179,8.79,13.97,189.78,78.14,63.94,91.49,1096.57,12.18,0.0,182.65,1483.65
WTG_11,180,6.77,13.53,192.46,71.94,62.32,75.45,873.66,9.71,0.0,180.79,650.21
WTG_11,181,10.55,19.96,240.13,82.33,64.15,107.79,1361.14,15.12,0.0,181.86,2000.0
WTG_11,182,6.87,10.0,170.72,72.68,62.96,74.83,887.11,9.86,0.0,183.0,734.67
WTG_11,183,10.7,17.91,191.81,83.38,64.38,103.94,1343.03,14.92,0.0,181.58,2000.0
WTG_11,184,10.38,19.03,195.99,85.15,66.04,105.15,1316.4,14.63,0.0,179.41,2000.0
WTG_11,185,6.75,10.5,224.1,70.91,62.95,72.77,848.22,9.42,0.0,180.32,661.18
WTG_11,186,11.68,21.59,179.29,82.59,64.05,107.31,1451.53,16.13,0.0,181.01,2000.0
WTG_11,187,11.3,18.51,184.56,82.81,65.52,105.22,1422.47,15.81,0.0,180.32,2000.0
WTG_11,188,9.83,12.23,228.7,82.09,65.59,99.69,1249.54,13.88,0.0,180.25,2000.0
WTG_11,189,9.97,22.35,215.88,82.19,63.75,109.41,1240.39,13.78,0.0,176.75,2000.0
WTG_11,190,7.06,9.31,198.7,73.61,63.16,74.74,918.61,10.21,0.0,179.12,773.3
WTG_11,191,6.25,18.68,222.39,71.58,62.66,78.96,762.02,8.47,0.0,177.62,523.43
WTG_11,192,7.68,18.21,200.5,74.38,63.2,85.87,1014.0,11.27,0.0,181.42,1006.64
WTG_11,193,6.33,20.35,206.61,71.83,61.98,82.7,770.82,8.56,0.0,179.14,550.93
WTG_11,194,12.98,26.83,201.79,84.79,66.33,114.24,1642.56,18.25,2.46,177.63,2000.0
WTG_11,195,9.18,20.49,202.55,81.81,65.02,104.02,1165.4,12.95,0.0,179.88,1700.49
WTG_11,196,9.39,19.66,182.33,82.32,64.58,103.35,1205.71,13.4,0.0,177.34,1815.71
WTG_11,197,6.31,17.04,212.2,72.86,63.17,79.44,794.15,8.82,0.0,179.95,561.63
WTG_11,198,11.05,19.66,194.7,85.17,66.52,106.45,1386.53,15.41,0.0,178.73,2000.0
WTG_11,199,3.0,16.23,189.74,67.28,62.37,67.86,540.0,6.0,0.0,175.61,43.08
WTG_11,200,11.84,17.19,200.38,85.43,66.37,106.42,1512.26,16.8,0.0,178.77,2000.0
WTG_11,201,10.72,18.3,193.08,83.46,67.01,106.53,1385.3,15.39,0.0,175.4,2000.0
WTG_11,202,6.94,10.17,188.53,74.36,63.91,75.09,906.01,10.07,0.0,179.54,742.06
WTG_11,203,4.43,29.76,187.06,69.89,62.63,85.43,553.78,6.15,0.0,179.46,188.96
WTG_11,204,11.39,18.36,191.56,83.84,66.53,109.02,1431.58,15.91,0.0,177.37,2000.0
WTG_11,205,10.25,15.37,213.79,85.13,65.25,104.77,1279.63,14.22,0.0,179.08,2000.0
WTG_11,206,9.41,21.47,181.23,83.72,66.82,104.28,1193.39,13.26,0.0,176.45,1824.7
WTG_11,207,3.27,13.08,193.57,70.25,63.8,65.1,540.0,6.0,0.0,178.45,89.24
WTG_11,208,7.31,19.79,187.03,76.14,64.29,88.32,917.25,10.19,0.0,175.15,856.77
WTG_11,209,13.25,14.99,171.54,84.38,68.67,105.17,1668.37,18.54,3.13,177.69,2000.0
WTG_11,210,6.61,15.88,191.83,74.61,64.72,80.14,800.17,8.89,0.0,175.16,639.88
WTG_11,211,6.76,16.73,221.87,76.44,65.36,82.44,873.17,9.7,0.0,178.95,688.53
WTG_11,212,10.74,24.59,201.63,85.61,66.18,113.66,1341.61,14.91,0.0,175.96,2000.0
WTG_11,213,6.25,15.65,212.32,73.91,64.88,78.79,802.31,8.91,0.0,176.06,517.13
WTG_11,214,5.9,16.05,183.44,73.66,64.8,75.75,702.96,7.81,0.0,174.29,451.3
WTG_11,215,9.55,24.79,220.92,85.8,66.48,112.02,1197.39,13.3,0.0,171.95,1916.34
WTG_11,216,9.45,17.21,176.01,84.26,67.56,106.18,1165.58,12.95,0.0,174.77,1855.31
WTG_11,217,12.76,24.47,206.09,84.26,67.81,115.13,1591.16,17.68,1.9,176.48,2000.0
WTG_11,218,7.89,18.28,186.51,79.46,66.04,91.13,1019.24,11.32,0.0,177.02,1101.52
WTG_11,219,9.46,13.99,217.78,85.75,66.38,101.96,1184.09,13.16,0.0,177.53,1850.4
WTG_11,220,11.96,19.37,184.41,87.06,68.03,108.89,1497.63,16.64,0.0,172.61,2000.0
WTG_11,221,12.04,22.94,201.53,85.24,69.74,114.59,1509.38,16.77,0.09,173.43,2000.0
WTG_11,222,10.96,15.27,182.16,85.47,68.37,106.21,1395.67,15.51,0.0,176.68,2000.0
WTG_11,223,8.25,16.44,171.75,81.48,67.4,93.61,1048.48,11.65,0.0,173.91,1234.83
WTG_11,224,7.96,20.2,201.63,79.61,66.97,94.41,1028.69,11.43,0.0,174.7,1130.0
WTG_11,225,11.37,15.82,197.0,87.39,68.25,106.13,1412.18,15.69,0.0,175.02,2000.0
WTG_11,226,8.87,22.48,200.56,82.65,66.48,104.62,1099.91,12.22,0.0,173.63,1550.59
WTG_11,227,4.27,11.09,214.41,72.45,65.84,67.69,540.0,6.0,0.0,175.22,169.3
WTG_11,228,9.28,14.17,211.94,84.44,68.21,102.26,1170.54,13.01,0.0,174.65,1743.51
WTG_11,229,11.22,22.93,199.52,86.48,69.62,116.32,1417.11,15.75,0.0,172.95,2000.0
WTG_11,230,16.17,21.18,200.71,87.86,70.63,112.04,1800.0,20.0,10.44,172.9,2000.0
WTG_11,231,10.7,20.37,217.23,88.06,68.95,111.17,1350.39,15.0,0.0,176.01,2000.0
WTG_11,232,11.3,19.69,182.68,88.45,69.71,111.83,1439.43,15.99,0.0,175.14,2000.0
WTG_11,233,6.02,18.22,228.18,75.93,66.97,81.39,767.32,8.53,0.0,173.16,493.75
WTG_11,234,10.68,13.62,188.96,89.66,69.07,106.16,1353.78,15.04,0.0,174.46,2000.0
WTG_11,235,10.43,16.97,203.08,88.08,70.26,109.18,1302.43,14.47,0.0,170.89,2000.0
WTG_11,236,6.49,20.13,210.03,77.5,68.08,86.55,840.71,9.34,0.0,173.9,617.52
WTG_11,237,8.73,21.4,209.98,83.63,68.8,103.45,1091.2,12.12,0.0,172.46,1446.2
WTG_11,238,11.72,22.7,210.97,89.64,69.35,116.12,1501.16,16.68,0.0,171.29,2000.0
WTG_11,239,10.85,11.74,177.43,88.28,69.42,105.99,1354.97,15.06,0.0,172.2,2000.0
WTG_11,240,12.87,18.92,217.23,88.47,71.74,110.88,1632.4,18.14,2.18,172.88,2000.0
WTG_11,241,8.55,15.02,200.11,82.86,67.89,96.32,1107.02,12.3,0.0,171.02,1351.31
WTG_11,242,9.4,16.08,210.96,88.54,69.98,108.14,1170.4,13.0,0.0,170.2,1859.56
WTG_11,243,8.38,17.19,197.22,83.74,69.52,96.76,1050.03,11.67,0.0,168.96,1308.55
WTG_11,244,6.64,24.56,234.53,78.92,69.61,95.28,854.35,9.49,0.0,169.67,638.19
WTG_11,245,9.51,16.71,213.29,88.95,69.64,108.95,1199.23,13.32,0.0,171.22,1877.34
WTG_11,246,13.22,19.28,203.26,89.85,72.47,114.62,1678.46,18.65,3.04,170.21,2000.0
WTG_11,247,9.91,20.72,191.12,91.79,70.02,115.97,1237.76,13.75,0.0,170.28,2000.0
WTG_11,248,6.66,20.79,183.64,78.61,69.72,91.01,864.66,9.61,0.0,170.96,633.19
WTG_11,249,7.67,11.63,203.55,82.57,68.88,88.35,950.87,10.57,0.0,171.54,1028.08
WTG_11,250,11.91,16.76,203.22,90.67,72.18,112.75,1510.35,16.78,0.0,170.15,2000.0
WTG_11,251,5.09,18.91,191.96,76.17,68.45,80.67,672.23,7.47,0.0,171.1,316.19
WTG_11,252,7.57,19.08,197.11,83.4,70.1,94.31,924.64,10.27,0.0,169.57,956.48
WTG_11,253,10.28,17.19,188.82,92.7,71.7,114.1,1332.04,14.8,0.0,169.91,2000.0
WTG_11,254,6.81,23.32,214.64,80.57,68.63,93.51,855.81,9.51,0.0,169.34,704.43
WTG_11,255,8.21,17.64,200.4,84.09,71.43,98.11,1013.75,11.26,0.0,170.72,1194.87
WTG_11,256,6.41,22.74,197.87,80.44,70.45,92.73,801.92,8.91,0.0,168.82,574.51
WTG_11,257,7.58,22.39,206.99,82.88,72.71,100.89,964.98,10.72,0.0,167.92,959.82
WTG_11,258,14.13,21.71,189.41,91.85,74.94,119.02,1796.44,19.96,5.33,165.49,2000.0
WTG_11,259,5.62,14.58,235.83,79.16,69.8,80.25,719.4,7.99,0.0,169.78,397.89
WTG_11,260,13.16,20.71,198.64,91.97,73.91,117.53,1650.61,18.34,2.9,167.07,2000.0
WTG_11,261,8.7,11.67,215.39,87.53,71.94,99.74,1062.49,11.81,0.0,167.4,1464.28
WTG_11,262,7.15,19.15,239.17,82.49,71.31,93.27,915.58,10.17,0.0,168.51,794.12
WTG_11,263,8.18,19.27,167.08,85.37,71.34,101.27,1043.72,11.6,0.0,166.73,1197.44
WTG_11,264,11.22,16.23,221.14,92.37,74.11,115.65,1419.2,15.77,0.0,168.09,2000.0
WTG_11,265,8.57,16.05,177.35,87.51,72.76,101.12,1076.05,11.96,0.0,165.42,1372.97
WTG_11,266,9.97,12.94,205.92,93.67,74.33,112.78,1230.79,13.68,0.0,167.08,2000.0
WTG_11,267,4.6,18.01,213.57,80.27,71.27,84.54,581.25,6.46,0.0,164.23,238.49
WTG_11,268,9.47,12.94,204.11,91.75,73.35,108.78,1181.38,13.13,0.0,167.14,1860.4
WTG_11,269,8.34,17.82,211.27,87.57,73.51,102.3,1055.89,11.73,0.0,164.45,1259.71
WTG_11,270,6.07,18.81,202.59,81.67,72.52,89.74,761.73,8.46,0.0,167.86,464.62
WTG_11,271,7.1,19.95,212.12,84.97,72.62,96.34,902.89,10.03,0.0,165.17,782.99
WTG_11,272,8.43,19.49,211.1,88.81,74.65,105.89,1066.57,11.85,0.0,165.01,1336.13
WTG_11,273,8.83,12.77,207.98,91.07,73.37,105.18,1114.97,12.39,0.0,164.25,1524.82
WTG_11,274,7.49,19.96,220.17,86.79,73.14,97.33,934.98,10.39,0.0,165.5,922.98
WTG_11,275,11.29,11.62,207.2,93.23,74.84,112.66,1413.26,15.7,0.0,164.23,2000.0
WTG_11,276,12.76,20.35,193.15,95.03,76.95,122.0,1620.87,18.01,1.9,163.92,2000.0
WTG_11,277,3.71,20.22,219.7,79.21,72.41,85.41,540.0,6.0,0.0,164.72,96.03
WTG_11,278,6.2,21.8,221.28,81.86,75.15,94.72,797.55,8.86,0.0,164.72,518.97
WTG_11,279,9.3,22.51,207.13,94.23,74.73,121.69,1173.57,13.04,0.0,163.27,1774.69
WTG_11,280,10.44,24.06,207.88,95.55,76.47,126.27,1297.22,14.41,0.0,164.8,2000.0
WTG_11,281,5.16,18.89,217.34,81.95,74.67,87.56,660.37,7.34,0.0,161.06,265.73
WTG_11,282,10.41,19.2,211.66,97.1,78.98,119.83,1299.99,14.44,0.0,164.09,2000.0
WTG_11,283,8.57,19.27,207.4,91.06,76.23,110.59,1119.58,12.44,0.0,164.29,1373.64
WTG_11,284,10.23,18.9,201.77,96.93,76.88,120.66,1298.09,14.42,0.0,164.34,2000.0
WTG_11,285,6.55,16.42,184.73,85.26,74.21,93.26,822.39,9.14,0.0,161.49,624.97
WTG_11,286,8.41,24.34,213.62,91.99,76.26,113.8,1064.53,11.83,0.0,165.15,1314.51
WTG_11,287,8.63,18.09,209.38,91.76,77.32,110.44,1074.32,11.94,0.0,162.84,1418.91
WTG_11,288,10.29,19.58,196.89,97.75,76.89,124.32,1298.23,14.42,0.0,162.0,2000.0
WTG_11,289,5.25,18.5,221.13,83.41,75.6,91.54,650.5,7.23,0.0,158.94,298.17
WTG_11,290,6.3,16.79,219.31,85.99,75.97,95.28,825.45,9.17,0.0,158.38,551.58
WTG_11,291,9.48,23.27,206.73,97.51,78.35,126.24,1175.6,13.06,0.0,160.76,1885.01
WTG_11,292,9.74,20.71,229.44,99.21,78.32,124.26,1213.15,13.48,0.0,160.18,2000.0
WTG_11,293,7.77,26.48,224.2,91.33,77.56,112.6,1000.08,11.11,0.0,158.01,1033.22
WTG_11,294,14.34,19.59,189.56,97.82,81.37,123.82,1800.0,20.0,5.85,160.81,2000.0
WTG_11,295,3.65,18.32,216.16,83.83,77.76,87.15,540.0,6.0,0.0,160.13,113.76
WTG_11,296,8.75,23.17,229.35,96.04,79.18,119.08,1097.98,12.2,0.0,157.21,1473.19
WTG_11,297,9.91,13.56,219.42,99.44,79.23,120.79,1269.07,14.1,0.0,158.23,2000.0
WTG_11,298,8.08,20.59,202.59,93.86,78.2,112.47,1015.03,11.28,0.0,158.19,1145.92
WTG_11,299,8.61,17.95,235.55,96.11,78.71,112.4,1060.4,11.78,0.0,156.85,1384.25
WTG_11,300,11.81,21.24,207.88,99.71,80.52,126.23,1495.73,16.62,0.0,159.43,2000.0
WTG_11,301,7.32,18.05,218.18,90.85,77.22,103.77,905.44,10.06,0.0,160.37,851.87
WTG_11,302,7.68,15.99,204.65,92.42,80.05,104.92,972.84,10.81,0.0,156.99,1008.39
WTG_11,303,10.13,14.1,202.41,101.91,80.94,123.01,1284.48,14.27,0.0,153.27,2000.0
WTG_11,304,9.81,12.84,227.22,100.87,81.61,121.6,1233.17,13.7,0.0,155.46,2000.0
WTG_11,305,10.66,18.88,211.79,102.02,82.04,128.29,1357.7,15.09,0.0,154.12,2000.0
WTG_11,306,8.54,16.46,215.11,98.44,80.0,114.31,1080.24,12.0,0.0,156.27,1397.73
WTG_11,307,9.21,15.94,231.38,100.73,81.95,118.81,1166.42,12.96,0.0,153.72,1703.13
WTG_11,308,7.01,22.74,219.64,92.13,80.33,109.97,900.43,10.0,0.0,155.2,760.8
WTG_11,309,8.34,18.09,225.87,97.0,81.31,114.17,1060.44,11.78,0.0,153.75,1272.88
WTG_11,310,8.87,15.83,190.9,99.28,82.02,115.95,1135.38,12.62,0.0,155.43,1546.32
WTG_11,311,12.13,17.65,216.0,102.85,83.39,127.68,1511.2,16.79,0.34,152.85,2000.0
WTG_11,312,8.68,22.23,179.52,99.41,82.01,124.61,1084.0,12.04,0.0,157.17,1447.88
WTG_11,313,8.96,14.03,207.53,101.12,83.59,117.68,1108.82,12.32,0.0,153.12,1589.17
WTG_11,314,6.48,13.11,181.09,94.05,82.68,97.99,818.08,9.09,0.0,155.2,611.88
WTG_11,315,6.63,14.02,223.0,94.65,83.02,101.44,860.44,9.56,0.0,151.63,667.47
WTG_11,316,7.0,19.1,186.17,95.23,82.97,108.98,876.05,9.73,0.0,152.92,745.6
WTG_11,317,7.4,20.69,185.79,95.64,84.28,112.34,945.86,10.51,0.0,151.03,881.1
WTG_11,318,11.54,23.89,196.8,105.62,84.11,138.25,1441.32,16.01,0.0,150.23,2000.0
WTG_11,319,6.49,18.05,225.43,96.5,85.45,105.18,837.87,9.31,0.0,150.48,601.6
WTG_11,320,8.16,17.39,234.43,100.17,84.88,116.86,1033.94,11.49,0.0,151.44,1207.49
WTG_11,321,10.19,25.38,192.31,106.99,84.52,139.19,1289.25,14.32,0.0,150.54,2000.0
WTG_11,322,12.06,16.31,254.05,107.03,86.65,132.07,1508.68,16.76,0.14,147.05,2000.0
WTG_11,323,9.09,21.27,202.3,103.57,86.32,128.49,1120.18,12.45,0.0,148.57,1673.69
WTG_11,324,10.89,19.42,198.43,106.19,88.05,133.85,1382.07,15.36,0.0,149.74,2000.0
WTG_11,325,10.72,16.62,214.26,107.06,88.38,130.88,1329.91,14.78,0.0,149.04,2000.0
WTG_11,326,8.32,21.25,192.25,102.14,86.5,122.12,1045.46,11.62,0.0,147.35,1274.17
WTG_11,327,8.95,21.12,233.65,104.13,86.07,129.06,1094.61,12.16,0.0,147.52,1573.93
WTG_11,328,6.2,13.32,219.73,97.22,85.8,102.99,760.94,8.45,0.0,146.91,512.67
WTG_11,329,14.58,17.27,230.87,110.05,89.29,133.42,1800.0,20.0,6.46,145.68,2000.0
WTG_11,330,11.81,13.16,232.61,108.97,89.81,129.68,1492.58,16.58,0.0,145.2,2000.0
WTG_11,331,10.3,17.66,242.51,110.48,87.56,135.32,1314.35,14.6,0.0,146.01,2000.0
WTG_11,332,8.49,16.88,229.9,103.34,87.68,122.18,1036.43,11.52,0.0,147.87,1354.14
WTG_11,333,7.67,18.22,194.87,100.32,86.86,116.48,975.03,10.83,0.0,144.67,971.2
WTG_11,334,11.84,24.09,235.87,110.67,90.52,144.13,1512.15,16.8,0.0,142.93,2000.0
WTG_11,335,11.35,17.81,233.5,109.67,91.21,135.93,1451.32,16.13,0.0,144.36,2000.0
WTG_11,336,6.2,16.56,228.84,97.57,88.62,107.24,788.47,8.76,0.0,144.02,513.74
WTG_11,337,8.66,16.3,223.0,107.07,90.44,125.01,1075.26,11.95,0.0,141.54,1429.99
WTG_11,338,10.69,14.45,203.75,112.67,91.22,133.08,1337.57,14.86,0.0,145.17,2000.0
WTG_11,339,11.65,19.67,179.14,113.3,92.42,138.82,1453.05,16.15,0.0,139.94,2000.0
WTG_11,340,8.54,18.56,195.38,107.24,90.16,130.72,1060.86,11.79,0.0,141.51,1403.89
WTG_11,341,6.47,15.16,218.47,101.38,91.96,110.42,806.89,8.97,0.0,140.15,594.37
WTG_11,342,8.56,21.21,230.44,108.26,90.51,129.74,1050.25,11.67,0.0,141.42,1360.8
WTG_11,343,10.98,17.04,185.15,113.8,93.9,139.03,1373.58,15.26,0.0,141.35,2000.0
WTG_11,344,11.03,23.39,205.67,112.95,91.79,145.02,1389.14,15.43,0.0,142.12,2000.0
WTG_11,345,9.35,16.13,229.74,112.2,91.71,134.79,1188.22,13.2,0.0,140.74,1787.35
WTG_12,1,3.0,13.07,180.31,60.82,57.95,59.66,540.0,6.0,0.0,181.58,66.05
WTG_12,2,12.08,14.71,188.45,76.87,63.2,96.86,1523.71,16.93,0.2,180.41,2000.0
WTG_12,3,11.89,21.44,180.47,77.11,62.04,104.84,1497.42,16.64,0.0,184.74,2000.0
WTG_12,4,7.08,16.01,168.57,65.09,59.93,76.35,914.36,10.16,0.0,180.61,782.55
WTG_12,5,4.59,20.25,186.04,61.41,59.26,70.5,564.22,6.27,0.0,182.82,206.98
WTG_12,6,10.46,17.64,169.17,75.25,64.37,100.36,1343.65,14.93,0.0,180.01,2000.0
WTG_12,7,11.2,21.86,174.68,76.56,63.0,103.75,1395.39,15.5,0.0,183.83,2000.0
WTG_12,8,5.19,15.6,179.0,63.44,59.61,66.61,648.69,7.21,0.0,182.21,300.3
WTG_12,9,9.91,17.33,153.86,75.64,61.64,100.13,1265.14,14.06,0.0,180.96,2000.0
WTG_12,10,8.45,20.78,184.06,70.48,61.77,90.47,1049.43,11.66,0.0,181.94,1337.6
WTG_12,11,10.5,14.53,191.83,76.18,62.92,97.86,1353.1,15.03,0.0,181.92,2000.0
WTG_12,12,6.65,15.39,175.74,64.61,60.28,72.0,814.65,9.05,0.0,182.6,666.97
WTG_12,13,11.47,12.76,191.22,78.14,62.75,96.16,1424.35,15.83,0.0,182.18,2000.0
WTG_12,14,8.61,15.54,203.61,72.22,62.05,86.68,1119.24,12.44,0.0,181.8,1404.25
WTG_12,15,7.91,26.17,193.64,69.08,60.08,90.69,997.11,11.08,0.0,181.41,1081.17
WTG_12,16,7.95,17.16,191.79,68.81,61.83,83.11,1036.16,11.51,0.0,178.91,1114.61
WTG_12,17,11.99,13.26,183.69,75.66,61.04,95.07,1496.8,16.63,0.0,182.34,2000.0
WTG_12,18,9.92,10.51,196.35,75.6,61.61,92.12,1292.15,14.36,0.0,184.45,2000.0
WTG_12,19,7.7,15.16,194.47,67.34,61.31,80.76,991.16,11.01,0.0,181.71,1020.57
WTG_12,20,9.74,18.81,177.95,77.06,61.82,101.38,1235.08,13.72,0.0,180.95,2000.0
WTG_12,21,12.95,16.27,180.63,74.82,63.7,99.22,1632.5,18.14,2.36,181.95,2000.0
WTG_12,22,9.9,17.78,160.63,75.32,62.82,98.93,1267.08,14.08,0.0,181.47,2000.0
WTG_12,23,13.53,18.29,161.64,76.12,62.21,102.1,1718.79,19.1,3.83,184.36,2000.0
WTG_12,24,8.94,15.35,190.4,72.67,61.88,90.74,1136.07,12.62,0.0,185.55,1580.65
WTG_12,25,10.1,18.71,159.72,75.96,61.24,100.23,1247.21,13.86,0.0,182.61,2000.0
WTG_12,26,7.55,14.93,166.86,67.55,60.93,77.19,937.23,10.41,0.0,179.03,943.03
WTG_12,27,6.2,15.95,198.18,65.39,60.08,70.9,779.48,8.66,0.0,181.76,530.93
WTG_12,28,9.16,13.83,190.3,73.3,60.27,88.76,1155.71,12.84,0.0,183.03,1677.36
WTG_12,29,8.46,23.32,183.84,69.87,61.55,92.62,1069.76,11.89,0.0,182.18,1331.18
WTG_12,30,6.91,20.98,189.52,65.88,61.69,80.21,893.11,9.92,0.0,178.23,737.84
WTG_12,31,7.48,17.41,202.71,65.67,61.67,80.91,934.45,10.38,0.0,179.99,909.75
WTG_12,32,5.45,22.16,202.62,63.3,59.1,72.89,673.98,7.49,0.0,181.19,353.08
WTG_12,33,6.51,29.65,201.98,63.62,60.61,86.82,814.74,9.05,0.0,180.7,608.81
WTG_12,34,7.88,14.36,204.17,68.79,60.2,78.93,1016.53,11.29,0.0,181.26,1081.15
WTG_12,35,7.32,20.26,158.92,65.61,61.34,82.44,899.63,10.0,0.0,179.15,854.9
WTG_12,36,9.72,16.39,183.44,76.83,62.24,99.85,1234.93,13.72,0.0,178.91,1992.34
WTG_12,37,8.92,20.15,190.23,71.01,62.33,94.05,1138.76,12.65,0.0,181.99,1566.02
WTG_12,38,12.88,17.96,178.55,75.07,63.2,102.68,1602.53,17.81,2.21,181.22,2000.0
WTG_12,39,8.93,20.77,173.37,73.48,61.99,95.09,1149.52,12.77,0.0,180.77,1557.75
WTG_12,40,11.36,17.55,176.39,77.25,64.13,99.19,1460.22,16.22,0.0,180.7,2000.0
WTG_12,41,6.21,21.49,174.5,63.05,59.14,76.92,780.39,8.67,0.0,181.1,536.71
WTG_12,42,6.52,18.0,182.36,64.15,60.81,74.31,805.11,8.95,0.0,184.44,612.1
WTG_12,43,5.74,15.64,198.3,61.8,59.19,67.55,704.39,7.83,0.0,181.42,416.68
WTG_12,44,11.48,16.91,179.54,76.87,62.73,99.13,1431.75,15.91,0.0,184.07,2000.0
WTG_12,45,3.0,22.09,160.91,59.22,60.21,68.38,540.0,6.0,0.0,180.46,73.87
WTG_12,46,9.55,20.09,220.19,75.61,62.02,101.1,1200.4,13.34,0.0,180.52,1931.53
WTG_12,47,9.96,14.02,154.65,75.83,60.81,97.52,1256.98,13.97,0.0,177.62,2000.0
WTG_12,48,10.07,20.11,187.79,77.63,61.46,103.32,1287.01,14.3,0.0,184.39,2000.0
WTG_12,49,8.47,15.12,196.81,71.22,61.78,84.99,1057.18,11.75,0.0,181.75,1324.9
WTG_12,50,9.42,17.23,180.84,74.68,63.12,95.4,1162.2,12.91,0.0,180.9,1826.52
WTG_12,51,5.77,9.69,205.88,62.11,60.52,65.18,735.97,8.18,0.0,183.08,441.92
WTG_12,52,10.41,14.92,207.07,75.25,62.09,98.47,1300.49,14.45,0.0,182.99,2000.0
WTG_12,53,9.04,26.61,182.15,72.04,61.5,100.36,1160.11,12.89,0.0,182.11,1618.77
WTG_12,54,9.27,20.47,185.19,75.01,62.37,99.68,1162.31,12.91,0.0,178.24,1752.12
WTG_12,55,11.67,20.79,216.2,76.31,61.06,100.64,1461.53,16.24,0.0,182.09,2000.0
WTG_12,56,6.1,12.65,193.73,63.49,59.48,67.67,740.35,8.23,0.0,179.75,510.46
WTG_12,57,13.33,17.58,185.43,75.68,64.09,100.93,1691.23,18.79,3.33,183.8,2000.0
WTG_12,58,7.83,21.01,194.36,69.29,61.78,85.94,993.99,11.04,0.0,180.68,1022.04
WTG_12,59,13.12,17.77,193.2,76.17,62.79,99.72,1632.43,18.14,2.8,182.39,2000.0
WTG_12,60,11.61,12.17,220.44,77.34,63.21,95.76,1447.88,16.09,0.0,180.32,2000.0
WTG_12,61,10.13,28.23,173.3,75.29,61.98,110.82,1289.5,14.33,0.0,181.32,2000.0
WTG_12,62,8.82,26.81,211.82,73.38,62.03,100.53,1114.45,12.38,0.0,184.94,1510.85
WTG_12,63,6.84,17.95,184.24,66.03,60.44,77.04,870.69,9.67,0.0,181.09,689.18
WTG_12,64,7.57,20.76,188.09,67.37,62.37,84.31,949.33,10.55,0.0,182.7,951.92
WTG_12,65,10.3,19.13,180.21,76.68,61.86,103.08,1285.86,14.29,0.0,184.08,2000.0
WTG_12,66,4.68,24.41,169.96,60.31,59.12,74.0,584.39,6.49,0.0,179.7,227.1
WTG_12,67,5.84,25.42,188.7,64.56,59.88,78.76,754.19,8.38,0.0,182.32,467.38
WTG_12,68,10.74,19.06,198.35,75.84,61.82,100.86,1351.12,15.01,0.0,180.96,2000.0
WTG_12,69,10.84,18.14,180.61,75.76,63.01,99.67,1361.49,15.13,0.0,179.15,2000.0
WTG_12,70,5.93,16.03,186.06,63.76,60.76,68.84,751.64,8.35,0.0,183.29,469.85
WTG_12,71,9.9,9.97,188.71,76.19,62.64,91.57,1288.86,14.32,0.0,179.56,2000.0
WTG_12,72,8.53,16.05,189.43,72.01,61.84,88.14,1085.74,12.06,0.0,183.01,1372.94
WTG_12,73,8.52,9.81,168.98,72.76,60.39,81.49,1084.07,12.05,0.0,181.43,1362.95
WTG_12,74,6.99,25.08,170.99,65.71,59.49,85.36,886.39,9.85,0.0,183.15,768.92
WTG_12,75,7.73,11.69,191.2,68.62,60.59,76.12,969.18,10.77,0.0,184.88,989.8
WTG_12,76,8.92,18.34,189.39,72.85,61.26,92.11,1122.13,12.47,0.0,180.31,1544.16
WTG_12,77,10.14,14.87,193.42,75.14,61.85,97.56,1286.22,14.29,0.0,179.42,2000.0
WTG_12,78,9.78,23.74,195.38,75.86,62.18,105.85,1210.4,13.45,0.0,181.7,2000.0
WTG_12,79,12.45,13.72,180.86,76.94,62.83,96.57,1571.77,17.46,1.13,179.71,2000.0
WTG_12,80,6.15,17.95,211.36,65.55,61.05,72.94,757.46,8.42,0.0,181.71,524.99
WTG_12,81,12.82,21.8,188.42,76.4,63.06,105.16,1594.6,17.72,2.06,178.18,2000.0
WTG_12,82,10.74,20.44,193.46,76.8,63.11,104.33,1369.53,15.22,0.0,180.83,2000.0
WTG_12,83,10.1,16.16,192.99,76.79,61.04,97.92,1272.23,14.14,0.0,182.37,2000.0
WTG_12,84,7.34,20.12,222.84,68.81,61.06,81.87,886.68,9.85,0.0,180.69,872.7
WTG_12,85,7.02,9.73,181.36,67.2,61.5,69.63,885.04,9.83,0.0,181.76,761.95
WTG_12,86,8.85,14.98,202.66,74.69,62.38,88.89,1112.72,12.36,0.0,178.97,1531.05
WTG_12,87,11.78,6.31,182.37,75.99,63.09,89.03,1449.89,16.11,0.0,182.65,2000.0
WTG_12,88,10.6,21.36,167.63,76.48,62.16,103.55,1333.32,14.81,0.0,183.99,2000.0
WTG_12,89,10.18,9.57,170.14,75.48,63.12,93.07,1244.59,13.83,0.0,179.92,2000.0
WTG_12,90,7.02,15.58,175.58,66.23,60.02,75.02,879.24,9.77,0.0,181.5,748.1
WTG_12,91,6.42,15.16,186.26,65.17,60.95,71.74,824.32,9.16,0.0,182.98,598.81
WTG_12,92,13.17,21.25,195.73,75.86,63.49,104.52,1666.92,18.52,2.92,180.37,2000.0
WTG_12,93,5.62,17.2,165.18,63.52,61.32,72.35,741.88,8.24,0.0,180.82,381.21
WTG_12,94,7.01,20.58,188.78,66.95,62.42,79.08,881.09,9.79,0.0,183.98,761.59
WTG_12,95,8.46,21.59,191.78,70.56,62.83,92.73,1065.84,11.84,0.0,181.63,1333.05
WTG_12,96,8.23,12.46,199.81,70.49,61.51,82.43,1049.82,11.66,0.0,181.74,1233.7
WTG_12,97,9.71,12.14,162.2,77.6,61.33,96.26,1264.76,14.05,0.0,180.58,2000.0
WTG_12,98,9.28,20.16,192.5,75.03,61.52,97.69,1172.22,13.02,0.0,181.14,1744.08
WTG_12,99,5.85,22.7,207.62,64.12,59.16,75.08,729.0,8.1,0.0,182.04,435.88
WTG_12,100,9.97,16.55,183.45,78.13,63.19,99.35,1269.55,14.11,0.0,181.5,2000.0
WTG_12,101,12.45,13.81,209.36,77.35,63.77,98.13,1568.41,17.43,1.12,180.26,2000.0
WTG_12,102,8.94,14.92,179.84,72.33,62.35,91.57,1130.09,12.56,0.0,182.85,1585.56
WTG_12,103,8.71,13.79,200.34,72.11,62.24,87.26,1105.78,12.29,0.0,180.23,1455.0
WTG_12,104,8.46,12.44,195.02,71.12,61.54,83.97,1072.8,11.92,0.0,178.91,1311.33
WTG_12,105,11.8,23.09,154.08,75.52,63.26,105.98,1498.27,16.65,0.0,179.36,2000.0
WTG_12,106,7.41,21.4,191.86,68.45,62.58,83.48,922.67,10.25,0.0,180.61,877.02
WTG_12,107,15.38,21.36,207.24,77.82,64.96,104.93,1800.0,20.0,8.46,181.35,2000.0
WTG_12,108,13.31,15.06,193.18,77.46,64.39,100.21,1665.04,18.5,3.28,179.91,2000.0
WTG_12,109,10.37,23.11,185.23,75.69,63.64,106.71,1297.84,14.42,0.0,178.12,2000.0
WTG_12,110,7.93,23.25,186.08,68.47,60.39,91.84,1027.93,11.42,0.0,179.39,1094.66
WTG_12,111,7.53,17.55,194.85,68.81,62.4,79.53,930.79,10.34,0.0,181.31,958.07
WTG_12,112,10.01,17.88,183.35,77.96,62.95,101.22,1234.06,13.71,0.0,180.16,2000.0
WTG_12,113,11.55,21.92,179.06,77.94,63.91,107.15,1429.75,15.89,0.0,180.25,2000.0
WTG_12,114,9.71,17.77,202.84,78.3,62.14,99.37,1210.91,13.45,0.0,181.26,2000.0
WTG_12,115,14.6,15.28,210.65,77.56,63.84,100.44,1800.0,20.0,6.51,180.6,2000.0
WTG_12,116,4.73,25.42,204.46,61.05,60.04,78.72,602.17,6.69,0.0,180.59,246.72
WTG_12,117,7.4,18.68,175.22,66.89,61.94,82.46,960.63,10.67,0.0,181.4,884.32
WTG_12,118,5.5,14.2,159.88,64.55,60.61,65.56,706.34,7.85,0.0,179.11,373.86
WTG_12,119,11.77,19.49,165.97,77.06,62.78,102.78,1478.46,16.43,0.0,179.17,2000.0
WTG_12,120,9.08,19.12,182.16,77.05,61.97,96.9,1156.19,12.85,0.0,177.51,1673.55
WTG_12,121,7.81,23.12,158.07,68.33,62.26,89.35,976.19,10.85,0.0,179.27,1046.34
WTG_12,122,10.62,14.68,199.04,77.05,62.41,97.18,1338.44,14.87,0.0,178.98,2000.0
WTG_12,123,7.64,19.09,191.82,68.32,61.17,85.08,953.96,10.6,0.0,180.2,949.71
WTG_12,124,12.91,18.31,220.38,78.87,64.0,101.62,1632.84,18.14,2.28,180.23,2000.0
WTG_12,125,16.29,16.49,197.13,78.07,66.19,101.28,1800.0,20.0,10.74,180.17,2000.0
WTG_12,126,6.31,15.93,187.15,67.4,60.06,72.94,799.68,8.89,0.0,182.82,559.4
WTG_12,127,5.55,15.18,199.7,65.51,61.64,67.07,715.36,7.95,0.0,181.63,355.99
WTG_12,128,11.56,17.99,185.92,78.29,62.71,101.31,1435.46,15.95,0.0,180.29,2000.0
WTG_12,129,10.77,20.68,181.17,77.72,64.07,104.71,1355.76,15.06,0.0,179.97,2000.0
WTG_12,130,9.0,11.71,212.41,75.85,63.24,88.57,1152.63,12.81,0.0,178.99,1576.75
WTG_12,131,9.31,20.19,220.42,75.59,63.99,99.14,1153.41,12.82,0.0,179.58,1792.44
WTG_12,132,3.82,15.36,186.03,63.75,62.06,64.22,540.0,6.0,0.0,177.66,99.26
WTG_12,133,5.45,18.39,181.42,64.84,61.4,71.32,709.62,7.88,0.0,178.44,350.94
WTG_12,134,6.13,16.49,194.43,65.61,60.42,74.09,776.11,8.62,0.0,177.23,506.45
WTG_12,135,10.26,22.94,211.46,77.04,62.74,107.47,1307.53,14.53,0.0,178.45,2000.0
WTG_12,136,7.72,20.77,190.89,69.99,63.03,88.31,959.0,10.66,0.0,178.79,1056.41
WTG_12,137,7.27,11.47,197.37,69.5,62.81,74.13,917.17,10.19,0.0,178.8,828.57
WTG_12,138,8.46,13.27,184.72,74.27,62.59,85.31,1079.58,12.0,0.0,180.01,1331.93
WTG_12,139,10.55,16.99,183.34,77.74,65.66,101.41,1324.59,14.72,0.0,179.6,2000.0
WTG_12,140,9.1,17.16,207.15,75.02,63.61,96.42,1128.9,12.54,0.0,179.14,1695.55
WTG_12,141,12.3,25.78,182.4,78.01,64.47,110.32,1536.5,17.07,0.76,178.35,2000.0
WTG_12,142,6.2,19.09,194.99,65.8,63.44,75.43,773.05,8.59,0.0,178.58,495.79
WTG_12,143,7.79,20.48,210.41,70.03,62.47,86.8,970.05,10.78,0.0,180.76,1018.42
WTG_12,144,6.44,19.69,200.83,65.48,62.76,78.4,820.67,9.12,0.0,177.87,598.38
WTG_12,145,13.13,21.57,182.34,78.23,64.51,108.39,1646.23,18.29,2.83,178.46,2000.0
WTG_12,146,9.08,19.84,182.06,75.55,63.34,99.1,1166.9,12.97,0.0,179.61,1630.79
WTG_12,147,8.56,11.8,200.37,73.37,63.9,84.94,1080.58,12.01,0.0,177.95,1354.47
WTG_12,148,12.43,25.3,178.1,77.94,65.19,110.39,1585.0,17.61,1.08,180.19,2000.0
WTG_12,149,7.89,10.68,191.7,70.94,63.62,80.29,1011.04,11.23,0.0,179.52,1098.51
WTG_12,150,14.16,23.57,188.54,77.6,66.12,110.86,1782.76,19.81,5.41,181.52,2000.0
WTG_12,151,9.74,11.33,189.74,80.48,64.07,98.11,1239.73,13.77,0.0,178.21,2000.0
WTG_12,152,9.78,17.99,186.76,78.49,63.93,104.13,1224.71,13.61,0.0,180.61,2000.0
WTG_12,153,13.29,14.02,183.65,78.53,65.08,100.33,1697.42,18.86,3.22,178.19,2000.0
WTG_12,154,11.65,21.22,211.19,78.77,65.46,106.99,1487.64,16.53,0.0,179.19,2000.0
WTG_12,155,7.85,19.26,186.85,70.45,63.81,88.89,993.25,11.04,0.0,179.67,1068.38
WTG_12,156,6.05,12.94,203.48,64.8,62.06,71.64,765.26,8.5,0.0,178.62,485.33
WTG_12,157,13.97,21.47,200.65,78.91,65.6,108.65,1731.87,19.24,4.92,178.0,2000.0
WTG_12,158,10.04,14.69,201.23,78.6,64.24,100.9,1262.11,14.02,0.0,177.48,2000.0
WTG_12,159,9.6,24.57,181.26,78.06,64.5,109.39,1211.19,13.46,0.0,180.41,1934.91
WTG_12,160,7.69,17.01,168.09,71.68,63.97,82.62,977.32,10.86,0.0,180.25,1002.85
WTG_12,161,9.76,19.48,222.5,78.38,64.74,105.56,1220.42,13.56,0.0,180.0,2000.0
WTG_12,162,9.97,12.18,185.98,78.76,64.07,98.61,1246.12,13.85,0.0,176.78,2000.0
WTG_12,163,5.85,24.42,195.34,66.68,64.54,82.94,772.5,8.58,0.0,176.51,456.59
WTG_12,164,8.21,19.2,193.17,74.1,64.79,90.42,1053.37,11.7,0.0,174.86,1224.58
WTG_12,165,7.18,26.45,211.2,70.24,63.95,91.49,906.32,10.07,0.0,176.57,833.81
WTG_12,166,6.78,19.75,196.92,68.86,64.29,80.65,849.74,9.44,0.0,175.18,693.06
WTG_12,167,5.7,18.05,176.53,67.47,64.09,74.51,749.62,8.33,0.0,178.73,433.12
WTG_12,168,8.24,17.8,193.88,73.24,64.33,88.04,1025.08,11.39,0.0,177.45,1238.41
WTG_12,169,8.74,14.24,193.32,76.72,65.83,91.47,1093.22,12.15,0.0,178.66,1447.04
WTG_12,170,7.75,17.96,188.97,72.19,63.6,87.35,981.59,10.91,0.0,175.78,1040.14
WTG_12,171,11.33,25.5,213.1,79.93,65.57,112.03,1424.14,15.82,0.0,176.35,2000.0
WTG_12,172,8.44,13.1,197.88,74.31,63.31,85.93,1062.75,11.81,0.0,174.7,1290.24
WTG_12,173,8.42,15.27,192.24,75.45,65.56,89.76,1095.13,12.17,0.0,178.22,1298.97
WTG_12,174,7.86,17.4,184.7,74.2,63.71,86.04,947.63,10.53,0.0,176.71,1070.44
WTG_12,175,8.44,24.01,189.84,75.87,64.72,98.62,1090.48,12.12,0.0,176.39,1327.32
WTG_12,176,9.88,15.08,190.06,79.45,66.22,103.84,1272.81,14.14,0.0,174.94,2000.0
WTG_12,177,10.32,20.28,172.36,80.52,65.78,108.32,1286.58,14.3,0.0,175.44,2000.0
WTG_12,178,5.1,7.15,189.73,66.08,64.48,62.47,645.56,7.17,0.0,177.09,292.01
WTG_12,179,11.23,21.28,207.49,81.89,66.55,107.59,1392.98,15.48,0.0,176.77,2000.0
WTG_12,180,10.34,17.56,193.71,80.86,66.9,107.18,1307.44,14.53,0.0,175.17,2000.0
WTG_12,181,15.72,25.26,191.0,82.84,68.2,113.84,1800.0,20.0,9.31,176.2,2000.0
WTG_12,182,8.04,19.8,215.61,74.82,64.81,92.1,1015.09,11.28,0.0,177.22,1149.04
WTG_12,183,8.3,20.4,173.45,75.18,65.68,96.01,1048.3,11.65,0.0,173.85,1258.1
WTG_12,184,8.12,14.87,178.58,74.7,65.98,87.78,1022.43,11.36,0.0,175.95,1165.6
WTG_12,185,3.16,23.98,197.6,64.69,64.47,76.73,540.0,6.0,0.0,173.11,54.37
WTG_12,186,10.49,20.8,208.03,82.74,66.68,110.3,1324.93,14.72,0.0,175.46,2000.0
WTG_12,187,5.57,12.3,201.22,70.87,64.11,70.91,673.06,7.48,0.0,175.05,344.29
WTG_12,188,14.82,25.57,207.22,80.58,69.76,113.43,1800.0,20.0,7.04,173.82,2000.0
WTG_12,189,14.81,18.98,187.18,81.0,69.56,107.14,1800.0,20.0,7.03,171.22,2000.0
WTG_12,190,8.45,15.57,201.18,77.1,65.09,92.3,1061.71,11.8,0.0,173.63,1342.63
WTG_12,191,8.24,10.83,151.52,75.93,66.12,84.08,1064.57,11.83,0.0,173.34,1225.14
WTG_12,192,6.47,20.43,204.23,69.26,65.58,82.72,826.82,9.19,0.0,174.27,600.98
WTG_12,193,7.36,19.24,204.65,73.47,66.37,88.09,922.82,10.25,0.0,174.87,881.48
WTG_12,194,8.09,15.03,204.61,75.42,67.88,89.69,1008.38,11.2,0.0,175.58,1162.82
WTG_12,195,10.03,19.15,205.73,82.8,68.07,110.3,1255.3,13.95,0.0,174.88,2000.0
WTG_12,196,7.91,13.54,204.83,75.53,66.04,85.53,997.12,11.08,0.0,177.72,1080.41
WTG_12,197,6.54,19.77,214.78,71.93,66.38,85.41,839.15,9.32,0.0,175.37,625.25
WTG_12,198,11.51,24.4,214.09,82.98,68.92,114.98,1444.12,16.05,0.0,175.44,2000.0
WTG_12,199,8.06,17.39,204.39,75.42,66.56,92.57,1012.4,11.25,0.0,171.75,1122.79
WTG_12,200,8.89,18.21,207.48,78.64,67.58,98.82,1125.37,12.5,0.0,173.4,1552.67
WTG_12,201,7.07,23.39,170.44,73.06,67.53,92.56,926.08,10.29,0.0,175.51,782.6
WTG_12,202,8.99,10.02,198.94,79.7,67.19,92.81,1123.06,12.48,0.0,174.57,1607.67
WTG_12,203,9.33,21.93,194.1,80.86,69.32,109.78,1196.23,13.29,0.0,169.5,1771.28
WTG_12,204,11.49,12.64,216.36,84.78,69.64,103.35,1466.08,16.29,0.0,172.17,2000.0
WTG_12,205,8.69,16.96,197.7,79.79,68.29,95.76,1114.69,12.39,0.0,172.93,1422.15
WTG_12,206,5.12,18.35,232.4,70.62,67.11,78.16,636.67,7.07,0.0,171.19,289.14
WTG_12,207,10.19,15.72,207.7,84.53,69.45,106.36,1281.17,14.24,0.0,169.44,2000.0
WTG_12,208,6.17,14.11,245.68,71.65,68.12,77.71,789.1,8.77,0.0,172.04,519.78
WTG_12,209,10.5,19.67,201.92,84.94,70.0,111.69,1304.44,14.49,0.0,172.58,2000.0
WTG_12,210,6.01,17.36,200.39,72.63,67.64,81.0,737.5,8.19,0.0,170.29,484.4
WTG_12,211,7.54,12.55,198.32,75.83,68.13,83.11,939.1,10.43,0.0,170.17,930.41
WTG_12,212,8.67,13.61,206.47,80.47,70.05,94.84,1093.64,12.15,0.0,170.51,1420.11
WTG_12,213,8.2,15.9,187.26,76.17,70.42,94.99,1035.63,11.51,0.0,170.81,1202.86
WTG_12,214,5.75,27.2,209.19,71.5,66.51,89.81,718.0,7.98,0.0,171.54,441.12
WTG_12,215,14.7,15.15,184.03,86.42,72.24,109.93,1800.0,20.0,6.74,172.34,2000.0
WTG_12,216,11.31,12.14,195.68,84.52,70.61,104.19,1429.54,15.88,0.0,173.26,2000.0
WTG_12,217,10.24,17.17,174.12,84.72,70.15,108.87,1280.72,14.23,0.0,170.15,2000.0
WTG_12,218,9.8,18.74,184.13,85.54,70.98,112.33,1243.96,13.82,0.0,170.69,2000.0
WTG_12,219,10.73,21.49,216.53,86.18,71.16,115.52,1373.07,15.26,0.0,168.83,2000.0
WTG_12,220,4.6,23.8,204.91,70.95,68.2,83.5,582.39,6.47,0.0,169.04,227.33
WTG_12,221,8.02,15.78,207.91,78.49,70.21,94.19,977.37,10.86,0.0,168.68,1155.86
WTG_12,222,10.09,13.67,193.99,85.7,70.96,108.37,1266.42,14.07,0.0,169.52,2000.0
WTG_12,223,14.84,14.38,183.02,87.19,72.47,107.94,1800.0,20.0,7.11,168.92,2000.0
WTG_12,224,9.0,17.7,178.65,82.89,71.55,105.59,1132.03,12.58,0.0,168.84,1609.33
WTG_12,225,7.18,19.43,209.96,77.56,70.49,91.03,906.88,10.08,0.0,168.54,804.28
WTG_12,226,6.69,10.45,179.69,76.19,70.7,80.2,848.24,9.42,0.0,167.13,655.62
WTG_12,227,10.03,16.45,197.86,86.44,71.29,112.63,1282.62,14.25,0.0,167.82,2000.0
WTG_12,228,6.14,16.23,176.54,74.42,69.13,82.95,726.25,8.07,0.0,167.16,522.83
WTG_12,229,7.51,14.38,202.28,78.49,70.9,89.11,942.47,10.47,0.0,168.42,958.83
WTG_12,230,13.16,17.61,193.55,89.59,73.61,112.64,1661.87,18.47,2.91,165.5,2000.0
WTG_12,231,8.25,16.32,211.3,80.37,71.28,98.03,1034.88,11.5,0.0,167.28,1220.86
WTG_12,232,10.18,18.05,209.16,86.95,72.0,115.09,1275.71,14.17,0.0,168.25,2000.0
WTG_12,233,7.93,18.67,213.76,79.81,71.12,98.37,988.9,10.99,0.0,166.66,1096.43
WTG_12,234,9.07,22.55,196.97,84.69,72.0,111.0,1155.94,12.84,0.0,169.0,1630.22
WTG_12,235,5.82,15.2,172.79,76.29,70.74,81.01,724.4,8.05,0.0,165.34,431.86
WTG_12,236,9.66,21.04,194.04,88.42,73.55,116.14,1199.84,13.33,0.0,164.79,1975.89
WTG_12,237,3.74,9.78,187.08,73.63,70.68,71.37,540.0,6.0,0.0,166.99,107.63
WTG_12,238,9.62,17.2,210.7,88.84,73.15,113.53,1177.45,13.08,0.0,165.09,1951.87
WTG_12,239,10.52,21.55,172.38,85.73,74.33,119.57,1313.42,14.59,0.0,164.39,2000.0
WTG_12,240,7.27,17.3,246.0,80.17,73.03,93.1,897.32,9.97,0.0,165.02,825.38
WTG_12,241,8.22,12.0,232.0,84.11,73.62,93.14,1070.01,11.89,0.0,162.15,1212.9
WTG_12,242,10.9,23.15,209.52,88.57,75.22,121.08,1378.51,15.32,0.0,164.23,2000.0
WTG_12,243,12.14,24.77,213.04,89.33,75.26,121.67,1512.42,16.8,0.34,166.04,2000.0
WTG_12,244,7.82,24.42,202.49,81.67,73.72,104.71,976.36,10.85,0.0,165.11,1041.02
WTG_12,245,7.07,18.93,222.67,79.92,73.09,93.47,915.31,10.17,0.0,164.66,765.56
WTG_12,246,6.19,26.64,208.1,77.63,72.66,97.03,776.77,8.63,0.0,163.35,552.09
WTG_12,247,7.4,12.79,186.94,80.58,73.85,90.8,938.49,10.43,0.0,162.15,901.36
WTG_12,248,13.03,17.79,207.31,90.66,77.37,116.46,1653.52,18.37,2.56,162.19,2000.0
WTG_12,249,6.51,23.65,213.23,78.95,73.89,95.99,824.67,9.16,0.0,160.49,630.82
WTG_12,250,11.82,24.76,198.76,92.45,76.14,126.16,1481.53,16.46,0.0,162.4,2000.0
WTG_12,251,7.79,19.07,233.45,84.02,74.76,99.85,984.16,10.94,0.0,161.94,1036.04
WTG_12,252,11.18,19.76,185.89,91.62,77.48,120.9,1422.47,15.81,0.0,163.1,2000.0
WTG_12,253,4.62,20.57,200.91,78.1,74.61,87.25,588.41,6.54,0.0,158.96,203.17
WTG_12,254,10.33,18.81,176.64,90.17,76.72,119.75,1302.13,14.47,0.0,161.57,2000.0
WTG_12,255,8.42,18.61,202.33,88.79,75.94,106.14,1055.93,11.73,0.0,160.74,1320.15
WTG_12,256,8.78,15.36,195.63,88.29,76.24,107.95,1090.67,12.12,0.0,157.58,1479.29
WTG_12,257,8.56,15.7,187.5,87.34,76.42,103.68,1064.29,11.83,0.0,160.27,1354.6
WTG_12,258,9.19,14.31,207.18,91.12,77.7,111.61,1159.0,12.88,0.0,158.77,1705.25
WTG_12,259,8.53,10.1,216.17,89.62,77.67,101.04,1089.77,12.11,0.0,159.92,1381.02
WTG_12,260,15.5,19.05,242.16,93.92,77.64,121.08,1800.0,20.0,8.75,161.27,2000.0
WTG_12,261,8.05,18.0,182.41,87.23,77.61,103.51,1006.76,11.19,0.0,157.75,1134.59
WTG_12,262,12.9,12.73,217.91,93.95,79.17,114.37,1626.47,18.07,2.26,157.16,2000.0
WTG_12,263,5.85,17.55,218.47,81.56,77.41,91.85,720.09,8.0,0.0,158.43,424.02
WTG_12,264,6.43,18.19,219.67,83.87,78.07,95.93,820.89,9.12,0.0,155.25,589.16
WTG_12,265,11.42,17.41,208.51,92.61,79.7,119.74,1433.95,15.93,0.0,158.72,2000.0
WTG_12,266,8.01,22.49,232.74,87.16,78.47,109.38,1007.01,11.19,0.0,157.59,1123.06
WTG_12,267,6.67,18.21,231.66,84.63,78.65,98.32,827.63,9.2,0.0,158.4,654.19
WTG_12,268,10.02,29.48,217.42,95.71,81.34,133.4,1267.77,14.09,0.0,156.91,2000.0
WTG_12,269,5.66,17.56,189.25,83.25,77.42,92.83,715.67,7.95,0.0,156.34,389.04
WTG_12,270,11.98,17.63,200.48,96.36,79.89,123.65,1476.48,16.41,0.0,155.68,2000.0
WTG_12,271,8.96,20.25,223.23,92.32,80.49,117.45,1103.22,12.26,0.0,157.74,1564.02
WTG_12,272,4.87,15.75,208.32,81.53,77.76,87.2,594.19,6.6,0.0,157.5,236.69
WTG_12,273,9.5,19.26,211.55,95.67,80.96,123.4,1225.99,13.62,0.0,156.66,1919.32
WTG_12,274,12.54,17.98,221.6,96.09,81.35,124.83,1573.9,17.49,1.34,156.71,2000.0
WTG_12,275,10.63,22.24,194.73,96.11,82.5,128.42,1337.83,14.86,0.0,157.44,2000.0
WTG_12,276,9.42,17.12,203.86,96.06,81.46,119.56,1204.64,13.38,0.0,154.45,1835.69
WTG_12,277,8.88,19.83,222.59,92.89,82.55,120.03,1114.08,12.38,0.0,153.45,1545.81
WTG_12,278,9.27,9.3,217.86,95.98,80.92,110.64,1154.64,12.83,0.0,154.77,1727.32
WTG_12,279,13.08,19.12,226.77,98.35,83.91,125.98,1641.91,18.24,2.7,149.6,2000.0
WTG_12,280,12.5,16.99,180.03,98.48,83.78,125.21,1574.45,17.49,1.24,152.41,2000.0
WTG_12,281,9.44,17.38,211.09,97.2,82.95,123.64,1196.68,13.3,0.0,154.37,1859.85
WTG_12,282,9.48,22.04,174.89,98.41,81.92,128.99,1175.81,13.06,0.0,153.77,1892.78
WTG_12,283,5.92,19.13,241.13,84.86,81.03,99.94,731.04,8.12,0.0,151.02,442.04
WTG_12,284,15.5,31.63,235.47,99.11,85.02,141.4,1800.0,20.0,8.76,149.84,2000.0
WTG_12,285,4.27,12.41,212.54,85.26,81.77,88.08,571.92,6.35,0.0,152.65,185.18
WTG_12,286,10.89,8.43,198.86,99.79,82.98,118.74,1384.37,15.38,0.0,148.37,2000.0
WTG_12,287,6.92,23.64,201.84,91.01,82.65,111.67,859.2,9.55,0.0,148.91,727.14
WTG_12,288,6.39,19.89,198.33,88.62,83.17,105.51,814.23,9.05,0.0,148.91,609.36
WTG_12,289,9.03,8.8,208.86,97.75,84.02,111.3,1120.18,12.45,0.0,151.86,1606.44
WTG_12,290,9.37,19.58,200.53,98.72,85.87,127.51,1179.5,13.11,0.0,148.4,1778.46
WTG_12,291,9.98,11.0,203.03,101.03,85.43,122.58,1257.38,13.97,0.0,149.29,2000.0
WTG_12,292,9.59,17.83,214.31,100.19,85.95,128.61,1197.55,13.31,0.0,146.71,1932.67
WTG_12,293,7.03,24.6,205.4,91.42,84.66,114.9,892.88,9.92,0.0,150.14,755.41
WTG_12,294,12.4,20.62,217.87,103.41,88.32,133.44,1546.5,17.18,1.01,146.9,2000.0
WTG_12,295,6.7,18.0,227.14,93.24,84.72,106.19,835.74,9.29,0.0,149.02,672.47
WTG_12,296,9.93,24.52,210.5,103.88,86.63,136.87,1272.33,14.14,0.0,146.02,2000.0
WTG_12,297,8.67,20.35,208.29,99.0,86.86,124.55,1058.18,11.76,0.0,145.22,1427.72
WTG_12,298,7.19,14.82,195.23,96.59,86.64,108.1,876.18,9.74,0.0,146.56,823.41
WTG_12,299,5.63,16.76,220.36,90.27,85.29,103.22,686.61,7.63,0.0,147.88,385.7
WTG_12,300,9.41,24.25,220.06,102.78,87.55,135.46,1180.62,13.12,0.0,144.85,1812.32
WTG_12,301,6.4,12.82,189.76,93.56,86.75,101.71,814.33,9.05,0.0,144.07,562.19
WTG_12,302,6.26,24.93,199.68,92.59,85.8,113.16,824.17,9.16,0.0,145.13,520.83
WTG_12,303,5.31,18.12,204.13,92.94,87.69,101.39,632.05,7.02,0.0,145.25,328.44
WTG_12,304,11.0,16.52,184.59,106.17,89.36,132.34,1392.3,15.47,0.0,143.7,2000.0
WTG_12,305,14.76,23.83,210.37,106.03,92.71,141.18,1800.0,20.0,6.91,143.62,2000.0
WTG_12,306,10.02,17.76,194.94,107.09,89.03,134.53,1246.94,13.85,0.0,141.56,2000.0
WTG_12,307,6.65,9.77,190.98,95.65,89.01,102.51,836.9,9.3,0.0,142.97,654.89
WTG_12,308,13.12,14.48,203.58,106.97,92.09,133.4,1631.17,18.12,2.8,143.62,2000.0
WTG_12,309,5.28,21.76,181.66,94.22,89.7,109.0,644.97,7.17,0.0,140.96,320.86
WTG_12,310,9.47,22.56,200.23,107.08,90.74,140.9,1164.26,12.94,0.0,141.82,1872.56
WTG_12,311,4.24,15.99,218.56,95.08,89.2,102.07,542.25,6.03,0.0,138.02,184.69
WTG_12,312,7.3,15.79,189.91,101.08,91.14,114.59,932.87,10.37,0.0,141.96,856.05
WTG_12,313,7.2,10.73,225.39,99.29,90.45,108.9,914.34,10.16,0.0,139.46,818.23
WTG_12,314,10.75,12.26,228.04,108.91,93.22,134.87,1350.77,15.01,0.0,139.85,2000.0
WTG_12,315,7.89,10.99,202.32,102.06,91.35,114.73,984.79,10.94,0.0,138.11,1088.44
WTG_12,316,8.19,16.37,191.22,104.53,93.22,121.64,1040.02,11.56,0.0,140.29,1193.26
WTG_12,317,11.75,18.67,196.88,110.74,94.86,138.76,1434.5,15.94,0.0,138.69,2000.0
WTG_12,318,11.82,19.71,191.53,109.97,93.96,142.43,1485.07,16.5,0.0,135.47,2000.0
WTG_13,1,8.41,19.82,171.18,74.26,59.31,88.26,1068.62,11.87,0.0,187.39,1283.62
WTG_13,2,13.59,18.55,193.72,80.96,60.24,100.35,1698.76,18.88,3.98,188.23,2000.0
WTG_13,3,8.72,19.34,189.3,74.84,58.75,92.18,1077.43,11.97,0.0,190.11,1445.52
WTG_13,4,9.48,23.49,186.16,78.02,60.3,103.37,1195.94,13.29,0.0,189.95,1862.92
WTG_13,5,6.63,27.72,176.77,70.25,58.02,84.14,822.41,9.14,0.0,185.17,636.75
WTG_13,6,6.99,22.3,167.4,70.83,57.64,80.8,849.73,9.44,0.0,186.67,735.27
WTG_13,7,11.52,19.96,213.97,81.97,60.63,101.52,1445.2,16.06,0.0,188.71,2000.0
WTG_13,8,9.99,10.82,171.03,81.58,59.29,92.62,1262.33,14.03,0.0,189.07,2000.0
WTG_13,9,3.0,14.77,202.04,64.44,57.62,60.75,540.0,6.0,0.0,187.54,48.02
WTG_13,10,9.93,18.66,182.32,81.62,59.95,101.54,1227.97,13.64,0.0,186.99,2000.0
WTG_13,11,10.91,16.52,200.62,80.9,60.64,98.98,1361.59,15.13,0.0,187.93,2000.0
WTG_13,12,8.02,19.07,180.14,74.24,60.35,84.78,996.53,11.07,0.0,186.61,1137.21
WTG_13,13,9.7,14.03,165.2,80.38,58.54,96.18,1196.03,13.29,0.0,184.32,1994.76
WTG_13,14,10.23,15.77,175.25,80.52,60.14,99.82,1299.47,14.44,0.0,186.35,2000.0
WTG_13,15,10.88,13.55,199.13,81.94,60.54,95.37,1358.62,15.1,0.0,188.06,2000.0
WTG_13,16,7.23,11.63,184.44,72.59,57.73,72.07,903.95,10.04,0.0,189.49,815.58
WTG_13,17,8.36,15.06,186.17,76.91,58.63,84.61,1061.55,11.79,0.0,185.97,1298.49
WTG_13,18,10.67,18.73,179.12,81.21,59.27,100.93,1332.78,14.81,0.0,187.9,2000.0
WTG_13,19,5.15,13.79,172.0,67.28,56.81,63.42,677.25,7.52,0.0,185.71,288.21
WTG_13,20,10.68,12.7,195.61,81.78,62.19,95.68,1353.57,15.04,0.0,186.19,2000.0
WTG_13,21,12.72,18.74,213.77,81.02,62.76,100.96,1593.93,17.71,1.81,192.37,2000.0
WTG_13,22,10.1,21.39,207.7,80.79,59.78,103.97,1258.37,13.98,0.0,188.73,2000.0
WTG_13,23,10.33,15.7,184.17,82.38,59.81,96.59,1258.99,13.99,0.0,188.98,2000.0
WTG_13,24,7.09,18.73,192.68,71.54,58.49,79.48,903.25,10.04,0.0,187.76,800.49
WTG_13,25,7.28,19.81,165.57,71.21,58.06,79.36,915.85,10.18,0.0,189.52,828.24
WTG_13,26,11.54,23.26,179.78,81.13,60.45,103.22,1446.86,16.08,0.0,189.0,2000.0
WTG_13,27,10.56,17.98,194.94,80.85,59.27,101.94,1341.38,14.9,0.0,189.33,2000.0
WTG_13,28,6.97,20.48,186.98,71.67,58.89,81.78,865.27,9.61,0.0,188.01,745.27
WTG_13,29,8.41,20.25,180.16,72.62,59.42,87.85,1048.57,11.65,0.0,186.55,1292.64
WTG_13,30,9.73,16.71,215.24,82.13,60.09,100.66,1198.95,13.32,0.0,188.47,2000.0
WTG_13,31,4.74,20.06,160.89,66.16,57.88,69.23,587.96,6.53,0.0,188.48,233.4
WTG_13,32,8.98,18.5,169.9,76.97,60.11,91.93,1109.9,12.33,0.0,191.37,1588.95
WTG_13,33,9.76,18.28,175.2,81.27,60.2,101.45,1240.96,13.79,0.0,189.73,2000.0
WTG_13,34,10.34,14.19,152.2,82.57,59.77,97.08,1307.22,14.52,0.0,189.03,2000.0
WTG_13,35,10.28,21.38,171.23,79.29,59.72,103.22,1278.15,14.2,0.0,188.35,2000.0
WTG_13,36,8.34,13.94,203.26,75.48,59.24,81.73,1051.99,11.69,0.0,189.78,1287.92
WTG_13,37,11.2,17.92,188.02,79.76,60.05,100.59,1428.83,15.88,0.0,187.81,2000.0
WTG_13,38,12.29,14.16,171.3,79.81,61.19,95.74,1529.99,17.0,0.73,186.7,2000.0
WTG_13,39,13.43,22.93,185.69,80.88,61.35,106.35,1668.02,18.53,3.56,184.92,2000.0
WTG_13,40,7.4,17.73,185.96,72.23,59.57,80.55,908.92,10.1,0.0,187.45,896.35
WTG_13,41,8.51,22.06,188.35,75.34,60.64,93.51,1047.56,11.64,0.0,186.9,1387.17
WTG_13,42,3.08,21.11,160.95,64.87,57.56,67.06,540.0,6.0,0.0,189.56,93.44
WTG_13,43,9.16,17.92,202.41,79.92,58.27,94.74,1165.99,12.96,0.0,186.62,1681.32
WTG_13,44,5.28,13.46,183.66,68.94,57.73,64.41,671.82,7.46,0.0,189.41,340.08
WTG_13,45,7.46,11.62,198.59,73.83,59.01,73.99,964.22,10.71,0.0,187.08,902.27
WTG_13,46,11.54,11.9,179.5,81.73,60.6,95.23,1441.25,16.01,0.0,187.43,2000.0
WTG_13,47,11.46,18.31,177.62,81.97,61.06,103.76,1432.8,15.92,0.0,187.35,2000.0
WTG_13,48,7.33,11.19,199.2,71.44,59.01,72.4,937.1,10.41,0.0,189.86,890.78
WTG_13,49,10.34,11.78,182.93,80.16,59.28,94.04,1267.84,14.09,0.0,188.09,2000.0
WTG_13,50,9.29,17.9,189.99,80.3,59.17,96.48,1147.59,12.75,0.0,188.44,1762.91
WTG_13,51,11.16,19.15,197.78,81.4,59.56,100.51,1414.75,15.72,0.0,187.31,2000.0
WTG_13,52,12.88,17.31,189.84,81.12,59.03,100.14,1587.36,17.64,2.2,185.36,2000.0
WTG_13,53,7.19,21.98,187.66,71.19,58.49,80.97,897.44,9.97,0.0,189.52,808.57
WTG_13,54,6.13,11.09,200.27,69.64,57.38,65.79,764.65,8.5,0.0,188.8,508.09
WTG_13,55,13.11,15.96,178.56,80.95,62.29,96.81,1661.76,18.46,2.77,185.7,2000.0
WTG_13,56,4.82,22.81,193.32,66.99,55.68,72.63,583.0,6.48,0.0,186.06,244.94
WTG_13,57,10.77,13.41,188.99,81.47,60.09,94.46,1379.9,15.33,0.0,187.17,2000.0
WTG_13,58,8.43,16.81,162.8,76.72,59.12,87.26,1070.63,11.9,0.0,189.26,1302.6
WTG_13,59,14.19,18.73,180.05,80.01,61.01,101.51,1781.87,19.8,5.49,187.59,2000.0
WTG_13,60,11.42,12.65,185.0,81.77,60.3,95.06,1435.44,15.95,0.0,186.58,2000.0
WTG_13,61,8.08,13.91,199.06,74.89,58.66,80.69,1036.08,11.51,0.0,188.55,1183.72
WTG_13,62,9.5,17.3,182.27,81.2,59.7,97.26,1218.35,13.54,0.0,186.63,1881.03
WTG_13,63,8.61,20.01,180.64,76.17,58.24,91.88,1100.63,12.23,0.0,187.4,1399.61
WTG_13,64,12.95,20.82,187.67,81.89,60.57,103.84,1653.4,18.37,2.37,188.55,2000.0
WTG_13,65,5.14,24.03,169.1,67.51,56.25,73.37,624.03,6.93,0.0,189.05,255.7
WTG_13,66,9.48,15.51,162.74,80.74,60.74,95.31,1192.56,13.25,0.0,185.82,1887.24
WTG_13,67,9.77,18.85,186.63,80.28,59.97,101.71,1218.2,13.54,0.0,189.24,2000.0
WTG_13,68,9.86,20.94,198.27,78.76,59.22,102.91,1243.1,13.81,0.0,187.62,2000.0
WTG_13,69,6.67,21.75,173.68,69.73,57.8,78.33,860.79,9.56,0.0,189.55,639.63
WTG_13,70,8.18,16.79,175.87,74.59,58.78,85.56,1026.29,11.4,0.0,188.18,1208.41
WTG_13,71,6.12,17.66,179.02,70.06,57.47,72.06,780.85,8.68,0.0,186.17,506.52
WTG_13,72,8.9,11.85,192.02,78.14,59.4,84.75,1119.83,12.44,0.0,186.93,1550.9
WTG_13,73,8.8,16.69,184.21,77.42,57.9,90.67,1137.93,12.64,0.0,192.04,1500.51
WTG_13,74,12.36,16.24,221.62,80.9,60.65,96.6,1558.38,17.32,0.91,188.93,2000.0
WTG_13,75,8.26,17.25,191.6,76.02,59.22,85.51,1032.98,11.48,0.0,187.56,1242.67
WTG_13,76,9.5,14.67,190.72,79.89,59.38,95.85,1209.51,13.44,0.0,186.09,1888.42
WTG_13,77,6.96,11.57,188.21,72.46,57.94,71.22,892.33,9.91,0.0,187.13,761.34
WTG_13,78,13.12,23.21,190.32,79.99,59.88,104.4,1641.86,18.24,2.8,190.55,2000.0
WTG_13,79,5.76,13.76,174.09,69.3,58.12,64.78,772.84,8.59,0.0,190.02,420.01
WTG_13,80,10.0,17.51,214.4,80.87,60.52,100.97,1254.11,13.93,0.0,188.13,2000.0
WTG_13,81,6.37,16.52,172.32,70.79,59.09,70.97,823.58,9.15,0.0,187.08,545.18
WTG_13,82,7.22,19.72,209.39,72.73,59.41,80.08,930.93,10.34,0.0,187.69,821.14
WTG_13,83,12.85,22.23,206.67,81.42,62.24,106.88,1666.18,18.51,2.14,186.78,2000.0
WTG_13,84,8.5,13.93,193.54,76.75,58.86,83.58,1086.42,12.07,0.0,189.38,1334.63
WTG_13,85,7.44,12.39,199.65,73.22,57.4,76.18,934.71,10.39,0.0,190.53,922.96
WTG_13,86,11.58,22.3,184.88,81.92,61.15,104.54,1451.0,16.12,0.0,186.86,2000.0
WTG_13,87,5.27,20.59,182.85,68.46,57.85,73.15,659.18,7.32,0.0,189.79,348.76
WTG_13,88,4.96,15.74,185.32,66.06,58.08,65.36,606.88,6.74,0.0,187.95,263.87
WTG_13,89,9.13,20.23,151.99,78.88,58.64,97.15,1158.27,12.87,0.0,189.59,1669.23
WTG_13,90,9.47,15.13,178.9,80.53,59.61,95.79,1204.15,13.38,0.0,187.54,1879.57
WTG_13,91,8.05,21.03,193.75,74.74,59.45,87.11,1037.25,11.53,0.0,187.51,1163.46
WTG_13,92,9.86,11.67,195.64,80.8,59.71,93.07,1224.67,13.61,0.0,188.9,2000.0
WTG_13,93,9.44,25.7,193.8,79.01,60.08,104.34,1200.16,13.34,0.0,188.57,1839.99
WTG_13,94,13.27,21.78,197.96,81.15,61.0,103.21,1676.41,18.63,3.17,187.65,2000.0
WTG_13,95,11.77,12.84,210.48,81.57,60.65,95.64,1504.89,16.72,0.0,186.89,2000.0
WTG_13,96,9.08,18.56,217.82,78.32,59.0,94.09,1154.15,12.82,0.0,188.94,1643.32
WTG_13,97,7.77,15.53,180.81,73.75,58.62,80.47,965.28,10.73,0.0,187.89,1046.96
WTG_13,98,7.13,12.44,209.88,72.44,59.98,72.26,916.39,10.18,0.0,185.87,803.69
WTG_13,99,10.65,12.13,190.47,80.9,61.03,94.18,1337.01,14.86,0.0,188.6,2000.0
WTG_13,100,7.33,20.19,174.78,72.48,59.52,82.12,923.65,10.26,0.0,186.77,887.67
WTG_13,101,9.43,20.47,161.52,79.0,60.08,101.46,1197.58,13.31,0.0,187.84,1830.71
WTG_13,102,5.61,15.32,183.93,68.81,58.62,68.26,710.58,7.9,0.0,188.85,387.66
WTG_13,103,8.33,31.18,198.6,75.76,58.77,102.13,1061.35,11.79,0.0,189.54,1296.03
WTG_13,104,9.38,25.04,189.15,80.13,60.05,105.93,1199.14,13.32,0.0,186.93,1840.57
WTG_13,105,6.96,23.33,195.1,71.7,57.43,83.37,868.44,9.65,0.0,188.08,744.63
WTG_13,106,13.14,17.12,211.26,81.58,62.89,98.76,1654.55,18.38,2.84,188.19,2000.0
WTG_13,107,9.11,17.89,199.45,79.7,59.47,94.52,1167.21,12.97,0.0,185.93,1668.88
WTG_13,108,13.96,17.25,186.34,80.82,62.7,99.85,1769.54,19.66,4.89,189.57,2000.0
WTG_13,109,7.65,20.94,191.54,72.49,59.54,82.47,943.34,10.48,0.0,187.91,962.82
WTG_13,110,9.62,11.27,179.05,82.23,60.54,93.05,1197.39,13.3,0.0,186.15,1957.71
WTG_13,111,5.1,16.49,177.62,67.37,57.45,66.72,642.46,7.14,0.0,186.61,292.56
WTG_13,112,12.59,20.07,199.17,82.56,61.72,103.23,1604.53,17.83,1.47,186.47,2000.0
WTG_13,113,6.94,21.53,189.63,72.78,57.86,79.51,849.91,9.44,0.0,189.18,703.85
WTG_13,114,5.98,20.13,218.73,69.14,58.07,74.28,791.35,8.79,0.0,189.27,463.41
WTG_13,115,5.5,20.59,188.57,68.22,58.01,74.22,717.85,7.98,0.0,188.78,386.1
WTG_13,116,3.0,21.56,216.3,67.09,57.6,69.27,540.0,6.0,0.0,187.31,73.65
WTG_13,117,8.87,15.35,194.3,78.15,59.93,90.89,1151.53,12.79,0.0,189.77,1521.55
WTG_13,118,6.69,15.7,184.01,71.0,57.96,72.78,834.14,9.27,0.0,186.07,652.54
WTG_13,119,10.23,17.74,188.28,82.82,59.98,103.52,1274.02,14.16,0.0,188.4,2000.0
WTG_13,120,13.57,21.97,194.38,82.43,61.94,105.67,1699.46,18.88,3.93,188.44,2000.0
WTG_13,121,9.89,16.11,207.29,82.12,60.05,97.39,1242.56,13.81,0.0,188.76,2000.0
WTG_13,122,12.14,10.68,176.55,81.56,60.99,92.76,1565.73,17.4,0.34,186.89,2000.0
WTG_13,123,11.44,17.94,201.45,81.82,61.67,100.14,1472.73,16.36,0.0,187.43,2000.0
WTG_13,124,13.68,16.64,208.43,80.28,61.93,98.31,1721.24,19.12,4.2,186.09,2000.0
WTG_13,125,7.23,16.93,174.68,71.1,58.48,80.88,910.06,10.11,0.0,187.61,839.38
WTG_13,126,4.46,12.4,195.99,68.87,59.51,61.31,563.22,6.26,0.0,188.41,185.79
WTG_13,127,11.31,22.22,183.1,81.98,60.98,105.29,1459.71,16.22,0.0,187.49,2000.0
WTG_13,128,6.04,10.12,189.6,69.94,58.38,66.55,744.6,8.27,0.0,187.04,491.85
WTG_13,129,5.35,17.11,210.46,68.83,59.86,70.37,640.77,7.12,0.0,187.23,336.35
WTG_13,130,10.3,10.41,177.25,81.93,60.5,93.67,1309.76,14.55,0.0,187.16,2000.0
WTG_13,131,6.36,17.08,174.44,70.24,59.0,73.94,790.2,8.78,0.0,186.41,583.89
WTG_13,132,6.48,16.4,195.95,71.05,57.67,74.33,826.74,9.19,0.0,185.27,600.06
WTG_13,133,11.46,20.01,165.25,82.76,60.53,103.52,1457.07,16.19,0.0,187.98,2000.0
WTG_13,134,10.84,19.64,187.0,81.65,60.26,102.27,1383.73,15.37,0.0,188.96,2000.0
WTG_13,135,11.38,17.92,190.51,80.84,61.01,102.48,1401.64,15.57,0.0,185.41,2000.0
WTG_13,136,9.6,21.99,196.9,82.13,60.36,104.35,1199.72,13.33,0.0,188.59,1944.43
WTG_13,137,10.29,13.19,203.17,80.02,59.88,96.51,1313.29,14.59,0.0,188.35,2000.0
WTG_13,138,6.77,20.22,150.41,72.95,57.63,78.85,856.6,9.52,0.0,183.96,677.33
WTG_13,139,7.63,11.2,228.41,73.62,58.54,76.46,954.44,10.6,0.0,187.74,972.42
WTG_13,140,11.29,13.13,211.03,82.61,61.33,95.03,1441.51,16.02,0.0,186.48,2000.0
WTG_13,141,7.8,18.34,209.42,73.55,58.82,82.96,952.78,10.59,0.0,186.82,1035.85
WTG_13,142,10.31,19.39,196.99,82.05,61.41,103.91,1309.99,14.56,0.0,189.36,2000.0
WTG_13,143,10.4,14.62,198.87,81.26,61.62,98.2,1315.08,14.61,0.0,187.92,2000.0
WTG_13,144,9.77,18.49,197.91,80.37,60.87,102.13,1243.64,13.82,0.0,186.37,2000.0
WTG_13,145,3.09,20.32,192.63,66.3,56.72,67.77,540.0,6.0,0.0,187.47,65.66
WTG_13,146,7.63,19.05,196.22,74.47,59.35,85.44,979.81,10.89,0.0,185.92,974.49
WTG_13,147,7.29,17.6,183.78,70.51,58.78,78.61,895.75,9.95,0.0,186.76,862.36
WTG_13,148,3.53,20.19,204.64,67.29,58.66,66.8,540.0,6.0,0.0,184.1,99.4
WTG_13,149,12.76,14.71,186.99,81.89,62.61,97.03,1618.73,17.99,1.89,185.73,2000.0
WTG_13,150,6.18,14.9,212.78,70.75,59.37,70.33,804.37,8.94,0.0,186.8,523.94
WTG_13,151,5.76,14.17,193.8,68.8,59.49,69.55,706.88,7.85,0.0,186.36,401.71
WTG_13,152,10.46,15.75,164.22,82.3,60.82,99.29,1301.31,14.46,0.0,185.51,2000.0
WTG_13,153,9.86,12.54,207.33,81.96,60.32,95.84,1231.76,13.69,0.0,185.64,2000.0
WTG_13,154,10.52,17.83,210.21,82.54,61.9,102.38,1333.64,14.82,0.0,186.73,2000.0
WTG_13,155,10.06,13.39,234.08,82.24,59.27,97.05,1276.67,14.19,0.0,186.38,2000.0
WTG_13,156,6.94,14.67,190.51,72.47,59.08,74.93,888.69,9.87,0.0,186.38,755.12
WTG_13,157,9.55,19.74,189.11,81.37,59.49,101.34,1212.21,13.47,0.0,188.55,1919.96
WTG_13,158,4.77,23.27,169.87,69.64,58.44,73.94,586.61,6.52,0.0,184.76,232.56
WTG_13,159,10.3,15.95,192.46,82.99,60.41,99.38,1291.97,14.36,0.0,185.03,2000.0
WTG_13,160,9.46,21.63,198.95,80.32,60.05,103.53,1152.32,12.8,0.0,185.96,1872.94
WTG_13,161,11.18,15.56,181.6,82.95,61.56,101.01,1403.3,15.59,0.0,187.76,2000.0
WTG_13,162,10.97,13.29,207.95,81.93,61.32,96.82,1378.73,15.32,0.0,186.26,2000.0
WTG_13,163,8.57,18.88,204.6,75.88,60.89,91.39,1074.22,11.94,0.0,185.7,1372.53
WTG_13,164,11.93,12.85,197.24,80.76,62.45,97.84,1485.8,16.51,0.0,184.54,2000.0
WTG_13,165,9.17,14.39,202.91,78.97,61.53,94.59,1169.66,13.0,0.0,186.62,1679.03
WTG_13,166,10.42,16.67,199.3,83.69,61.46,101.29,1319.37,14.66,0.0,185.59,2000.0
WTG_13,167,8.85,22.87,198.89,78.57,59.65,99.93,1118.04,12.42,0.0,187.4,1527.23
WTG_13,168,12.12,13.71,218.47,83.99,62.85,97.25,1562.85,17.37,0.31,186.51,2000.0
WTG_13,169,6.45,15.61,201.64,70.05,59.48,74.28,815.87,9.07,0.0,186.83,597.05
WTG_13,170,11.03,19.01,191.31,83.46,62.06,103.41,1399.36,15.55,0.0,184.51,2000.0
WTG_13,171,11.8,20.24,228.64,81.61,62.36,104.43,1496.11,16.62,0.0,186.85,2000.0
WTG_13,172,9.84,21.94,229.19,83.36,62.57,107.2,1225.06,13.61,0.0,186.47,2000.0
WTG_13,173,11.13,21.69,219.12,84.24,60.44,106.19,1387.46,15.42,0.0,185.74,2000.0
WTG_13,174,8.56,24.32,204.54,78.07,61.51,97.27,1071.3,11.9,0.0,185.27,1369.27
WTG_13,175,7.26,19.5,202.28,75.15,60.14,83.06,901.95,10.02,0.0,183.77,857.87
WTG_13,176,10.84,19.86,192.71,83.27,61.15,105.43,1352.83,15.03,0.0,185.72,2000.0
WTG_13,177,9.15,21.91,158.51,80.54,60.68,99.8,1120.02,12.44,0.0,185.61,1704.49
WTG_13,178,9.79,23.76,203.39,83.93,62.03,109.2,1228.49,13.65,0.0,185.68,2000.0
WTG_13,179,7.55,13.87,180.03,75.58,60.85,80.15,957.97,10.64,0.0,185.03,953.04
WTG_13,180,10.93,13.99,197.1,84.1,61.95,99.62,1343.85,14.93,0.0,185.58,2000.0
WTG_13,181,7.57,17.25,215.8,73.63,60.71,81.87,967.22,10.75,0.0,184.85,946.58
WTG_13,182,5.36,22.16,196.75,69.6,59.62,75.18,676.84,7.52,0.0,184.74,327.03
WTG_13,183,12.47,11.0,201.07,83.11,62.07,95.83,1556.54,17.29,1.16,185.53,2000.0
WTG_13,184,15.94,9.56,180.41,83.3,63.39,94.02,1800.0,20.0,9.85,184.69,2000.0
WTG_13,185,8.17,22.23,218.42,77.11,61.54,93.29,1036.88,11.52,0.0,185.45,1195.45
WTG_13,186,12.82,15.53,215.7,83.57,63.39,100.59,1627.89,18.09,2.05,184.61,2000.0
WTG_13,187,5.19,15.24,195.12,70.63,59.54,70.67,643.37,7.15,0.0,185.12,294.35
WTG_13,188,11.6,17.17,188.87,83.4,62.98,102.72,1466.38,16.29,0.0,184.58,2000.0
WTG_13,189,8.88,14.01,198.73,80.04,61.99,91.05,1131.01,12.57,0.0,184.69,1546.47
WTG_13,190,10.84,18.55,195.45,83.34,62.53,104.12,1374.0,15.27,0.0,182.95,2000.0
WTG_13,191,9.83,25.39,184.41,82.95,62.83,110.61,1229.92,13.67,0.0,184.64,2000.0
WTG_13,192,8.67,19.7,175.5,77.6,62.27,92.4,1096.03,12.18,0.0,187.71,1428.75
WTG_13,193,10.54,12.56,219.37,82.26,61.73,97.38,1314.83,14.61,0.0,185.65,2000.0
WTG_13,194,11.92,13.04,203.46,85.48,61.69,97.65,1468.54,16.32,0.0,185.45,2000.0
WTG_13,195,11.11,14.24,221.6,84.18,63.57,100.29,1385.56,15.4,0.0,185.28,2000.0
WTG_13,196,10.78,22.58,199.11,83.32,62.14,109.97,1341.49,14.91,0.0,185.16,2000.0
WTG_13,197,10.44,22.29,208.96,83.11,62.15,106.71,1349.28,14.99,0.0,184.33,2000.0
WTG_13,198,9.4,25.9,213.36,81.17,62.15,108.74,1175.24,13.06,0.0,182.75,1834.6
WTG_13,199,8.5,15.23,185.91,79.34,61.45,88.58,1082.76,12.03,0.0,183.42,1365.16
WTG_13,200,8.45,14.51,215.81,77.65,61.24,88.95,1061.06,11.79,0.0,185.27,1338.84
WTG_13,201,5.99,19.21,205.04,70.68,59.96,77.33,742.46,8.25,0.0,183.94,479.05
WTG_13,202,9.2,17.3,208.25,82.09,61.95,97.72,1170.18,13.0,0.0,182.24,1726.97
WTG_13,203,7.99,15.57,224.32,77.12,61.46,85.99,988.28,10.98,0.0,181.63,1139.02
WTG_13,204,7.0,13.04,194.7,74.01,59.54,75.94,865.64,9.62,0.0,184.89,774.38
WTG_13,205,13.08,17.08,192.75,83.43,63.95,103.32,1647.27,18.3,2.69,183.68,2000.0
WTG_13,206,8.64,14.26,205.68,78.87,62.57,88.74,1087.67,12.09,0.0,185.96,1417.57
WTG_13,207,6.05,21.05,172.08,70.48,61.35,78.93,721.89,8.02,0.0,185.57,479.31
WTG_13,208,8.58,18.97,196.78,78.62,62.42,93.61,1065.6,11.84,0.0,183.24,1384.46
WTG_13,209,16.06,16.39,205.61,84.76,64.71,105.23,1800.0,20.0,10.15,182.02,2000.0
WTG_13,210,8.52,21.67,188.73,80.24,63.02,96.03,1086.72,12.07,0.0,181.74,1351.24
WTG_13,211,8.02,17.94,214.42,78.12,62.73,88.37,1016.46,11.29,0.0,183.41,1143.49
WTG_13,212,9.07,16.25,216.38,81.42,62.97,97.73,1160.77,12.9,0.0,185.33,1660.11
WTG_13,213,5.23,17.99,198.46,70.22,62.04,72.12,687.42,7.64,0.0,181.05,281.3
WTG_13,214,12.78,12.27,216.73,85.03,63.79,99.45,1582.21,17.58,1.95,185.62,2000.0
WTG_13,215,8.61,24.51,206.36,80.41,63.02,99.32,1102.38,12.25,0.0,185.68,1370.12
WTG_13,216,7.77,11.56,213.33,78.33,62.54,80.21,953.01,10.59,0.0,182.23,1031.96
WTG_13,217,12.16,13.12,213.33,84.88,64.41,99.76,1572.07,17.47,0.41,181.7,2000.0
WTG_13,218,9.29,20.72,225.96,84.28,63.02,102.96,1135.88,12.62,0.0,183.34,1729.83
WTG_13,219,8.53,25.9,209.28,79.98,62.24,102.89,1067.08,11.86,0.0,182.69,1361.43
WTG_13,220,6.07,19.62,223.59,72.23,62.81,76.88,784.39,8.72,0.0,182.97,481.54
WTG_13,221,7.58,23.25,186.28,77.71,63.4,91.78,940.58,10.45,0.0,182.85,966.9
WTG_13,222,11.62,12.52,189.01,86.08,65.35,100.58,1441.31,16.01,0.0,182.81,2000.0
WTG_13,223,9.21,18.22,227.73,84.05,64.34,101.04,1188.65,13.21,0.0,182.73,1711.28
WTG_13,224,9.88,12.07,178.84,84.43,62.35,99.26,1259.38,13.99,0.0,182.62,2000.0
WTG_13,225,10.14,21.4,196.63,85.98,63.53,109.45,1279.23,14.21,0.0,178.99,2000.0
WTG_13,226,9.0,15.53,225.38,82.19,63.02,96.34,1116.45,12.4,0.0,181.25,1605.71
WTG_13,227,13.63,10.1,212.17,86.0,66.37,98.28,1715.85,19.07,4.07,183.29,2000.0
WTG_13,228,9.12,13.86,201.46,82.25,64.17,95.83,1169.37,12.99,0.0,180.53,1660.46
WTG_13,229,8.42,17.27,203.0,80.91,63.08,94.01,1072.23,11.91,0.0,184.13,1305.97
WTG_13,230,6.86,13.1,217.67,75.2,62.68,76.89,868.87,9.65,0.0,181.95,718.18
WTG_13,231,5.89,17.6,184.26,74.04,62.76,77.5,732.32,8.14,0.0,179.18,447.1
WTG_13,232,12.16,15.42,194.62,86.42,65.75,103.0,1537.02,17.08,0.4,181.03,2000.0
WTG_13,233,8.61,21.83,196.32,80.61,62.8,98.14,1076.3,11.96,0.0,183.59,1391.19
WTG_13,234,10.73,23.11,189.15,87.77,64.36,111.73,1316.58,14.63,0.0,178.75,2000.0
WTG_13,235,9.07,17.5,172.1,82.1,63.56,99.59,1124.21,12.49,0.0,180.05,1625.04
WTG_13,236,11.87,16.55,208.49,85.88,65.84,104.3,1504.73,16.72,0.0,183.48,2000.0
WTG_13,237,6.4,19.53,227.09,74.42,64.6,79.92,784.96,8.72,0.0,178.52,585.85
WTG_13,238,6.2,13.64,211.61,75.12,63.15,74.56,813.11,9.03,0.0,181.27,540.68
WTG_13,239,8.48,18.76,192.79,81.42,63.66,94.62,1046.59,11.63,0.0,181.42,1340.99
WTG_13,240,10.14,25.51,224.71,85.68,63.63,116.78,1255.82,13.95,0.0,182.69,2000.0
WTG_13,241,7.43,22.97,224.98,77.78,63.97,94.78,901.04,10.01,0.0,182.74,913.5
WTG_13,242,8.68,23.69,175.37,83.08,64.16,102.96,1102.68,12.25,0.0,181.54,1446.39
WTG_13,243,3.19,16.74,190.75,71.28,61.77,70.45,540.0,6.0,0.0,178.42,92.26
WTG_13,244,8.43,16.67,213.1,83.01,64.74,93.01,1068.35,11.87,0.0,179.59,1322.23
WTG_13,245,7.09,13.93,183.66,77.64,63.85,80.46,913.66,10.15,0.0,181.65,773.05
WTG_13,246,9.44,14.31,196.14,86.91,65.04,99.94,1205.13,13.39,0.0,180.57,1858.92
WTG_13,247,9.63,19.12,183.97,87.32,65.59,107.94,1202.11,13.36,0.0,181.14,1951.9
WTG_13,248,12.73,19.41,214.87,88.28,66.19,109.99,1593.83,17.71,1.82,182.15,2000.0
WTG_13,249,10.63,17.68,184.8,87.42,66.68,108.02,1342.79,14.92,0.0,179.89,2000.0
WTG_13,250,8.21,12.18,198.62,81.45,65.65,88.02,1026.42,11.4,0.0,178.58,1225.21
WTG_13,251,6.96,15.59,207.51,78.37,64.51,82.18,870.6,9.67,0.0,177.98,726.49
WTG_13,252,6.4,17.35,174.78,76.15,64.6,80.52,819.93,9.11,0.0,177.34,565.08
WTG_13,253,12.76,11.87,171.75,88.95,67.6,102.56,1624.04,18.04,1.91,178.12,2000.0
WTG_13,254,6.94,16.49,192.24,78.23,65.46,82.19,895.74,9.95,0.0,179.41,723.11
WTG_13,255,6.77,17.31,198.62,76.63,65.29,82.17,839.91,9.33,0.0,176.82,683.58
WTG_13,256,8.37,16.51,210.93,83.15,65.33,93.72,1056.05,11.73,0.0,181.9,1265.27
WTG_13,257,12.22,18.84,185.1,88.01,67.18,108.55,1514.82,16.83,0.54,179.14,2000.0
WTG_13,258,11.85,24.09,199.08,89.14,67.35,114.24,1505.15,16.72,0.0,180.32,2000.0
WTG_13,259,9.25,16.59,208.57,86.34,65.59,105.28,1151.78,12.8,0.0,176.7,1745.36
WTG_13,260,9.88,18.23,190.62,90.29,66.37,109.25,1239.21,13.77,0.0,181.0,2000.0
WTG_13,261,6.94,23.18,214.99,78.93,65.21,90.72,838.83,9.32,0.0,177.04,729.81
WTG_13,262,7.22,16.77,235.62,79.43,64.46,86.51,893.11,9.92,0.0,175.88,820.02
WTG_13,263,6.28,13.46,181.69,78.11,65.87,77.72,814.35,9.05,0.0,177.64,553.2
WTG_13,264,11.53,24.55,187.53,88.69,67.95,116.4,1498.68,16.65,0.0,180.49,2000.0
WTG_13,265,11.53,19.65,222.03,89.55,67.89,110.61,1458.97,16.21,0.0,179.3,2000.0
WTG_13,266,8.86,13.52,192.16,86.04,67.07,96.16,1126.48,12.52,0.0,177.41,1547.86
WTG_13,267,8.17,17.22,205.02,82.28,65.52,93.73,1018.14,11.31,0.0,178.45,1213.1
WTG_13,268,9.85,10.87,215.76,89.3,66.41,103.22,1239.96,13.78,0.0,175.08,2000.0
WTG_13,269,8.12,16.61,218.45,82.17,66.58,94.26,1024.46,11.38,0.0,178.71,1190.61
WTG_13,270,6.15,14.64,214.58,76.96,65.19,79.39,804.17,8.94,0.0,177.24,516.54
WTG_13,271,8.45,13.68,223.62,83.08,67.82,93.07,1058.02,11.76,0.0,178.57,1333.78
WTG_13,272,10.53,12.29,210.88,91.27,68.45,106.32,1356.83,15.08,0.0,176.65,2000.0
WTG_13,273,8.69,25.35,218.12,85.2,67.39,109.06,1090.71,12.12,0.0,176.02,1450.11
WTG_13,274,6.81,14.13,208.5,78.61,67.34,82.09,843.99,9.38,0.0,176.2,674.45
WTG_13,275,6.58,15.67,198.29,79.98,66.54,82.77,824.54,9.16,0.0,177.33,602.88
WTG_13,276,11.09,15.7,216.67,91.26,69.36,109.65,1408.58,15.65,0.0,177.85,2000.0
WTG_13,277,9.07,18.23,219.99,87.28,66.33,105.62,1139.82,12.66,0.0,173.33,1649.63
WTG_13,278,7.25,21.28,220.28,81.36,67.1,93.43,934.93,10.39,0.0,177.71,808.84
WTG_13,279,5.73,18.06,220.39,77.97,66.38,81.37,715.61,7.95,0.0,175.57,439.58
WTG_13,280,3.0,17.01,227.03,76.07,66.94,72.59,540.0,6.0,0.0,177.78,35.13
WTG_13,281,10.08,22.19,196.22,90.77,69.29,115.72,1297.03,14.41,0.0,172.74,2000.0
WTG_13,282,9.33,16.73,196.68,88.98,68.84,107.06,1197.84,13.31,0.0,178.29,1822.32
WTG_13,283,10.23,21.71,226.03,92.48,69.7,115.07,1291.24,14.35,0.0,173.61,2000.0
WTG_13,284,8.03,22.64,230.5,84.52,68.11,100.44,1049.99,11.67,0.0,175.93,1126.73
WTG_13,285,8.89,23.26,200.76,86.35,68.1,109.2,1132.89,12.59,0.0,177.25,1536.62
WTG_13,286,7.85,17.32,215.95,84.17,68.06,92.52,978.44,10.87,0.0,173.23,1057.38
WTG_13,287,10.54,20.58,228.74,91.19,69.35,115.23,1350.3,15.0,0.0,173.1,2000.0
WTG_13,288,8.56,14.51,220.57,87.27,69.41,97.36,1061.96,11.8,0.0,175.17,1366.71
WTG_13,289,10.99,25.6,219.89,93.17,71.32,120.56,1415.72,15.73,0.0,172.66,2000.0
WTG_13,290,7.72,19.66,191.75,84.95,67.15,95.39,964.34,10.71,0.0,176.76,1029.51
WTG_13,291,11.95,15.67,186.77,93.9,72.16,109.5,1483.07,16.48,0.0,172.91,2000.0
WTG_13,292,6.86,18.55,189.23,82.44,68.28,89.3,854.21,9.49,0.0,173.94,696.4
WTG_13,293,13.11,26.46,216.14,93.53,72.3,120.61,1649.8,18.33,2.77,174.81,2000.0
WTG_13,294,9.9,14.43,199.32,92.63,69.91,109.55,1257.31,13.97,0.0,172.13,2000.0
WTG_13,295,5.3,22.21,177.58,80.98,68.36,84.54,671.04,7.46,0.0,173.46,315.09
WTG_13,296,6.27,21.94,218.87,82.02,69.04,90.27,816.35,9.07,0.0,174.06,544.71
WTG_13,297,5.92,17.85,201.17,80.37,68.97,86.52,761.56,8.46,0.0,171.48,443.12
WTG_13,298,8.0,12.61,195.06,86.34,71.22,91.08,1015.15,11.28,0.0,175.57,1125.94
WTG_13,299,11.95,16.7,215.77,95.16,71.43,113.16,1492.87,16.59,0.0,170.77,2000.0
WTG_13,300,7.51,16.39,193.58,84.73,68.39,93.08,941.48,10.46,0.0,171.65,932.55
WTG_13,301,13.74,18.11,224.13,92.98,73.35,115.98,1724.06,19.16,4.36,172.57,2000.0
WTG_13,302,14.41,15.66,231.41,95.36,73.31,112.88,1800.0,20.0,6.03,171.33,2000.0
WTG_13,303,5.82,21.05,219.38,81.36,68.42,91.43,731.06,8.12,0.0,172.66,459.48
WTG_13,304,10.57,16.64,215.53,93.46,72.07,115.11,1308.52,14.54,0.0,169.38,2000.0
WTG_13,305,10.81,18.8,220.76,93.78,71.03,115.06,1357.99,15.09,0.0,170.0,2000.0
WTG_13,306,4.97,24.2,209.36,80.75,72.2,92.8,642.6,7.14,0.0,172.64,281.67
WTG_13,307,6.74,23.73,184.47,83.46,71.56,96.58,874.01,9.71,0.0,168.14,634.37
WTG_13,308,9.43,19.54,213.87,94.56,71.87,116.59,1180.31,13.11,0.0,169.92,1855.17
WTG_13,309,7.78,23.43,230.71,88.55,71.28,103.53,968.55,10.76,0.0,169.58,1022.71
WTG_13,310,12.3,26.58,212.05,94.89,74.26,124.37,1593.83,17.71,0.76,170.74,2000.0
WTG_13,311,7.7,11.82,184.96,86.28,71.75,92.27,964.85,10.72,0.0,169.29,1012.11
WTG_13,312,6.68,18.96,209.06,84.63,70.5,92.15,859.9,9.55,0.0,167.7,637.67
WTG_13,313,6.71,17.98,202.82,85.69,72.13,92.55,871.46,9.68,0.0,171.09,681.38
WTG_13,314,8.26,26.48,197.27,88.56,71.14,111.43,1021.06,11.35,0.0,170.2,1221.11
WTG_13,315,9.09,12.46,204.45,92.45,71.88,104.91,1159.9,12.89,0.0,167.65,1644.73
WTG_13,316,8.78,19.91,207.36,91.1,74.23,109.48,1110.12,12.33,0.0,169.27,1498.19
WTG_13,317,6.16,18.44,213.9,85.39,72.15,92.29,806.03,8.96,0.0,165.61,510.76
WTG_13,318,10.21,7.31,210.93,97.02,73.72,107.96,1304.26,14.49,0.0,171.84,2000.0
WTG_13,319,9.19,21.84,205.46,93.87,74.16,117.73,1177.01,13.08,0.0,168.95,1720.26
WTG_13,320,8.9,22.92,197.98,94.12,72.89,115.24,1121.21,12.46,0.0,166.88,1551.11
WTG_13,321,9.27,19.57,192.92,94.35,73.74,117.28,1191.23,13.24,0.0,168.02,1760.99
WTG_13,322,6.59,14.87,221.57,85.96,73.43,89.85,843.47,9.37,0.0,165.89,634.43
WTG_13,323,12.97,19.96,200.53,97.02,76.1,120.13,1636.2,18.18,2.42,168.26,2000.0
WTG_13,324,8.98,11.56,208.98,93.75,74.93,104.33,1120.97,12.46,0.0,167.78,1550.72
WTG_13,325,9.02,16.17,201.53,95.27,74.15,108.7,1113.59,12.37,0.0,167.2,1629.07
WTG_13,326,6.74,18.58,189.48,85.27,74.68,95.04,850.65,9.45,0.0,165.87,671.05
WTG_13,327,10.34,17.8,218.16,96.48,75.12,121.16,1281.82,14.24,0.0,163.77,2000.0
WTG_13,328,8.12,9.5,212.92,91.19,73.04,95.11,1031.91,11.47,0.0,167.68,1184.97
WTG_13,329,11.2,17.63,215.33,97.8,76.34,118.64,1392.38,15.47,0.0,165.29,2000.0
WTG_13,330,12.12,14.21,224.24,98.56,77.3,116.46,1507.8,16.75,0.3,166.25,2000.0
WTG_13,331,11.86,14.92,190.22,98.1,77.43,117.41,1488.0,16.53,0.0,167.71,2000.0
WTG_13,332,14.61,22.13,188.5,99.66,78.38,124.38,1798.05,19.98,6.53,162.61,2000.0
WTG_13,333,11.32,25.43,203.25,98.98,76.78,129.19,1441.74,16.02,0.0,164.17,2000.0
WTG_13,334,12.35,16.38,212.93,98.51,77.64,118.13,1529.89,17.0,0.87,165.82,2000.0
WTG_13,335,6.82,25.14,234.06,88.41,74.52,103.16,869.22,9.66,0.0,166.47,675.44
WTG_13,336,8.62,15.37,202.38,93.73,76.15,108.7,1076.34,11.96,0.0,161.25,1416.31
WTG_13,337,5.46,17.81,235.31,87.81,74.69,90.59,709.13,7.88,0.0,163.74,348.22
WTG_13,338,11.1,15.56,207.83,100.84,78.24,118.5,1375.96,15.29,0.0,162.77,2000.0
WTG_13,339,12.11,18.93,214.41,100.53,77.87,124.34,1526.51,16.96,0.28,161.29,2000.0
WTG_13,340,12.31,14.42,222.22,101.58,79.05,119.11,1547.5,17.19,0.76,165.45,2000.0
WTG_13,341,11.45,14.78,180.19,101.19,79.44,119.17,1444.54,16.05,0.0,162.4,2000.0
WTG_13,342,8.77,18.96,225.71,98.32,77.86,114.66,1134.11,12.6,0.0,162.65,1510.4
WTG_13,343,10.64,18.54,200.59,100.91,78.32,123.91,1332.08,14.8,0.0,160.71,2000.0
WTG_13,344,8.57,16.17,204.02,96.88,78.28,108.91,1061.0,11.79,0.0,164.2,1384.11
WTG_13,345,9.73,13.49,208.44,102.89,77.68,119.95,1192.48,13.25,0.0,161.36,2000.0
WTG_13,346,9.04,19.47,183.34,98.33,78.58,117.9,1163.34,12.93,0.0,161.57,1626.24
WTG_13,347,8.59,20.84,211.49,96.9,76.8,116.16,1063.36,11.82,0.0,160.18,1398.18
WTG_13,348,9.86,14.58,196.7,102.14,79.31,122.03,1264.16,14.05,0.0,160.7,2000.0
WTG_13,349,5.98,19.2,229.93,90.58,77.21,98.46,764.0,8.49,0.0,162.46,471.05
WTG_13,350,5.76,22.46,248.56,89.54,77.1,100.04,735.16,8.17,0.0,159.56,435.08
WTG_13,351,5.72,17.31,227.65,90.23,77.31,95.46,697.4,7.75,0.0,160.49,414.51
WTG_13,352,8.07,22.24,223.61,95.99,78.84,115.2,1045.01,11.61,0.0,159.38,1154.77
WTG_13,353,8.78,25.84,195.13,98.94,78.77,123.47,1112.81,12.36,0.0,158.71,1488.57
WTG_13,354,10.24,21.41,188.72,103.96,79.19,130.42,1268.53,14.09,0.0,159.02,2000.0
WTG_13,355,10.87,14.59,194.65,103.42,80.49,124.67,1363.77,15.15,0.0,156.2,2000.0
WTG_13,356,6.89,16.33,215.96,94.61,79.54,99.46,880.66,9.79,0.0,155.97,731.88
WTG_13,357,11.87,22.33,225.24,103.8,80.89,131.49,1480.63,16.45,0.0,161.41,2000.0
WTG_13,358,7.76,23.19,202.52,96.52,80.76,115.88,950.22,10.56,0.0,157.46,1043.22
WTG_13,359,12.36,14.5,202.52,104.58,83.25,125.23,1576.35,17.52,0.89,156.94,2000.0
WTG_13,360,11.52,13.51,205.99,103.97,83.45,121.32,1456.06,16.18,0.0,157.37,2000.0
WTG_13,361,9.49,11.01,235.96,104.36,80.33,117.67,1182.38,13.14,0.0,159.34,1881.61
WTG_13,362,8.84,7.21,211.67,99.84,81.29,107.61,1112.67,12.36,0.0,157.02,1520.71
WTG_13,363,10.27,19.6,237.36,105.2,82.85,129.96,1332.93,14.81,0.0,152.3,2000.0
WTG_13,364,8.52,22.94,195.48,101.09,81.78,120.59,1077.32,11.97,0.0,155.46,1331.37
WTG_13,365,5.25,22.03,204.51,94.18,81.43,103.34,670.8,7.45,0.0,159.06,304.34
WTG_13,366,7.41,14.46,246.99,97.0,81.09,106.14,931.59,10.35,0.0,152.51,908.95
WTG_13,367,10.96,20.1,208.75,106.66,83.87,130.86,1381.14,15.35,0.0,159.2,2000.0
WTG_13,368,8.49,17.48,245.97,101.77,81.97,116.47,1036.32,11.51,0.0,152.94,1373.43
WTG_13,369,8.15,19.11,226.24,101.48,84.42,117.39,1031.11,11.46,0.0,153.99,1181.3
WTG_13,370,10.26,20.26,241.06,108.11,83.99,131.58,1286.07,14.29,0.0,155.27,2000.0
WTG_13,371,13.6,15.22,203.73,107.39,86.3,128.19,1713.59,19.04,3.99,155.41,2000.0
WTG_13,372,7.2,13.09,212.1,96.7,82.37,103.79,882.7,9.81,0.0,152.0,826.58
WTG_13,373,8.23,18.02,236.34,102.27,83.4,116.43,1018.77,11.32,0.0,151.54,1233.57
WTG_13,374,13.75,18.29,212.67,110.24,85.41,131.62,1770.24,19.67,4.37,150.87,2000.0
WTG_13,375,8.69,17.49,210.63,103.89,83.64,122.29,1096.5,12.18,0.0,150.93,1439.92
WTG_13,376,9.53,13.23,205.08,108.08,83.96,125.15,1187.79,13.2,0.0,150.78,1902.72
WTG_13,377,6.41,22.53,196.82,98.79,83.88,110.82,809.22,8.99,0.0,153.03,605.36
WTG_13,378,9.92,23.69,215.79,110.75,85.39,136.82,1268.38,14.09,0.0,151.71,2000.0
WTG_13,379,10.91,24.51,202.96,109.87,85.03,139.23,1343.45,14.93,0.0,150.83,2000.0
WTG_13,380,11.06,16.35,211.47,111.28,87.1,130.99,1395.35,15.5,0.0,149.24,2000.0
WTG_13,381,6.4,20.35,202.94,98.87,84.92,108.65,801.86,8.91,0.0,150.87,551.25
WTG_13,382,10.99,18.67,229.91,110.45,87.66,134.65,1363.63,15.15,0.0,150.09,2000.0
WTG_13,383,7.61,23.96,182.96,102.16,85.39,120.83,967.7,10.75,0.0,150.6,968.18
WTG_13,384,7.01,18.54,223.66,101.25,84.93,110.79,866.4,9.63,0.0,148.32,766.18
WTG_13,385,9.34,17.7,239.41,109.86,86.17,129.63,1170.04,13.0,0.0,148.02,1778.28
WTG_13,386,3.0,20.27,232.7,97.29,84.56,102.72,540.0,6.0,0.0,148.69,87.68
WTG_13,387,7.94,14.98,214.69,105.23,86.22,115.0,1005.74,11.17,0.0,149.33,1122.91
WTG_13,388,11.26,22.91,214.77,110.86,88.75,141.65,1426.7,15.85,0.0,148.89,2000.0
WTG_13,389,8.8,28.44,247.86,108.74,87.6,138.41,1108.77,12.32,0.0,145.86,1495.57
WTG_13,390,8.4,20.74,234.06,105.47,87.01,124.6,1031.52,11.46,0.0,148.21,1288.82
WTG_13,391,9.57,17.38,219.49,110.55,89.09,134.18,1227.63,13.64,0.0,145.51,1914.11
WTG_13,392,10.39,10.13,206.34,114.33,88.59,128.46,1265.52,14.06,0.0,149.35,2000.0
WTG_13,393,10.57,27.52,221.71,113.24,89.69,144.55,1335.72,14.84,0.0,148.91,2000.0
WTG_13,394,9.98,17.57,233.01,114.09,89.44,137.8,1235.86,13.73,0.0,146.3,2000.0
WTG_13,395,10.58,12.72,238.67,113.45,89.8,133.06,1323.91,14.71,0.0,146.66,2000.0
WTG_13,396,11.25,19.73,210.66,114.27,91.01,138.9,1424.54,15.83,0.0,142.14,2000.0
WTG_13,397,11.97,17.47,225.94,114.8,91.03,138.55,1493.23,16.59,0.0,142.19,2000.0
WTG_13,398,9.93,23.95,224.53,115.68,91.42,144.64,1254.89,13.94,0.0,144.96,2000.0
WTG_13,399,9.58,19.61,208.31,115.62,89.95,138.95,1227.72,13.64,0.0,147.13,1943.08
WTG_13,400,11.87,14.74,233.02,113.74,91.94,138.11,1486.96,16.52,0.0,145.93,2000.0
WTG_13,401,12.15,21.32,224.86,116.51,91.68,142.56,1551.68,17.24,0.38,144.31,2000.0
WTG_13,402,11.32,15.56,229.89,116.15,93.78,137.78,1436.68,15.96,0.0,142.5,2000.0
WTG_14,1,9.38,24.81,167.64,77.54,64.44,103.51,1194.57,13.27,0.0,183.17,1822.39
WTG_14,2,8.09,14.15,194.66,73.52,65.31,81.0,1007.39,11.19,0.0,183.29,1163.12
WTG_14,3,9.72,12.18,185.4,79.02,65.83,95.33,1245.63,13.84,0.0,181.11,2000.0
WTG_14,4,10.02,24.88,180.04,79.16,66.35,107.27,1257.39,13.97,0.0,183.49,2000.0
WTG_14,5,13.85,14.77,159.74,78.09,66.89,97.19,1759.31,19.55,4.63,184.21,2000.0
WTG_14,6,11.37,18.9,173.46,78.96,65.88,103.73,1387.55,15.42,0.0,181.58,2000.0
WTG_14,7,12.7,21.05,177.96,78.47,67.91,103.62,1571.09,17.46,1.74,184.86,2000.0
WTG_14,8,5.43,12.62,174.76,64.67,63.78,62.38,645.36,7.17,0.0,184.41,357.25
WTG_14,9,9.21,21.64,178.32,76.95,65.71,99.4,1130.95,12.57,0.0,185.44,1740.71
WTG_14,10,15.3,23.51,159.78,77.34,67.41,107.16,1800.0,20.0,8.25,182.04,2000.0
WTG_14,11,7.56,16.78,212.41,71.33,64.51,78.55,961.67,10.69,0.0,181.95,938.85
WTG_14,12,6.96,17.48,180.26,68.78,65.24,75.63,880.2,9.78,0.0,184.63,732.84
WTG_14,13,9.51,17.4,192.43,77.09,64.62,95.95,1207.29,13.41,0.0,183.3,1901.96
WTG_14,14,6.73,15.71,179.94,67.75,64.31,74.61,826.42,9.18,0.0,180.0,693.69
WTG_14,15,8.12,21.39,166.65,72.05,64.28,88.28,1028.41,11.43,0.0,184.62,1162.57
WTG_14,16,10.79,15.13,189.64,78.5,65.95,98.43,1367.06,15.19,0.0,183.91,2000.0
WTG_14,17,17.42,24.19,182.09,77.23,67.58,104.57,1800.0,20.0,13.55,185.66,2000.0
WTG_14,18,6.99,23.2,180.13,68.77,64.26,83.93,891.83,9.91,0.0,180.79,734.03
WTG_14,19,5.73,13.94,151.6,65.6,63.52,64.96,707.07,7.86,0.0,184.51,399.86
WTG_14,20,10.48,21.76,200.09,78.74,66.58,104.59,1303.24,14.48,0.0,182.7,2000.0
WTG_14,21,7.37,12.81,199.73,70.86,64.04,74.46,922.62,10.25,0.0,182.02,882.76
WTG_14,22,5.82,19.45,153.22,65.45,63.33,73.15,759.55,8.44,0.0,181.66,402.63
WTG_14,23,5.1,12.87,151.05,65.98,63.36,64.24,658.88,7.32,0.0,182.21,319.78
WTG_14,24,7.7,20.13,163.04,71.01,64.87,82.77,980.68,10.9,0.0,183.87,1004.4
WTG_14,25,12.91,21.23,169.22,76.94,66.77,104.57,1642.39,18.25,2.26,182.61,2000.0
WTG_14,26,10.39,15.77,187.33,78.64,65.86,98.21,1331.95,14.8,0.0,181.61,2000.0
WTG_14,27,8.22,18.78,153.15,71.2,66.18,86.76,1058.96,11.77,0.0,184.31,1214.61
WTG_14,28,7.34,22.54,193.7,70.01,64.12,84.53,918.81,10.21,0.0,182.16,843.48
WTG_14,29,8.82,19.44,212.57,73.99,64.47,92.53,1096.24,12.18,0.0,184.36,1500.81
WTG_14,30,8.07,25.53,202.75,72.18,65.66,93.03,1014.79,11.28,0.0,181.65,1144.9
WTG_14,31,8.62,12.19,163.34,75.1,64.12,85.16,1103.68,12.26,0.0,184.64,1418.99
WTG_14,32,14.2,21.5,144.71,76.68,67.68,104.8,1798.99,19.99,5.5,180.12,2000.0
WTG_14,33,3.55,16.28,191.15,62.2,62.64,64.03,540.0,6.0,0.0,182.96,93.14
WTG_14,34,9.82,25.11,213.18,77.74,64.72,108.16,1271.6,14.13,0.0,182.29,2000.0
WTG_14,35,9.09,9.79,188.42,75.49,63.95,85.07,1138.17,12.65,0.0,184.9,1647.65
WTG_14,36,9.83,23.78,165.83,80.12,64.67,107.31,1243.25,13.81,0.0,182.07,2000.0
WTG_14,37,11.93,12.65,176.04,78.57,66.16,94.96,1514.95,16.83,0.0,182.31,2000.0
WTG_14,38,7.12,26.12,208.44,69.69,63.81,85.16,923.5,10.26,0.0,184.62,806.01
WTG_14,39,10.24,23.22,190.82,78.91,66.19,106.34,1277.72,14.2,0.0,181.26,2000.0
WTG_14,40,9.7,19.31,174.71,79.69,65.79,101.73,1247.83,13.86,0.0,182.96,2000.0
WTG_14,41,3.95,18.21,149.98,63.3,63.98,65.97,540.0,6.0,0.0,183.77,142.45
WTG_14,42,8.87,19.77,180.74,75.03,66.06,93.75,1130.65,12.56,0.0,184.73,1555.54
WTG_14,43,11.14,17.38,195.99,76.79,65.36,99.66,1417.48,15.75,0.0,183.13,2000.0
WTG_14,44,10.62,16.45,196.98,78.03,67.13,99.89,1299.65,14.44,0.0,182.11,2000.0
WTG_14,45,13.23,14.13,173.66,78.76,66.79,97.34,1672.06,18.58,3.07,182.88,2000.0
WTG_14,46,12.07,21.27,174.77,77.55,67.14,103.52,1499.97,16.67,0.18,183.62,2000.0
WTG_14,47,7.47,19.89,202.06,69.03,62.68,81.01,933.36,10.37,0.0,184.52,903.73
WTG_14,48,4.76,15.89,187.01,65.29,63.64,64.16,602.38,6.69,0.0,182.45,225.29
WTG_14,49,7.52,19.95,207.11,70.04,63.28,82.25,956.84,10.63,0.0,183.77,960.57
WTG_14,50,8.83,18.47,178.41,76.17,64.62,91.55,1102.4,12.25,0.0,183.96,1530.73
WTG_14,51,12.91,22.44,214.28,79.45,67.27,105.1,1647.75,18.31,2.28,183.56,2000.0
WTG_14,52,10.37,15.42,193.48,78.48,66.01,98.27,1309.71,14.55,0.0,181.04,2000.0
WTG_14,53,7.29,12.19,206.8,69.31,63.58,73.15,919.01,10.21,0.0,182.68,858.87
WTG_14,54,4.61,20.06,190.72,64.66,63.65,69.93,574.99,6.39,0.0,183.28,237.84
WTG_14,55,3.59,15.91,184.0,63.96,62.9,61.46,540.0,6.0,0.0,183.39,98.26
WTG_14,56,4.18,20.37,177.77,63.53,62.19,67.63,561.36,6.24,0.0,185.91,139.37
WTG_14,57,8.01,13.2,195.13,71.18,64.35,80.51,1003.3,11.15,0.0,180.31,1126.8
WTG_14,58,9.16,19.06,188.13,75.61,64.37,95.85,1134.5,12.61,0.0,184.43,1677.44
WTG_14,59,9.15,16.75,153.85,75.58,64.64,92.96,1158.4,12.87,0.0,182.97,1674.19
WTG_14,60,10.01,22.2,182.91,79.15,66.43,105.67,1256.98,13.97,0.0,186.31,2000.0
WTG_14,61,10.86,13.74,197.26,78.07,65.84,94.13,1375.23,15.28,0.0,178.83,2000.0
WTG_14,62,9.2,16.02,177.93,76.56,64.93,92.78,1153.03,12.81,0.0,184.06,1690.35
WTG_14,63,8.14,21.56,191.75,72.47,64.67,89.6,1041.46,11.57,0.0,181.08,1200.81
WTG_14,64,9.95,21.19,172.06,78.76,64.76,101.5,1276.37,14.18,0.0,184.47,2000.0
WTG_14,65,8.66,21.95,183.81,74.03,64.94,94.07,1075.2,11.95,0.0,180.5,1453.71
WTG_14,66,10.35,19.68,200.01,78.91,66.57,100.62,1289.83,14.33,0.0,180.55,2000.0
WTG_14,67,7.62,12.03,180.81,70.77,64.37,76.82,967.25,10.75,0.0,179.78,985.34
WTG_14,68,6.36,18.13,175.27,66.6,63.47,73.66,798.9,8.88,0.0,183.95,573.27
WTG_14,69,10.58,21.22,189.17,77.78,66.66,103.94,1336.86,14.85,0.0,182.71,2000.0
WTG_14,70,7.73,22.84,199.66,70.07,64.23,85.55,950.08,10.56,0.0,182.87,1022.46
WTG_14,71,9.52,19.08,181.02,78.18,64.07,99.56,1194.19,13.27,0.0,182.29,1868.26
WTG_14,72,10.43,18.61,172.44,78.29,65.95,102.32,1324.81,14.72,0.0,182.09,2000.0
WTG_14,73,9.94,18.85,180.9,78.87,65.07,100.14,1241.33,13.79,0.0,182.54,2000.0
WTG_14,74,11.45,22.67,144.6,78.86,66.18,106.83,1444.76,16.05,0.0,184.51,2000.0
WTG_14,75,8.78,16.34,192.56,74.49,66.1,90.87,1114.55,12.38,0.0,183.79,1488.43
WTG_14,76,11.31,21.41,184.61,79.46,66.4,104.83,1432.55,15.92,0.0,182.43,2000.0
WTG_14,77,10.73,19.09,176.42,77.16,64.73,101.89,1365.5,15.17,0.0,183.2,2000.0
WTG_14,78,6.73,19.15,186.38,67.09,64.32,76.34,811.34,9.01,0.0,183.13,673.39
WTG_14,79,11.93,16.33,185.96,78.42,67.58,98.69,1526.14,16.96,0.0,182.26,2000.0
WTG_14,80,6.75,20.24,172.43,68.19,64.19,78.33,874.14,9.71,0.0,183.2,666.72
WTG_14,81,9.23,16.54,191.99,75.4,65.76,94.24,1185.56,13.17,0.0,184.62,1725.78
WTG_14,82,10.37,22.98,214.18,79.38,65.79,105.17,1301.05,14.46,0.0,182.19,2000.0
WTG_14,83,7.44,9.93,198.04,70.28,63.35,72.73,924.49,10.27,0.0,183.59,884.59
WTG_14,84,10.12,13.28,160.98,76.63,66.19,97.89,1261.73,14.02,0.0,182.76,2000.0
WTG_14,85,9.08,15.6,201.95,77.18,65.18,91.35,1116.42,12.4,0.0,184.88,1650.48
WTG_14,86,13.77,24.01,187.34,78.12,66.77,107.04,1750.3,19.45,4.43,181.05,2000.0
WTG_14,87,6.01,15.77,176.02,66.59,62.73,70.28,740.23,8.22,0.0,182.84,480.86
WTG_14,88,6.47,18.11,192.85,68.04,64.02,73.75,821.75,9.13,0.0,181.85,608.99
WTG_14,89,9.53,23.17,154.44,77.94,64.43,104.81,1202.15,13.36,0.0,182.53,1899.65
WTG_14,90,8.34,19.59,193.87,72.49,64.86,90.3,1051.25,11.68,0.0,182.72,1267.78
WTG_14,91,10.67,21.45,189.46,78.78,66.78,104.59,1368.55,15.21,0.0,179.87,2000.0
WTG_14,92,9.72,17.84,190.23,78.42,66.36,100.62,1219.42,13.55,0.0,181.65,2000.0
WTG_14,93,13.83,14.84,184.28,78.7,66.99,99.74,1748.42,19.43,4.57,182.17,2000.0
WTG_14,94,6.49,19.39,190.98,68.47,64.31,74.82,831.88,9.24,0.0,182.71,587.43
WTG_14,95,10.6,19.98,171.31,78.72,66.04,99.96,1300.61,14.45,0.0,182.95,2000.0
WTG_14,96,7.15,13.13,180.26,67.18,65.33,73.96,901.58,10.02,0.0,182.75,801.88
WTG_14,97,4.73,14.7,188.7,66.55,63.36,63.88,610.31,6.78,0.0,183.64,249.48
WTG_14,98,6.53,19.43,222.02,66.27,64.12,74.38,816.8,9.08,0.0,180.85,602.06
WTG_14,99,5.63,22.2,187.48,65.37,64.15,75.44,734.19,8.16,0.0,184.3,396.28
WTG_14,100,6.79,18.06,172.62,66.97,63.65,75.38,860.19,9.56,0.0,184.03,648.9
WTG_14,101,4.64,21.4,195.15,64.88,63.08,69.75,592.72,6.59,0.0,182.19,216.31
WTG_14,102,9.28,13.85,153.75,74.53,65.45,91.65,1181.5,13.13,0.0,180.44,1748.03
WTG_14,103,7.37,21.87,166.73,68.45,65.69,84.53,918.36,10.2,0.0,185.04,886.07
WTG_14,104,8.94,24.08,192.33,75.25,64.69,97.75,1121.72,12.46,0.0,182.67,1556.67
WTG_14,105,13.35,23.26,202.77,79.77,67.57,103.3,1681.77,18.69,3.38,186.13,2000.0
WTG_14,106,8.92,18.21,193.6,73.88,64.3,94.38,1125.4,12.5,0.0,181.37,1559.68
WTG_14,107,11.76,19.14,155.95,79.18,66.24,102.58,1459.39,16.22,0.0,182.01,2000.0
WTG_14,108,10.56,13.73,183.41,78.64,66.0,97.24,1335.64,14.84,0.0,182.5,2000.0
WTG_14,109,8.72,19.32,198.93,74.81,65.56,91.24,1100.51,12.23,0.0,183.21,1440.81
WTG_14,110,13.76,16.94,190.4,78.78,67.01,98.38,1738.32,19.31,4.4,181.9,2000.0
WTG_14,111,8.88,20.43,191.34,75.12,66.05,93.7,1120.28,12.45,0.0,185.23,1544.73
WTG_14,112,12.41,22.07,178.54,77.96,66.63,104.68,1561.46,17.35,1.03,181.85,2000.0
WTG_14,113,9.08,21.31,202.75,75.48,65.53,98.37,1150.36,12.78,0.0,184.36,1643.23
WTG_14,114,5.84,17.67,178.08,67.3,63.57,71.03,709.61,7.88,0.0,181.82,455.59
WTG_14,115,4.59,22.37,184.28,62.77,63.23,71.86,574.57,6.38,0.0,181.54,217.63
WTG_14,116,14.32,13.16,198.74,77.79,68.33,96.3,1785.96,19.84,5.8,179.91,2000.0
WTG_14,117,9.35,15.91,189.33,76.47,65.17,94.46,1148.31,12.76,0.0,181.98,1820.34
WTG_14,118,8.72,17.66,212.89,73.41,65.99,91.74,1096.73,12.19,0.0,183.98,1481.99
WTG_14,119,14.34,7.86,160.76,77.1,67.58,90.18,1800.0,20.0,5.84,179.61,2000.0
WTG_14,120,7.44,21.0,199.2,70.86,65.91,83.38,950.91,10.57,0.0,181.63,899.39
WTG_14,121,8.91,13.01,186.91,75.59,64.18,88.28,1133.27,12.59,0.0,181.49,1559.7
WTG_14,122,8.44,15.09,214.86,72.23,65.65,85.32,1039.37,11.55,0.0,180.65,1320.33
WTG_14,123,9.2,14.69,204.82,77.39,66.41,91.45,1195.61,13.28,0.0,183.36,1692.63
WTG_14,124,9.61,17.83,185.11,79.1,65.07,101.76,1223.71,13.6,0.0,180.57,1945.73
WTG_14,125,16.08,16.59,204.17,79.65,67.37,98.23,1800.0,20.0,10.19,182.34,2000.0
WTG_14,126,10.93,15.67,196.9,78.41,66.29,98.67,1353.97,15.04,0.0,180.84,2000.0
WTG_14,127,9.37,15.9,206.57,77.33,66.12,96.21,1197.13,13.3,0.0,184.57,1811.35
WTG_14,128,8.38,12.97,207.22,73.12,66.31,81.62,1084.83,12.05,0.0,181.78,1297.49
WTG_14,129,7.41,18.11,208.44,69.41,64.88,78.33,911.35,10.13,0.0,179.14,910.84
WTG_14,130,8.62,23.07,208.86,74.63,65.42,97.54,1057.77,11.75,0.0,181.27,1426.76
WTG_14,131,11.43,18.15,217.5,78.28,66.71,100.3,1446.96,16.08,0.0,177.82,2000.0
WTG_14,132,12.29,22.53,193.22,78.86,65.76,105.83,1561.33,17.35,0.72,181.79,2000.0
WTG_14,133,14.03,20.64,203.25,80.42,67.12,103.49,1794.01,19.93,5.06,184.17,2000.0
WTG_14,134,5.93,16.59,200.68,67.6,63.35,70.7,756.6,8.41,0.0,181.16,448.87
WTG_14,135,4.39,15.21,188.76,64.62,63.47,64.45,540.0,6.0,0.0,181.97,204.64
WTG_14,136,10.42,16.02,159.66,78.63,67.85,99.92,1280.11,14.22,0.0,182.72,2000.0
WTG_14,137,4.94,15.37,208.51,63.94,63.98,64.96,626.34,6.96,0.0,181.41,251.31
WTG_14,138,8.5,23.54,190.23,72.5,65.15,94.32,1096.68,12.19,0.0,179.67,1346.87
WTG_14,139,6.42,20.29,186.48,66.72,64.86,76.49,824.65,9.16,0.0,179.56,562.44
WTG_14,140,9.66,23.67,191.09,78.44,66.15,106.41,1207.0,13.41,0.0,180.47,1998.58
WTG_14,141,7.57,9.0,205.97,70.1,65.43,73.14,965.63,10.73,0.0,183.23,957.32
WTG_14,142,9.97,17.05,190.84,79.28,66.91,100.97,1220.33,13.56,0.0,181.66,2000.0
WTG_14,143,6.95,20.75,197.01,69.49,63.41,80.17,861.15,9.57,0.0,183.94,742.57
WTG_14,144,11.6,17.91,179.36,78.53,67.09,102.18,1436.11,15.96,0.0,180.84,2000.0
WTG_14,145,8.14,22.6,191.59,71.5,65.55,91.9,1035.9,11.51,0.0,182.59,1181.34
WTG_14,146,10.54,20.52,219.55,79.99,65.22,103.19,1322.16,14.69,0.0,180.77,2000.0
WTG_14,147,7.01,21.64,205.18,69.02,65.91,81.5,868.51,9.65,0.0,181.28,777.68
WTG_14,148,8.1,14.39,203.18,72.7,66.51,81.21,1007.86,11.2,0.0,181.11,1163.53
WTG_14,149,7.48,19.81,187.67,70.87,64.5,82.9,926.56,10.3,0.0,182.3,922.68
WTG_14,150,8.99,19.29,182.25,73.88,64.71,95.48,1114.37,12.38,0.0,182.89,1588.5
WTG_14,151,5.72,11.18,195.46,65.78,64.69,66.08,730.35,8.11,0.0,180.98,400.15
WTG_14,152,10.4,17.85,211.58,78.55,66.17,101.97,1289.67,14.33,0.0,181.82,2000.0
WTG_14,153,7.09,21.64,202.96,69.62,64.33,80.79,898.09,9.98,0.0,180.45,767.25
WTG_14,154,10.46,19.84,195.63,79.78,65.81,104.48,1278.86,14.21,0.0,180.34,2000.0
WTG_14,155,9.23,18.42,199.04,76.69,65.08,96.53,1137.72,12.64,0.0,181.98,1705.49
WTG_14,156,12.32,23.2,196.37,79.1,68.53,105.56,1579.0,17.54,0.8,179.45,2000.0
WTG_14,157,8.42,18.74,205.12,72.65,65.17,90.48,1040.28,11.56,0.0,181.97,1310.41
WTG_14,158,6.62,10.13,190.26,67.22,64.76,66.17,833.95,9.27,0.0,181.91,638.76
WTG_14,159,8.61,20.64,212.45,75.36,65.89,92.52,1043.32,11.59,0.0,183.35,1416.1
WTG_14,160,7.6,13.66,195.72,70.48,65.2,76.75,955.35,10.61,0.0,183.69,978.44
WTG_14,161,10.47,8.92,213.97,80.65,65.32,92.76,1321.74,14.69,0.0,181.13,2000.0
WTG_14,162,6.71,23.38,183.05,69.55,64.47,82.68,835.29,9.28,0.0,184.17,670.24
WTG_14,163,13.43,22.96,214.88,79.58,68.22,106.98,1710.15,19.0,3.58,180.31,2000.0
WTG_14,164,10.45,22.1,200.64,79.59,66.53,104.13,1297.57,14.42,0.0,182.1,2000.0
WTG_14,165,6.25,13.94,179.68,66.25,64.58,69.64,761.47,8.46,0.0,181.08,506.32
WTG_14,166,8.19,18.21,186.84,73.89,64.83,87.01,1018.25,11.31,0.0,180.11,1210.8
WTG_14,167,10.1,28.03,205.53,79.44,66.2,110.25,1279.14,14.21,0.0,181.53,2000.0
WTG_14,168,8.79,17.49,200.31,75.13,66.12,90.9,1117.68,12.42,0.0,179.08,1500.96
WTG_14,169,7.69,18.02,171.03,72.05,65.56,81.6,970.93,10.79,0.0,181.93,1003.75
WTG_14,170,9.08,19.68,212.88,76.49,65.59,94.59,1130.95,12.57,0.0,182.73,1640.42
WTG_14,171,3.74,19.17,177.89,65.39,63.99,67.35,540.0,6.0,0.0,181.18,124.1
WTG_14,172,12.16,22.71,204.75,79.98,66.61,105.85,1553.2,17.26,0.4,180.81,2000.0
WTG_14,173,11.89,17.16,211.59,79.87,65.73,101.83,1487.45,16.53,0.0,180.57,2000.0
WTG_14,174,5.92,14.49,189.03,66.81,64.82,70.14,730.79,8.12,0.0,183.75,443.06
WTG_14,175,14.54,19.24,195.26,79.3,68.74,102.02,1800.0,20.0,6.34,182.8,2000.0
WTG_14,176,10.17,16.51,203.68,80.38,66.52,100.54,1278.01,14.2,0.0,182.27,2000.0
WTG_14,177,4.46,17.46,186.96,64.96,63.76,68.93,586.78,6.52,0.0,180.19,194.08
WTG_14,178,6.45,14.72,188.36,67.7,65.93,72.58,812.07,9.02,0.0,179.07,600.8
WTG_14,179,4.2,18.07,187.82,64.32,64.1,67.73,540.0,6.0,0.0,181.06,153.74
WTG_14,180,9.56,14.0,192.96,79.59,66.44,94.37,1208.18,13.42,0.0,180.31,1924.02
WTG_14,181,12.98,15.5,194.82,79.04,69.18,99.36,1596.31,17.74,2.44,180.89,2000.0
WTG_14,182,8.17,12.76,214.12,71.52,65.25,79.31,998.36,11.09,0.0,179.91,1199.06
WTG_14,183,11.25,12.11,189.23,79.85,66.95,95.71,1432.74,15.92,0.0,180.03,2000.0
WTG_14,184,8.42,29.84,212.66,74.34,66.07,102.68,1072.09,11.91,0.0,181.27,1320.54
WTG_14,185,8.45,13.82,200.57,73.54,65.98,84.47,1053.79,11.71,0.0,179.12,1324.57
WTG_14,186,12.16,12.19,186.85,79.71,67.65,94.88,1538.47,17.09,0.39,179.96,2000.0
WTG_14,187,4.77,17.31,205.9,65.95,65.25,67.44,607.76,6.75,0.0,183.33,211.94
WTG_14,188,7.87,11.81,196.55,71.69,66.03,77.04,986.08,10.96,0.0,180.11,1087.84
WTG_14,189,8.05,15.98,175.43,73.85,65.31,83.08,1004.54,11.16,0.0,184.29,1148.25
WTG_14,190,3.68,14.95,183.14,65.58,64.9,64.17,540.0,6.0,0.0,182.65,108.19
WTG_14,191,8.4,18.01,202.74,75.22,67.28,89.33,1081.64,12.02,0.0,182.05,1299.36
WTG_14,192,6.05,20.28,207.69,68.03,64.81,76.22,766.98,8.52,0.0,180.67,500.33
WTG_14,193,8.98,16.53,193.15,75.72,66.84,92.18,1142.51,12.69,0.0,183.59,1591.87
WTG_14,194,6.47,25.71,206.25,69.1,64.99,82.69,808.19,8.98,0.0,179.79,585.37
WTG_14,195,8.94,18.29,217.65,76.26,65.78,93.96,1121.84,12.46,0.0,175.96,1579.19
WTG_14,196,9.06,16.28,196.19,78.19,66.94,92.9,1131.63,12.57,0.0,182.86,1637.0
WTG_14,197,15.14,17.86,198.2,79.69,68.61,101.75,1800.0,20.0,7.86,182.5,2000.0
WTG_14,198,8.13,17.99,214.67,72.41,66.46,86.83,1046.6,11.63,0.0,181.72,1166.65
WTG_14,199,5.41,16.67,203.09,67.9,64.18,71.05,664.37,7.38,0.0,180.37,356.2
WTG_14,200,7.47,16.17,213.73,72.23,66.42,79.75,933.84,10.38,0.0,183.29,911.96
WTG_14,201,11.2,24.17,226.69,78.69,68.64,107.0,1401.31,15.57,0.0,180.88,2000.0
WTG_14,202,6.13,17.53,199.97,70.66,65.59,74.52,804.71,8.94,0.0,178.8,516.39
WTG_14,203,7.31,12.24,199.58,70.01,65.3,75.31,907.07,10.08,0.0,177.41,853.69
WTG_14,204,13.54,23.44,235.24,81.89,69.98,107.55,1688.85,18.77,3.86,178.6,2000.0
WTG_14,205,13.65,15.15,210.23,79.25,69.69,98.42,1730.73,19.23,4.12,178.06,2000.0
WTG_14,206,9.12,12.55,206.07,79.15,67.48,90.99,1176.5,13.07,0.0,178.28,1685.27
WTG_14,207,6.1,20.82,211.79,68.83,65.09,79.1,755.42,8.39,0.0,180.68,495.49
WTG_14,208,10.86,17.68,207.11,79.75,69.34,102.57,1340.96,14.9,0.0,179.91,2000.0
WTG_14,209,9.98,19.29,200.93,80.46,68.42,102.46,1270.07,14.11,0.0,179.5,2000.0
WTG_14,210,8.01,17.89,196.73,72.83,66.72,86.22,999.62,11.11,0.0,180.67,1149.46
WTG_14,211,12.29,5.29,188.66,81.2,69.67,91.02,1533.13,17.03,0.71,179.84,2000.0
WTG_14,212,7.71,24.07,178.88,72.48,66.6,89.36,978.82,10.88,0.0,180.76,1027.02
WTG_14,213,9.16,20.18,194.62,79.1,67.38,100.01,1134.29,12.6,0.0,176.36,1708.04
WTG_14,214,12.02,19.89,220.39,81.04,65.93,104.75,1492.65,16.58,0.04,179.92,2000.0
WTG_14,215,6.58,19.9,204.92,68.22,66.19,79.3,817.23,9.08,0.0,179.69,618.39
WTG_14,216,8.3,20.97,203.87,75.48,67.41,93.14,1061.02,11.79,0.0,178.92,1262.55
WTG_14,217,10.69,18.01,199.76,79.12,68.1,103.43,1338.94,14.88,0.0,181.39,2000.0
WTG_14,218,9.34,23.5,195.91,78.76,65.71,106.74,1167.02,12.97,0.0,182.28,1813.61
WTG_14,219,8.61,17.75,194.39,75.72,67.22,93.94,1118.15,12.42,0.0,182.78,1425.35
WTG_14,220,10.06,20.31,202.85,82.17,67.15,105.86,1258.64,13.98,0.0,180.09,2000.0
WTG_14,221,6.0,18.7,201.76,68.6,65.31,76.61,750.63,8.34,0.0,180.25,498.0
WTG_14,222,9.57,21.41,202.48,81.03,68.64,107.69,1203.21,13.37,0.0,180.77,1920.74
WTG_14,223,13.79,16.0,191.18,80.74,70.74,101.08,1718.87,19.1,4.48,179.23,2000.0
WTG_14,224,11.43,22.99,212.48,82.63,67.33,107.87,1456.21,16.18,0.0,181.97,2000.0
WTG_14,225,9.15,21.51,167.51,77.81,67.24,100.97,1142.31,12.69,0.0,181.48,1662.05
WTG_14,226,11.0,20.81,196.7,80.4,67.66,104.89,1365.4,15.17,0.0,179.49,2000.0
WTG_14,227,9.48,23.04,222.18,79.95,67.51,106.86,1206.82,13.41,0.0,178.94,1918.47
WTG_14,228,5.01,15.76,209.57,66.26,65.08,69.18,652.15,7.25,0.0,177.91,258.13
WTG_14,229,5.68,12.58,199.92,69.06,66.8,68.51,716.08,7.96,0.0,177.98,415.35
WTG_14,230,9.84,12.96,210.99,82.0,68.4,96.94,1247.35,13.86,0.0,178.55,2000.0
WTG_14,231,10.72,24.09,214.16,81.34,68.72,110.45,1327.31,14.75,0.0,178.19,2000.0
WTG_14,232,7.07,19.23,191.82,70.03,67.24,83.24,881.57,9.8,0.0,179.94,772.45
WTG_14,233,4.15,19.84,220.8,67.11,64.97,70.38,540.0,6.0,0.0,176.05,162.71
WTG_14,234,7.69,14.6,199.9,72.56,66.98,82.1,986.26,10.96,0.0,175.06,1013.92
WTG_14,235,8.87,17.05,199.99,77.94,67.87,95.41,1123.3,12.48,0.0,178.87,1517.29
WTG_14,236,12.53,24.05,209.24,81.68,70.7,110.32,1577.61,17.53,1.33,179.35,2000.0
WTG_14,237,12.88,25.37,203.78,81.68,70.06,111.39,1630.75,18.12,2.2,177.8,2000.0
WTG_14,238,7.02,21.8,210.51,71.45,66.75,82.88,886.32,9.85,0.0,180.19,741.91
WTG_14,239,10.89,18.77,181.26,81.71,69.0,104.14,1388.05,15.42,0.0,178.66,2000.0
WTG_14,240,11.79,11.92,218.95,81.5,69.19,96.79,1493.04,16.59,0.0,178.05,2000.0
WTG_14,241,9.8,23.99,208.01,81.21,68.26,110.31,1210.24,13.45,0.0,181.47,2000.0
WTG_14,242,9.96,19.49,211.19,82.03,68.31,106.37,1243.92,13.82,0.0,180.55,2000.0
WTG_14,243,9.87,18.05,205.11,81.97,68.45,104.69,1256.64,13.96,0.0,176.28,2000.0
WTG_14,244,12.19,18.35,188.63,83.07,69.98,105.41,1530.62,17.01,0.48,177.78,2000.0
WTG_14,245,13.85,17.35,205.77,82.17,71.05,103.28,1746.68,19.41,4.62,178.95,2000.0
WTG_14,246,7.78,15.79,214.74,75.14,67.12,85.96,975.16,10.84,0.0,179.78,1026.37
WTG_14,247,13.33,15.27,215.23,81.53,71.08,102.45,1683.43,18.7,3.32,177.89,2000.0
WTG_14,248,5.23,22.04,202.9,68.99,66.44,77.07,644.11,7.16,0.0,178.48,307.43
WTG_14,249,6.54,20.36,214.51,71.35,66.24,81.93,862.26,9.58,0.0,180.77,625.52
WTG_14,250,7.67,12.07,194.43,73.4,68.07,80.0,979.5,10.88,0.0,180.02,985.14
WTG_14,251,7.94,18.44,173.81,74.81,66.4,89.07,990.66,11.01,0.0,178.65,1105.1
WTG_14,252,6.72,20.81,185.99,72.78,67.91,82.46,833.58,9.26,0.0,178.47,688.49
WTG_14,253,10.26,11.03,189.48,82.35,69.2,97.15,1312.35,14.58,0.0,177.73,2000.0
WTG_14,254,8.99,18.57,203.34,78.52,69.36,98.03,1142.62,12.7,0.0,174.57,1608.77
WTG_14,255,7.87,17.78,183.7,75.2,67.84,87.21,989.7,11.0,0.0,179.04,1068.32
WTG_14,256,9.76,19.15,200.54,81.62,70.12,105.18,1211.51,13.46,0.0,177.17,2000.0
WTG_14,257,11.48,17.7,211.55,81.72,69.75,104.76,1449.1,16.1,0.0,178.53,2000.0
WTG_14,258,9.19,17.44,199.91,79.24,68.85,99.88,1173.27,13.04,0.0,176.48,1700.26
WTG_14,259,9.54,14.26,194.63,81.03,68.01,98.45,1227.58,13.64,0.0,178.52,1877.1
WTG_14,260,12.76,12.99,216.75,82.88,69.34,99.66,1583.33,17.59,1.89,177.1,2000.0
WTG_14,261,3.8,14.68,198.34,67.89,66.95,67.99,540.0,6.0,0.0,176.77,113.13
WTG_14,262,5.2,9.52,226.18,69.95,67.42,66.6,654.17,7.27,0.0,178.19,313.96
WTG_14,263,11.47,14.72,217.85,84.11,70.19,100.51,1452.7,16.14,0.0,178.08,2000.0
WTG_14,264,10.24,16.89,215.03,83.5,69.91,104.52,1275.63,14.17,0.0,176.7,2000.0
WTG_14,265,12.56,15.81,208.01,83.97,71.69,104.16,1581.33,17.57,1.41,177.23,2000.0
WTG_14,266,10.02,23.68,190.24,83.56,69.54,109.84,1257.15,13.97,0.0,175.84,2000.0
WTG_14,267,9.39,19.87,204.24,82.25,69.74,105.06,1166.46,12.96,0.0,175.02,1844.32
WTG_14,268,9.3,8.82,212.93,81.22,69.47,90.86,1111.73,12.35,0.0,175.6,1755.57
WTG_14,269,5.8,22.63,196.3,71.19,68.29,81.78,729.22,8.1,0.0,174.78,431.73
WTG_14,270,10.03,12.47,212.99,82.13,71.2,99.92,1286.91,14.3,0.0,177.32,2000.0
WTG_14,271,4.96,21.66,223.11,68.95,68.64,78.29,652.83,7.25,0.0,176.29,294.39
WTG_14,272,9.61,26.26,193.55,83.4,68.97,113.96,1213.96,13.49,0.0,173.7,1969.19
WTG_14,273,7.99,13.05,197.83,76.34,70.39,85.02,1025.31,11.39,0.0,176.12,1115.67
WTG_14,274,8.24,19.47,227.27,76.41,68.02,93.82,1021.53,11.35,0.0,176.36,1238.29
WTG_14,275,4.23,14.4,199.05,68.06,67.42,70.56,540.89,6.01,0.0,177.94,188.21
WTG_14,276,3.25,16.54,213.68,67.0,67.8,69.49,540.0,6.0,0.0,177.65,92.41
WTG_14,277,10.26,19.9,213.25,82.93,71.35,108.26,1293.33,14.37,0.0,175.05,2000.0
WTG_14,278,8.49,17.26,234.92,77.54,69.48,92.44,1047.17,11.64,0.0,172.19,1324.81
WTG_14,279,7.28,13.33,222.78,73.31,70.26,79.75,928.73,10.32,0.0,176.92,854.64
WTG_14,280,10.52,14.76,213.04,83.4,70.91,102.54,1327.17,14.75,0.0,177.46,2000.0
WTG_14,281,8.7,14.27,217.32,81.18,71.14,92.68,1114.83,12.39,0.0,174.87,1439.8
WTG_14,282,5.72,13.7,179.94,70.93,66.74,73.4,732.01,8.13,0.0,175.36,411.67
WTG_14,283,9.04,18.0,223.64,80.35,70.02,97.93,1109.5,12.33,0.0,175.57,1659.27
WTG_14,284,8.2,17.92,213.85,77.67,70.3,91.8,1023.64,11.37,0.0,176.77,1234.95
WTG_14,285,6.39,16.98,199.04,72.2,69.09,78.75,810.52,9.01,0.0,175.19,560.69
WTG_14,286,7.01,14.98,208.02,74.94,69.92,80.07,908.16,10.09,0.0,176.15,753.07
WTG_14,287,8.75,22.0,247.55,81.2,70.12,101.41,1103.64,12.26,0.0,172.99,1493.53
WTG_14,288,11.86,14.43,199.95,85.81,73.42,102.99,1529.18,16.99,0.0,175.98,2000.0
WTG_14,289,10.19,21.17,226.44,85.12,70.76,111.64,1250.83,13.9,0.0,176.64,2000.0
WTG_14,290,7.79,12.79,236.88,76.96,68.54,84.09,966.42,10.74,0.0,175.94,1019.07
WTG_14,291,7.61,20.12,216.3,76.44,70.33,90.42,967.34,10.75,0.0,174.34,961.61
WTG_14,292,13.52,19.3,215.43,85.5,73.12,110.8,1680.91,18.68,3.79,172.72,2000.0
WTG_14,293,6.25,22.23,228.16,71.84,70.23,84.5,754.33,8.38,0.0,175.08,522.72
WTG_14,294,6.4,19.05,186.25,71.97,70.84,82.74,821.42,9.13,0.0,174.82,604.06
WTG_14,295,8.04,13.73,234.61,79.0,70.44,89.87,1001.71,11.13,0.0,174.13,1166.28
WTG_14,296,12.31,23.03,190.69,84.97,72.96,111.46,1536.66,17.07,0.76,174.03,2000.0
WTG_14,297,10.39,21.47,201.02,85.63,70.97,111.43,1290.97,14.34,0.0,173.31,2000.0
WTG_14,298,5.16,11.68,232.16,71.54,69.69,71.04,665.4,7.39,0.0,176.25,318.27
WTG_14,299,9.98,15.33,219.84,85.43,72.1,106.44,1206.51,13.41,0.0,173.18,2000.0
WTG_14,300,8.67,16.69,220.34,80.38,71.61,96.65,1102.03,12.24,0.0,175.94,1432.52
WTG_14,301,8.88,17.14,197.65,82.04,72.77,100.32,1146.47,12.74,0.0,171.49,1542.13
WTG_14,302,12.0,22.64,184.01,86.2,72.73,115.61,1539.46,17.11,0.0,173.78,2000.0
WTG_14,303,11.26,18.62,194.53,85.91,72.58,108.03,1417.32,15.75,0.0,172.68,2000.0
WTG_14,304,6.29,16.17,208.14,73.38,70.79,79.64,805.78,8.95,0.0,174.38,534.69
WTG_14,305,8.49,20.2,167.0,80.52,71.65,99.79,1056.06,11.73,0.0,172.35,1345.04
WTG_14,306,9.75,17.07,217.58,86.21,72.71,108.3,1237.45,13.75,0.0,173.59,2000.0
WTG_14,307,9.41,14.88,203.7,84.17,71.71,102.9,1189.34,13.21,0.0,170.83,1834.85
WTG_14,308,7.76,22.98,214.87,80.2,71.45,96.44,969.52,10.77,0.0,171.72,1020.84
WTG_14,309,10.23,12.5,204.92,86.57,72.35,104.7,1283.7,14.26,0.0,172.31,2000.0
WTG_14,310,6.56,20.11,208.94,75.48,70.67,84.18,827.22,9.19,0.0,171.15,628.66
WTG_14,311,8.54,17.9,232.78,81.66,71.92,96.95,1113.18,12.37,0.0,172.14,1367.23
WTG_14,312,7.5,14.98,202.98,77.99,70.86,86.9,932.11,10.36,0.0,172.22,926.65
WTG_14,313,8.49,19.31,233.89,81.61,72.62,98.81,1066.74,11.85,0.0,172.19,1330.55
WTG_14,314,6.25,13.42,205.66,73.78,71.19,77.97,769.24,8.55,0.0,172.96,549.5
WTG_14,315,10.8,14.91,230.81,87.21,72.14,105.85,1341.47,14.91,0.0,173.35,2000.0
WTG_14,316,9.42,18.26,172.79,84.45,73.39,107.16,1183.38,13.15,0.0,170.59,1826.83
WTG_14,317,7.09,18.43,218.64,77.23,71.4,88.34,906.9,10.08,0.0,170.28,792.37
WTG_14,318,9.25,17.35,223.78,85.42,73.01,106.58,1179.06,13.1,0.0,172.52,1752.48
WTG_14,319,12.71,22.22,205.62,86.15,74.42,113.97,1591.55,17.68,1.78,171.48,2000.0
WTG_14,320,3.69,26.56,222.51,73.07,71.29,84.54,540.0,6.0,0.0,172.13,113.13
WTG_14,321,12.39,15.2,235.52,87.65,73.95,107.37,1558.77,17.32,0.99,170.85,2000.0
WTG_14,322,8.45,21.89,224.6,83.77,72.14,101.19,1059.58,11.77,0.0,171.22,1335.69
WTG_14,323,15.78,14.7,203.53,87.5,75.95,107.56,1800.0,20.0,9.45,171.29,2000.0
WTG_14,324,5.37,18.7,212.94,74.66,72.35,82.94,683.26,7.59,0.0,170.19,332.71
WTG_14,325,6.55,18.7,220.29,76.22,71.31,87.19,827.81,9.2,0.0,173.18,620.97
WTG_14,326,7.16,15.57,188.87,77.79,73.27,85.61,895.58,9.95,0.0,171.58,814.2
WTG_14,327,9.77,16.63,208.9,87.79,74.81,111.59,1244.26,13.83,0.0,169.52,2000.0
WTG_14,328,6.79,18.04,215.46,78.0,72.03,86.64,864.18,9.6,0.0,170.85,675.67
WTG_14,329,5.57,19.71,209.52,74.01,72.56,81.78,693.6,7.71,0.0,170.77,384.72
WTG_14,330,9.27,24.01,235.57,86.2,73.37,111.23,1181.86,13.13,0.0,171.73,1751.32
WTG_14,331,7.92,14.46,186.51,80.46,73.08,91.41,999.88,11.11,0.0,170.04,1087.6
WTG_14,332,4.69,14.42,226.08,74.34,71.8,74.94,577.57,6.42,0.0,170.7,241.05
WTG_14,333,6.63,12.61,202.31,76.65,73.19,78.91,812.85,9.03,0.0,169.84,625.61
WTG_14,334,8.68,20.82,217.87,83.67,73.17,105.35,1098.51,12.21,0.0,171.57,1424.1
WTG_14,335,10.11,13.07,222.88,88.42,75.67,107.12,1265.38,14.06,0.0,169.57,2000.0
WTG_14,336,5.96,16.98,209.37,76.37,73.48,82.15,732.78,8.14,0.0,169.48,469.21
WTG_14,337,7.12,11.55,229.49,79.59,73.77,81.86,888.13,9.87,0.0,168.81,779.58
WTG_14,338,4.81,15.26,233.86,75.08,72.01,76.06,586.33,6.51,0.0,170.54,233.46
WTG_14,339,6.66,16.94,203.05,78.37,73.33,86.3,829.14,9.21,0.0,170.24,650.5
WTG_14,340,8.75,17.92,202.92,85.99,74.81,102.33,1111.13,12.35,0.0,170.49,1456.36
WTG_14,341,10.75,23.59,227.56,89.58,75.62,119.59,1344.06,14.93,0.0,167.16,2000.0
WTG_14,342,8.66,16.5,208.25,84.55,74.25,100.74,1090.06,12.11,0.0,167.36,1420.34
WTG_14,343,7.14,17.54,218.14,80.52,74.35,91.65,930.62,10.34,0.0,171.22,791.32
WTG_14,344,6.55,18.55,219.58,79.39,74.38,85.99,850.82,9.45,0.0,168.02,605.37
WTG_14,345,10.69,23.46,216.92,90.12,75.82,118.73,1345.77,14.95,0.0,169.32,2000.0
WTG_14,346,10.34,19.89,201.24,88.96,76.89,115.77,1277.53,14.19,0.0,170.62,2000.0
WTG_14,347,10.11,23.69,221.13,91.09,76.9,118.13,1293.73,14.37,0.0,169.04,2000.0
WTG_14,348,10.7,10.28,212.79,90.74,76.93,106.29,1367.25,15.19,0.0,172.29,2000.0
WTG_14,349,10.8,15.86,210.54,90.11,77.53,110.92,1377.57,15.31,0.0,168.72,2000.0
WTG_14,350,7.86,20.62,242.16,81.18,75.83,100.42,956.4,10.63,0.0,166.24,1061.24
WTG_14,351,10.1,19.31,220.37,90.2,76.45,114.2,1284.66,14.27,0.0,163.88,2000.0
WTG_14,352,8.91,24.83,200.57,86.87,76.16,113.41,1112.27,12.36,0.0,167.23,1557.83
WTG_14,353,6.61,13.77,218.49,80.24,75.96,85.63,807.87,8.98,0.0,166.65,650.3
WTG_14,354,11.53,17.91,209.28,90.29,77.02,114.2,1422.45,15.81,0.0,167.38,2000.0
WTG_14,355,6.43,12.76,188.6,79.38,75.1,84.21,817.57,9.08,0.0,166.22,594.41
WTG_14,356,9.93,18.92,200.61,90.72,76.93,114.63,1259.16,13.99,0.0,167.48,2000.0
WTG_14,357,9.47,18.52,216.92,92.28,77.57,113.24,1200.54,13.34,0.0,168.9,1847.53
WTG_14,358,9.88,25.7,247.61,91.38,77.18,123.88,1269.06,14.1,0.0,164.42,2000.0
WTG_14,359,8.62,9.26,200.25,87.72,76.95,95.35,1088.47,12.09,0.0,164.91,1420.1
WTG_14,360,7.37,26.14,209.56,83.17,75.77,102.18,935.08,10.39,0.0,166.31,875.78
WTG_14,361,7.33,20.69,224.01,82.57,77.1,97.69,923.34,10.26,0.0,167.82,862.35
WTG_14,362,5.89,12.25,210.89,80.74,76.2,81.31,737.47,8.19,0.0,164.47,447.25
WTG_14,363,8.63,18.58,214.13,88.19,78.02,106.22,1090.99,12.12,0.0,167.02,1422.65
WTG_14,364,9.81,14.87,192.32,92.95,79.16,112.2,1260.42,14.0,0.0,163.71,2000.0
WTG_14,365,11.32,19.74,212.68,93.03,79.9,117.52,1431.83,15.91,0.0,166.58,2000.0
WTG_14,366,13.92,20.15,239.68,92.89,80.28,118.02,1750.13,19.45,4.79,162.99,2000.0
WTG_14,367,11.46,21.59,191.53,92.19,79.47,119.36,1456.38,16.18,0.0,163.83,2000.0
WTG_14,368,6.97,21.57,212.11,83.22,77.61,96.35,869.54,9.66,0.0,164.93,734.26
WTG_14,369,3.0,14.67,234.96,78.63,74.95,75.77,540.0,6.0,0.0,162.78,42.38
WTG_14,370,7.18,23.43,214.1,84.12,77.43,99.46,946.9,10.52,0.0,163.22,786.22
WTG_14,371,8.28,21.56,207.26,85.59,79.63,108.35,1043.19,11.59,0.0,164.48,1264.73
WTG_14,372,10.03,19.02,208.34,92.51,80.09,117.67,1279.01,14.21,0.0,164.92,2000.0
WTG_14,373,8.62,20.33,203.09,90.06,79.39,109.5,1069.16,11.88,0.0,161.72,1422.85
WTG_14,374,3.6,25.59,209.34,76.79,76.62,90.47,540.0,6.0,0.0,160.69,111.14
WTG_14,375,8.02,13.69,238.86,86.21,78.07,97.45,996.38,11.07,0.0,163.17,1143.27
WTG_14,376,9.12,11.31,231.4,91.16,80.1,105.9,1177.56,13.08,0.0,162.82,1674.13
WTG_14,377,7.92,18.14,191.14,85.3,77.23,102.75,1003.4,11.15,0.0,165.93,1116.6
WTG_14,378,14.03,17.2,227.94,92.73,81.71,116.82,1790.01,19.89,5.07,162.98,2000.0
WTG_14,379,8.17,25.43,228.96,88.06,79.41,110.33,1027.49,11.42,0.0,161.45,1170.65
WTG_14,380,7.74,24.11,238.88,87.09,78.24,106.04,970.05,10.78,0.0,164.15,1027.7
WTG_14,381,6.58,15.93,215.74,83.25,77.38,91.6,826.05,9.18,0.0,161.77,613.94
WTG_14,382,5.48,15.74,186.31,83.29,78.48,85.77,670.42,7.45,0.0,160.33,336.87
WTG_14,383,9.75,18.71,230.32,94.41,80.26,120.21,1220.69,13.56,0.0,163.49,2000.0
WTG_14,384,12.16,17.26,256.02,95.72,82.64,119.76,1540.94,17.12,0.39,160.48,2000.0
WTG_14,385,8.15,12.81,227.15,89.07,80.52,97.95,1044.06,11.6,0.0,160.5,1205.2
WTG_14,386,7.75,23.89,223.92,86.36,79.84,107.81,981.68,10.91,0.0,159.61,1002.4
WTG_14,387,12.69,14.92,226.89,97.05,82.77,116.33,1586.41,17.63,1.71,159.41,2000.0
WTG_14,388,7.24,16.18,210.36,86.81,79.22,96.26,935.75,10.4,0.0,161.46,837.3
WTG_14,389,7.93,19.3,213.01,88.1,80.76,105.05,1020.3,11.34,0.0,161.77,1095.53
WTG_14,390,5.96,14.31,222.63,83.92,79.03,88.45,741.63,8.24,0.0,159.32,468.81
WTG_14,391,5.06,17.95,212.96,82.82,78.99,89.41,625.65,6.95,0.0,158.5,285.97
WTG_14,392,7.61,23.96,207.43,89.13,80.15,109.07,959.21,10.66,0.0,161.33,959.94
WTG_14,393,10.04,21.45,248.68,96.45,81.44,124.15,1255.97,13.96,0.0,159.94,2000.0
WTG_14,394,14.64,13.73,219.13,97.08,83.2,117.19,1800.0,20.0,6.61,156.18,2000.0
WTG_14,395,11.83,11.12,205.82,97.07,84.43,115.67,1498.38,16.65,0.0,158.36,2000.0
WTG_14,396,8.43,13.24,235.36,91.63,80.66,104.22,1070.91,11.9,0.0,160.81,1304.44
WTG_14,397,10.8,19.13,235.59,98.22,83.55,123.32,1352.88,15.03,0.0,158.83,2000.0
WTG_14,398,11.08,21.32,217.36,96.8,84.95,124.59,1419.52,15.77,0.0,155.53,2000.0
WTG_14,399,5.7,22.79,238.49,84.17,81.45,95.83,701.43,7.79,0.0,159.72,399.38
WTG_14,400,9.48,15.84,213.42,96.02,84.26,118.41,1190.26,13.23,0.0,159.39,1870.69
WTG_14,401,9.39,19.17,215.46,95.81,81.12,119.56,1203.19,13.37,0.0,157.56,1821.06
WTG_14,402,9.14,13.33,187.98,95.14,83.24,111.11,1192.03,13.24,0.0,159.23,1682.11
WTG_14,403,7.8,15.1,211.39,90.69,82.86,100.56,970.9,10.79,0.0,156.96,1027.85
WTG_14,404,9.33,15.97,232.39,96.65,82.93,115.87,1204.11,13.38,0.0,155.95,1796.15
WTG_14,405,10.85,14.07,238.99,98.63,83.58,120.32,1359.92,15.11,0.0,155.71,2000.0
WTG_14,406,3.92,15.9,196.84,83.35,82.44,85.93,540.0,6.0,0.0,156.24,148.33
WTG_14,407,6.29,11.28,226.32,87.13,81.65,89.13,819.41,9.1,0.0,154.18,540.56
WTG_14,408,12.74,13.2,220.78,98.9,85.9,117.91,1634.0,18.16,1.86,153.52,2000.0
WTG_14,409,9.58,18.49,225.58,98.57,83.99,124.01,1161.87,12.91,0.0,156.48,1915.89
WTG_14,410,11.98,22.52,230.18,99.67,86.38,128.56,1507.8,16.75,0.0,156.43,2000.0
WTG_14,411,5.51,16.48,224.54,85.96,82.79,92.18,701.7,7.8,0.0,158.33,378.37
WTG_14,412,5.23,26.5,231.33,86.35,82.54,99.97,610.94,6.79,0.0,153.6,307.99
WTG_14,413,9.3,12.44,233.83,97.21,83.83,116.32,1166.79,12.96,0.0,155.01,1777.48
WTG_14,414,4.87,14.67,224.4,84.54,83.37,86.6,586.72,6.52,0.0,156.3,211.04
WTG_14,415,9.69,15.0,238.77,100.1,84.9,122.31,1196.29,13.29,0.0,155.49,1990.78
WTG_14,416,7.44,23.91,207.47,91.56,83.41,111.12,932.22,10.36,0.0,152.92,912.46
WTG_14,417,13.27,23.67,223.24,101.55,87.61,132.91,1666.41,18.52,3.17,154.69,2000.0
WTG_14,418,9.33,19.09,212.87,99.27,85.49,123.48,1188.85,13.21,0.0,154.26,1780.64
WTG_14,419,11.45,15.69,212.69,100.75,87.28,123.09,1454.56,16.16,0.0,152.94,2000.0
WTG_14,420,9.1,19.21,225.51,97.22,86.79,120.46,1142.0,12.69,0.0,153.38,1635.16
WTG_14,421,9.46,27.25,218.05,99.75,86.64,133.78,1210.49,13.45,0.0,153.77,1850.26
WTG_14,422,9.09,17.68,241.19,98.73,86.14,119.58,1172.32,13.03,0.0,154.09,1651.17
WTG_14,423,8.57,18.86,228.43,96.82,86.48,117.85,1023.07,11.37,0.0,152.72,1375.21
WTG_14,424,5.3,20.2,220.72,87.67,84.51,100.03,703.3,7.81,0.0,152.6,345.21
WTG_14,425,10.44,16.96,249.51,100.98,86.55,128.64,1318.01,14.64,0.0,150.47,2000.0
WTG_14,426,10.54,21.72,226.92,103.3,86.03,132.41,1345.87,14.95,0.0,155.99,2000.0
WTG_14,427,12.16,18.33,219.34,102.38,87.52,127.51,1532.14,17.02,0.41,153.04,2000.0
WTG_14,428,11.02,19.65,225.33,102.67,86.98,128.53,1356.84,15.08,0.0,152.88,2000.0
WTG_14,429,9.8,13.39,243.43,101.91,89.01,125.58,1252.81,13.92,0.0,152.93,2000.0
WTG_14,430,11.79,17.78,224.59,102.46,88.37,129.61,1510.27,16.78,0.0,154.09,2000.0
WTG_14,431,10.35,26.89,193.57,101.74,88.21,139.03,1281.14,14.23,0.0,147.61,2000.0
WTG_14,432,11.31,13.09,210.96,104.34,88.93,124.97,1422.3,15.8,0.0,151.99,2000.0
WTG_14,433,9.3,26.72,214.02,103.59,88.87,134.84,1157.57,12.86,0.0,151.18,1759.43
WTG_14,434,8.77,18.6,208.53,99.1,87.39,122.27,1142.21,12.69,0.0,151.45,1481.34
WTG_14,435,10.26,10.52,229.46,105.27,88.19,120.97,1287.78,14.31,0.0,147.12,2000.0
WTG_14,436,6.72,12.43,237.23,93.21,88.34,100.38,830.75,9.23,0.0,149.42,671.5
WTG_14,437,13.01,15.75,218.41,103.03,91.62,127.51,1641.8,18.24,2.52,150.06,2000.0
WTG_14,438,7.07,23.36,239.26,94.89,87.13,113.22,909.3,10.1,0.0,150.54,783.58
WTG_14,439,11.0,15.04,270.0,104.52,89.6,127.76,1405.14,15.61,0.0,150.9,2000.0
WTG_14,440,10.13,24.63,247.74,105.19,90.26,136.35,1300.63,14.45,0.0,149.15,2000.0
WTG_14,441,9.6,26.0,218.76,105.91,90.06,137.61,1190.94,13.23,0.0,148.34,1923.99
WTG_14,442,5.83,12.76,250.15,93.17,88.03,96.51,738.3,8.2,0.0,146.16,442.54
WTG_14,443,11.85,19.91,216.27,106.66,90.9,133.9,1506.35,16.74,0.0,146.42,2000.0
WTG_14,444,12.69,23.78,235.36,106.23,91.53,138.76,1598.21,17.76,1.74,146.86,2000.0
WTG_14,445,9.25,18.99,247.75,105.11,91.23,128.35,1164.39,12.94,0.0,145.08,1767.15
WTG_14,446,9.23,13.75,197.72,104.92,90.0,121.17,1154.54,12.83,0.0,145.77,1705.4
WTG_14,447,10.47,16.27,236.99,106.22,91.94,128.69,1330.94,14.79,0.0,146.14,2000.0
WTG_14,448,11.93,15.49,229.72,106.69,92.13,130.24,1470.03,16.33,0.0,146.46,2000.0
WTG_14,449,7.9,18.48,206.37,99.74,91.03,117.38,988.08,10.98,0.0,146.65,1090.05
WTG_14,450,10.69,9.9,207.43,107.07,92.85,124.9,1379.51,15.33,0.0,146.42,2000.0
WTG_14,451,6.6,19.55,222.22,97.02,89.36,110.63,845.06,9.39,0.0,145.01,667.73
WTG_14,452,3.05,14.93,236.22,93.77,89.57,94.04,540.0,6.0,0.0,142.53,78.11
WTG_14,453,8.99,15.61,212.35,104.15,91.54,126.1,1103.07,12.26,0.0,144.53,1592.89
WTG_14,454,8.6,21.23,218.09,102.78,92.03,125.31,1091.96,12.13,0.0,142.61,1408.23
WTG_14,455,7.16,19.39,209.36,98.71,92.26,115.54,904.1,10.05,0.0,141.54,802.18
WTG_14,456,10.34,25.98,240.08,109.75,94.61,143.81,1314.02,14.6,0.0,145.07,2000.0
WTG_14,457,11.62,20.73,237.78,109.77,94.75,138.54,1434.73,15.94,0.0,140.47,2000.0
WTG_14,458,3.21,20.01,225.18,93.49,90.86,101.05,540.0,6.0,0.0,141.49,68.43
WTG_14,459,5.88,19.95,235.16,96.84,92.12,109.26,688.14,7.65,0.0,143.81,444.96
WTG_14,460,8.14,15.17,200.23,102.45,92.27,119.11,1024.07,11.38,0.0,140.54,1164.53
WTG_14,461,6.84,20.21,243.19,99.54,93.64,114.92,849.17,9.44,0.0,140.18,728.07
WTG_14,462,6.82,17.53,241.97,99.35,92.0,112.87,869.1,9.66,0.0,142.52,716.62
WTG_14,463,8.61,15.98,220.1,106.2,94.99,123.97,1070.95,11.9,0.0,142.04,1408.5
WTG_14,464,4.86,18.43,235.54,96.21,92.75,105.6,598.02,6.64,0.0,139.92,273.97
WTG_14,465,8.61,18.22,227.96,106.97,95.09,127.52,1056.79,11.74,0.0,139.44,1408.44
WTG_14,466,10.71,11.97,223.85,111.23,94.32,131.54,1329.32,14.77,0.0,138.43,2000.0
WTG_14,467,7.6,16.62,236.48,102.73,94.34,115.75,974.15,10.82,0.0,139.86,945.37
WTG_14,468,11.17,13.79,239.65,111.62,95.81,134.9,1382.08,15.36,0.0,143.68,2000.0
WTG_14,469,12.38,17.75,246.27,112.03,96.8,138.12,1601.19,17.79,0.96,139.23,2000.0
WTG_14,470,7.9,22.71,198.8,104.43,95.95,127.35,995.53,11.06,0.0,139.39,1082.73
WTG_14,471,9.78,17.8,236.45,114.19,97.17,137.3,1261.0,14.01,0.0,139.96,2000.0
WTG_14,472,7.15,23.25,223.1,102.91,95.7,122.92,877.46,9.75,0.0,139.22,810.35
WTG_14,473,9.94,21.49,229.95,112.62,96.81,144.26,1249.67,13.89,0.0,140.34,2000.0
WTG_14,474,10.99,19.24,228.82,112.69,97.25,141.54,1389.33,15.44,0.0,136.74,2000.0
WTG_14,475,7.03,15.3,245.32,103.59,96.75,113.76,912.99,10.14,0.0,137.87,765.12
WTG_15,1,6.85,20.78,191.76,67.77,58.93,80.19,884.63,9.83,0.0,181.32,715.66
WTG_15,2,10.11,15.69,185.84,78.51,59.68,97.72,1255.3,13.95,0.0,183.04,2000.0
WTG_15,3,9.14,26.12,153.03,75.12,58.65,102.57,1157.89,12.87,0.0,182.06,1687.97
WTG_15,4,10.39,12.47,179.65,79.29,60.07,93.92,1295.41,14.39,0.0,186.39,2000.0
WTG_15,5,8.66,19.26,178.68,71.9,60.8,91.1,1087.35,12.08,0.0,183.76,1420.98
WTG_15,6,11.32,15.76,186.15,78.51,60.95,97.94,1412.51,15.69,0.0,184.98,2000.0
WTG_15,7,7.06,14.34,173.91,67.84,59.45,75.25,885.02,9.83,0.0,183.69,768.17
WTG_15,8,10.48,15.06,179.38,78.64,59.94,98.58,1328.78,14.76,0.0,185.16,2000.0
WTG_15,9,11.79,22.1,209.89,78.14,60.73,103.23,1494.55,16.61,0.0,185.8,2000.0
WTG_15,10,8.23,12.04,171.33,72.61,59.97,79.55,1078.31,11.98,0.0,182.41,1248.87
WTG_15,11,10.4,24.35,165.85,77.65,60.25,105.83,1308.04,14.53,0.0,184.35,2000.0
WTG_15,12,9.43,20.47,178.14,77.83,59.79,101.1,1201.09,13.35,0.0,183.55,1850.31
WTG_15,13,10.6,23.31,198.92,78.82,60.14,106.8,1332.42,14.8,0.0,182.09,2000.0
WTG_15,14,10.18,16.53,156.41,79.58,58.13,98.69,1269.3,14.1,0.0,183.36,2000.0
WTG_15,15,6.57,16.45,179.28,68.35,58.53,72.59,816.37,9.07,0.0,183.72,630.64
WTG_15,16,8.13,22.39,174.64,71.62,58.57,89.02,1033.17,11.48,0.0,183.6,1186.61
WTG_15,17,6.02,14.08,174.5,66.27,58.47,68.56,765.1,8.5,0.0,183.37,501.91
WTG_15,18,8.76,20.25,195.99,73.73,59.81,93.56,1060.05,11.78,0.0,183.68,1490.6
WTG_15,19,10.31,19.14,181.34,78.05,58.94,101.93,1297.61,14.42,0.0,185.01,2000.0
WTG_15,20,5.38,16.89,203.29,64.82,58.15,68.43,716.94,7.97,0.0,185.74,340.79
WTG_15,21,9.01,12.51,185.96,73.88,59.63,87.98,1128.13,12.53,0.0,184.74,1591.48
WTG_15,22,12.01,14.97,176.65,77.62,60.69,97.94,1525.24,16.95,0.04,185.2,2000.0
WTG_15,23,8.41,19.84,182.34,72.4,58.35,88.89,1047.45,11.64,0.0,180.51,1317.87
WTG_15,24,15.76,23.2,162.61,79.32,62.68,105.92,1800.0,20.0,9.4,183.0,2000.0
WTG_15,25,10.2,19.75,183.01,79.07,59.1,102.56,1283.22,14.26,0.0,183.91,2000.0
WTG_15,26,4.08,16.49,167.31,64.14,57.51,64.81,540.0,6.0,0.0,182.08,137.53
WTG_15,27,7.45,16.3,185.1,68.71,59.57,77.84,948.49,10.54,0.0,184.28,914.38
WTG_15,28,5.56,16.98,190.56,65.41,57.61,67.11,703.03,7.81,0.0,185.43,366.87
WTG_15,29,6.49,21.16,179.35,67.44,58.24,76.95,829.51,9.22,0.0,180.65,589.96
WTG_15,30,4.95,21.03,173.0,64.53,56.9,71.9,588.29,6.54,0.0,183.05,257.35
WTG_15,31,8.04,14.9,154.9,71.45,58.72,79.64,1007.12,11.19,0.0,186.42,1140.82
WTG_15,32,9.4,17.6,198.63,77.01,61.09,95.1,1166.44,12.96,0.0,183.78,1809.91
WTG_15,33,9.76,19.62,177.94,79.61,61.1,101.4,1212.11,13.47,0.0,183.81,2000.0
WTG_15,34,7.32,16.55,180.29,68.97,57.68,76.91,899.29,9.99,0.0,181.67,860.83
WTG_15,35,6.22,16.79,180.23,66.73,58.67,72.36,780.01,8.67,0.0,181.63,560.04
WTG_15,36,8.56,17.81,193.88,72.09,58.95,88.13,1057.26,11.75,0.0,182.0,1369.04
WTG_15,37,10.94,13.85,193.29,78.69,61.01,96.78,1369.51,15.22,0.0,181.23,2000.0
WTG_15,38,11.97,23.74,179.36,77.78,60.26,105.99,1490.78,16.56,0.0,182.99,2000.0
WTG_15,39,5.57,15.16,184.67,65.73,57.54,66.22,684.73,7.61,0.0,184.0,374.31
WTG_15,40,11.82,19.6,173.43,77.76,62.72,102.2,1476.77,16.41,0.0,186.56,2000.0
WTG_15,41,11.05,7.87,176.4,78.1,59.47,88.62,1390.86,15.45,0.0,183.8,2000.0
WTG_15,42,7.98,23.08,184.24,71.0,60.09,88.75,1018.99,11.32,0.0,183.79,1126.74
WTG_15,43,9.17,14.61,166.87,75.37,59.94,89.83,1131.71,12.57,0.0,183.95,1678.56
WTG_15,44,8.36,21.71,176.82,72.15,59.16,91.91,1081.67,12.02,0.0,183.37,1296.05
WTG_15,45,9.1,15.96,176.15,75.14,59.8,92.88,1123.97,12.49,0.0,185.9,1675.75
WTG_15,46,7.6,8.79,185.96,70.16,59.13,71.42,966.92,10.74,0.0,185.86,958.65
WTG_15,47,8.2,24.63,185.2,72.47,59.99,92.63,1018.03,11.31,0.0,185.79,1183.71
WTG_15,48,13.49,9.44,158.25,78.28,62.0,91.51,1694.99,18.83,3.73,182.6,2000.0
WTG_15,49,8.76,16.98,178.16,74.22,59.6,90.38,1114.67,12.39,0.0,182.21,1477.1
WTG_15,50,5.46,16.65,196.47,64.35,57.95,67.14,681.99,7.58,0.0,186.08,389.46
WTG_15,51,8.7,8.58,180.36,73.06,59.47,80.36,1049.74,11.66,0.0,183.56,1466.44
WTG_15,52,11.01,16.38,193.56,78.1,59.99,100.07,1336.42,14.85,0.0,185.12,2000.0
WTG_15,53,12.41,18.39,174.15,77.83,61.65,100.21,1574.49,17.49,1.02,187.44,2000.0
WTG_15,54,10.8,14.32,199.77,79.08,59.81,96.84,1390.43,15.45,0.0,184.12,2000.0
WTG_15,55,7.35,15.35,172.66,69.83,57.92,78.29,916.72,10.19,0.0,183.66,859.6
WTG_15,56,3.76,21.09,179.78,62.34,58.48,67.44,540.0,6.0,0.0,181.87,112.1
WTG_15,57,7.23,14.03,201.86,67.69,58.64,72.38,914.33,10.16,0.0,182.19,808.71
WTG_15,58,9.81,25.26,158.23,77.16,61.38,108.21,1285.2,14.28,0.0,185.12,2000.0
WTG_15,59,11.06,22.3,167.14,78.53,60.29,104.19,1408.51,15.65,0.0,182.98,2000.0
WTG_15,60,10.83,17.66,177.91,78.46,60.9,100.46,1358.26,15.09,0.0,185.45,2000.0
WTG_15,61,6.36,21.54,187.25,66.37,58.71,78.06,784.01,8.71,0.0,182.15,564.51
WTG_15,62,13.29,11.28,175.09,77.6,61.33,91.39,1710.5,19.01,3.23,183.68,2000.0
WTG_15,63,10.11,19.76,177.38,77.35,60.32,101.72,1238.15,13.76,0.0,184.42,2000.0
WTG_15,64,4.13,20.43,193.67,62.94,58.32,67.85,540.0,6.0,0.0,184.29,144.16
WTG_15,65,8.91,21.51,188.53,75.27,59.85,94.4,1099.74,12.22,0.0,186.46,1551.85
WTG_15,66,7.42,21.62,207.49,70.03,59.27,81.94,953.75,10.6,0.0,183.69,885.57
WTG_15,67,6.49,19.55,198.48,66.14,57.84,76.52,837.87,9.31,0.0,185.28,600.03
WTG_15,68,10.36,14.57,177.17,78.48,60.26,98.55,1295.25,14.39,0.0,182.36,2000.0
WTG_15,69,8.63,13.01,181.16,72.63,58.61,84.26,1101.7,12.24,0.0,184.13,1415.32
WTG_15,70,11.05,15.01,175.42,78.85,59.98,97.89,1430.56,15.9,0.0,184.93,2000.0
WTG_15,71,9.14,11.04,173.48,77.38,60.67,85.68,1158.82,12.88,0.0,184.21,1658.31
WTG_15,72,9.19,22.36,149.75,75.96,59.12,100.46,1160.95,12.9,0.0,184.28,1689.29
WTG_15,73,4.49,7.79,194.77,63.23,58.5,57.77,553.78,6.15,0.0,184.46,208.33
WTG_15,74,6.75,15.66,183.51,67.33,58.55,73.09,831.85,9.24,0.0,183.78,687.1
WTG_15,75,9.44,15.81,183.95,76.86,58.17,96.84,1180.89,13.12,0.0,184.95,1843.0
WTG_15,76,9.4,21.35,167.25,76.85,59.96,100.53,1153.11,12.81,0.0,185.2,1799.65
WTG_15,77,3.06,13.19,177.9,64.74,56.85,60.02,540.0,6.0,0.0,185.22,65.57
WTG_15,78,12.66,17.18,168.27,78.57,62.48,99.52,1607.19,17.86,1.65,182.23,2000.0
WTG_15,79,10.42,19.23,183.14,78.8,59.27,101.86,1294.29,14.38,0.0,184.67,2000.0
WTG_15,80,13.5,18.27,211.32,77.47,63.67,100.92,1716.18,19.07,3.75,184.09,2000.0
WTG_15,81,9.05,22.96,217.48,76.48,58.99,97.82,1152.08,12.8,0.0,181.7,1624.53
WTG_15,82,8.08,22.02,184.85,71.28,58.61,87.34,1019.46,11.33,0.0,185.73,1167.09
WTG_15,83,7.41,15.26,165.89,69.07,59.32,75.33,931.47,10.35,0.0,184.02,904.08
WTG_15,84,7.98,12.24,164.12,71.2,59.59,78.12,989.68,11.0,0.0,184.33,1098.65
WTG_15,85,5.07,20.03,198.5,63.83,58.26,70.12,644.23,7.16,0.0,185.14,285.88
WTG_15,86,9.69,17.33,183.46,78.08,59.23,100.18,1218.51,13.54,0.0,184.01,2000.0
WTG_15,87,6.05,18.92,188.53,67.19,58.01,73.47,747.9,8.31,0.0,185.62,497.32
WTG_15,88,3.52,25.57,190.01,61.62,56.98,70.96,540.0,6.0,0.0,180.25,70.33
WTG_15,89,6.02,14.68,167.4,65.48,58.96,69.33,785.6,8.73,0.0,181.15,490.08
WTG_15,90,10.07,16.33,199.36,79.0,60.54,97.17,1249.9,13.89,0.0,187.42,2000.0
WTG_15,91,10.49,17.04,198.45,79.04,60.55,99.37,1359.44,15.1,0.0,183.34,2000.0
WTG_15,92,3.77,19.92,152.79,62.74,56.16,68.03,540.0,6.0,0.0,180.96,110.44
WTG_15,93,6.68,15.82,184.58,68.97,59.05,73.57,849.09,9.43,0.0,182.85,657.35
WTG_15,94,9.76,16.05,182.21,77.48,60.87,98.97,1286.59,14.3,0.0,182.71,2000.0
WTG_15,95,14.21,17.2,210.28,79.25,61.55,99.53,1778.68,19.76,5.53,183.57,2000.0
WTG_15,96,13.09,24.21,183.66,76.93,62.62,106.02,1641.91,18.24,2.71,183.84,2000.0
WTG_15,97,12.5,19.78,183.73,77.96,63.26,101.65,1557.03,17.3,1.26,182.89,2000.0
WTG_15,98,6.49,16.96,197.63,66.09,59.31,73.08,801.24,8.9,0.0,183.19,607.87
WTG_15,99,12.52,16.25,195.86,78.47,61.33,98.42,1589.89,17.67,1.29,184.14,2000.0
WTG_15,100,7.1,20.16,193.02,68.43,58.73,80.61,873.91,9.71,0.0,182.29,769.81
WTG_15,101,10.83,21.04,172.37,78.54,60.65,104.6,1360.47,15.12,0.0,182.92,2000.0
WTG_15,102,8.18,18.67,211.51,71.59,60.33,87.36,1014.15,11.27,0.0,183.53,1211.39
WTG_15,103,10.49,15.69,180.79,78.37,60.49,97.13,1367.49,15.19,0.0,182.11,2000.0
WTG_15,104,9.85,12.35,179.73,77.9,60.03,94.05,1252.35,13.91,0.0,186.98,2000.0
WTG_15,105,6.54,22.04,157.35,66.54,58.41,80.17,840.17,9.34,0.0,181.91,630.9
WTG_15,106,10.09,15.29,204.11,78.72,61.23,96.04,1305.13,14.5,0.0,185.12,2000.0
WTG_15,107,9.88,20.56,163.32,77.34,60.87,104.12,1257.78,13.98,0.0,183.49,2000.0
WTG_15,108,9.91,17.35,170.17,79.23,59.77,100.35,1245.7,13.84,0.0,183.71,2000.0
WTG_15,109,10.24,18.21,201.73,77.84,60.62,101.64,1282.24,14.25,0.0,183.91,2000.0
WTG_15,110,3.14,19.2,201.34,63.87,57.28,64.3,540.0,6.0,0.0,181.78,82.53
WTG_15,111,9.18,20.45,189.23,75.94,60.06,99.52,1131.58,12.57,0.0,184.79,1705.48
WTG_15,112,8.67,12.7,211.37,72.75,59.41,84.65,1060.01,11.78,0.0,181.58,1427.13
WTG_15,113,3.0,14.14,170.99,63.96,57.37,59.94,540.0,6.0,0.0,183.39,55.16
WTG_15,114,10.65,20.25,162.62,77.89,61.35,103.77,1323.69,14.71,0.0,180.17,2000.0
WTG_15,115,4.86,16.67,197.51,64.34,57.98,66.63,607.42,6.75,0.0,179.97,249.46
WTG_15,116,8.22,16.72,175.59,72.21,58.78,84.37,1022.07,11.36,0.0,182.78,1197.36
WTG_15,117,8.54,21.64,180.7,73.48,59.22,91.27,1073.87,11.93,0.0,182.25,1378.39
WTG_15,118,9.45,17.82,201.36,75.93,59.35,96.75,1185.17,13.17,0.0,185.46,1847.03
WTG_15,119,6.04,13.32,181.22,66.09,57.61,67.79,780.24,8.67,0.0,184.53,493.03
WTG_15,120,12.08,8.62,177.89,77.17,60.55,90.85,1520.85,16.9,0.2,181.1,2000.0
WTG_15,121,3.64,25.77,185.65,62.89,57.35,73.37,540.0,6.0,0.0,181.57,85.88
WTG_15,122,8.5,17.03,197.52,73.34,60.26,88.3,1064.85,11.83,0.0,182.89,1358.49
WTG_15,123,12.69,15.23,212.59,78.25,61.26,98.24,1615.1,17.95,1.72,183.58,2000.0
WTG_15,124,8.54,19.83,204.72,72.18,59.99,92.19,1059.14,11.77,0.0,181.32,1357.53
WTG_15,125,6.91,12.21,183.41,68.87,59.09,72.42,831.5,9.24,0.0,184.67,740.68
WTG_15,126,8.84,12.6,181.23,75.86,60.11,86.39,1111.84,12.35,0.0,184.81,1506.38
WTG_15,127,9.69,16.94,215.41,78.54,60.07,98.99,1229.05,13.66,0.0,184.56,1995.69
WTG_15,128,7.75,14.93,195.51,69.79,58.03,75.59,994.97,11.06,0.0,183.43,991.28
WTG_15,129,5.71,21.06,174.89,65.01,58.27,74.45,729.41,8.1,0.0,184.14,412.84
WTG_15,130,12.41,18.86,192.31,78.09,61.04,102.23,1563.9,17.38,1.02,182.07,2000.0
WTG_15,131,9.43,17.86,202.73,76.26,61.07,97.32,1192.47,13.25,0.0,185.42,1833.35
WTG_15,132,3.0,18.72,206.03,63.45,58.54,66.02,540.0,6.0,0.0,185.15,62.58
WTG_15,133,7.82,24.68,177.8,72.75,59.88,90.72,1002.33,11.14,0.0,180.81,1057.23
WTG_15,134,11.14,19.13,204.45,78.66,61.04,102.44,1385.97,15.4,0.0,183.52,2000.0
WTG_15,135,7.76,17.04,182.3,72.19,59.06,81.88,1027.31,11.41,0.0,182.59,1032.87
WTG_15,136,9.99,18.82,176.55,78.77,61.48,102.84,1267.29,14.08,0.0,185.68,2000.0
WTG_15,137,9.85,21.66,190.84,78.16,60.65,103.46,1244.22,13.82,0.0,185.07,2000.0
WTG_15,138,12.16,13.15,211.17,78.82,62.14,94.93,1549.27,17.21,0.39,186.66,2000.0
WTG_15,139,3.58,12.15,209.82,63.67,57.4,60.2,540.0,6.0,0.0,184.47,126.19
WTG_15,140,7.26,13.73,194.48,68.82,59.79,74.67,902.13,10.02,0.0,182.39,840.26
WTG_15,141,10.76,13.56,180.51,79.65,60.35,96.59,1362.24,15.14,0.0,181.85,2000.0
WTG_15,142,12.66,13.77,222.97,76.95,63.12,97.45,1596.29,17.74,1.64,181.31,2000.0
WTG_15,143,7.7,11.38,182.63,72.85,60.04,74.78,967.77,10.75,0.0,186.61,1027.76
WTG_15,144,4.57,21.44,195.39,65.07,59.34,71.27,597.92,6.64,0.0,183.12,198.54
WTG_15,145,11.55,23.37,187.51,76.87,62.09,106.58,1444.02,16.04,0.0,182.65,2000.0
WTG_15,146,7.89,19.75,184.66,70.36,60.29,84.78,1010.43,11.23,0.0,182.95,1075.34
WTG_15,147,11.34,18.19,196.32,78.2,61.75,101.11,1420.69,15.79,0.0,182.76,2000.0
WTG_15,148,6.48,20.07,186.65,68.09,59.52,74.69,797.16,8.86,0.0,181.98,591.62
WTG_15,149,12.6,23.02,176.1,78.06,61.33,107.05,1603.32,17.81,1.49,183.05,2000.0
WTG_15,150,10.27,10.16,208.25,80.33,61.68,95.27,1323.14,14.7,0.0,182.63,2000.0
WTG_15,151,9.8,15.29,173.33,77.75,60.79,96.43,1220.36,13.56,0.0,182.46,2000.0
WTG_15,152,9.65,15.18,190.5,78.78,59.52,96.81,1215.66,13.51,0.0,181.4,1971.72
WTG_15,153,8.47,25.23,203.99,73.07,59.74,95.49,1036.32,11.51,0.0,182.49,1339.91
WTG_15,154,4.53,17.51,200.13,63.43,58.04,67.17,556.45,6.18,0.0,182.61,196.69
WTG_15,155,10.64,21.82,186.64,78.44,61.23,105.97,1335.84,14.84,0.0,182.72,2000.0
WTG_15,156,9.77,12.65,199.26,80.3,61.85,95.15,1215.38,13.5,0.0,183.83,2000.0
WTG_15,157,3.0,22.28,195.16,63.13,58.06,70.03,540.0,6.0,0.0,184.32,68.42
WTG_15,158,9.67,8.8,199.77,79.1,60.51,92.02,1199.38,13.33,0.0,180.01,1994.79
WTG_15,159,12.87,19.01,198.58,79.62,61.98,102.52,1625.28,18.06,2.17,181.74,2000.0
WTG_15,160,5.71,15.46,191.76,65.97,58.73,67.52,717.8,7.98,0.0,182.56,401.02
WTG_15,161,8.68,14.84,208.63,73.73,59.86,87.57,1091.93,12.13,0.0,180.77,1443.62
WTG_15,162,4.17,23.11,186.37,64.04,57.55,73.19,540.0,6.0,0.0,181.88,163.11
WTG_15,163,10.42,23.58,176.6,78.25,61.6,107.26,1327.89,14.75,0.0,181.75,2000.0
WTG_15,164,13.76,19.53,180.0,78.09,62.67,103.52,1739.52,19.33,4.4,181.25,2000.0
WTG_15,165,5.51,12.5,176.63,65.27,58.9,64.31,703.34,7.81,0.0,181.65,373.3
WTG_15,166,7.34,19.2,214.27,70.13,58.8,80.52,905.35,10.06,0.0,183.88,858.12
WTG_15,167,12.06,14.28,184.3,78.82,61.63,98.45,1531.43,17.02,0.15,183.04,2000.0
WTG_15,168,8.81,25.18,199.92,74.58,60.38,100.41,1088.7,12.1,0.0,183.77,1509.4
WTG_15,169,3.0,15.57,188.72,63.21,58.45,60.93,540.0,6.0,0.0,182.2,45.61
WTG_15,170,11.34,12.91,198.65,78.83,61.74,97.88,1429.74,15.89,0.0,181.9,2000.0
WTG_15,171,9.89,15.1,201.32,79.25,61.58,98.72,1261.5,14.02,0.0,182.79,2000.0
WTG_15,172,10.85,12.48,202.84,78.66,61.25,96.57,1388.77,15.43,0.0,184.54,2000.0
WTG_15,173,14.18,24.28,192.11,79.56,65.18,108.31,1770.86,19.68,5.44,182.91,2000.0
WTG_15,174,8.89,20.22,188.07,75.94,60.78,96.01,1126.25,12.51,0.0,180.99,1542.33
WTG_15,175,11.72,21.89,193.02,78.31,61.78,105.92,1467.15,16.3,0.0,182.63,2000.0
WTG_15,176,13.36,15.95,188.43,80.49,64.12,100.65,1681.33,18.68,3.39,183.7,2000.0
WTG_15,177,8.6,20.69,216.42,74.63,60.6,92.85,1077.27,11.97,0.0,182.6,1418.72
WTG_15,178,11.8,8.96,202.95,77.75,61.29,92.84,1499.89,16.67,0.0,179.73,2000.0
WTG_15,179,15.71,23.19,182.35,79.06,64.06,105.1,1800.0,20.0,9.28,181.69,2000.0
WTG_15,180,7.69,25.19,183.59,72.15,60.09,89.09,981.71,10.91,0.0,182.13,991.51
WTG_15,181,11.11,20.09,175.71,78.61,61.21,103.68,1371.05,15.23,0.0,183.02,2000.0
WTG_15,182,8.31,13.26,184.44,72.94,61.15,84.29,1054.98,11.72,0.0,183.25,1260.58
WTG_15,183,8.75,14.4,194.92,74.73,59.35,87.16,1089.42,12.1,0.0,181.19,1433.11
WTG_15,184,12.86,13.26,201.9,78.95,61.7,97.51,1614.89,17.94,2.15,182.06,2000.0
WTG_15,185,9.47,16.8,193.16,77.89,61.24,97.5,1207.63,13.42,0.0,182.85,1878.78
WTG_15,186,10.16,23.66,209.65,79.81,62.03,106.06,1282.78,14.25,0.0,183.18,2000.0
WTG_15,187,15.04,19.15,210.46,80.05,62.46,103.61,1800.0,20.0,7.6,183.09,2000.0
WTG_15,188,10.74,17.39,193.29,79.69,62.31,102.04,1347.24,14.97,0.0,181.24,2000.0
WTG_15,189,6.03,19.51,194.56,67.86,59.38,74.26,788.47,8.76,0.0,181.85,495.58
WTG_15,190,9.37,11.05,206.1,77.1,60.82,89.8,1180.91,13.12,0.0,182.39,1767.04
WTG_15,191,13.47,19.85,208.58,79.53,63.24,103.62,1683.33,18.7,3.68,179.41,2000.0
WTG_15,192,11.3,18.65,195.76,80.22,63.88,103.47,1456.53,16.18,0.0,180.0,2000.0
WTG_15,193,11.45,15.82,190.08,79.42,61.71,101.51,1425.95,15.84,0.0,179.32,2000.0
WTG_15,194,9.16,15.28,208.49,77.25,61.04,94.41,1146.61,12.74,0.0,181.76,1670.01
WTG_15,195,14.35,15.77,217.09,80.41,63.13,101.48,1800.0,20.0,5.88,182.66,2000.0
WTG_15,196,10.98,21.74,208.28,79.84,62.21,106.78,1395.5,15.51,0.0,181.73,2000.0
WTG_15,197,11.34,25.46,185.51,79.7,62.38,109.66,1430.45,15.89,0.0,182.89,2000.0
WTG_15,198,9.9,15.6,213.4,79.08,60.81,99.76,1244.95,13.83,0.0,181.58,2000.0
WTG_15,199,11.32,9.82,227.86,79.65,62.04,94.18,1412.36,15.69,0.0,181.09,2000.0
WTG_15,200,8.62,24.34,188.98,74.06,60.86,97.16,1119.09,12.43,0.0,181.37,1417.12
WTG_15,201,12.3,21.26,184.84,79.29,63.86,107.02,1571.55,17.46,0.75,182.59,2000.0
WTG_15,202,9.05,17.7,182.64,76.86,63.18,95.69,1140.1,12.67,0.0,179.66,1620.66
WTG_15,203,12.11,23.37,221.82,79.06,64.08,108.31,1517.04,16.86,0.27,179.22,2000.0
WTG_15,204,13.13,15.29,194.48,80.41,62.97,98.62,1636.08,18.18,2.84,182.71,2000.0
WTG_15,205,10.26,25.15,194.91,80.25,62.41,109.73,1293.21,14.37,0.0,178.48,2000.0
WTG_15,206,9.72,20.3,195.55,79.67,62.49,105.48,1269.47,14.11,0.0,178.78,2000.0
WTG_15,207,10.99,16.17,219.28,81.23,62.28,99.82,1392.16,15.47,0.0,179.05,2000.0
WTG_15,208,9.61,25.28,198.66,79.56,60.92,109.63,1224.13,13.6,0.0,182.25,1955.19
WTG_15,209,10.14,16.64,192.97,80.32,62.16,102.21,1265.97,14.07,0.0,179.54,2000.0
WTG_15,210,8.93,17.86,193.37,77.72,62.11,95.18,1131.25,12.57,0.0,180.84,1555.5
WTG_15,211,8.18,15.11,188.61,74.56,60.52,86.68,1002.93,11.14,0.0,178.54,1204.75
WTG_15,212,11.14,14.62,217.39,79.9,61.36,97.93,1416.86,15.74,0.0,180.54,2000.0
WTG_15,213,9.41,15.13,206.76,79.15,61.58,98.25,1201.85,13.35,0.0,182.87,1842.39
WTG_15,214,7.5,13.32,218.72,73.31,60.03,78.36,950.41,10.56,0.0,181.31,931.54
WTG_15,215,14.04,17.8,194.25,81.47,65.37,101.23,1772.59,19.7,5.09,179.54,2000.0
WTG_15,216,11.16,19.04,208.13,80.37,63.32,104.93,1394.75,15.5,0.0,181.13,2000.0
WTG_15,217,9.69,17.32,225.54,81.29,63.89,101.85,1240.76,13.79,0.0,179.54,2000.0
WTG_15,218,9.21,19.25,193.79,79.28,61.79,98.63,1173.79,13.04,0.0,180.24,1720.27
WTG_15,219,8.62,14.42,203.49,76.15,62.19,88.18,1074.69,11.94,0.0,181.31,1439.0
WTG_15,220,6.99,21.66,178.9,70.99,61.16,85.42,879.62,9.77,0.0,179.19,765.46
WTG_15,221,6.07,13.83,187.01,69.46,61.23,71.47,772.73,8.59,0.0,177.77,488.33
WTG_15,222,10.43,23.0,203.75,81.61,62.94,107.31,1296.93,14.41,0.0,180.89,2000.0
WTG_15,223,8.95,24.36,190.22,77.97,62.2,102.11,1133.86,12.6,0.0,179.79,1592.72
WTG_15,224,7.73,15.2,219.45,73.3,61.96,81.18,993.1,11.03,0.0,181.25,1027.83
WTG_15,225,9.03,13.21,218.23,78.36,61.76,92.88,1135.09,12.61,0.0,179.14,1632.08
WTG_15,226,4.84,20.97,205.61,66.16,59.85,73.12,611.8,6.8,0.0,179.38,260.71
WTG_15,227,9.83,26.15,199.06,80.6,61.43,114.36,1242.05,13.8,0.0,177.19,2000.0
WTG_15,228,7.71,17.43,229.33,72.73,61.98,83.74,974.99,10.83,0.0,178.85,985.68
WTG_15,229,6.96,14.86,188.93,71.62,60.66,76.39,861.14,9.57,0.0,179.96,737.36
WTG_15,230,10.26,23.85,213.3,81.07,62.37,110.32,1295.59,14.4,0.0,179.16,2000.0
WTG_15,231,9.33,14.18,201.4,79.35,62.84,95.99,1158.22,12.87,0.0,180.78,1793.12
WTG_15,232,9.84,14.56,189.12,82.36,62.61,101.39,1254.51,13.94,0.0,180.25,2000.0
WTG_15,233,8.03,19.12,203.86,74.87,60.97,89.59,1025.5,11.39,0.0,179.62,1128.42
WTG_15,234,10.12,20.31,224.87,82.8,63.54,107.46,1276.83,14.19,0.0,178.97,2000.0
WTG_15,235,7.94,18.45,211.57,75.35,61.52,88.05,1005.91,11.18,0.0,179.57,1088.13
WTG_15,236,15.32,16.26,185.21,82.33,65.93,103.4,1800.0,20.0,8.3,178.3,2000.0
WTG_15,237,11.16,27.22,198.0,81.29,64.0,113.73,1402.88,15.59,0.0,179.31,2000.0
WTG_15,238,6.78,22.76,209.42,69.01,62.64,85.65,871.81,9.69,0.0,179.69,694.81
WTG_15,239,14.43,22.18,219.02,82.17,64.47,109.11,1787.09,19.86,6.07,176.73,2000.0
WTG_15,240,10.71,18.73,195.03,81.78,64.68,105.05,1362.25,15.14,0.0,177.77,2000.0
WTG_15,241,11.73,18.44,234.22,82.03,64.8,105.78,1487.09,16.52,0.0,180.14,2000.0
WTG_15,242,6.21,14.56,214.12,70.15,63.01,73.69,783.69,8.71,0.0,179.69,514.53
WTG_15,243,10.14,15.56,203.54,81.78,62.77,102.39,1239.45,13.77,0.0,178.54,2000.0
WTG_15,244,12.31,26.09,203.56,81.9,65.11,111.61,1557.71,17.31,0.77,179.69,2000.0
WTG_15,245,12.19,13.53,179.61,81.33,64.94,99.96,1559.46,17.33,0.48,177.29,2000.0
WTG_15,246,5.19,25.22,229.6,69.85,61.55,83.53,649.24,7.21,0.0,175.71,346.52
WTG_15,247,8.48,25.04,199.59,76.15,63.53,100.18,1089.47,12.11,0.0,179.01,1326.35
WTG_15,248,7.97,14.28,240.25,75.95,62.68,85.17,1010.1,11.22,0.0,177.47,1128.95
WTG_15,249,10.93,17.37,229.33,84.22,63.79,104.78,1347.64,14.97,0.0,178.03,2000.0
WTG_15,250,11.25,10.0,186.98,82.1,64.1,97.71,1399.16,15.55,0.0,178.81,2000.0
WTG_15,251,8.52,16.01,191.54,76.3,63.23,92.23,1098.64,12.21,0.0,177.05,1380.83
WTG_15,252,10.86,18.87,217.71,83.54,64.33,107.02,1409.92,15.67,0.0,179.17,2000.0
WTG_15,253,12.54,18.43,193.68,82.74,65.03,105.84,1584.97,17.61,1.34,178.69,2000.0
WTG_15,254,9.41,18.11,220.87,81.83,64.88,103.59,1223.51,13.59,0.0,178.46,1850.52
WTG_15,255,7.68,15.88,206.07,74.61,63.05,85.35,973.41,10.82,0.0,178.81,1013.05
WTG_15,256,7.68,15.33,216.02,74.98,63.28,83.42,965.89,10.73,0.0,178.1,1013.48
WTG_15,257,6.67,13.08,229.13,71.17,62.4,75.14,832.87,9.25,0.0,179.03,667.65
WTG_15,258,10.24,12.91,185.33,83.78,64.13,100.39,1300.32,14.45,0.0,178.63,2000.0
WTG_15,259,10.49,19.0,200.44,82.96,65.43,108.05,1330.24,14.78,0.0,178.29,2000.0
WTG_15,260,9.74,17.38,207.98,82.43,64.12,104.76,1240.95,13.79,0.0,179.4,2000.0
WTG_15,261,4.85,12.58,196.88,68.24,62.58,68.2,624.64,6.94,0.0,178.78,246.94
WTG_15,262,12.41,22.93,214.53,82.67,66.45,110.59,1561.91,17.35,1.02,176.37,2000.0
WTG_15,263,11.38,12.24,197.33,82.96,64.72,99.5,1444.16,16.05,0.0,177.15,2000.0
WTG_15,264,5.24,17.96,223.45,69.89,62.66,74.94,679.73,7.55,0.0,176.07,325.43
WTG_15,265,7.59,11.98,219.13,74.67,63.78,82.03,954.07,10.6,0.0,177.82,987.81
WTG_15,266,8.82,24.39,194.05,79.18,64.62,103.41,1121.2,12.46,0.0,176.94,1501.88
WTG_15,267,5.55,21.22,185.86,70.99,61.53,79.25,721.83,8.02,0.0,177.06,373.7
WTG_15,268,7.01,21.1,198.42,74.13,63.84,86.72,869.54,9.66,0.0,178.01,754.28
WTG_15,269,8.52,21.73,211.97,78.34,65.12,99.88,1086.75,12.07,0.0,178.31,1349.06
WTG_15,270,11.47,12.39,203.0,83.86,65.71,100.91,1455.12,16.17,0.0,176.9,2000.0
WTG_15,271,9.88,20.92,190.94,83.42,65.97,108.13,1262.17,14.02,0.0,176.96,2000.0
WTG_15,272,7.61,13.82,184.94,76.46,64.76,83.29,969.94,10.78,0.0,180.69,976.37
WTG_15,273,11.54,13.4,205.36,85.4,65.95,102.05,1457.77,16.2,0.0,177.64,2000.0
WTG_15,274,9.3,17.11,239.89,83.33,65.15,102.66,1199.58,13.33,0.0,179.4,1749.02
WTG_15,275,11.03,27.13,220.3,82.92,65.93,115.26,1400.47,15.56,0.0,176.07,2000.0
WTG_15,276,10.12,17.41,205.44,85.32,65.21,106.36,1251.24,13.9,0.0,176.59,2000.0
WTG_15,277,9.93,17.45,186.76,85.53,65.2,107.24,1260.66,14.01,0.0,179.94,2000.0
WTG_15,278,8.99,19.02,185.39,80.25,65.86,102.02,1151.59,12.8,0.0,175.0,1603.01
WTG_15,279,4.85,18.56,218.29,68.99,62.77,75.86,615.46,6.84,0.0,173.61,267.81
WTG_15,280,7.11,15.89,223.25,76.19,65.64,83.83,918.79,10.21,0.0,176.98,800.05
WTG_15,281,7.53,12.42,197.39,76.35,63.62,82.73,964.44,10.72,0.0,174.46,936.12
WTG_15,282,7.18,24.66,240.47,74.83,65.2,91.71,885.15,9.83,0.0,174.43,810.31
WTG_15,283,9.73,18.32,221.31,85.15,65.92,106.56,1214.05,13.49,0.0,177.97,2000.0
WTG_15,284,8.79,17.73,246.31,79.81,66.74,96.75,1145.46,12.73,0.0,175.64,1507.96
WTG_15,285,7.84,15.19,211.98,77.2,65.17,88.74,998.78,11.1,0.0,176.65,1071.66
WTG_15,286,9.34,14.54,183.24,83.09,66.35,102.49,1189.31,13.21,0.0,178.24,1809.84
WTG_15,287,8.01,17.65,215.51,76.58,65.24,90.32,987.57,10.97,0.0,173.89,1099.07
WTG_15,288,9.13,17.94,197.46,83.22,65.56,101.93,1121.02,12.46,0.0,176.23,1679.11
WTG_15,289,11.62,16.17,207.34,84.11,66.22,106.37,1490.8,16.56,0.0,173.45,2000.0
WTG_15,290,10.17,20.85,212.84,85.64,67.26,112.54,1266.83,14.08,0.0,174.36,2000.0
WTG_15,291,8.77,21.25,209.28,81.55,65.93,101.48,1094.92,12.17,0.0,175.36,1472.19
WTG_15,292,7.22,15.69,209.8,76.5,65.59,86.29,901.21,10.01,0.0,174.69,848.92
WTG_15,293,11.7,14.02,199.82,84.13,67.84,104.4,1457.56,16.2,0.0,174.65,2000.0
WTG_15,294,8.95,20.22,242.94,81.9,66.76,103.11,1164.18,12.94,0.0,173.24,1590.05
WTG_15,295,4.12,17.09,213.64,70.23,64.07,74.5,540.0,6.0,0.0,171.67,155.29
WTG_15,296,7.73,18.09,203.45,78.8,65.3,87.86,946.2,10.51,0.0,177.12,1028.77
WTG_15,297,7.96,14.11,208.03,78.63,66.22,87.84,1008.83,11.21,0.0,171.55,1100.49
WTG_15,298,12.33,20.26,198.28,85.79,68.82,112.11,1560.86,17.34,0.82,173.27,2000.0
WTG_15,299,11.04,18.04,201.99,86.23,68.97,107.83,1421.3,15.79,0.0,176.22,2000.0
WTG_15,300,13.22,16.13,214.34,85.09,70.1,107.49,1653.0,18.37,3.06,171.57,2000.0
WTG_15,301,11.6,20.69,215.74,87.75,68.52,111.87,1449.3,16.1,0.0,174.64,2000.0
WTG_15,302,11.11,25.25,211.18,85.62,67.25,117.69,1412.95,15.7,0.0,174.44,2000.0
WTG_15,303,3.0,20.12,209.11,71.86,65.81,74.13,540.0,6.0,0.0,171.81,52.18
WTG_15,304,9.15,15.52,226.62,82.05,67.07,103.35,1134.77,12.61,0.0,173.08,1701.82
WTG_15,305,9.07,21.11,218.41,83.87,67.85,107.84,1140.73,12.67,0.0,169.39,1660.98
WTG_15,306,7.2,15.64,220.48,76.59,67.58,83.53,938.77,10.43,0.0,173.49,793.68
WTG_15,307,10.14,20.15,193.84,87.56,67.4,112.55,1276.77,14.19,0.0,175.92,2000.0
WTG_15,308,11.82,10.93,206.24,87.08,69.45,105.24,1490.41,16.56,0.0,171.96,2000.0
WTG_15,309,10.86,17.27,234.43,86.66,68.08,110.73,1375.18,15.28,0.0,171.3,2000.0
WTG_15,310,4.33,14.16,213.29,70.79,65.14,74.21,540.0,6.0,0.0,171.45,167.07
WTG_15,311,8.73,26.97,216.07,82.84,69.09,108.25,1105.16,12.28,0.0,171.99,1449.12
WTG_15,312,6.06,24.47,193.5,73.85,66.74,88.43,751.5,8.35,0.0,172.67,473.37
WTG_15,313,10.55,11.27,215.83,87.54,68.65,105.64,1313.28,14.59,0.0,169.86,2000.0
WTG_15,314,6.19,18.98,243.08,76.49,67.55,85.01,762.39,8.47,0.0,170.8,519.59
WTG_15,315,8.94,18.12,227.15,84.16,68.42,103.6,1123.6,12.48,0.0,171.47,1590.41
WTG_15,316,8.82,18.14,187.28,82.42,68.19,102.29,1106.57,12.3,0.0,172.1,1535.98
WTG_15,317,10.28,18.58,181.51,87.59,67.86,109.77,1258.21,13.98,0.0,170.09,2000.0
WTG_15,318,7.29,17.67,211.91,78.49,68.4,89.71,920.04,10.22,0.0,170.73,865.76
WTG_15,319,7.57,17.85,221.8,79.87,67.33,94.97,965.54,10.73,0.0,169.19,964.1
WTG_15,320,9.31,29.99,225.24,86.5,68.38,120.2,1159.92,12.89,0.0,170.51,1791.17
WTG_15,321,8.46,18.17,222.59,83.0,68.58,100.27,1082.6,12.03,0.0,169.38,1322.69
WTG_15,322,8.95,10.68,222.76,85.7,69.55,99.39,1159.89,12.89,0.0,169.94,1599.42
WTG_15,323,8.37,23.65,210.21,81.8,70.03,104.06,1037.56,11.53,0.0,169.49,1265.72
WTG_15,324,8.78,19.3,184.52,85.36,69.02,103.53,1090.11,12.11,0.0,170.21,1466.15
WTG_15,325,6.2,20.07,240.03,76.79,67.49,88.1,770.11,8.56,0.0,167.91,537.7
WTG_15,326,5.44,25.07,206.55,73.48,68.38,89.23,707.38,7.86,0.0,169.07,353.18
WTG_15,327,11.74,21.74,201.37,88.86,70.39,115.63,1498.78,16.65,0.0,172.17,2000.0
WTG_15,328,9.96,21.78,205.61,89.45,69.17,115.33,1263.82,14.04,0.0,168.24,2000.0
WTG_15,329,8.97,9.12,219.81,85.2,71.11,95.53,1141.21,12.68,0.0,168.23,1561.42
WTG_15,330,8.06,22.69,195.77,82.41,69.23,103.04,1025.68,11.4,0.0,167.88,1158.88
WTG_15,331,10.01,11.8,227.57,89.08,70.85,105.78,1274.76,14.16,0.0,168.99,2000.0
WTG_15,332,8.99,11.17,226.67,84.92,71.06,99.21,1170.78,13.01,0.0,169.12,1637.04
WTG_15,333,6.55,20.43,175.76,77.71,68.79,87.9,803.08,8.92,0.0,169.92,582.93
WTG_15,334,10.08,21.46,234.49,88.81,70.86,117.32,1265.7,14.06,0.0,171.27,2000.0
WTG_15,335,10.34,20.22,208.97,89.37,70.07,116.85,1244.07,13.82,0.0,170.3,2000.0
WTG_15,336,6.48,18.15,211.98,79.29,69.21,88.46,837.34,9.3,0.0,169.97,606.08
WTG_15,337,14.79,15.84,208.22,91.11,72.53,112.39,1800.0,20.0,6.97,170.0,2000.0
WTG_15,338,12.0,23.82,220.86,88.55,71.77,120.29,1518.42,16.87,0.0,169.86,2000.0
WTG_15,339,12.75,18.03,230.77,90.01,72.31,113.9,1609.94,17.89,1.88,167.36,2000.0
WTG_15,340,7.31,21.4,233.03,81.01,69.57,95.37,907.92,10.09,0.0,167.5,847.43
WTG_15,341,9.61,18.92,209.4,90.5,71.49,114.37,1201.28,13.35,0.0,169.86,1960.95
WTG_15,342,5.72,15.76,199.4,77.93,70.1,83.96,721.15,8.01,0.0,168.01,402.4
WTG_15,343,9.5,19.72,180.03,89.19,71.51,115.25,1197.77,13.31,0.0,164.87,1868.38
WTG_15,344,9.6,18.41,220.87,90.87,72.3,114.97,1249.56,13.88,0.0,168.5,1968.33
WTG_15,345,9.09,19.71,204.53,88.85,71.74,108.0,1149.33,12.77,0.0,167.76,1672.16
WTG_15,346,8.78,13.71,213.59,87.67,71.47,101.39,1105.39,12.28,0.0,166.49,1490.08
WTG_15,347,9.61,20.17,234.04,91.72,72.27,116.51,1220.51,13.56,0.0,167.45,1969.26
WTG_15,348,12.9,22.35,233.97,91.03,73.98,119.77,1591.66,17.69,2.24,166.38,2000.0
WTG_15,349,5.3,15.57,201.57,77.21,68.65,83.37,652.46,7.25,0.0,166.33,316.6
WTG_15,350,7.28,17.43,220.0,83.2,71.01,93.52,919.56,10.22,0.0,168.91,838.46
WTG_15,351,14.15,22.59,205.07,91.64,75.07,118.97,1775.24,19.72,5.37,164.6,2000.0
WTG_15,352,9.27,17.62,208.48,89.55,71.57,110.43,1143.31,12.7,0.0,165.68,1745.52
WTG_15,353,10.18,21.66,199.59,91.95,72.93,119.07,1276.53,14.18,0.0,166.51,2000.0
WTG_15,354,8.21,18.13,216.59,85.73,72.44,102.55,1024.15,11.38,0.0,166.0,1231.04
WTG_15,355,11.69,15.11,215.34,92.78,73.28,115.41,1472.01,16.36,0.0,167.6,2000.0
WTG_15,356,7.42,17.61,188.72,84.48,72.69,96.17,923.03,10.26,0.0,165.1,933.06
WTG_15,357,8.85,12.4,217.48,89.28,73.0,103.08,1128.66,12.54,0.0,165.62,1551.63
WTG_15,358,10.92,22.27,183.94,92.03,74.05,122.16,1395.46,15.51,0.0,162.91,2000.0
WTG_15,359,7.51,19.15,223.14,85.45,72.79,98.89,954.91,10.61,0.0,163.5,947.13
WTG_15,360,7.55,12.55,236.83,86.93,74.4,93.87,950.56,10.56,0.0,163.94,959.45
WTG_15,361,11.0,17.98,202.0,93.84,75.36,117.63,1369.9,15.22,0.0,163.66,2000.0
WTG_15,362,6.28,11.37,203.49,81.21,73.81,83.12,779.16,8.66,0.0,161.35,527.02
WTG_15,363,9.38,20.56,203.01,92.11,74.66,118.77,1195.52,13.28,0.0,164.55,1842.72
WTG_15,364,11.27,20.13,202.19,93.52,73.82,120.32,1379.86,15.33,0.0,163.54,2000.0
WTG_15,365,9.75,22.46,204.39,94.51,75.34,122.43,1191.04,13.23,0.0,164.43,2000.0
WTG_15,366,6.25,18.03,173.86,81.97,72.06,91.51,781.61,8.68,0.0,166.07,541.92
WTG_15,367,6.92,15.14,213.1,83.22,74.09,90.64,902.22,10.02,0.0,161.87,709.92
WTG_15,368,13.44,24.98,225.65,94.32,76.15,127.6,1699.03,18.88,3.59,163.18,2000.0
WTG_15,369,8.61,18.22,207.37,92.01,74.3,109.11,1094.33,12.16,0.0,165.53,1401.78
WTG_15,370,3.0,16.28,239.93,79.51,73.8,81.39,540.0,6.0,0.0,162.95,77.32
WTG_15,371,6.08,17.09,205.44,82.12,72.09,90.76,754.97,8.39,0.0,162.68,495.58
WTG_15,372,10.86,17.97,200.96,94.17,77.16,121.49,1395.49,15.51,0.0,158.0,2000.0
WTG_15,373,6.68,17.27,221.48,83.78,74.41,93.3,853.61,9.48,0.0,162.29,693.9
WTG_15,374,13.14,6.82,195.85,94.6,78.02,110.3,1670.28,18.56,2.86,162.57,2000.0
WTG_15,375,12.65,19.3,213.57,94.13,77.52,121.53,1599.16,17.77,1.63,160.74,2000.0
WTG_15,376,6.16,10.48,209.85,84.72,73.83,84.59,765.73,8.51,0.0,160.48,528.95
WTG_15,377,11.8,15.31,247.15,95.37,78.36,118.49,1488.79,16.54,0.0,160.39,2000.0
WTG_15,378,5.7,20.75,208.2,82.33,74.11,93.5,715.46,7.95,0.0,159.12,394.16
WTG_15,379,8.37,15.12,216.08,89.93,75.96,105.57,1070.94,11.9,0.0,161.74,1292.5
WTG_15,380,9.52,25.19,204.75,96.24,76.66,128.65,1208.93,13.43,0.0,160.6,1896.76
WTG_15,381,10.83,17.2,223.24,94.85,76.96,120.01,1353.9,15.04,0.0,163.11,2000.0
WTG_15,382,7.19,16.06,206.77,86.71,77.37,97.62,912.77,10.14,0.0,161.05,811.21
WTG_15,383,10.02,14.64,209.62,96.78,77.31,118.4,1242.0,13.8,0.0,160.38,2000.0
WTG_15,384,8.58,22.96,210.9,90.1,75.82,114.12,1099.17,12.21,0.0,160.05,1402.61
WTG_15,385,6.28,22.18,202.09,85.8,75.69,98.45,794.78,8.83,0.0,158.34,530.33
WTG_15,386,6.23,19.44,208.39,85.51,75.91,96.65,828.04,9.2,0.0,161.4,555.75
WTG_15,387,14.26,10.13,238.75,98.34,79.95,116.18,1791.45,19.9,5.65,160.35,2000.0
WTG_15,388,9.83,24.49,216.52,97.44,78.07,128.81,1218.85,13.54,0.0,158.85,2000.0
WTG_15,389,9.8,13.55,202.55,98.15,79.02,121.09,1218.84,13.54,0.0,158.74,2000.0
WTG_15,390,7.87,8.48,222.88,90.0,76.99,96.62,988.82,10.99,0.0,159.21,1067.88
WTG_15,391,8.93,21.15,238.4,94.1,78.29,118.52,1124.05,12.49,0.0,158.75,1587.3
WTG_15,392,3.61,22.71,218.48,84.41,76.36,92.25,540.0,6.0,0.0,154.63,91.76
WTG_15,393,8.13,8.72,221.22,91.38,77.65,99.41,1035.08,11.5,0.0,156.72,1193.05
WTG_15,394,4.85,15.52,225.39,84.27,78.32,88.9,602.88,6.7,0.0,157.65,247.52
WTG_15,395,7.57,19.89,220.97,90.62,78.4,106.41,922.66,10.25,0.0,157.74,977.34
WTG_15,396,10.67,12.14,227.42,100.41,79.07,118.92,1341.93,14.91,0.0,154.97,2000.0
WTG_15,397,6.25,22.24,214.43,87.14,77.43,100.94,813.06,9.03,0.0,157.52,530.11
WTG_15,398,9.22,16.77,230.15,98.42,78.36,118.86,1171.21,13.01,0.0,156.17,1718.24
WTG_15,399,10.26,18.42,223.84,100.47,79.52,126.6,1260.2,14.0,0.0,155.58,2000.0
WTG_15,400,7.52,15.72,204.69,90.79,78.49,103.3,948.57,10.54,0.0,153.97,925.5
WTG_15,401,10.48,20.01,227.73,101.06,79.6,127.81,1302.88,14.48,0.0,153.95,2000.0
WTG_15,402,8.32,17.87,210.7,93.56,80.0,113.75,1034.36,11.49,0.0,153.46,1269.26
WTG_15,403,5.66,11.94,213.16,88.04,78.83,91.5,728.04,8.09,0.0,154.39,412.18
WTG_15,404,10.4,25.94,238.91,102.23,80.53,135.82,1289.84,14.33,0.0,154.23,2000.0
WTG_15,405,8.5,14.33,209.29,95.32,80.79,110.35,1067.81,11.86,0.0,151.53,1355.08
WTG_15,406,8.48,16.11,242.91,96.41,80.85,113.22,1084.76,12.05,0.0,155.75,1357.04
WTG_15,407,10.45,15.89,199.47,100.6,81.38,124.73,1282.77,14.25,0.0,156.72,2000.0
WTG_15,408,10.4,15.02,241.37,101.77,81.74,125.62,1306.74,14.52,0.0,152.98,2000.0
WTG_15,409,9.32,14.39,226.16,99.91,81.32,120.12,1181.86,13.13,0.0,154.53,1783.23
WTG_15,410,5.97,16.89,215.57,90.03,80.2,97.39,764.24,8.49,0.0,156.13,486.46
WTG_15,411,6.69,12.98,231.89,92.52,80.35,98.41,834.22,9.27,0.0,152.41,671.34
WTG_15,412,9.18,17.49,235.6,99.6,82.34,121.08,1147.49,12.75,0.0,151.04,1694.59
WTG_15,413,11.94,9.11,201.77,102.06,83.06,117.17,1543.11,17.15,0.0,151.04,2000.0
WTG_15,414,9.66,21.02,237.95,102.32,83.45,132.33,1210.79,13.45,0.0,153.76,1957.15
WTG_15,415,5.59,17.22,224.95,91.33,81.77,97.26,711.68,7.91,0.0,152.21,358.08
WTG_15,416,7.75,22.94,204.24,95.12,82.83,114.84,978.66,10.87,0.0,152.02,1011.86
WTG_15,417,8.68,15.06,212.44,98.42,82.64,113.83,1082.85,12.03,0.0,150.79,1411.99
WTG_15,418,8.44,21.23,247.68,97.12,82.79,119.21,1069.99,11.89,0.0,151.14,1300.03
WTG_15,419,11.07,17.31,258.6,102.34,83.42,129.95,1366.51,15.18,0.0,147.83,2000.0
WTG_15,420,9.74,13.03,220.95,104.2,84.41,125.2,1216.25,13.51,0.0,151.57,2000.0
WTG_15,421,8.83,12.63,205.01,100.23,83.7,115.6,1139.63,12.66,0.0,151.91,1497.12
WTG_15,422,7.39,17.15,217.09,96.17,84.28,109.55,889.88,9.89,0.0,150.68,875.14
WTG_15,423,5.56,18.74,223.78,90.36,83.37,102.18,742.9,8.25,0.0,150.31,352.26
WTG_15,424,8.09,20.29,255.07,97.96,83.95,118.56,1007.37,11.19,0.0,148.65,1170.75
WTG_15,425,11.45,16.03,231.09,104.27,85.02,127.06,1407.94,15.64,0.0,148.91,2000.0
WTG_15,426,12.32,11.73,225.52,105.89,85.89,126.06,1515.7,16.84,0.8,148.21,2000.0
WTG_15,427,15.46,22.4,225.84,105.0,87.56,135.91,1800.0,20.0,8.65,150.05,2000.0
WTG_15,428,12.93,12.08,224.59,105.99,87.64,124.8,1655.46,18.39,2.32,149.23,2000.0
WTG_15,429,12.08,20.28,204.61,105.22,85.95,135.08,1515.8,16.84,0.21,150.56,2000.0
WTG_15,430,4.29,16.07,212.16,92.69,83.93,97.78,567.14,6.3,0.0,148.23,184.14
WTG_15,431,10.19,20.1,223.6,106.69,86.3,135.12,1283.98,14.27,0.0,148.57,2000.0
WTG_15,432,8.68,13.12,226.29,101.73,85.25,118.41,1077.65,11.97,0.0,147.19,1454.84
WTG_15,433,11.96,17.16,218.89,106.38,87.63,133.81,1492.72,16.59,0.0,148.19,2000.0
WTG_15,434,7.57,18.65,223.82,97.28,86.63,113.5,975.17,10.84,0.0,147.02,975.56
WTG_15,435,3.78,22.06,218.42,92.95,83.11,103.21,540.0,6.0,0.0,146.93,114.04
WTG_15,436,9.94,20.05,240.62,107.59,87.41,136.16,1269.89,14.11,0.0,146.24,2000.0
WTG_15,437,10.2,21.03,232.26,107.57,87.4,138.17,1300.12,14.45,0.0,145.69,2000.0
WTG_15,438,8.15,16.18,233.23,100.92,86.04,118.34,1035.47,11.51,0.0,144.22,1220.43
WTG_15,439,4.55,16.31,256.35,93.04,84.88,99.92,617.74,6.86,0.0,144.33,215.01
WTG_15,440,9.41,18.17,205.63,106.87,88.39,132.48,1184.61,13.16,0.0,144.58,1839.28
WTG_15,441,9.15,15.84,230.19,108.11,87.72,128.77,1138.07,12.65,0.0,145.37,1723.83
WTG_15,442,10.49,20.74,235.55,109.3,88.2,139.08,1333.8,14.82,0.0,145.55,2000.0
WTG_15,443,9.94,20.99,227.6,108.45,88.43,139.53,1285.42,14.28,0.0,145.8,2000.0
WTG_15,444,10.0,18.9,207.63,108.2,88.7,137.88,1294.75,14.39,0.0,142.92,2000.0
WTG_15,445,7.46,14.71,251.02,102.74,89.39,112.35,945.91,10.51,0.0,143.57,926.54
WTG_15,446,10.97,18.43,214.46,111.41,90.14,137.36,1334.04,14.82,0.0,142.05,2000.0
WTG_15,447,9.32,23.34,232.97,109.19,88.38,139.56,1135.65,12.62,0.0,142.86,1807.37
WTG_15,448,9.51,13.97,220.88,109.04,90.27,132.44,1169.33,12.99,0.0,141.63,1910.96
WTG_15,449,7.13,18.84,241.17,101.0,89.34,114.71,912.84,10.14,0.0,142.27,805.44
WTG_15,450,9.02,13.11,219.76,108.69,89.63,124.49,1167.23,12.97,0.0,143.83,1624.14
WTG_15,451,7.17,16.68,204.87,101.62,89.73,114.5,928.28,10.31,0.0,140.34,815.33
WTG_15,452,6.05,12.76,241.26,99.11,89.08,103.95,784.77,8.72,0.0,139.69,461.06
WTG_15,453,9.25,15.21,225.78,109.37,90.34,132.37,1146.49,12.74,0.0,139.75,1734.39
WTG_15,454,11.36,6.1,225.43,113.6,91.69,129.11,1393.26,15.48,0.0,139.05,2000.0
WTG_15,455,11.46,21.38,223.2,112.41,92.38,145.11,1443.32,16.04,0.0,142.91,2000.0
WTG_15,456,11.12,26.27,209.17,112.18,93.79,149.78,1416.08,15.73,0.0,140.37,2000.0
WTG_15,457,7.23,11.86,210.2,104.31,91.03,110.03,940.35,10.45,0.0,138.83,827.0
WTG_15,458,6.61,21.33,239.12,103.16,90.31,119.2,828.92,9.21,0.0,137.69,657.08
WTG_16,1,5.95,24.2,198.99,66.24,61.53,78.83,765.53,8.51,0.0,182.25,437.62
WTG_16,2,10.26,16.26,181.89,79.0,63.91,98.92,1292.78,14.36,0.0,183.78,2000.0
WTG_16,3,7.9,23.63,156.79,71.13,64.21,88.63,1027.42,11.42,0.0,180.66,1063.63
WTG_16,4,11.76,14.54,219.42,77.4,65.1,93.9,1463.93,16.27,0.0,183.67,2000.0
WTG_16,5,10.48,9.54,161.96,78.24,65.68,91.9,1284.16,14.27,0.0,184.38,2000.0
WTG_16,6,5.81,16.64,171.48,66.59,61.85,69.84,721.91,8.02,0.0,182.04,443.72
WTG_16,7,12.44,24.63,187.18,77.73,65.6,106.17,1569.65,17.44,1.09,183.47,2000.0
WTG_16,8,8.08,17.01,183.54,72.12,63.92,85.51,1026.65,11.41,0.0,181.69,1188.35
WTG_16,9,6.59,9.24,186.43,67.59,62.55,67.26,827.78,9.2,0.0,181.93,653.65
WTG_16,10,11.13,18.89,184.59,78.6,65.43,103.05,1404.76,15.61,0.0,181.85,2000.0
WTG_16,11,8.29,22.32,167.77,71.0,64.9,90.18,1054.6,11.72,0.0,178.56,1238.07
WTG_16,12,6.98,17.26,216.7,68.2,63.27,75.81,836.62,9.3,0.0,183.29,761.79
WTG_16,13,9.63,14.42,194.81,80.33,65.55,96.73,1239.43,13.77,0.0,180.91,1983.28
WTG_16,14,11.33,15.35,199.7,77.6,65.28,96.87,1423.66,15.82,0.0,184.32,2000.0
WTG_16,15,8.29,17.73,165.41,71.77,63.35,85.07,1016.85,11.3,0.0,182.9,1239.88
WTG_16,16,7.85,20.33,174.46,70.56,64.74,85.54,993.53,11.04,0.0,180.0,1074.46
WTG_16,17,7.38,16.57,174.73,69.99,63.32,78.06,885.48,9.84,0.0,182.13,865.34
WTG_16,18,8.4,14.99,172.88,73.14,65.1,81.84,1060.64,11.78,0.0,182.59,1285.7
WTG_16,19,8.51,20.04,173.29,73.5,64.54,90.54,1097.02,12.19,0.0,182.05,1352.57
WTG_16,20,9.7,16.03,177.67,77.78,63.59,96.59,1241.24,13.79,0.0,180.29,1986.84
WTG_16,21,8.44,20.12,187.82,74.58,64.15,91.06,1073.95,11.93,0.0,181.16,1311.42
WTG_16,22,7.28,19.12,162.97,69.56,63.3,81.72,893.86,9.93,0.0,180.69,866.86
WTG_16,23,15.6,17.34,170.83,78.59,68.26,99.49,1800.0,20.0,9.0,181.78,2000.0
WTG_16,24,9.48,22.85,178.75,78.13,64.33,103.09,1222.89,13.59,0.0,182.63,1868.52
WTG_16,25,9.0,14.48,176.99,76.97,64.56,89.55,1150.9,12.79,0.0,182.25,1595.86
WTG_16,26,9.35,24.84,177.44,78.4,64.86,102.57,1186.1,13.18,0.0,179.65,1814.76
WTG_16,27,10.07,20.03,184.46,78.47,64.79,102.94,1264.61,14.05,0.0,181.83,2000.0
WTG_16,28,7.27,16.62,162.19,69.53,62.66,78.0,878.53,9.76,0.0,182.21,847.49
WTG_16,29,7.32,17.64,163.06,69.07,64.54,78.25,933.32,10.37,0.0,181.04,834.65
WTG_16,30,5.59,26.56,163.11,65.7,62.8,77.44,726.63,8.07,0.0,180.59,377.99
WTG_16,31,12.18,9.41,180.54,78.91,66.33,91.86,1565.99,17.4,0.45,181.15,2000.0
WTG_16,32,11.91,13.35,190.88,79.46,65.46,95.23,1484.46,16.49,0.0,184.3,2000.0
WTG_16,33,6.49,25.82,186.98,68.03,63.94,81.34,839.12,9.32,0.0,181.21,591.09
WTG_16,34,5.2,13.7,195.37,65.22,63.58,65.17,652.01,7.24,0.0,183.46,288.69
WTG_16,35,4.21,19.85,155.41,64.28,63.17,68.05,540.0,6.0,0.0,183.65,179.03
WTG_16,36,9.73,14.37,198.12,79.43,66.37,96.53,1225.4,13.62,0.0,182.68,2000.0
WTG_16,37,8.72,15.28,181.93,73.14,64.14,89.57,1113.5,12.37,0.0,179.51,1471.1
WTG_16,38,5.66,22.63,179.82,65.25,62.14,77.35,677.39,7.53,0.0,179.1,395.83
WTG_16,39,7.37,18.74,160.22,68.53,64.17,80.59,949.82,10.55,0.0,181.75,866.81
WTG_16,40,6.59,16.04,184.46,69.21,62.28,74.9,814.79,9.05,0.0,181.46,650.43
WTG_16,41,5.52,19.95,179.32,66.15,62.32,73.91,702.93,7.81,0.0,181.24,383.71
WTG_16,42,10.96,20.96,189.7,78.27,64.63,104.42,1388.6,15.43,0.0,181.04,2000.0
WTG_16,43,7.97,15.82,176.79,71.58,63.79,80.3,1002.13,11.13,0.0,182.94,1109.96
WTG_16,44,9.7,20.93,185.07,78.12,65.18,102.82,1230.84,13.68,0.0,183.76,1991.04
WTG_16,45,12.65,19.1,185.47,78.83,66.95,99.9,1630.58,18.12,1.62,180.49,2000.0
WTG_16,46,11.39,17.39,192.15,78.15,66.26,100.61,1399.54,15.55,0.0,180.33,2000.0
WTG_16,47,6.89,20.45,186.3,67.82,63.43,78.07,875.02,9.72,0.0,180.62,712.11
WTG_16,48,4.48,15.9,166.91,64.74,62.1,64.67,552.1,6.13,0.0,181.16,195.2
WTG_16,49,9.36,17.57,154.31,77.22,64.0,96.03,1176.19,13.07,0.0,182.83,1804.38
WTG_16,50,7.1,15.59,205.72,69.31,62.38,74.63,876.43,9.74,0.0,182.26,759.0
WTG_16,51,11.1,20.25,169.96,77.87,66.14,101.82,1425.81,15.84,0.0,182.29,2000.0
WTG_16,52,8.05,16.5,221.32,70.21,64.16,80.96,1016.22,11.29,0.0,180.79,1112.99
WTG_16,53,11.0,17.28,195.91,77.81,66.0,100.6,1408.7,15.65,0.0,181.65,2000.0
WTG_16,54,6.71,18.09,187.5,67.67,63.26,76.2,824.17,9.16,0.0,182.03,677.53
WTG_16,55,8.71,14.05,207.64,74.33,64.77,85.57,1122.18,12.47,0.0,181.7,1469.69
WTG_16,56,4.69,15.62,193.74,63.64,62.77,62.85,609.38,6.77,0.0,183.89,213.39
WTG_16,57,6.73,17.3,195.43,68.27,63.0,75.1,844.49,9.38,0.0,181.67,666.28
WTG_16,58,5.9,22.91,179.98,64.55,63.77,76.19,751.79,8.35,0.0,181.97,440.0
WTG_16,59,9.09,26.41,197.3,75.58,64.52,102.88,1156.73,12.85,0.0,181.29,1643.71
WTG_16,60,8.11,21.18,209.73,71.85,64.3,88.32,982.66,10.92,0.0,181.15,1186.37
WTG_16,61,9.21,12.28,170.51,77.31,65.05,89.34,1151.9,12.8,0.0,180.01,1719.02
WTG_16,62,9.06,19.8,178.87,75.96,64.46,95.85,1136.97,12.63,0.0,183.67,1655.37
WTG_16,63,4.28,19.66,158.13,64.07,60.8,65.93,540.0,6.0,0.0,181.62,146.54
WTG_16,64,9.04,24.27,211.32,75.15,65.06,99.23,1112.99,12.37,0.0,178.83,1614.32
WTG_16,65,10.98,15.87,209.83,79.14,64.68,96.35,1390.51,15.45,0.0,184.16,2000.0
WTG_16,66,10.68,13.74,147.54,79.57,65.63,95.67,1370.68,15.23,0.0,180.77,2000.0
WTG_16,67,8.78,17.7,170.78,74.62,64.78,91.25,1103.93,12.27,0.0,183.46,1501.25
WTG_16,68,10.19,14.22,164.95,78.4,65.09,96.18,1317.04,14.63,0.0,183.35,2000.0
WTG_16,69,9.08,11.77,191.39,77.39,63.97,86.59,1140.99,12.68,0.0,186.07,1654.65
WTG_16,70,6.12,25.56,217.65,65.94,63.5,81.39,764.68,8.5,0.0,180.13,521.57
WTG_16,71,12.2,21.78,213.19,78.81,65.87,105.51,1540.75,17.12,0.49,179.8,2000.0
WTG_16,72,15.09,18.87,209.92,80.13,66.35,100.16,1800.0,20.0,7.73,181.72,2000.0
WTG_16,73,11.54,16.57,185.28,79.09,64.73,97.96,1455.63,16.17,0.0,182.22,2000.0
WTG_16,74,7.59,22.27,181.21,70.05,63.83,85.67,965.94,10.73,0.0,180.17,971.09
WTG_16,75,11.66,16.19,173.98,78.57,65.62,98.97,1472.18,16.36,0.0,181.31,2000.0
WTG_16,76,6.93,18.53,183.8,68.23,63.31,76.1,848.11,9.42,0.0,182.57,727.98
WTG_16,77,11.85,17.75,183.26,78.13,66.28,99.71,1498.19,16.65,0.0,179.9,2000.0
WTG_16,78,8.45,18.78,184.26,74.27,64.92,87.17,1077.09,11.97,0.0,180.95,1324.97
WTG_16,79,6.95,20.17,198.74,68.19,64.3,79.13,887.39,9.86,0.0,177.98,717.21
WTG_16,80,13.61,18.12,193.94,77.24,66.31,101.24,1714.39,19.05,4.01,181.32,2000.0
WTG_16,81,9.93,15.93,184.19,78.33,65.39,98.49,1259.33,13.99,0.0,180.33,2000.0
WTG_16,82,8.63,16.41,173.88,74.13,64.31,89.12,1123.34,12.48,0.0,183.53,1405.32
WTG_16,83,10.24,21.13,163.84,78.14,64.76,103.64,1311.83,14.58,0.0,184.79,2000.0
WTG_16,84,8.31,15.18,177.93,73.5,62.05,85.73,1012.98,11.26,0.0,181.32,1274.95
WTG_16,85,7.41,11.7,168.99,69.12,62.53,73.69,941.47,10.46,0.0,180.03,910.33
WTG_16,86,9.19,21.73,173.27,76.63,64.99,98.51,1165.86,12.95,0.0,183.52,1724.88
WTG_16,87,10.21,13.97,215.48,77.74,64.99,97.87,1245.42,13.84,0.0,179.53,2000.0
WTG_16,88,9.92,10.09,184.51,79.45,65.65,91.5,1276.07,14.18,0.0,179.33,2000.0
WTG_16,89,10.62,19.69,174.69,78.18,65.95,102.4,1332.59,14.81,0.0,181.25,2000.0
WTG_16,90,8.01,19.88,187.32,70.24,64.97,85.96,975.75,10.84,0.0,180.68,1158.83
WTG_16,91,13.67,8.43,187.46,79.02,67.63,91.04,1746.52,19.41,4.18,183.6,2000.0
WTG_16,92,8.91,15.74,196.08,74.88,63.8,89.53,1142.93,12.7,0.0,180.72,1543.66
WTG_16,93,9.64,10.75,186.12,79.23,65.43,93.83,1228.3,13.65,0.0,179.96,1977.39
WTG_16,94,7.06,21.34,158.45,68.87,63.17,79.18,857.55,9.53,0.0,183.2,770.73
WTG_16,95,7.34,12.18,148.89,68.99,64.47,74.27,939.54,10.44,0.0,181.7,867.28
WTG_16,96,8.96,16.27,197.43,74.18,64.67,91.93,1095.67,12.17,0.0,181.54,1575.03
WTG_16,97,8.4,11.92,194.66,72.74,63.75,82.84,1074.01,11.93,0.0,184.25,1304.2
WTG_16,98,8.84,17.7,192.9,76.11,64.74,93.93,1128.89,12.54,0.0,182.42,1530.91
WTG_16,99,8.78,22.99,227.63,74.88,63.97,97.13,1095.36,12.17,0.0,180.87,1484.68
WTG_16,100,7.82,20.19,216.23,71.17,63.0,84.29,965.44,10.73,0.0,181.2,1035.36
WTG_16,101,11.45,12.7,186.53,78.96,66.07,95.4,1429.2,15.88,0.0,182.01,2000.0
WTG_16,102,6.25,19.96,199.26,67.44,63.76,75.97,798.45,8.87,0.0,179.68,504.47
WTG_16,103,9.82,16.51,164.31,78.63,64.95,98.71,1238.79,13.76,0.0,181.74,2000.0
WTG_16,104,5.47,14.48,215.56,64.99,63.74,66.83,678.9,7.54,0.0,179.78,351.75
WTG_16,105,9.61,22.2,199.64,77.65,65.38,103.84,1225.91,13.62,0.0,180.15,1975.3
WTG_16,106,9.4,13.75,187.93,76.53,63.88,93.37,1207.68,13.42,0.0,180.42,1838.65
WTG_16,107,10.4,13.79,194.26,78.93,66.75,96.53,1317.07,14.63,0.0,182.59,2000.0
WTG_16,108,6.19,15.54,178.22,67.77,63.43,69.27,796.58,8.85,0.0,182.07,527.97
WTG_16,109,9.8,22.47,199.29,79.63,65.72,104.96,1238.47,13.76,0.0,179.18,2000.0
WTG_16,110,10.78,18.04,187.85,79.26,66.59,101.45,1377.31,15.3,0.0,180.21,2000.0
WTG_16,111,8.19,18.25,200.76,72.95,66.8,86.51,1041.05,11.57,0.0,180.45,1199.2
WTG_16,112,12.14,15.18,212.03,78.48,66.53,98.51,1527.08,16.97,0.36,182.8,2000.0
WTG_16,113,8.13,23.19,198.0,70.53,63.31,90.66,987.03,10.97,0.0,178.58,1188.66
WTG_16,114,7.03,17.55,189.85,70.18,63.75,76.86,868.36,9.65,0.0,181.79,765.28
WTG_16,115,6.4,22.28,209.38,66.83,64.45,77.19,841.49,9.35,0.0,183.02,584.92
WTG_16,116,9.36,16.02,185.49,76.12,65.27,96.55,1176.79,13.08,0.0,179.56,1823.96
WTG_16,117,13.36,22.84,181.31,78.71,65.78,105.94,1687.83,18.75,3.41,179.28,2000.0
WTG_16,118,6.53,19.75,196.53,68.21,64.14,77.41,806.38,8.96,0.0,182.7,590.14
WTG_16,119,9.88,17.34,183.51,79.4,64.14,101.05,1256.21,13.96,0.0,181.47,2000.0
WTG_16,120,6.82,17.68,190.32,68.84,64.34,76.02,889.62,9.88,0.0,183.39,693.61
WTG_16,121,9.3,9.1,192.62,77.51,64.71,87.59,1211.3,13.46,0.0,182.82,1761.89
WTG_16,122,10.92,19.31,194.01,80.01,65.79,102.76,1374.07,15.27,0.0,179.38,2000.0
WTG_16,123,6.9,23.59,204.87,69.28,64.19,82.77,878.54,9.76,0.0,181.43,739.46
WTG_16,124,6.31,14.37,180.39,67.84,63.37,70.27,825.0,9.17,0.0,180.28,553.86
WTG_16,125,5.89,14.81,168.32,66.57,63.88,68.93,746.0,8.29,0.0,182.3,464.42
WTG_16,126,8.64,23.88,186.63,74.44,64.51,96.26,1118.14,12.42,0.0,179.14,1396.94
WTG_16,127,6.54,15.27,180.89,68.25,64.3,70.04,819.43,9.1,0.0,182.36,590.61
WTG_16,128,6.41,15.94,192.38,67.16,63.69,71.91,800.38,8.89,0.0,180.09,563.59
WTG_16,129,7.88,20.07,192.43,72.63,64.54,87.49,965.25,10.73,0.0,178.43,1078.66
WTG_16,130,7.91,25.63,200.48,71.83,65.01,91.75,971.96,10.8,0.0,182.27,1096.77
WTG_16,131,8.58,19.14,213.61,73.45,65.74,88.52,1084.81,12.05,0.0,179.74,1373.27
WTG_16,132,16.21,16.6,198.06,79.88,67.26,100.03,1800.0,20.0,10.53,179.13,2000.0
WTG_16,133,7.67,18.03,222.61,72.08,64.16,83.34,941.03,10.46,0.0,182.42,1001.78
WTG_16,134,13.95,25.25,161.37,79.42,67.91,108.92,1748.36,19.43,4.87,181.22,2000.0
WTG_16,135,9.34,19.57,202.35,76.45,65.39,99.0,1186.72,13.19,0.0,181.51,1757.31
WTG_16,136,4.55,14.7,197.98,65.11,63.4,65.29,585.78,6.51,0.0,177.92,211.84
WTG_16,137,7.62,19.88,189.92,70.71,64.65,82.75,961.42,10.68,0.0,181.04,965.73
WTG_16,138,7.24,10.56,207.15,70.28,64.15,73.66,940.93,10.45,0.0,183.13,836.92
WTG_16,139,9.54,23.18,195.2,78.42,66.71,106.16,1201.6,13.35,0.0,179.35,1912.71
WTG_16,140,9.82,18.62,203.25,78.66,65.32,102.68,1235.52,13.73,0.0,181.55,2000.0
WTG_16,141,13.17,7.34,219.39,79.76,66.33,91.15,1620.99,18.01,2.91,179.69,2000.0
WTG_16,142,12.23,13.23,201.9,78.6,66.27,95.2,1556.45,17.29,0.57,182.01,2000.0
WTG_16,143,10.05,20.55,205.98,79.22,66.48,103.84,1269.67,14.11,0.0,180.72,2000.0
WTG_16,144,11.45,22.65,222.6,79.49,66.06,106.23,1442.65,16.03,0.0,179.6,2000.0
WTG_16,145,11.56,15.08,220.66,80.29,65.56,97.85,1402.73,15.59,0.0,181.31,2000.0
WTG_16,146,10.72,14.59,193.02,78.7,65.2,98.69,1376.72,15.3,0.0,181.8,2000.0
WTG_16,147,11.74,23.62,198.29,80.08,66.23,107.6,1479.23,16.44,0.0,178.95,2000.0
WTG_16,148,3.0,16.89,205.32,64.65,62.67,66.2,540.0,6.0,0.0,179.57,70.47
WTG_16,149,5.23,19.89,210.1,66.94,63.42,72.68,688.09,7.65,0.0,182.94,315.65
WTG_16,150,15.01,15.52,217.0,79.34,68.52,99.45,1800.0,20.0,7.52,178.15,2000.0
WTG_16,151,10.22,23.38,197.27,80.49,65.6,107.34,1303.96,14.49,0.0,178.98,2000.0
WTG_16,152,6.07,13.87,188.86,69.7,63.96,67.97,767.43,8.53,0.0,176.95,479.89
WTG_16,153,13.7,19.86,179.98,80.44,69.11,102.88,1720.2,19.11,4.25,181.31,2000.0
WTG_16,154,9.08,16.01,190.69,77.3,65.95,93.62,1124.24,12.49,0.0,178.68,1651.34
WTG_16,155,10.66,14.63,194.48,79.26,67.75,98.09,1325.66,14.73,0.0,180.96,2000.0
WTG_16,156,10.52,12.8,166.21,79.09,65.67,98.45,1307.75,14.53,0.0,179.27,2000.0
WTG_16,157,11.25,16.71,192.39,78.76,66.01,100.01,1409.26,15.66,0.0,181.03,2000.0
WTG_16,158,12.8,23.13,191.16,80.22,67.32,107.97,1594.8,17.72,2.01,178.34,2000.0
WTG_16,159,8.95,17.67,192.71,75.22,66.87,92.08,1114.97,12.39,0.0,179.1,1552.48
WTG_16,160,7.29,16.01,228.13,70.69,65.49,79.7,927.02,10.3,0.0,180.58,845.57
WTG_16,161,13.57,14.8,191.81,79.48,68.61,99.57,1712.57,19.03,3.91,179.09,2000.0
WTG_16,162,8.04,22.07,187.52,71.51,64.97,87.37,996.77,11.08,0.0,178.76,1127.43
WTG_16,163,14.77,14.84,207.43,79.49,68.28,98.84,1800.0,20.0,6.92,179.92,2000.0
WTG_16,164,6.19,15.41,175.74,69.82,65.19,72.26,758.8,8.43,0.0,178.94,522.88
WTG_16,165,5.27,12.37,196.06,66.97,65.86,65.55,699.33,7.77,0.0,180.53,332.22
WTG_16,166,14.41,21.89,203.78,79.13,67.03,106.55,1773.12,19.7,6.04,180.55,2000.0
WTG_16,167,6.37,11.92,163.46,67.6,66.08,68.71,793.71,8.82,0.0,178.76,565.06
WTG_16,168,11.45,14.28,226.92,81.4,68.17,98.3,1460.3,16.23,0.0,178.12,2000.0
WTG_16,169,7.91,20.08,189.02,72.4,65.68,86.81,990.89,11.01,0.0,181.8,1080.51
WTG_16,170,8.89,13.74,197.95,76.06,65.31,90.06,1133.21,12.59,0.0,180.09,1545.84
WTG_16,171,11.62,13.89,198.42,79.21,68.08,96.41,1448.58,16.1,0.0,177.94,2000.0
WTG_16,172,9.42,14.29,183.73,77.25,65.52,93.9,1198.68,13.32,0.0,180.59,1795.32
WTG_16,173,10.11,18.5,215.82,81.85,66.66,102.13,1217.59,13.53,0.0,180.31,2000.0
WTG_16,174,9.03,18.32,183.98,77.47,65.97,97.19,1164.86,12.94,0.0,177.58,1642.34
WTG_16,175,6.91,20.71,196.6,69.36,65.78,79.82,893.77,9.93,0.0,180.33,711.55
WTG_16,176,9.11,14.31,180.28,79.34,66.21,92.64,1137.51,12.64,0.0,177.18,1641.54
WTG_16,177,6.72,21.22,180.45,69.61,64.71,79.86,836.34,9.29,0.0,180.4,672.16
WTG_16,178,12.33,26.1,193.64,80.72,68.58,111.48,1559.5,17.33,0.81,180.12,2000.0
WTG_16,179,6.84,10.69,208.51,68.85,66.29,70.92,861.01,9.57,0.0,175.69,703.86
WTG_16,180,13.96,17.42,206.0,80.74,68.36,103.62,1800.0,20.0,4.9,177.0,2000.0
WTG_16,181,12.39,21.69,184.98,79.11,68.01,106.3,1556.92,17.3,0.97,178.14,2000.0
WTG_16,182,3.0,17.69,169.26,66.53,65.26,66.44,540.0,6.0,0.0,180.33,64.46
WTG_16,183,11.82,18.49,192.19,79.3,68.16,102.88,1517.3,16.86,0.0,182.37,2000.0
WTG_16,184,6.79,16.35,213.27,69.59,65.05,75.21,908.32,10.09,0.0,179.04,685.32
WTG_16,185,9.9,12.44,193.9,81.43,66.58,99.16,1241.64,13.8,0.0,176.16,2000.0
WTG_16,186,8.64,10.14,207.17,75.84,67.2,85.51,1083.77,12.04,0.0,179.22,1414.13
WTG_16,187,7.94,18.77,202.92,73.55,66.16,87.47,995.8,11.06,0.0,181.29,1135.93
WTG_16,188,7.33,21.76,185.78,71.06,65.3,88.89,925.39,10.28,0.0,180.19,896.58
WTG_16,189,4.23,15.8,193.48,66.76,63.7,68.48,546.44,6.07,0.0,179.64,176.8
WTG_16,190,7.87,28.29,194.85,74.05,65.93,97.86,1007.17,11.19,0.0,178.58,1109.75
WTG_16,191,12.32,21.25,214.26,80.27,68.78,107.48,1536.98,17.08,0.8,174.93,2000.0
WTG_16,192,11.92,17.58,190.5,82.59,68.78,105.3,1500.73,16.67,0.0,178.02,2000.0
WTG_16,193,8.15,21.89,215.57,76.45,67.2,93.32,1050.6,11.67,0.0,180.64,1209.44
WTG_16,194,6.18,21.29,187.29,68.68,65.68,79.58,784.1,8.71,0.0,178.51,525.57
WTG_16,195,11.02,19.82,203.33,81.67,67.14,105.26,1388.6,15.43,0.0,178.09,2000.0
WTG_16,196,5.14,20.88,195.94,66.97,65.36,74.39,646.04,7.18,0.0,179.3,301.84
WTG_16,197,10.81,14.63,198.39,81.66,68.45,100.29,1340.78,14.9,0.0,177.39,2000.0
WTG_16,198,10.86,19.74,178.27,81.21,67.65,106.28,1364.23,15.16,0.0,176.0,2000.0
WTG_16,199,11.83,17.85,199.77,81.22,68.81,103.34,1522.32,16.91,0.0,177.94,2000.0
WTG_16,200,6.5,17.11,205.14,71.86,65.98,76.0,814.37,9.05,0.0,177.46,594.04
WTG_16,201,9.04,20.43,202.94,80.51,66.78,98.76,1137.73,12.64,0.0,179.63,1627.0
WTG_16,202,7.2,16.03,207.8,72.04,66.12,82.0,897.62,9.97,0.0,177.28,836.72
WTG_16,203,5.96,27.72,200.96,69.74,66.18,87.01,745.43,8.28,0.0,177.2,456.6
WTG_16,204,11.39,29.8,207.54,82.17,68.39,114.86,1439.17,15.99,0.0,178.62,2000.0
WTG_16,205,8.31,16.97,210.42,75.23,67.25,88.93,1041.34,11.57,0.0,175.91,1281.54
WTG_16,206,7.87,20.19,208.36,74.04,67.05,90.72,1010.24,11.22,0.0,174.71,1052.15
WTG_16,207,9.59,17.58,169.94,82.48,67.39,102.26,1224.49,13.61,0.0,179.06,1925.18
WTG_16,208,7.33,20.28,173.39,73.98,67.07,84.71,927.28,10.3,0.0,176.26,872.44
WTG_16,209,4.8,15.61,199.68,68.7,65.75,69.91,610.79,6.79,0.0,179.66,225.27
WTG_16,210,7.44,18.41,187.67,73.22,66.99,85.61,927.09,10.3,0.0,175.44,897.61
WTG_16,211,8.81,20.69,219.44,77.86,67.93,98.35,1086.36,12.07,0.0,177.19,1513.72
WTG_16,212,10.27,14.58,206.24,81.56,67.24,101.24,1306.24,14.51,0.0,178.59,2000.0
WTG_16,213,8.0,18.7,205.17,75.99,67.63,89.68,1034.33,11.49,0.0,177.86,1097.07
WTG_16,214,7.62,23.85,227.48,74.4,66.87,92.95,981.46,10.91,0.0,177.12,1003.79
WTG_16,215,10.43,15.74,229.16,82.73,69.18,101.97,1317.16,14.64,0.0,177.4,2000.0
WTG_16,216,9.35,13.71,191.65,79.61,68.66,97.33,1180.42,13.12,0.0,177.66,1797.56
WTG_16,217,10.28,16.84,202.54,82.45,68.43,102.95,1338.62,14.87,0.0,175.81,2000.0
WTG_16,218,8.51,14.82,240.12,78.22,67.39,89.66,1070.55,11.89,0.0,173.83,1340.93
WTG_16,219,10.68,20.58,210.2,83.47,70.69,108.41,1358.86,15.1,0.0,176.25,2000.0
WTG_16,220,5.45,19.12,187.82,68.88,66.71,77.44,687.16,7.64,0.0,175.18,342.64
WTG_16,221,6.46,27.18,194.12,72.14,66.58,88.14,810.96,9.01,0.0,176.65,591.26
WTG_16,222,9.07,14.66,185.63,81.2,68.54,95.95,1151.9,12.8,0.0,176.91,1634.9
WTG_16,223,10.09,14.83,215.12,82.78,69.32,103.18,1285.64,14.28,0.0,175.25,2000.0
WTG_16,224,9.61,15.33,200.39,83.8,68.87,102.98,1207.79,13.42,0.0,175.02,1982.35
WTG_16,225,8.35,18.29,194.99,79.5,66.88,92.59,1059.77,11.78,0.0,174.56,1288.08
WTG_16,226,3.0,19.47,200.05,67.21,66.34,72.63,540.0,6.0,0.0,172.74,71.32
WTG_16,227,7.9,18.0,193.21,77.11,67.43,90.2,990.0,11.0,0.0,175.72,1105.86
WTG_16,228,10.92,22.92,208.49,84.72,69.82,111.35,1407.06,15.63,0.0,175.27,2000.0
WTG_16,229,7.26,22.27,212.47,73.3,66.28,89.22,904.52,10.05,0.0,177.87,847.27
WTG_16,230,7.42,17.1,190.14,74.79,67.64,84.5,934.64,10.38,0.0,173.91,894.4
WTG_16,231,3.66,20.9,207.01,67.41,67.95,73.86,540.0,6.0,0.0,176.66,113.72
WTG_16,232,5.48,16.62,229.47,71.0,67.21,72.89,703.59,7.82,0.0,174.04,340.63
WTG_16,233,9.36,18.46,190.29,82.14,69.74,101.57,1176.94,13.08,0.0,173.01,1791.51
WTG_16,234,7.39,20.09,185.95,74.17,68.38,87.08,945.19,10.5,0.0,173.56,870.98
WTG_16,235,5.61,11.62,215.31,71.34,68.17,72.07,706.65,7.85,0.0,175.52,412.93
WTG_16,236,8.12,15.82,208.8,77.48,68.86,89.9,1031.7,11.46,0.0,174.37,1183.34
WTG_16,237,5.59,15.12,187.58,72.98,68.44,75.25,711.58,7.91,0.0,176.9,374.13
WTG_16,238,8.15,22.44,205.26,77.95,69.63,97.35,1047.94,11.64,0.0,172.67,1168.34
WTG_16,239,8.36,18.95,210.32,79.1,70.24,95.01,1086.8,12.08,0.0,173.23,1287.75
WTG_16,240,7.09,21.16,201.55,74.71,69.29,88.25,874.66,9.72,0.0,174.48,770.63
WTG_16,241,5.55,15.39,175.53,71.6,69.02,74.51,725.88,8.07,0.0,176.94,344.75
WTG_16,242,6.89,16.14,174.89,74.94,68.53,81.75,870.9,9.68,0.0,176.44,707.11
WTG_16,243,7.08,23.4,177.36,74.78,69.74,90.55,899.13,9.99,0.0,174.32,785.74
WTG_16,244,7.48,16.5,218.74,75.0,69.35,87.89,925.38,10.28,0.0,174.39,913.23
WTG_16,245,5.9,23.68,188.89,72.93,69.67,82.95,759.7,8.44,0.0,173.06,450.73
WTG_16,246,11.12,17.2,195.79,84.71,72.29,106.74,1398.29,15.54,0.0,175.48,2000.0
WTG_16,247,11.68,19.96,196.24,84.68,71.75,109.51,1475.77,16.4,0.0,176.1,2000.0
WTG_16,248,6.21,20.78,205.3,74.45,69.0,82.05,795.96,8.84,0.0,177.16,539.43
WTG_16,249,8.25,12.06,209.73,79.25,71.15,87.94,1036.95,11.52,0.0,171.19,1246.89
WTG_16,250,10.58,13.38,207.05,85.91,71.69,103.19,1352.79,15.03,0.0,175.12,2000.0
WTG_16,251,10.56,23.28,194.13,85.6,72.73,113.2,1332.97,14.81,0.0,172.94,2000.0
WTG_16,252,11.28,19.87,210.44,85.48,72.15,110.86,1429.15,15.88,0.0,171.4,2000.0
WTG_16,253,9.75,19.9,209.36,85.13,71.53,108.52,1228.9,13.65,0.0,174.28,2000.0
WTG_16,254,8.02,19.62,223.3,78.76,69.33,95.9,989.46,10.99,0.0,171.03,1143.0
WTG_16,255,12.13,13.5,183.53,85.16,73.05,106.54,1506.9,16.74,0.33,174.45,2000.0
WTG_16,256,9.1,17.01,201.62,83.73,70.49,100.27,1107.26,12.3,0.0,172.15,1662.31
WTG_16,257,11.26,14.18,189.74,85.52,73.4,104.88,1407.68,15.64,0.0,171.22,2000.0
WTG_16,258,9.16,21.98,214.79,84.6,72.13,109.08,1120.69,12.45,0.0,175.29,1697.65
WTG_16,259,9.25,16.67,193.74,83.76,70.8,103.28,1143.75,12.71,0.0,171.71,1732.93
WTG_16,260,9.19,14.07,212.53,82.52,71.26,101.05,1146.58,12.74,0.0,169.68,1732.11
WTG_16,261,12.29,22.07,231.55,86.64,72.46,115.06,1571.28,17.46,0.72,170.53,2000.0
WTG_16,262,8.44,16.42,197.97,81.76,71.63,94.07,1084.74,12.05,0.0,171.26,1338.42
WTG_16,263,12.34,16.02,197.87,87.73,72.89,108.1,1569.84,17.44,0.84,171.72,2000.0
WTG_16,264,8.79,23.37,207.05,82.79,72.2,104.96,1120.13,12.45,0.0,170.21,1493.94
WTG_16,265,8.69,18.19,206.28,82.58,70.93,99.74,1063.07,11.81,0.0,173.32,1456.65
WTG_16,266,7.37,25.9,200.36,78.4,70.68,96.7,957.15,10.63,0.0,170.4,901.1
WTG_16,267,9.86,14.47,181.88,86.6,72.23,106.93,1242.12,13.8,0.0,171.62,2000.0
WTG_16,268,12.65,12.79,198.82,86.48,74.82,105.34,1604.34,17.83,1.62,173.06,2000.0
WTG_16,269,9.33,15.98,199.58,85.8,71.31,105.93,1149.55,12.77,0.0,168.74,1807.42
WTG_16,270,10.38,16.05,214.89,86.9,71.91,109.43,1282.86,14.25,0.0,169.94,2000.0
WTG_16,271,7.45,15.86,216.91,79.01,72.7,87.1,939.29,10.44,0.0,167.87,918.78
WTG_16,272,10.3,21.98,214.51,88.0,72.17,114.92,1318.15,14.65,0.0,169.31,2000.0
WTG_16,273,10.33,20.31,184.12,89.22,73.86,113.06,1278.35,14.2,0.0,170.09,2000.0
WTG_16,274,9.9,20.92,177.69,88.04,73.82,112.93,1232.59,13.7,0.0,169.17,2000.0
WTG_16,275,8.82,20.47,211.59,83.91,72.36,105.16,1094.91,12.17,0.0,168.21,1525.96
WTG_16,276,11.66,23.59,200.62,88.31,73.97,116.87,1451.91,16.13,0.0,169.16,2000.0
WTG_16,277,5.07,21.59,193.92,75.49,72.85,82.96,629.92,7.0,0.0,170.57,287.76
WTG_16,278,7.66,20.23,199.44,79.95,72.94,93.77,934.62,10.38,0.0,166.98,1001.53
WTG_16,279,4.39,19.32,193.34,74.09,70.16,81.06,579.36,6.44,0.0,166.97,163.69
WTG_16,280,10.57,15.79,218.61,88.27,76.27,109.0,1312.87,14.59,0.0,166.99,2000.0
WTG_16,281,12.88,20.87,195.71,89.09,76.18,114.05,1624.91,18.05,2.21,168.85,2000.0
WTG_16,282,8.15,7.83,200.18,83.64,73.98,85.25,1017.28,11.3,0.0,171.44,1203.55
WTG_16,283,11.74,17.66,210.59,89.82,76.4,110.37,1488.18,16.54,0.0,167.6,2000.0
WTG_16,284,9.97,12.88,240.3,89.81,76.06,107.96,1207.74,13.42,0.0,168.88,2000.0
WTG_16,285,7.58,25.99,234.04,80.88,73.29,100.7,970.24,10.78,0.0,167.1,921.1
WTG_16,286,10.03,15.48,204.78,88.36,73.67,111.39,1255.76,13.95,0.0,167.0,2000.0
WTG_16,287,10.87,21.34,198.98,88.56,74.25,116.44,1359.58,15.11,0.0,165.46,2000.0
WTG_16,288,8.55,14.33,195.49,86.29,75.23,98.61,1072.18,11.91,0.0,164.54,1403.18
WTG_16,289,11.9,15.26,232.54,90.57,74.62,111.75,1485.83,16.51,0.0,167.23,2000.0
WTG_16,290,5.68,16.36,244.84,76.83,73.71,83.2,679.14,7.55,0.0,167.31,403.64
WTG_16,291,11.42,14.01,207.27,89.53,75.94,110.42,1470.07,16.33,0.0,166.75,2000.0
WTG_16,292,10.75,14.91,186.5,90.52,75.84,111.04,1342.44,14.92,0.0,166.96,2000.0
WTG_16,293,7.54,20.65,211.86,82.42,76.22,97.75,939.36,10.44,0.0,168.01,948.92
WTG_16,294,7.92,14.3,218.12,82.2,74.95,93.26,984.7,10.94,0.0,165.78,1086.37
WTG_16,295,11.01,15.56,210.7,90.98,76.82,112.88,1377.65,15.31,0.0,166.71,2000.0
WTG_16,296,7.84,25.46,209.37,82.77,76.04,104.7,988.79,10.99,0.0,164.14,1042.8
WTG_16,297,6.09,20.27,201.39,79.6,75.13,90.52,795.38,8.84,0.0,164.99,545.47
WTG_16,298,7.04,10.67,221.64,80.87,74.83,83.19,881.94,9.8,0.0,163.85,750.94
WTG_16,299,9.45,14.54,195.96,88.74,75.61,110.03,1181.34,13.13,0.0,166.6,1823.98
WTG_16,300,9.07,21.4,222.96,87.97,76.09,110.06,1115.49,12.39,0.0,165.89,1619.98
WTG_16,301,9.66,22.13,199.72,91.11,76.17,119.03,1199.25,13.32,0.0,165.99,2000.0
WTG_16,302,10.93,16.59,226.46,90.35,77.47,114.63,1420.59,15.78,0.0,165.22,2000.0
WTG_16,303,6.74,16.97,216.85,80.47,76.1,89.85,831.9,9.24,0.0,167.48,682.19
WTG_16,304,8.1,21.45,209.17,85.8,76.53,105.44,1039.4,11.55,0.0,165.46,1189.6
WTG_16,305,4.77,22.01,238.11,76.88,74.48,87.86,622.07,6.91,0.0,161.29,231.78
WTG_16,306,12.11,25.08,216.34,92.39,78.53,123.08,1543.97,17.16,0.28,164.71,2000.0
WTG_16,307,12.05,15.22,209.24,92.59,78.1,113.85,1521.6,16.91,0.12,163.88,2000.0
WTG_16,308,8.4,20.1,207.98,87.99,77.38,107.94,1040.11,11.56,0.0,160.61,1317.9
WTG_16,309,7.83,12.58,238.83,85.61,76.34,94.1,1009.16,11.21,0.0,161.43,1058.28
WTG_16,310,13.33,20.66,230.74,92.2,79.17,121.26,1659.77,18.44,3.33,162.81,2000.0
WTG_16,311,7.92,19.73,240.05,85.96,77.32,100.06,1007.18,11.19,0.0,160.46,1103.94
WTG_16,312,13.67,20.1,221.48,93.93,81.13,120.84,1715.74,19.06,4.18,162.5,2000.0
WTG_16,313,11.03,18.42,218.39,93.28,79.67,120.15,1409.99,15.67,0.0,160.14,2000.0
WTG_16,314,9.01,14.01,213.44,89.85,79.5,106.86,1148.62,12.76,0.0,163.73,1598.9
WTG_16,315,11.2,14.48,226.88,94.79,78.49,113.52,1401.17,15.57,0.0,161.23,2000.0
WTG_16,316,4.82,18.28,203.7,79.37,75.77,85.81,611.96,6.8,0.0,160.45,274.47
WTG_16,317,8.99,24.49,238.59,90.25,79.03,117.16,1123.09,12.48,0.0,161.61,1582.57
WTG_16,318,7.66,18.67,241.08,86.77,77.62,98.99,988.29,10.98,0.0,162.18,1023.53
WTG_16,319,5.41,25.0,212.1,81.66,78.12,94.9,677.17,7.52,0.0,161.3,348.64
WTG_16,320,10.34,18.81,189.17,96.23,81.02,120.52,1293.38,14.37,0.0,160.2,2000.0
WTG_16,321,12.45,16.67,205.04,95.06,81.14,117.87,1576.95,17.52,1.13,160.36,2000.0
WTG_16,322,12.75,11.5,218.74,95.47,81.77,113.04,1617.52,17.97,1.86,160.83,2000.0
WTG_16,323,9.03,13.22,216.77,92.49,80.74,107.41,1142.5,12.69,0.0,162.71,1612.45
WTG_16,324,12.73,15.0,204.15,94.83,80.15,117.61,1600.51,17.78,1.82,160.99,2000.0
WTG_16,325,5.1,11.92,211.46,81.7,77.88,82.55,644.27,7.16,0.0,161.43,310.93
WTG_16,326,12.78,14.2,229.27,96.12,82.88,116.37,1594.58,17.72,1.95,161.06,2000.0
WTG_16,327,7.03,18.57,226.43,85.78,79.42,99.04,892.39,9.92,0.0,158.97,763.36
WTG_16,328,4.81,19.04,212.57,82.18,79.35,91.2,613.61,6.82,0.0,158.66,243.72
WTG_16,329,11.48,12.57,211.79,96.91,82.63,116.12,1440.97,16.01,0.0,158.83,2000.0
WTG_16,330,7.88,23.62,219.02,87.45,80.49,110.33,984.85,10.94,0.0,161.62,1103.05
WTG_16,331,8.52,15.69,220.25,90.04,80.66,107.04,1023.05,11.37,0.0,160.07,1332.01
WTG_16,332,10.18,16.57,212.88,96.74,82.43,120.1,1292.08,14.36,0.0,156.8,2000.0
WTG_16,333,8.87,22.28,199.18,94.43,81.02,118.57,1104.39,12.27,0.0,159.11,1539.57
WTG_16,334,9.74,22.75,205.56,98.63,82.61,125.65,1253.78,13.93,0.0,158.41,2000.0
WTG_16,335,12.55,7.58,220.57,96.15,83.25,112.46,1588.58,17.65,1.37,156.23,2000.0
WTG_16,336,12.88,18.11,215.63,97.69,83.84,122.43,1617.56,17.97,2.19,156.06,2000.0
WTG_16,337,10.68,17.53,228.08,97.14,83.04,123.42,1347.79,14.98,0.0,158.95,2000.0
WTG_16,338,13.66,22.33,240.35,97.67,84.88,128.41,1706.08,18.96,4.14,155.67,2000.0
WTG_16,339,10.0,18.37,217.89,99.64,83.41,124.31,1256.98,13.97,0.0,158.21,2000.0
WTG_16,340,11.5,11.88,232.08,99.16,84.28,116.72,1454.45,16.16,0.0,154.02,2000.0
WTG_16,341,3.0,21.52,246.58,82.81,80.5,92.5,540.0,6.0,0.0,154.44,76.0
WTG_16,342,8.02,16.56,210.66,91.74,82.28,103.99,1029.35,11.44,0.0,155.82,1115.62
WTG_16,343,8.62,6.39,222.69,93.63,83.25,104.23,1094.68,12.16,0.0,154.7,1403.58
WTG_16,344,7.43,16.26,192.86,89.5,82.58,103.37,959.61,10.66,0.0,155.92,888.4
WTG_16,345,8.27,16.16,205.36,94.46,82.83,110.65,1031.06,11.46,0.0,156.2,1239.14
WTG_16,346,14.43,11.33,207.15,100.62,86.84,117.29,1800.0,20.0,6.07,153.18,2000.0
WTG_16,347,8.76,11.82,209.13,96.44,82.24,109.72,1112.75,12.36,0.0,155.59,1500.81
WTG_16,348,4.81,17.45,230.95,87.4,82.4,91.86,604.71,6.72,0.0,153.42,240.88
WTG_16,349,11.99,18.15,212.2,101.02,85.95,126.11,1504.95,16.72,0.0,152.11,2000.0
WTG_16,350,6.07,15.3,187.03,89.53,83.54,94.73,753.25,8.37,0.0,151.7,531.53
WTG_16,351,8.42,8.78,218.44,97.05,85.17,104.43,1050.96,11.68,0.0,155.3,1352.65
WTG_16,352,6.21,20.76,206.68,88.58,83.86,102.69,791.36,8.79,0.0,155.66,524.26
WTG_16,353,12.14,16.77,199.37,100.49,86.84,124.53,1525.35,16.95,0.35,148.91,2000.0
WTG_16,354,14.3,18.36,223.99,102.59,87.47,129.48,1800.0,20.0,5.74,154.24,2000.0
WTG_16,355,10.29,14.22,201.22,102.8,86.67,123.05,1272.68,14.14,0.0,149.68,2000.0
WTG_16,356,12.23,15.29,189.94,102.87,87.18,124.95,1546.05,17.18,0.58,151.4,2000.0
WTG_16,357,8.31,15.05,230.6,96.51,85.94,110.31,1052.89,11.7,0.0,149.67,1262.1
WTG_16,358,9.31,20.05,223.56,100.68,88.49,127.94,1191.79,13.24,0.0,149.27,1788.87
WTG_16,359,9.71,15.03,204.0,102.04,88.66,126.02,1217.54,13.53,0.0,148.47,2000.0
WTG_16,360,10.52,15.95,207.72,102.92,87.88,125.4,1343.79,14.93,0.0,150.17,2000.0
WTG_16,361,13.68,10.58,221.02,101.32,88.98,122.11,1728.92,19.21,4.2,152.08,2000.0
WTG_16,362,7.57,13.1,225.14,95.83,86.08,104.63,966.21,10.74,0.0,149.86,944.94
WTG_16,363,6.57,18.05,212.6,92.8,86.69,103.21,801.84,8.91,0.0,150.23,613.64
WTG_16,364,11.41,17.92,248.61,103.58,89.49,129.38,1454.64,16.16,0.0,147.97,2000.0
WTG_16,365,6.16,16.37,195.98,91.82,86.96,100.69,805.48,8.95,0.0,151.23,515.67
WTG_16,366,11.5,14.76,202.72,103.41,89.22,126.93,1467.76,16.31,0.0,149.38,2000.0
WTG_16,367,9.22,14.75,223.56,102.75,87.88,121.1,1164.0,12.93,0.0,147.09,1682.42
WTG_16,368,3.33,19.53,195.5,88.4,87.19,95.98,540.0,6.0,0.0,147.12,76.67
WTG_16,369,9.41,16.56,202.86,104.24,88.52,127.47,1165.04,12.94,0.0,148.61,1860.2
WTG_16,370,15.96,17.93,209.32,105.19,91.69,131.48,1800.0,20.0,9.91,148.75,2000.0
WTG_16,371,9.5,18.38,219.77,105.49,90.17,130.18,1191.22,13.24,0.0,144.98,1907.06
WTG_16,372,6.54,23.99,245.31,95.58,88.14,110.21,810.44,9.0,0.0,144.39,599.19
WTG_16,373,8.81,27.1,242.78,101.95,89.65,131.91,1099.63,12.22,0.0,144.98,1484.87
WTG_16,374,7.51,20.42,211.99,98.82,89.57,115.76,941.85,10.46,0.0,147.94,937.27
WTG_16,375,8.2,20.81,204.82,100.71,90.69,119.99,1032.87,11.48,0.0,147.01,1204.35
WTG_16,376,8.48,18.04,206.74,102.41,89.54,121.37,1042.39,11.58,0.0,143.12,1334.36
WTG_16,377,5.5,15.6,208.87,94.09,90.04,100.94,715.17,7.95,0.0,142.76,380.31
WTG_16,378,8.25,15.42,226.66,101.89,90.58,117.67,1022.2,11.36,0.0,144.52,1231.64
WTG_16,379,6.12,19.88,237.93,95.27,89.5,109.8,771.25,8.57,0.0,145.72,508.2
WTG_16,380,9.38,18.29,227.15,107.57,91.49,131.61,1163.26,12.93,0.0,143.36,1833.53
WTG_16,381,7.85,16.96,228.06,101.75,92.21,115.47,994.32,11.05,0.0,145.73,1064.16
WTG_16,382,11.54,23.21,262.95,108.19,92.42,141.79,1470.11,16.33,0.0,144.85,2000.0
WTG_16,383,13.49,21.17,243.82,108.4,93.2,140.43,1670.83,18.56,3.72,140.65,2000.0
WTG_16,384,8.61,19.97,206.24,104.25,93.64,126.96,1051.93,11.69,0.0,142.98,1407.9
WTG_16,385,3.0,19.9,216.89,94.5,89.96,99.97,540.0,6.0,0.0,140.93,49.06
WTG_16,386,8.03,13.68,214.73,101.59,92.76,114.21,1018.26,11.31,0.0,143.56,1153.28
WTG_16,387,12.0,17.52,205.78,111.62,94.05,136.98,1510.84,16.79,0.01,140.03,2000.0
WTG_16,388,10.29,16.88,229.79,110.77,95.68,135.99,1315.91,14.62,0.0,141.48,2000.0
WTG_16,389,10.97,13.52,197.22,110.06,93.43,132.61,1382.83,15.36,0.0,140.02,2000.0
WTG_16,390,10.4,17.51,195.85,111.65,95.88,137.26,1303.55,14.48,0.0,139.43,2000.0
WTG_16,391,9.66,23.25,182.0,111.24,95.0,143.13,1201.42,13.35,0.0,139.96,1970.22
WTG_16,392,9.15,16.24,219.97,109.22,93.68,129.25,1110.62,12.34,0.0,138.86,1671.92
WTG_16,393,12.17,18.09,196.66,112.33,96.08,138.66,1534.27,17.05,0.42,139.11,2000.0
WTG_16,394,10.44,17.27,204.05,112.54,96.95,139.57,1312.89,14.59,0.0,138.14,2000.0
WTG_16,395,9.39,12.79,228.65,110.59,95.81,130.46,1186.88,13.19,0.0,139.48,1828.8
WTG_16,396,10.08,22.76,203.61,113.2,96.49,144.66,1267.47,14.08,0.0,135.37,2000.0
WTG_16,397,6.43,16.71,224.71,102.84,94.77,110.96,837.32,9.3,0.0,137.85,588.96
WTG_16,398,8.96,16.33,196.06,109.82,96.79,132.99,1092.12,12.13,0.0,136.23,1599.61
WTG_17,1,12.36,21.74,199.08,80.66,66.38,105.09,1529.82,17.0,0.91,184.72,2000.0
WTG_17,2,10.01,22.77,170.85,79.95,62.87,104.4,1268.02,14.09,0.0,183.4,2000.0
WTG_17,3,7.94,16.67,162.52,72.78,64.64,83.87,994.73,11.05,0.0,183.17,1118.42
WTG_17,4,10.42,12.75,164.59,81.36,64.8,95.42,1315.36,14.62,0.0,184.2,2000.0
WTG_17,5,13.48,23.37,186.27,80.93,66.97,105.57,1713.26,19.04,3.71,184.2,2000.0
WTG_17,6,9.4,18.61,172.98,78.18,64.37,98.05,1191.05,13.23,0.0,185.89,1822.35
WTG_17,7,10.78,22.44,207.29,80.67,65.21,105.83,1347.13,14.97,0.0,184.18,2000.0
WTG_17,8,10.68,12.33,180.83,79.38,65.01,93.77,1358.05,15.09,0.0,183.47,2000.0
WTG_17,9,9.79,22.14,194.46,79.96,66.4,103.24,1237.53,13.75,0.0,182.24,2000.0
WTG_17,10,9.44,20.83,193.95,78.51,63.23,100.47,1194.36,13.27,0.0,184.74,1826.67
WTG_17,11,8.68,13.27,168.82,78.12,63.92,84.85,1065.0,11.83,0.0,184.38,1440.1
WTG_17,12,6.12,13.54,171.92,68.02,63.5,69.81,787.54,8.75,0.0,185.16,510.25
WTG_17,13,6.46,10.47,155.13,69.37,62.81,66.74,828.99,9.21,0.0,185.1,580.39
WTG_17,14,7.04,21.29,171.5,70.82,63.62,79.83,874.77,9.72,0.0,183.48,780.88
WTG_17,15,10.72,27.13,208.67,81.45,65.43,109.17,1342.62,14.92,0.0,184.24,2000.0
WTG_17,16,5.88,22.04,202.6,67.52,63.53,77.19,768.17,8.54,0.0,185.47,463.37
WTG_17,17,11.13,18.76,168.11,81.04,67.09,102.17,1436.17,15.96,0.0,185.81,2000.0
WTG_17,18,6.66,15.09,200.77,67.78,62.98,71.68,829.39,9.22,0.0,185.55,630.06
WTG_17,19,6.53,23.51,163.71,69.02,63.43,78.84,801.08,8.9,0.0,184.58,613.87
WTG_17,20,4.8,9.22,209.42,64.4,62.06,59.24,624.22,6.94,0.0,183.36,243.95
WTG_17,21,12.9,20.52,168.25,80.74,66.47,104.7,1597.07,17.75,2.26,184.74,2000.0
WTG_17,22,9.23,21.06,200.72,78.71,64.47,98.06,1175.93,13.07,0.0,184.23,1732.96
WTG_17,23,8.2,17.66,169.61,74.38,64.28,84.58,1051.47,11.68,0.0,186.04,1217.22
WTG_17,24,8.44,16.56,185.62,75.43,63.66,88.96,1067.28,11.86,0.0,181.61,1360.29
WTG_17,25,7.79,15.78,182.44,72.79,64.15,80.38,988.4,10.98,0.0,185.99,1048.53
WTG_17,26,4.97,7.79,193.71,67.27,62.78,57.85,620.28,6.89,0.0,185.06,295.86
WTG_17,27,8.01,18.24,177.81,73.88,64.12,83.85,1013.8,11.26,0.0,183.38,1126.43
WTG_17,28,5.82,10.19,196.79,67.76,62.25,62.93,727.53,8.08,0.0,182.11,416.55
WTG_17,29,10.62,18.35,190.4,78.91,66.56,101.27,1330.76,14.79,0.0,186.61,2000.0
WTG_17,30,8.33,13.8,175.63,75.74,63.34,82.05,1049.39,11.66,0.0,185.12,1272.04
WTG_17,31,5.03,17.84,185.23,67.95,61.83,67.55,642.0,7.13,0.0,184.96,285.77
WTG_17,32,9.57,19.4,162.12,78.27,65.08,99.54,1244.57,13.83,0.0,185.44,1932.56
WTG_17,33,5.71,22.02,164.99,66.88,62.28,73.22,702.05,7.8,0.0,183.55,411.86
WTG_17,34,11.21,25.51,195.81,80.05,64.86,106.51,1424.74,15.83,0.0,182.14,2000.0
WTG_17,35,10.67,15.77,161.37,79.53,64.13,97.35,1332.96,14.81,0.0,185.38,2000.0
WTG_17,36,3.81,16.93,181.87,65.71,62.76,64.04,540.0,6.0,0.0,183.23,106.86
WTG_17,37,9.28,19.62,182.02,75.58,64.27,98.19,1177.24,13.08,0.0,184.09,1753.77
WTG_17,38,9.86,16.91,180.91,80.75,65.16,99.62,1245.33,13.84,0.0,182.05,2000.0
WTG_17,39,12.06,21.63,189.39,79.89,66.17,103.3,1519.29,16.88,0.16,181.18,2000.0
WTG_17,40,6.0,18.56,179.47,67.96,62.13,72.6,752.97,8.37,0.0,181.92,455.06
WTG_17,41,6.9,14.11,192.71,70.83,64.5,73.03,861.48,9.57,0.0,182.39,730.08
WTG_17,42,12.13,24.05,183.3,78.75,65.34,106.05,1551.87,17.24,0.32,183.5,2000.0
WTG_17,43,6.67,14.14,204.49,69.7,62.67,71.57,808.7,8.99,0.0,183.44,640.9
WTG_17,44,10.09,13.85,156.52,80.02,63.94,95.23,1264.57,14.05,0.0,186.25,2000.0
WTG_17,45,9.68,11.86,183.78,80.09,65.23,93.32,1217.65,13.53,0.0,183.6,1967.12
WTG_17,46,7.61,19.54,180.86,73.36,63.42,83.18,954.71,10.61,0.0,184.44,956.28
WTG_17,47,3.0,16.52,167.41,64.8,62.77,62.57,540.0,6.0,0.0,184.05,40.4
WTG_17,48,8.01,17.51,164.7,72.55,63.82,83.91,1012.49,11.25,0.0,184.51,1146.5
WTG_17,49,7.66,11.97,168.1,72.4,63.47,75.03,923.29,10.26,0.0,183.8,1000.02
WTG_17,50,8.93,15.91,177.75,77.25,63.18,91.55,1148.59,12.76,0.0,180.45,1547.24
WTG_17,51,10.16,15.37,182.59,78.51,64.76,98.06,1278.16,14.2,0.0,183.05,2000.0
WTG_17,52,8.72,15.34,193.52,76.32,65.03,86.8,1105.57,12.28,0.0,187.37,1463.16
WTG_17,53,9.98,16.0,219.79,79.68,64.3,99.6,1250.36,13.89,0.0,183.87,2000.0
WTG_17,54,9.25,18.25,202.89,77.44,64.06,96.39,1159.72,12.89,0.0,185.13,1738.25
WTG_17,55,13.25,17.58,181.54,79.57,66.48,99.71,1676.6,18.63,3.12,183.6,2000.0
WTG_17,56,10.51,19.24,215.61,79.77,64.06,100.79,1341.38,14.9,0.0,185.92,2000.0
WTG_17,57,8.31,12.46,156.49,74.08,63.57,81.58,1020.01,11.33,0.0,182.63,1248.44
WTG_17,58,12.07,17.45,192.67,79.03,64.78,99.01,1510.97,16.79,0.17,185.79,2000.0
WTG_17,59,8.41,14.21,182.95,74.55,63.91,82.93,1062.42,11.8,0.0,182.13,1291.2
WTG_17,60,11.22,16.12,141.98,80.84,65.6,98.79,1420.3,15.78,0.0,183.3,2000.0
WTG_17,61,7.79,20.7,183.75,72.33,62.22,85.88,955.67,10.62,0.0,184.02,1034.86
WTG_17,62,5.59,16.81,184.67,68.14,63.02,68.66,721.75,8.02,0.0,182.66,398.67
WTG_17,63,7.25,17.74,185.92,69.15,62.69,77.43,931.8,10.35,0.0,182.56,833.94
WTG_17,64,3.0,24.28,153.66,65.12,61.06,71.81,540.0,6.0,0.0,185.61,69.28
WTG_17,65,8.55,18.11,172.79,74.72,64.53,89.29,1081.4,12.02,0.0,188.84,1376.74
WTG_17,66,6.75,23.33,173.82,68.78,63.6,80.54,859.47,9.55,0.0,181.01,636.36
WTG_17,67,7.97,23.91,202.13,71.9,63.59,90.52,1021.54,11.35,0.0,182.92,1149.18
WTG_17,68,9.31,23.2,188.45,78.38,62.75,101.13,1133.66,12.6,0.0,181.41,1786.69
WTG_17,69,8.28,15.98,164.02,75.03,64.08,83.88,1047.85,11.64,0.0,185.89,1232.82
WTG_17,70,9.65,19.39,186.02,81.19,62.17,103.49,1210.33,13.45,0.0,182.49,1983.43
WTG_17,71,9.48,11.13,209.47,79.05,64.3,90.39,1169.72,13.0,0.0,185.83,1891.8
WTG_17,72,8.63,20.87,156.21,74.19,64.31,91.85,1071.51,11.91,0.0,182.83,1418.43
WTG_17,73,10.28,18.68,170.44,78.5,64.74,101.6,1315.73,14.62,0.0,183.83,2000.0
WTG_17,74,3.0,18.25,198.76,65.41,61.0,65.17,540.0,6.0,0.0,184.51,60.23
WTG_17,75,4.94,20.79,214.59,65.45,62.0,69.96,628.56,6.98,0.0,184.59,273.68
WTG_17,76,7.71,15.68,198.16,70.9,63.83,79.77,1000.89,11.12,0.0,185.24,1005.04
WTG_17,77,8.19,21.52,198.61,74.64,63.14,90.44,1026.73,11.41,0.0,183.81,1221.42
WTG_17,78,8.38,17.57,206.42,74.76,64.02,89.75,1078.34,11.98,0.0,182.96,1302.43
WTG_17,79,7.88,19.21,174.3,72.0,63.57,83.05,1012.02,11.24,0.0,185.54,1055.24
WTG_17,80,5.71,14.15,177.85,68.0,61.92,66.69,734.95,8.17,0.0,186.34,431.9
WTG_17,81,9.07,12.22,221.01,76.71,63.63,89.36,1132.84,12.59,0.0,184.27,1641.61
WTG_17,82,9.79,12.88,183.71,80.51,64.39,96.15,1222.13,13.58,0.0,185.05,2000.0
WTG_17,83,7.91,19.82,181.37,72.8,63.23,86.41,982.79,10.92,0.0,186.41,1073.93
WTG_17,84,10.19,18.97,188.68,79.97,64.88,101.88,1326.33,14.74,0.0,182.2,2000.0
WTG_17,85,4.5,12.65,183.97,64.74,61.24,60.06,550.02,6.11,0.0,182.99,222.33
WTG_17,86,8.0,17.68,188.08,73.38,63.18,84.41,997.34,11.08,0.0,181.73,1112.39
WTG_17,87,7.13,26.17,221.38,71.96,64.11,86.48,873.83,9.71,0.0,181.06,815.4
WTG_17,88,9.21,19.65,192.38,77.42,62.77,97.64,1169.27,12.99,0.0,182.6,1707.51
WTG_17,89,8.38,19.01,180.49,73.1,64.5,89.09,1036.23,11.51,0.0,183.12,1297.23
WTG_17,90,7.76,14.05,183.27,73.52,62.52,77.46,974.77,10.83,0.0,185.04,1025.22
WTG_17,91,14.14,14.54,204.28,80.17,66.14,96.73,1760.59,19.56,5.34,181.89,2000.0
WTG_17,92,10.69,14.41,179.24,80.28,65.1,99.53,1332.33,14.8,0.0,183.56,2000.0
WTG_17,93,8.75,23.35,192.67,76.09,64.9,97.39,1100.59,12.23,0.0,185.47,1471.29
WTG_17,94,10.17,18.84,219.97,81.11,65.58,100.7,1272.53,14.14,0.0,188.14,2000.0
WTG_17,95,13.18,22.24,174.4,79.99,66.41,104.41,1677.86,18.64,2.94,186.29,2000.0
WTG_17,96,9.26,14.16,200.9,79.01,64.56,92.52,1173.85,13.04,0.0,184.53,1720.21
WTG_17,97,8.16,19.7,188.19,73.93,64.31,87.02,1033.12,11.48,0.0,183.05,1203.42
WTG_17,98,10.94,23.8,182.04,81.63,66.07,105.85,1383.75,15.37,0.0,183.37,2000.0
WTG_17,99,12.02,18.7,199.39,80.07,65.9,100.95,1497.17,16.64,0.06,183.58,2000.0
WTG_17,100,9.26,15.66,224.02,78.47,64.94,91.19,1147.74,12.75,0.0,181.36,1754.17
WTG_17,101,7.63,21.68,186.14,71.34,64.04,85.34,955.75,10.62,0.0,184.64,977.03
WTG_17,102,12.79,17.08,191.85,80.2,66.13,100.42,1593.86,17.71,1.98,184.74,2000.0
WTG_17,103,9.64,24.74,185.62,79.04,65.14,106.96,1210.71,13.45,0.0,184.01,1972.58
WTG_17,104,10.36,19.5,196.57,79.04,64.5,101.62,1297.97,14.42,0.0,182.79,2000.0
WTG_17,105,4.63,24.58,200.14,65.93,62.12,73.09,572.46,6.36,0.0,183.89,229.31
WTG_17,106,7.42,14.11,204.93,71.01,62.55,77.05,920.02,10.22,0.0,183.18,919.53
WTG_17,107,5.05,19.02,171.11,67.77,62.16,70.91,600.24,6.67,0.0,185.05,293.14
WTG_17,108,10.67,17.32,181.86,79.23,64.96,99.82,1350.37,15.0,0.0,183.42,2000.0
WTG_17,109,7.31,12.67,186.34,71.58,62.65,74.14,916.34,10.18,0.0,181.14,853.06
WTG_17,110,8.83,8.98,177.65,75.07,65.02,80.62,1112.74,12.36,0.0,183.65,1495.51
WTG_17,111,12.69,18.57,191.53,80.12,64.67,102.29,1586.11,17.62,1.73,184.13,2000.0
WTG_17,112,4.63,22.1,201.39,66.35,63.5,72.07,591.35,6.57,0.0,184.49,251.97
WTG_17,113,7.62,10.46,163.9,71.07,63.58,74.29,958.18,10.65,0.0,185.74,968.55
WTG_17,114,7.27,19.57,217.49,71.02,63.81,81.07,929.48,10.33,0.0,183.85,833.66
WTG_17,115,10.21,22.08,175.72,80.15,65.51,105.9,1262.57,14.03,0.0,181.01,2000.0
WTG_17,116,6.91,17.5,176.24,69.58,62.77,76.32,861.82,9.58,0.0,185.13,705.87
WTG_17,117,10.02,28.39,205.78,80.04,65.87,110.89,1278.98,14.21,0.0,183.82,2000.0
WTG_17,118,8.57,20.16,205.17,75.48,64.56,92.76,1098.92,12.21,0.0,181.08,1379.95
WTG_17,119,9.03,15.43,183.91,75.36,64.32,89.38,1122.3,12.47,0.0,182.72,1627.23
WTG_17,120,8.47,16.38,202.22,75.22,65.11,88.69,1089.16,12.1,0.0,183.03,1364.13
WTG_17,121,12.08,9.3,196.57,80.16,65.86,93.55,1551.32,17.24,0.21,181.35,2000.0
WTG_17,122,8.02,21.37,196.97,73.11,64.51,86.83,1032.2,11.47,0.0,180.7,1146.16
WTG_17,123,7.47,18.32,180.13,70.19,63.41,81.78,944.51,10.49,0.0,184.45,918.36
WTG_17,124,7.26,20.48,218.73,71.62,63.32,80.63,906.98,10.08,0.0,186.18,852.57
WTG_17,125,11.72,16.89,210.7,78.91,65.51,101.28,1486.9,16.52,0.0,187.68,2000.0
WTG_17,126,8.03,16.37,202.85,71.78,63.91,83.97,1017.42,11.3,0.0,180.16,1145.23
WTG_17,127,4.96,10.9,202.46,66.4,61.71,61.37,607.78,6.75,0.0,187.3,249.87
WTG_17,128,8.08,10.23,186.01,74.36,63.71,77.15,1026.68,11.41,0.0,179.99,1165.63
WTG_17,129,10.54,12.76,195.9,81.14,64.87,94.87,1311.74,14.57,0.0,183.66,2000.0
WTG_17,130,7.39,14.23,221.0,71.47,63.09,76.8,898.23,9.98,0.0,183.7,899.06
WTG_17,131,12.3,13.46,185.36,80.83,66.99,96.89,1568.18,17.42,0.75,182.72,2000.0
WTG_17,132,8.12,22.89,195.53,72.85,63.97,90.41,1019.77,11.33,0.0,183.48,1184.7
WTG_17,133,8.01,16.76,191.59,73.77,64.14,82.71,1036.09,11.51,0.0,183.0,1099.42
WTG_17,134,10.25,21.8,164.96,80.51,64.31,104.13,1329.76,14.78,0.0,185.64,2000.0
WTG_17,135,9.17,19.66,186.58,78.89,64.68,97.2,1191.11,13.23,0.0,184.12,1695.05
WTG_17,136,11.31,20.96,186.49,79.49,65.53,104.27,1446.1,16.07,0.0,182.04,2000.0
WTG_17,137,8.81,12.46,189.66,75.39,64.83,85.03,1126.98,12.52,0.0,187.2,1489.36
WTG_17,138,9.48,22.1,174.08,79.19,64.33,103.44,1202.71,13.36,0.0,184.03,1859.23
WTG_17,139,9.29,23.44,194.14,78.92,65.0,103.47,1189.53,13.22,0.0,185.69,1792.9
WTG_17,140,9.32,15.45,207.0,79.39,64.95,94.82,1184.67,13.16,0.0,184.58,1794.17
WTG_17,141,5.38,23.32,200.85,68.3,63.1,74.53,662.17,7.36,0.0,181.6,344.63
WTG_17,142,15.16,11.04,199.25,79.53,68.21,93.91,1800.0,20.0,7.91,183.17,2000.0
WTG_17,143,8.22,15.63,188.77,73.47,65.38,83.44,1048.25,11.65,0.0,182.63,1194.67
WTG_17,144,5.81,13.32,209.13,67.29,63.05,67.1,717.64,7.97,0.0,182.34,444.22
WTG_17,145,9.19,9.54,193.17,78.27,64.9,87.07,1166.25,12.96,0.0,181.44,1696.34
WTG_17,146,9.24,11.11,185.16,77.48,64.59,90.03,1163.91,12.93,0.0,181.97,1737.51
WTG_17,147,3.62,20.12,180.57,65.46,63.23,67.42,540.0,6.0,0.0,183.53,105.97
WTG_17,148,4.77,20.51,184.43,66.79,63.41,70.4,658.89,7.32,0.0,184.07,235.22
WTG_17,149,14.64,14.98,161.25,80.2,68.79,98.79,1800.0,20.0,6.6,182.42,2000.0
WTG_17,150,7.05,16.21,164.03,70.08,62.76,75.57,893.77,9.93,0.0,184.88,782.51
WTG_17,151,11.01,18.86,219.73,81.05,66.1,102.77,1356.61,15.07,0.0,184.45,2000.0
WTG_17,152,12.3,21.04,177.88,81.41,67.08,102.95,1541.45,17.13,0.75,182.78,2000.0
WTG_17,153,4.61,17.52,182.9,67.86,63.21,66.94,560.02,6.22,0.0,183.26,215.37
WTG_17,154,13.7,23.03,190.74,80.66,67.51,107.21,1734.69,19.27,4.24,182.36,2000.0
WTG_17,155,11.5,18.59,191.17,79.77,65.59,102.49,1483.92,16.49,0.0,181.82,2000.0
WTG_17,156,11.07,14.59,194.47,79.05,66.85,96.37,1435.03,15.94,0.0,182.07,2000.0
WTG_17,157,10.82,20.75,160.09,82.3,64.76,105.02,1357.38,15.08,0.0,182.27,2000.0
WTG_17,158,11.6,13.84,192.35,81.15,65.75,96.55,1469.09,16.32,0.0,185.92,2000.0
WTG_17,159,9.69,16.1,203.97,80.96,64.14,98.37,1232.53,13.69,0.0,181.75,1983.23
WTG_17,160,8.68,16.25,193.0,75.33,66.17,88.53,1059.2,11.77,0.0,182.83,1436.14
WTG_17,161,10.74,23.29,178.44,80.88,65.81,106.04,1363.25,15.15,0.0,182.71,2000.0
WTG_17,162,8.73,16.3,209.52,77.63,64.95,87.98,1084.36,12.05,0.0,184.09,1476.86
WTG_17,163,7.39,15.89,201.73,71.72,65.61,76.77,951.13,10.57,0.0,182.86,863.22
WTG_17,164,7.46,20.81,177.64,72.38,63.25,83.92,911.69,10.13,0.0,181.21,925.84
WTG_17,165,11.31,19.11,185.78,79.94,66.88,103.61,1414.08,15.71,0.0,182.52,2000.0
WTG_17,166,8.21,13.51,194.19,73.99,63.42,81.54,1043.74,11.6,0.0,183.93,1236.83
WTG_17,167,8.89,21.97,197.32,75.02,65.94,95.59,1149.38,12.77,0.0,183.28,1522.57
WTG_17,168,9.34,19.31,189.69,79.53,65.59,98.22,1159.2,12.88,0.0,182.16,1774.72
WTG_17,169,10.42,12.07,226.15,81.52,66.1,95.71,1321.27,14.68,0.0,180.2,2000.0
WTG_17,170,10.03,23.82,188.67,81.11,65.64,107.81,1280.7,14.23,0.0,183.64,2000.0
WTG_17,171,13.73,21.87,207.71,79.23,67.17,104.69,1748.65,19.43,4.32,183.48,2000.0
WTG_17,172,7.61,20.36,190.88,71.7,64.71,84.5,989.19,10.99,0.0,183.35,993.64
WTG_17,173,10.47,12.88,182.7,80.51,66.21,96.59,1303.52,14.48,0.0,181.64,2000.0
WTG_17,174,8.2,8.52,227.7,75.41,64.65,75.17,1033.64,11.48,0.0,182.09,1228.31
WTG_17,175,9.88,18.24,213.11,80.12,65.83,100.73,1245.35,13.84,0.0,184.27,2000.0
WTG_17,176,7.12,10.97,175.31,72.11,64.49,72.26,888.28,9.87,0.0,181.19,816.54
WTG_17,177,6.67,15.79,188.06,70.11,63.45,74.95,828.34,9.2,0.0,184.54,637.97
WTG_17,178,10.5,19.94,174.52,81.65,66.54,102.49,1364.56,15.16,0.0,181.89,2000.0
WTG_17,179,9.99,11.82,196.56,82.14,65.43,93.96,1216.23,13.51,0.0,181.98,2000.0
WTG_17,180,10.54,18.67,204.78,81.16,65.9,103.32,1324.66,14.72,0.0,182.08,2000.0
WTG_17,181,9.12,17.42,232.21,77.62,66.09,96.15,1135.8,12.62,0.0,182.43,1664.06
WTG_17,182,11.96,19.31,208.73,82.59,67.52,103.79,1489.55,16.55,0.0,184.16,2000.0
WTG_17,183,15.08,21.14,188.37,81.51,67.73,104.13,1800.0,20.0,7.71,183.17,2000.0
WTG_17,184,11.42,20.96,205.6,81.1,66.71,102.51,1434.95,15.94,0.0,182.58,2000.0
WTG_17,185,8.76,14.34,209.91,77.19,66.1,88.03,1121.13,12.46,0.0,182.1,1507.6
WTG_17,186,10.7,15.38,196.17,80.44,65.69,98.87,1363.15,15.15,0.0,183.51,2000.0
WTG_17,187,8.19,8.2,210.49,73.82,65.89,76.59,1043.27,11.59,0.0,183.73,1191.57
WTG_17,188,7.27,20.62,184.96,70.36,64.61,82.13,923.0,10.26,0.0,184.22,848.96
WTG_17,189,9.59,17.01,221.68,82.48,65.19,101.14,1173.83,13.04,0.0,183.28,1968.03
WTG_17,190,3.0,17.55,180.02,65.5,64.01,64.2,540.0,6.0,0.0,181.93,55.1
WTG_17,191,12.42,17.27,191.4,81.36,67.64,99.91,1580.13,17.56,1.05,181.62,2000.0
WTG_17,192,14.0,5.86,189.11,81.79,68.38,89.37,1742.17,19.36,4.99,181.08,2000.0
WTG_17,193,5.37,18.19,231.21,68.16,63.39,72.43,666.27,7.4,0.0,184.25,339.95
WTG_17,194,11.05,21.84,189.12,81.58,66.06,106.38,1371.09,15.23,0.0,182.57,2000.0
WTG_17,195,5.65,22.96,191.83,67.75,63.3,75.23,726.27,8.07,0.0,180.26,384.44
WTG_17,196,9.95,14.29,204.79,80.58,66.65,97.4,1255.73,13.95,0.0,178.23,2000.0
WTG_17,197,9.48,14.5,222.2,80.55,65.38,97.8,1199.35,13.33,0.0,181.49,1870.47
WTG_17,198,10.16,14.72,199.82,81.5,66.34,99.27,1257.67,13.97,0.0,182.33,2000.0
WTG_17,199,14.1,17.93,200.49,81.24,67.62,102.78,1774.91,19.72,5.25,182.18,2000.0
WTG_17,200,11.64,10.42,222.84,81.43,67.28,93.53,1482.13,16.47,0.0,182.28,2000.0
WTG_17,201,9.39,9.82,205.32,81.28,66.72,90.59,1158.54,12.87,0.0,181.68,1836.48
WTG_17,202,4.06,20.72,177.57,65.8,62.75,70.13,540.0,6.0,0.0,183.48,142.6
WTG_17,203,10.35,18.76,217.5,80.96,66.64,101.87,1306.24,14.51,0.0,182.64,2000.0
WTG_17,204,7.93,14.65,187.57,74.05,64.89,82.78,1016.44,11.29,0.0,184.39,1083.85
WTG_17,205,11.27,16.5,205.63,80.22,66.82,100.72,1403.91,15.6,0.0,182.71,2000.0
WTG_17,206,8.97,21.34,189.15,79.28,66.54,97.09,1143.74,12.71,0.0,182.79,1594.48
WTG_17,207,6.09,22.64,187.9,70.26,64.61,79.6,759.97,8.44,0.0,182.0,499.14
WTG_17,208,9.61,10.93,216.19,82.83,64.11,94.39,1205.65,13.4,0.0,178.59,1946.2
WTG_17,209,9.85,15.2,156.89,82.49,65.55,99.14,1260.55,14.01,0.0,178.49,2000.0
WTG_17,210,10.06,15.7,195.5,82.31,65.88,102.43,1266.05,14.07,0.0,181.16,2000.0
WTG_17,211,8.03,12.57,176.9,74.56,65.51,82.41,1027.08,11.41,0.0,182.27,1153.36
WTG_17,212,10.21,18.35,191.41,81.4,67.04,103.03,1293.66,14.37,0.0,180.92,2000.0
WTG_17,213,11.24,21.12,210.01,81.89,66.95,104.22,1447.49,16.08,0.0,184.07,2000.0
WTG_17,214,8.82,15.56,187.4,78.87,64.71,89.96,1094.06,12.16,0.0,181.91,1534.54
WTG_17,215,6.46,16.99,224.8,69.63,65.0,75.85,833.06,9.26,0.0,180.46,567.1
WTG_17,216,9.92,16.18,227.88,80.74,65.68,98.29,1261.29,14.01,0.0,182.06,2000.0
WTG_17,217,10.67,20.87,192.49,81.44,67.66,105.67,1366.84,15.19,0.0,180.82,2000.0
WTG_17,218,12.08,13.17,179.53,80.68,67.75,97.1,1514.7,16.83,0.19,179.61,2000.0
WTG_17,219,10.62,16.28,217.76,82.91,67.11,101.0,1346.91,14.97,0.0,182.3,2000.0
WTG_17,220,10.36,13.62,237.37,80.66,66.79,98.57,1306.66,14.52,0.0,179.77,2000.0
WTG_17,221,6.4,14.4,197.67,70.92,65.38,73.01,810.38,9.0,0.0,182.0,573.67
WTG_17,222,9.71,19.16,200.0,82.65,66.87,104.51,1212.11,13.47,0.0,180.7,2000.0
WTG_17,223,8.46,17.15,193.19,78.21,67.42,89.03,1081.91,12.02,0.0,181.98,1303.94
WTG_17,224,11.12,14.97,210.91,81.04,67.78,99.62,1425.23,15.84,0.0,180.75,2000.0
WTG_17,225,8.18,13.49,196.35,76.13,65.83,84.58,1007.18,11.19,0.0,185.47,1224.7
WTG_17,226,6.37,10.63,202.14,71.46,65.98,67.13,769.58,8.55,0.0,179.82,563.24
WTG_17,227,9.91,21.02,214.86,82.2,67.54,106.13,1275.04,14.17,0.0,181.61,2000.0
WTG_17,228,7.76,18.63,178.36,73.73,64.18,84.41,996.94,11.08,0.0,179.71,1014.66
WTG_17,229,9.54,12.82,196.24,81.64,66.39,95.84,1190.2,13.22,0.0,182.35,1885.68
WTG_17,230,9.02,16.67,216.84,79.78,65.82,95.61,1130.51,12.56,0.0,181.3,1606.32
WTG_17,231,12.92,17.76,217.32,82.98,67.66,103.83,1598.73,17.76,2.31,179.11,2000.0
WTG_17,232,7.76,14.6,217.0,73.61,65.26,81.55,999.81,11.11,0.0,181.01,1019.98
WTG_17,233,8.15,14.68,227.73,76.85,65.84,85.07,1015.71,11.29,0.0,179.61,1178.36
WTG_17,234,10.27,20.94,186.66,82.12,68.18,106.52,1283.8,14.26,0.0,183.8,2000.0
WTG_17,235,12.71,22.52,225.32,83.01,68.81,108.55,1621.95,18.02,1.77,180.17,2000.0
WTG_17,236,11.12,23.03,194.59,83.7,67.33,107.34,1385.12,15.39,0.0,179.22,2000.0
WTG_17,237,6.74,15.15,182.72,72.45,64.0,76.75,860.19,9.56,0.0,180.61,670.89
WTG_17,238,10.25,24.09,209.32,82.44,66.1,109.9,1329.51,14.77,0.0,180.8,2000.0
WTG_17,239,6.27,26.69,198.51,71.71,64.94,85.88,750.25,8.34,0.0,179.21,552.37
WTG_17,240,7.96,19.57,217.87,75.55,64.79,88.03,998.56,11.1,0.0,177.61,1101.16
WTG_17,241,6.9,12.31,212.02,71.25,65.56,74.4,855.73,9.51,0.0,181.26,740.02
WTG_17,242,14.38,10.13,192.84,83.2,68.57,94.42,1800.0,20.0,5.96,179.25,2000.0
WTG_17,243,13.94,13.33,199.83,83.79,69.17,95.87,1752.37,19.47,4.86,179.09,2000.0
WTG_17,244,6.0,22.63,190.58,71.7,67.17,79.01,786.93,8.74,0.0,177.94,482.5
WTG_17,245,9.47,21.82,194.53,82.95,66.71,105.75,1193.56,13.26,0.0,178.92,1885.19
WTG_17,246,5.38,23.43,172.6,70.14,64.8,79.24,680.7,7.56,0.0,179.93,336.1
WTG_17,247,12.63,18.88,188.95,82.97,68.17,105.65,1600.97,17.79,1.57,178.77,2000.0
WTG_17,248,6.85,20.11,201.64,72.96,65.7,81.46,827.73,9.2,0.0,180.55,692.68
WTG_17,249,10.14,18.46,154.98,83.17,68.33,103.4,1276.74,14.19,0.0,180.21,2000.0
WTG_17,250,10.19,16.76,185.36,82.69,66.22,102.02,1262.6,14.03,0.0,178.1,2000.0
WTG_17,251,10.87,12.06,226.41,82.74,68.8,99.26,1408.62,15.65,0.0,179.25,2000.0
WTG_17,252,7.9,16.27,192.42,75.39,66.77,84.94,1011.89,11.24,0.0,183.69,1087.28
WTG_17,253,8.38,20.96,211.82,77.89,68.66,93.96,1052.92,11.7,0.0,175.97,1300.33
WTG_17,254,14.47,15.96,206.7,82.47,68.3,101.51,1800.0,20.0,6.18,180.59,2000.0
WTG_17,255,4.88,20.02,240.3,69.61,66.09,74.56,620.54,6.89,0.0,180.04,235.45
WTG_17,256,10.51,21.4,214.63,84.22,67.69,110.37,1330.13,14.78,0.0,178.74,2000.0
WTG_17,257,11.01,12.89,198.55,83.04,68.52,99.06,1376.21,15.29,0.0,181.43,2000.0
WTG_17,258,6.67,20.79,196.91,73.68,66.31,83.56,860.93,9.57,0.0,177.09,665.01
WTG_17,259,10.12,18.55,218.41,82.72,67.97,104.82,1273.22,14.15,0.0,180.8,2000.0
WTG_17,260,11.38,18.19,206.39,83.48,67.76,105.65,1453.62,16.15,0.0,179.32,2000.0
WTG_17,261,11.84,13.17,198.73,82.75,69.58,98.51,1509.14,16.77,0.0,180.64,2000.0
WTG_17,262,6.55,22.85,207.89,72.75,66.55,84.32,831.6,9.24,0.0,179.24,617.26
WTG_17,263,12.66,15.06,219.21,83.89,69.6,102.13,1604.78,17.83,1.64,177.45,2000.0
WTG_17,264,9.98,31.08,230.54,83.88,68.86,117.85,1244.02,13.82,0.0,182.04,2000.0
WTG_17,265,7.05,18.9,204.87,75.1,66.8,84.2,901.39,10.02,0.0,179.66,782.68
WTG_17,266,12.4,24.0,206.87,84.73,68.26,110.43,1550.18,17.22,1.0,180.1,2000.0
WTG_17,267,3.0,13.86,197.5,68.19,64.72,66.14,540.0,6.0,0.0,178.1,54.57
WTG_17,268,4.24,22.54,195.17,69.05,65.82,74.79,540.0,6.0,0.0,178.25,178.15
WTG_17,269,6.52,13.14,258.97,73.7,66.91,73.78,806.44,8.96,0.0,178.14,587.42
WTG_17,270,7.98,16.81,224.05,77.2,67.35,86.76,1001.47,11.13,0.0,182.03,1136.68
WTG_17,271,9.04,18.0,234.98,81.3,67.53,99.53,1146.22,12.74,0.0,176.62,1631.81
WTG_17,272,6.56,14.89,210.97,74.85,67.48,75.29,826.04,9.18,0.0,179.32,592.59
WTG_17,273,10.12,16.68,213.21,84.36,68.89,103.82,1282.1,14.25,0.0,177.95,2000.0
WTG_17,274,7.08,14.78,200.43,74.42,67.04,79.3,887.36,9.86,0.0,178.46,794.61
WTG_17,275,13.25,16.48,215.92,83.65,70.57,102.03,1675.22,18.61,3.11,176.93,2000.0
WTG_17,276,7.65,17.1,208.86,76.55,67.5,85.43,988.44,10.98,0.0,176.69,992.84
WTG_17,277,3.73,12.9,225.26,70.2,64.3,64.41,540.0,6.0,0.0,176.67,106.42
WTG_17,278,9.73,20.23,216.4,84.79,70.52,105.76,1253.63,13.93,0.0,181.55,2000.0
WTG_17,279,13.35,17.41,197.29,85.6,68.67,107.14,1670.86,18.57,3.39,178.17,2000.0
WTG_17,280,11.94,13.08,218.85,84.15,69.6,99.64,1511.65,16.8,0.0,179.24,2000.0
WTG_17,281,12.36,19.13,167.91,82.64,68.98,105.94,1581.32,17.57,0.89,178.02,2000.0
WTG_17,282,6.45,14.44,221.91,72.34,68.15,75.71,833.6,9.26,0.0,180.89,603.55
WTG_17,283,9.65,22.87,216.64,85.62,69.62,110.0,1223.78,13.6,0.0,177.21,1971.9
WTG_17,284,7.22,21.27,211.95,76.68,66.85,88.03,914.76,10.16,0.0,179.27,822.21
WTG_17,285,8.21,12.2,214.24,79.46,68.03,86.82,1055.55,11.73,0.0,178.47,1242.45
WTG_17,286,9.8,14.46,217.58,85.13,70.4,104.05,1243.84,13.82,0.0,177.71,2000.0
WTG_17,287,12.09,14.87,205.82,83.52,71.52,102.83,1514.07,16.82,0.23,178.74,2000.0
WTG_17,288,9.61,16.91,189.64,84.41,68.46,103.65,1194.82,13.28,0.0,178.17,1951.0
WTG_17,289,11.19,13.33,195.7,84.95,70.65,101.93,1414.09,15.71,0.0,174.97,2000.0
WTG_17,290,7.0,11.36,206.31,73.49,69.41,74.64,858.25,9.54,0.0,176.85,728.59
WTG_17,291,9.15,18.48,218.41,82.97,69.3,101.04,1151.82,12.8,0.0,178.2,1677.81
WTG_17,292,7.44,17.2,189.31,77.44,67.39,84.63,932.48,10.36,0.0,176.37,894.87
WTG_17,293,10.68,12.89,209.36,84.81,69.08,102.07,1346.72,14.96,0.0,174.98,2000.0
WTG_17,294,7.69,17.05,218.64,77.56,67.96,86.67,941.59,10.46,0.0,178.32,997.25
WTG_17,295,7.73,16.54,222.78,76.62,68.54,88.12,970.35,10.78,0.0,175.82,1037.14
WTG_17,296,8.41,23.05,197.98,80.33,69.18,98.24,1068.86,11.88,0.0,177.92,1321.71
WTG_17,297,5.86,19.56,201.92,73.69,69.07,79.44,731.78,8.13,0.0,175.65,440.63
WTG_17,298,5.4,22.64,212.43,73.22,67.55,80.07,676.37,7.52,0.0,174.68,347.51
WTG_17,299,6.3,16.62,226.02,75.23,68.56,80.65,784.89,8.72,0.0,176.66,554.52
WTG_17,300,8.61,16.47,239.88,82.7,69.89,94.24,1106.5,12.29,0.0,177.25,1381.12
WTG_17,301,6.6,18.79,205.47,75.01,68.64,83.08,825.5,9.17,0.0,177.8,647.75
WTG_17,302,12.17,18.06,204.53,86.8,71.25,108.03,1567.7,17.42,0.43,176.35,2000.0
WTG_17,303,12.2,19.68,188.99,86.66,72.13,108.49,1511.28,16.79,0.51,172.88,2000.0
WTG_17,304,10.08,18.17,212.55,85.59,70.53,108.0,1249.97,13.89,0.0,176.94,2000.0
WTG_17,305,7.14,14.31,223.3,77.66,69.38,81.18,909.4,10.1,0.0,176.8,805.3
WTG_17,306,10.13,19.9,197.35,86.27,69.12,108.25,1258.27,13.98,0.0,173.95,2000.0
WTG_17,307,11.67,17.81,211.23,87.07,71.76,106.91,1463.85,16.26,0.0,177.94,2000.0
WTG_17,308,10.86,14.58,206.49,85.39,70.5,105.27,1362.03,15.13,0.0,173.36,2000.0
WTG_17,309,8.51,13.09,224.6,80.43,70.03,88.23,1077.89,11.98,0.0,173.99,1331.75
WTG_17,310,6.94,23.14,202.35,77.11,68.3,88.63,886.32,9.85,0.0,175.38,728.29
WTG_17,311,9.44,19.3,213.99,85.72,69.89,105.07,1199.13,13.32,0.0,173.78,1853.24
WTG_17,312,4.78,18.9,225.29,73.24,68.03,76.08,585.53,6.51,0.0,177.03,255.78
WTG_17,313,3.19,22.45,224.74,72.77,67.41,76.4,540.0,6.0,0.0,176.23,70.07
WTG_17,314,9.52,18.21,238.65,84.05,69.99,105.79,1180.11,13.11,0.0,175.64,1884.77
WTG_17,315,11.4,14.14,209.36,87.48,72.63,103.71,1461.45,16.24,0.0,173.36,2000.0
WTG_17,316,13.05,20.32,191.7,88.26,73.2,111.97,1625.61,18.06,2.63,174.3,2000.0
WTG_17,317,8.98,14.81,205.47,83.28,70.6,98.04,1111.38,12.35,0.0,177.36,1580.51
WTG_17,318,8.09,20.35,209.11,80.03,70.96,95.65,1036.2,11.51,0.0,175.66,1144.4
WTG_17,319,12.52,11.07,193.08,87.9,74.49,101.0,1588.01,17.64,1.31,175.21,2000.0
WTG_17,320,8.82,20.49,217.64,83.66,70.98,103.51,1102.35,12.25,0.0,178.27,1516.73
WTG_17,321,4.22,23.16,221.74,73.52,68.94,79.63,540.0,6.0,0.0,173.41,159.37
WTG_17,322,7.1,14.14,204.55,77.31,70.8,81.74,892.57,9.92,0.0,175.49,793.47
WTG_17,323,6.83,26.07,222.02,77.79,69.41,91.94,876.35,9.74,0.0,173.77,699.9
WTG_17,324,12.79,22.03,178.85,88.79,73.16,110.81,1594.39,17.72,1.99,172.37,2000.0
WTG_17,325,10.8,18.82,214.52,88.43,73.44,110.46,1380.84,15.34,0.0,172.68,2000.0
WTG_17,326,7.93,14.39,178.98,80.83,71.87,89.32,985.42,10.95,0.0,175.24,1108.17
WTG_17,327,4.6,16.25,208.67,72.4,69.37,75.94,564.85,6.28,0.0,174.95,237.14
WTG_17,328,8.05,14.4,229.17,82.01,71.36,89.55,1004.98,11.17,0.0,174.18,1135.4
WTG_17,329,10.11,17.79,215.21,87.7,71.51,108.91,1235.29,13.73,0.0,172.84,2000.0
WTG_17,330,8.26,18.66,202.0,82.88,72.12,95.93,1049.73,11.66,0.0,173.06,1249.58
WTG_17,331,9.62,16.3,195.72,87.64,71.55,107.41,1202.64,13.36,0.0,174.19,1980.99
WTG_17,332,9.87,20.82,251.19,90.77,72.73,112.54,1258.4,13.98,0.0,172.79,2000.0
WTG_17,333,11.64,12.99,184.1,89.04,73.07,106.27,1452.11,16.13,0.0,174.04,2000.0
WTG_17,334,9.86,17.93,226.85,89.31,72.09,110.48,1255.95,13.95,0.0,173.61,2000.0
WTG_17,335,8.16,18.54,222.62,84.11,71.14,96.97,1008.98,11.21,0.0,172.75,1199.18
WTG_17,336,11.96,15.11,213.69,89.34,74.19,105.6,1546.44,17.18,0.0,173.45,2000.0
WTG_17,337,5.91,20.53,215.47,76.35,72.58,85.44,724.11,8.05,0.0,173.2,435.4
WTG_17,338,10.29,20.41,205.78,88.54,73.99,111.78,1283.86,14.27,0.0,171.19,2000.0
WTG_17,339,12.54,16.85,212.06,89.6,74.4,110.49,1591.55,17.68,1.35,173.04,2000.0
WTG_17,340,11.71,29.43,221.58,89.09,74.03,122.74,1460.33,16.23,0.0,171.43,2000.0
WTG_17,341,8.07,8.77,212.58,82.2,72.56,85.08,1027.29,11.41,0.0,170.59,1157.73
WTG_17,342,10.31,20.32,221.87,88.5,73.16,114.23,1294.23,14.38,0.0,173.35,2000.0
WTG_17,343,7.07,26.57,212.34,81.07,72.02,98.36,892.28,9.91,0.0,171.25,791.82
WTG_17,344,13.17,18.15,219.12,89.01,74.81,111.55,1653.31,18.37,2.93,170.23,2000.0
WTG_17,345,7.57,9.6,195.89,81.16,72.36,84.93,953.83,10.6,0.0,172.94,969.53
WTG_17,346,11.05,18.48,207.25,91.23,75.79,113.61,1399.03,15.54,0.0,171.63,2000.0
WTG_17,347,5.99,20.41,231.15,77.13,71.12,83.48,709.28,7.88,0.0,172.0,451.57
WTG_17,348,12.1,17.25,189.9,89.18,75.43,112.28,1528.69,16.99,0.26,170.87,2000.0
WTG_17,349,10.83,13.7,222.84,89.36,74.51,106.17,1357.39,15.08,0.0,170.76,2000.0
WTG_17,350,11.67,16.03,191.88,89.15,75.54,110.85,1465.56,16.28,0.0,171.57,2000.0
WTG_17,351,10.44,18.51,220.11,91.32,73.68,111.98,1317.15,14.63,0.0,170.33,2000.0
WTG_17,352,7.48,22.54,192.71,81.45,74.04,98.13,952.0,10.58,0.0,170.26,940.8
WTG_17,353,11.05,14.69,198.77,90.12,74.72,108.1,1383.57,15.37,0.0,171.95,2000.0
WTG_17,354,11.08,15.18,180.64,90.58,74.86,110.06,1389.4,15.44,0.0,169.75,2000.0
WTG_17,355,5.86,20.96,202.23,77.42,71.86,88.13,716.94,7.97,0.0,172.77,450.59
WTG_17,356,11.98,21.04,232.95,91.01,76.18,115.34,1544.58,17.16,0.0,170.47,2000.0
WTG_17,357,9.48,17.45,210.98,89.89,73.56,107.67,1217.28,13.53,0.0,171.91,1858.26
WTG_17,358,12.21,16.06,216.56,90.63,76.04,110.69,1533.84,17.04,0.54,170.6,2000.0
WTG_17,359,13.17,19.56,217.77,89.79,77.32,113.73,1649.04,18.32,2.92,166.96,2000.0
WTG_17,360,8.74,19.42,235.87,87.83,74.93,103.83,1105.47,12.28,0.0,170.47,1481.97
WTG_17,361,5.54,25.98,226.56,77.57,71.82,91.85,686.47,7.63,0.0,168.09,379.18
WTG_17,362,8.55,18.82,213.46,86.57,74.99,105.05,1058.48,11.76,0.0,166.45,1374.75
WTG_17,363,7.0,18.89,231.46,80.56,73.63,92.97,888.7,9.87,0.0,167.99,772.64
WTG_17,364,3.0,14.73,222.96,75.42,71.75,72.53,540.0,6.0,0.0,167.82,40.13
WTG_17,365,9.26,8.45,236.99,88.86,74.63,99.32,1165.36,12.95,0.0,169.22,1732.35
WTG_17,366,8.52,14.98,216.44,86.08,73.76,98.41,1035.61,11.51,0.0,166.84,1340.21
WTG_17,367,13.28,12.17,239.37,92.48,77.56,106.95,1637.51,18.19,3.21,168.22,2000.0
WTG_17,368,8.36,17.6,235.89,87.17,75.85,99.83,1065.35,11.84,0.0,167.66,1281.26
WTG_17,369,14.4,17.04,207.26,92.81,77.73,114.06,1800.0,20.0,6.01,168.78,2000.0
WTG_17,370,8.64,16.8,219.22,87.69,74.27,101.98,1081.71,12.02,0.0,167.87,1422.2
WTG_17,371,13.65,17.36,221.2,91.24,77.33,113.7,1758.53,19.54,4.12,167.76,2000.0
WTG_17,372,7.72,13.07,231.81,84.02,76.45,90.04,964.9,10.72,0.0,167.93,1031.09
WTG_17,373,6.5,18.14,202.61,82.73,73.81,89.22,780.9,8.68,0.0,167.81,593.6
WTG_17,374,7.86,26.17,212.68,86.65,74.35,108.08,993.83,11.04,0.0,169.93,1070.93
WTG_17,375,9.99,20.47,214.08,92.22,77.55,117.91,1261.97,14.02,0.0,167.71,2000.0
WTG_17,376,6.83,22.68,216.91,82.42,74.28,95.74,851.54,9.46,0.0,168.5,685.66
WTG_17,377,8.02,18.94,236.0,86.25,75.47,99.81,1007.09,11.19,0.0,166.03,1132.2
WTG_17,378,10.07,17.71,226.78,92.64,77.4,115.09,1287.68,14.31,0.0,167.15,2000.0
WTG_17,379,9.21,14.21,225.49,90.93,76.5,107.16,1164.81,12.94,0.0,168.63,1702.98
WTG_17,380,8.98,11.28,228.89,90.17,76.99,102.56,1170.93,13.01,0.0,166.88,1603.42
WTG_17,381,12.29,13.47,212.04,93.24,77.92,110.86,1556.47,17.29,0.72,165.43,2000.0
WTG_17,382,10.3,17.85,237.66,94.4,77.58,114.95,1277.8,14.2,0.0,168.12,2000.0
WTG_17,383,9.24,25.67,216.32,91.59,77.46,117.25,1185.05,13.17,0.0,163.2,1730.01
WTG_17,384,7.31,12.8,184.57,84.56,76.4,90.17,934.11,10.38,0.0,166.49,846.61
WTG_17,385,9.51,19.88,211.0,93.54,76.86,117.77,1184.83,13.16,0.0,167.01,1854.58
WTG_17,386,11.38,20.82,226.56,94.46,77.97,118.43,1441.84,16.02,0.0,166.37,2000.0
WTG_17,387,12.23,17.5,220.97,93.46,77.99,116.53,1517.12,16.86,0.57,165.48,2000.0
WTG_17,388,10.97,21.06,205.69,94.01,78.68,120.76,1347.27,14.97,0.0,165.33,2000.0
WTG_17,389,10.85,28.25,217.12,94.96,79.27,126.98,1362.95,15.14,0.0,164.64,2000.0
WTG_17,390,7.7,13.4,221.01,88.33,77.44,92.95,972.76,10.81,0.0,166.01,1002.22
WTG_17,391,8.15,16.68,216.5,90.23,77.21,101.23,1021.93,11.35,0.0,165.24,1195.6
WTG_17,392,7.72,16.39,234.1,88.52,76.53,98.18,963.33,10.7,0.0,164.41,998.24
WTG_17,393,5.96,16.49,215.92,83.29,76.36,88.17,721.85,8.02,0.0,164.85,472.62
WTG_17,394,12.23,13.69,215.01,93.54,78.64,113.69,1559.53,17.33,0.59,166.83,2000.0
WTG_17,395,7.92,20.6,220.74,89.14,78.54,103.43,1008.42,11.2,0.0,163.97,1109.28
WTG_17,396,10.3,19.93,228.52,94.29,78.45,120.43,1265.49,14.06,0.0,163.97,2000.0
WTG_17,397,12.55,13.32,214.24,95.62,79.26,115.09,1545.45,17.17,1.37,165.46,2000.0
WTG_17,398,9.18,22.55,218.41,92.79,79.18,118.01,1169.55,13.0,0.0,162.12,1715.03
WTG_17,399,5.81,19.99,215.67,84.33,76.48,91.51,705.23,7.84,0.0,165.76,439.35
WTG_17,400,6.72,24.83,215.14,84.3,77.49,101.3,845.65,9.4,0.0,166.81,647.15
WTG_17,401,15.51,17.51,214.75,95.77,81.41,119.11,1800.0,20.0,8.79,163.79,2000.0
WTG_17,402,7.47,17.62,211.44,86.54,78.76,98.08,926.71,10.3,0.0,161.23,903.03
WTG_17,403,5.93,13.03,211.12,84.67,79.14,85.54,767.48,8.53,0.0,161.6,448.61
WTG_17,404,8.78,17.83,246.31,91.42,79.88,109.72,1074.63,11.94,0.0,165.3,1503.88
WTG_17,405,10.68,20.29,206.37,98.54,79.85,121.87,1378.71,15.32,0.0,160.6,2000.0
WTG_17,406,7.48,19.13,231.54,88.19,79.49,101.27,951.6,10.57,0.0,162.83,893.5
WTG_17,407,10.22,17.05,224.78,97.51,81.17,119.22,1334.45,14.83,0.0,162.11,2000.0
WTG_17,408,11.38,15.6,218.86,98.22,81.49,117.64,1408.72,15.65,0.0,161.74,2000.0
WTG_17,409,9.37,22.38,236.45,96.23,79.34,121.9,1154.45,12.83,0.0,161.21,1795.09
WTG_17,410,10.77,18.14,219.52,97.58,80.98,121.47,1337.2,14.86,0.0,160.46,2000.0
WTG_17,411,8.93,24.02,233.42,93.06,80.89,118.97,1126.56,12.52,0.0,158.32,1542.68
WTG_17,412,10.75,15.75,215.12,97.89,81.96,118.35,1370.43,15.23,0.0,159.85,2000.0
WTG_17,413,12.15,23.3,211.65,97.57,82.73,125.41,1521.28,16.9,0.37,160.41,2000.0
WTG_17,414,11.45,14.12,212.58,98.33,82.86,118.3,1449.03,16.1,0.0,160.57,2000.0
WTG_17,415,9.05,23.97,242.06,96.09,81.84,121.74,1138.8,12.65,0.0,161.32,1622.08
WTG_17,416,8.11,11.32,250.67,92.03,80.72,99.33,1050.67,11.67,0.0,159.65,1161.87
WTG_17,417,10.73,13.46,215.79,98.99,81.79,118.92,1367.55,15.2,0.0,160.54,2000.0
WTG_17,418,7.03,23.81,222.13,88.64,81.57,105.5,888.45,9.87,0.0,158.88,778.44
WTG_17,419,7.92,12.97,226.52,90.47,80.73,99.26,994.58,11.05,0.0,160.38,1097.18
WTG_17,420,7.5,19.88,214.0,91.37,81.08,105.07,973.7,10.82,0.0,158.28,927.22
WTG_17,421,8.9,16.14,250.13,94.91,82.29,112.2,1099.38,12.22,0.0,159.61,1579.4
WTG_17,422,8.57,14.68,223.42,93.89,82.15,108.94,1072.67,11.92,0.0,158.86,1394.69
WTG_17,423,5.69,24.93,229.3,85.66,81.44,102.24,704.33,7.83,0.0,160.05,413.32
WTG_17,424,6.49,10.04,242.86,89.56,80.76,89.6,815.38,9.06,0.0,158.64,596.17
WTG_17,425,9.62,24.52,215.17,98.7,83.39,129.76,1201.35,13.35,0.0,158.38,1953.99
WTG_17,426,6.69,7.02,210.09,91.23,81.85,87.37,838.75,9.32,0.0,157.96,630.15
WTG_17,427,10.84,16.8,220.27,100.35,85.15,122.4,1391.61,15.46,0.0,157.21,2000.0
WTG_17,428,9.32,19.2,204.91,99.77,83.59,122.02,1182.77,13.14,0.0,156.26,1811.25
WTG_17,429,6.51,18.65,216.48,89.86,82.26,97.66,794.08,8.82,0.0,157.47,601.39
WTG_17,430,10.04,12.93,211.41,100.6,85.48,117.68,1264.41,14.05,0.0,159.46,2000.0
WTG_17,431,9.85,13.1,233.28,101.56,83.94,119.25,1242.4,13.8,0.0,158.86,2000.0
WTG_17,432,8.02,12.4,194.76,94.08,82.49,102.62,988.26,10.98,0.0,158.13,1146.87
WTG_17,433,10.58,18.65,214.3,100.66,84.35,124.55,1326.47,14.74,0.0,157.21,2000.0
WTG_17,434,10.2,22.47,227.31,101.51,83.73,127.81,1288.74,14.32,0.0,156.04,2000.0
WTG_17,435,7.74,20.45,209.07,93.77,83.25,109.96,1025.96,11.4,0.0,155.9,1013.14
WTG_17,436,6.55,10.67,232.21,90.71,82.89,93.08,837.23,9.3,0.0,155.84,623.88
WTG_17,437,11.81,17.6,221.67,103.01,85.65,124.87,1494.9,16.61,0.0,153.96,2000.0
WTG_17,438,10.73,10.86,249.38,103.23,85.76,119.18,1367.18,15.19,0.0,155.14,2000.0
WTG_17,439,10.38,12.33,224.84,101.87,84.83,121.67,1295.85,14.4,0.0,153.16,2000.0
WTG_17,440,10.02,13.48,243.82,102.87,84.86,121.96,1270.43,14.12,0.0,153.09,2000.0
WTG_17,441,12.08,10.01,211.99,102.39,86.23,117.83,1502.28,16.69,0.19,152.8,2000.0
WTG_17,442,8.43,12.79,196.72,98.52,85.95,109.19,1073.28,11.93,0.0,152.92,1298.75
WTG_17,443,14.3,8.59,211.05,102.56,87.24,117.25,1800.0,20.0,5.76,154.26,2000.0
WTG_17,444,7.83,24.63,214.15,96.63,84.02,117.13,1012.52,11.25,0.0,155.64,1060.74
WTG_17,445,7.33,21.39,202.3,94.45,84.69,111.19,915.66,10.17,0.0,150.98,885.68
WTG_17,446,8.56,17.74,212.65,97.89,84.0,116.43,1102.78,12.25,0.0,153.18,1364.25
WTG_17,447,8.18,17.15,242.6,96.94,84.95,111.24,1059.85,11.78,0.0,153.3,1178.65
WTG_17,448,4.7,19.47,218.06,88.53,84.69,94.86,606.66,6.74,0.0,151.35,229.34
WTG_17,449,8.21,16.86,198.6,97.88,84.8,112.43,1031.55,11.46,0.0,153.88,1215.25
WTG_17,450,5.63,13.7,236.81,91.21,85.22,95.24,738.26,8.2,0.0,151.44,390.84
WTG_17,451,7.79,15.96,203.85,95.37,86.2,110.27,996.88,11.08,0.0,152.88,1043.9
WTG_17,452,13.01,15.76,239.69,104.5,89.59,127.09,1662.93,18.48,2.52,153.65,2000.0
WTG_17,453,10.03,17.68,223.97,104.88,87.69,127.9,1257.74,13.97,0.0,150.7,2000.0
WTG_17,454,10.46,19.55,218.95,105.56,88.32,130.84,1342.79,14.92,0.0,153.63,2000.0
WTG_17,455,13.07,13.4,191.37,105.06,90.53,127.55,1637.78,18.2,2.67,150.05,2000.0
WTG_17,456,9.56,18.81,230.79,105.85,87.42,130.61,1179.97,13.11,0.0,149.06,1941.12
WTG_17,457,4.77,19.06,232.17,91.31,86.65,99.03,597.67,6.64,0.0,153.77,254.9
WTG_17,458,4.57,16.05,212.21,91.56,86.37,96.5,589.52,6.55,0.0,151.21,233.26
WTG_17,459,10.75,10.07,249.39,105.51,89.26,123.25,1349.58,15.0,0.0,146.71,2000.0
WTG_17,460,13.44,20.97,203.58,106.29,89.98,133.49,1700.54,18.89,3.61,151.5,2000.0
WTG_17,461,11.05,18.03,229.53,106.55,88.92,129.85,1390.29,15.45,0.0,146.32,2000.0
WTG_17,462,7.98,21.14,244.55,99.45,87.43,119.18,1013.25,11.26,0.0,149.11,1097.66
WTG_17,463,7.76,21.69,225.71,99.17,88.72,113.84,997.59,11.08,0.0,148.4,1012.89
WTG_17,464,7.47,18.22,221.75,99.42,89.84,109.83,945.97,10.51,0.0,149.2,911.83
WTG_17,465,11.72,15.19,230.7,106.6,88.74,129.1,1469.36,16.33,0.0,149.25,2000.0
WTG_17,466,6.62,16.88,204.97,97.29,88.14,104.23,843.76,9.38,0.0,147.83,632.37
WTG_17,467,12.77,26.38,204.09,107.22,91.57,141.09,1625.35,18.06,1.93,147.28,2000.0
WTG_17,468,10.53,22.74,237.73,108.73,91.54,135.92,1308.8,14.54,0.0,148.55,2000.0
WTG_17,469,10.84,12.41,242.18,108.69,90.47,126.62,1403.37,15.59,0.0,146.86,2000.0
WTG_17,470,6.79,17.03,231.64,98.17,87.64,108.23,839.97,9.33,0.0,147.88,683.17
WTG_17,471,9.57,22.63,241.17,108.1,90.29,135.54,1216.34,13.51,0.0,147.87,1930.47
WTG_17,472,9.99,18.56,207.04,107.41,91.09,135.94,1210.35,13.45,0.0,147.51,2000.0
WTG_17,473,7.91,13.82,218.65,102.04,90.07,113.36,995.83,11.06,0.0,148.95,1104.36
WTG_17,474,9.78,18.76,202.5,109.15,90.67,134.18,1208.25,13.43,0.0,145.19,2000.0
WTG_17,475,7.1,10.58,230.8,100.14,90.67,104.48,907.78,10.09,0.0,147.45,789.97
WTG_17,476,11.98,24.31,198.71,110.87,92.83,141.0,1517.48,16.86,0.0,146.08,2000.0
WTG_17,477,9.53,24.59,246.29,107.45,92.45,138.24,1229.15,13.66,0.0,145.08,1898.8
WTG_17,478,8.84,18.01,237.46,106.28,93.46,124.55,1097.81,12.2,0.0,145.53,1531.59
WTG_17,479,10.54,16.36,219.29,109.76,91.74,134.11,1351.52,15.02,0.0,145.54,2000.0
WTG_17,480,10.43,17.48,240.88,109.97,94.7,135.55,1342.65,14.92,0.0,142.63,2000.0
WTG_17,481,10.09,18.92,226.35,111.41,92.47,136.06,1268.1,14.09,0.0,143.62,2000.0
WTG_17,482,8.56,21.55,246.24,106.61,92.47,130.05,1075.09,11.95,0.0,144.69,1397.84
WTG_17,483,8.66,21.34,209.84,107.34,92.79,127.62,1087.4,12.08,0.0,142.58,1433.49
WTG_17,484,7.92,18.97,208.95,104.54,92.48,119.07,1023.6,11.37,0.0,143.75,1098.67
WTG_17,485,10.87,17.39,244.54,111.66,94.34,136.96,1368.57,15.21,0.0,141.7,2000.0
WTG_17,486,10.62,22.22,261.46,110.56,93.55,142.47,1339.19,14.88,0.0,146.32,2000.0
WTG_17,487,7.98,18.21,189.98,104.98,92.53,120.62,1017.69,11.31,0.0,140.71,1121.62
WTG_17,488,6.85,12.92,213.55,101.24,92.74,107.23,842.07,9.36,0.0,140.85,715.19
WTG_17,489,6.27,21.91,226.16,99.82,92.24,112.62,776.54,8.63,0.0,141.48,527.15
WTG_17,490,7.23,14.88,247.57,104.57,92.49,112.47,906.64,10.07,0.0,139.51,828.88
WTG_17,491,9.18,20.43,192.73,110.81,93.76,135.95,1171.62,13.02,0.0,144.05,1704.23
WTG_17,492,7.98,16.73,229.54,107.13,94.16,121.01,998.45,11.09,0.0,144.27,1115.84
WTG_17,493,12.66,13.81,255.46,113.12,96.85,134.26,1620.04,18.0,1.65,141.1,2000.0
WTG_17,494,13.38,18.56,203.6,115.29,96.57,139.27,1679.09,18.66,3.45,140.05,2000.0
WTG_17,495,13.0,21.84,238.02,114.16,98.66,141.96,1642.07,18.25,2.5,136.15,2000.0
WTG_17,496,10.11,23.61,232.38,113.49,95.06,144.3,1237.91,13.75,0.0,137.58,2000.0
WTG_17,497,9.51,15.41,209.74,113.69,97.28,135.84,1240.89,13.79,0.0,142.54,1883.23
WTG_17,498,7.26,22.19,237.16,105.04,97.26,120.67,932.63,10.36,0.0,138.07,854.41
WTG_17,499,10.7,19.16,231.91,115.74,96.99,143.06,1361.44,15.13,0.0,138.6,2000.0
WTG_18,1,10.17,15.7,175.93,75.49,59.83,97.59,1300.25,14.45,0.0,183.47,2000.0
WTG_18,2,10.05,14.05,217.7,76.41,59.84,97.65,1259.75,14.0,0.0,186.1,2000.0
WTG_18,3,6.86,21.27,174.83,65.73,59.36,80.32,855.87,9.51,0.0,183.07,709.15
WTG_18,4,8.89,23.55,167.27,72.85,60.0,96.78,1127.5,12.53,0.0,181.31,1527.03
WTG_18,5,9.31,17.81,188.75,73.95,59.55,97.24,1154.86,12.83,0.0,182.78,1796.3
WTG_18,6,12.95,12.21,177.96,75.36,62.1,94.63,1656.61,18.41,2.38,185.12,2000.0
WTG_18,7,13.36,17.14,176.95,76.49,62.34,98.31,1675.52,18.62,3.39,181.89,2000.0
WTG_18,8,12.24,12.82,173.69,76.16,61.46,95.74,1576.87,17.52,0.61,184.94,2000.0
WTG_18,9,10.01,17.13,175.7,74.36,60.9,100.49,1260.43,14.0,0.0,183.14,2000.0
WTG_18,10,7.3,14.43,151.44,67.62,61.1,75.67,920.47,10.23,0.0,185.08,861.53
WTG_18,11,4.97,16.12,196.27,63.24,59.47,67.24,628.5,6.98,0.0,183.27,286.5
WTG_18,12,11.21,14.06,213.03,76.31,61.6,97.79,1404.28,15.6,0.0,182.31,2000.0
WTG_18,13,6.05,14.61,184.17,64.31,59.04,70.01,774.32,8.6,0.0,184.77,496.31
WTG_18,14,5.46,19.84,190.47,62.99,58.97,70.49,675.07,7.5,0.0,181.88,370.24
WTG_18,15,11.51,21.24,150.15,77.67,60.91,103.45,1447.18,16.08,0.0,182.4,2000.0
WTG_18,16,8.16,15.66,199.53,69.92,58.37,82.32,1025.63,11.4,0.0,183.15,1188.54
WTG_18,17,6.15,20.16,180.73,65.38,58.18,75.87,785.23,8.72,0.0,182.7,519.98
WTG_18,18,9.27,19.83,197.95,75.38,60.01,97.72,1169.99,13.0,0.0,182.26,1768.88
WTG_18,19,7.68,18.94,179.73,67.89,58.53,81.81,963.81,10.71,0.0,184.08,999.62
WTG_18,20,9.74,14.64,172.49,76.78,61.55,97.38,1214.91,13.5,0.0,185.76,2000.0
WTG_18,21,8.1,19.43,178.69,69.09,60.54,86.11,1033.59,11.48,0.0,181.82,1184.08
WTG_18,22,11.71,19.34,184.66,76.55,60.53,103.77,1480.59,16.45,0.0,182.17,2000.0
WTG_18,23,6.19,20.58,168.1,63.43,58.83,77.12,796.49,8.85,0.0,182.76,533.27
WTG_18,24,7.15,17.53,190.23,66.97,60.61,77.41,892.7,9.92,0.0,182.59,793.6
WTG_18,25,8.36,11.93,181.85,69.0,60.51,79.37,1063.41,11.82,0.0,183.16,1277.11
WTG_18,26,12.88,19.49,153.5,75.15,60.87,100.95,1601.65,17.8,2.21,184.42,2000.0
WTG_18,27,11.19,11.36,214.53,75.18,60.34,94.72,1425.86,15.84,0.0,184.2,2000.0
WTG_18,28,9.92,16.72,179.38,74.86,60.84,100.59,1265.23,14.06,0.0,181.25,2000.0
WTG_18,29,8.92,9.35,200.19,72.62,60.11,84.19,1108.2,12.31,0.0,185.82,1563.22
WTG_18,30,8.19,17.11,166.12,70.01,59.48,85.9,999.47,11.11,0.0,183.45,1198.84
WTG_18,31,12.57,18.53,174.82,75.53,62.18,100.6,1560.69,17.34,1.43,182.04,2000.0
WTG_18,32,8.72,17.68,175.95,72.95,59.69,89.28,1108.65,12.32,0.0,183.03,1456.09
WTG_18,33,11.02,20.08,175.21,75.13,62.1,101.8,1370.82,15.23,0.0,182.28,2000.0
WTG_18,34,10.79,18.01,198.88,75.67,59.25,98.91,1383.01,15.37,0.0,183.59,2000.0
WTG_18,35,11.75,14.25,189.74,75.62,61.95,96.62,1473.07,16.37,0.0,183.93,2000.0
WTG_18,36,7.74,19.35,153.09,68.61,59.23,80.97,951.83,10.58,0.0,183.51,1005.59
WTG_18,37,5.21,21.45,191.37,63.91,57.35,72.5,630.27,7.0,0.0,183.84,317.31
WTG_18,38,7.45,19.23,175.4,66.98,58.46,81.9,914.05,10.16,0.0,183.83,918.52
WTG_18,39,12.84,19.97,177.61,77.24,61.55,100.8,1629.19,18.1,2.09,182.58,2000.0
WTG_18,40,7.68,21.69,168.46,68.06,60.61,86.06,959.56,10.66,0.0,182.25,998.85
WTG_18,41,10.63,16.59,210.45,76.95,60.66,98.96,1335.09,14.83,0.0,182.83,2000.0
WTG_18,42,10.58,27.91,192.95,76.94,61.02,112.74,1339.53,14.88,0.0,186.07,2000.0
WTG_18,43,9.3,19.31,184.13,74.17,61.71,97.81,1154.35,12.83,0.0,181.62,1782.53
WTG_18,44,10.12,21.4,192.58,76.3,60.81,102.78,1280.7,14.23,0.0,186.46,2000.0
WTG_18,45,9.78,18.11,209.8,75.45,61.43,99.65,1207.62,13.42,0.0,182.13,2000.0
WTG_18,46,10.5,18.87,170.65,76.96,60.99,101.94,1308.23,14.54,0.0,182.67,2000.0
WTG_18,47,10.19,12.47,171.86,77.54,61.21,93.73,1300.82,14.45,0.0,184.69,2000.0
WTG_18,48,5.7,20.76,181.11,62.39,58.36,71.33,705.23,7.84,0.0,185.1,407.0
WTG_18,49,9.75,17.41,192.38,76.57,59.83,101.11,1208.05,13.42,0.0,183.13,2000.0
WTG_18,50,4.5,18.97,180.46,62.33,57.93,66.07,602.89,6.7,0.0,183.91,196.38
WTG_18,51,9.8,21.72,159.4,76.37,58.79,105.26,1244.08,13.82,0.0,181.84,2000.0
WTG_18,52,11.26,24.89,197.26,76.21,60.5,107.84,1423.83,15.82,0.0,183.21,2000.0
WTG_18,53,6.11,14.14,184.77,65.1,58.87,68.39,745.75,8.29,0.0,182.3,501.77
WTG_18,54,10.04,12.07,183.86,76.31,62.01,95.11,1267.26,14.08,0.0,185.24,2000.0
WTG_18,55,11.13,23.93,178.43,75.32,60.64,105.7,1366.22,15.18,0.0,184.19,2000.0
WTG_18,56,12.55,22.68,184.13,74.94,61.64,105.97,1548.52,17.21,1.38,186.62,2000.0
WTG_18,57,9.22,9.3,162.28,74.97,59.04,85.72,1158.97,12.88,0.0,179.79,1755.07
WTG_18,58,10.68,15.43,175.79,75.33,61.13,97.79,1363.16,15.15,0.0,184.8,2000.0
WTG_18,59,6.34,19.1,178.87,64.14,59.51,74.73,795.21,8.84,0.0,181.52,557.26
WTG_18,60,9.51,16.36,178.78,75.3,60.89,96.75,1209.87,13.44,0.0,179.91,1887.24
WTG_18,61,11.51,10.25,169.13,74.79,61.45,93.71,1443.41,16.04,0.0,183.09,2000.0
WTG_18,62,8.09,22.68,178.72,69.02,59.1,91.26,975.08,10.83,0.0,181.95,1168.93
WTG_18,63,7.37,14.12,196.05,67.36,59.73,76.35,945.16,10.5,0.0,185.09,888.87
WTG_18,64,14.41,19.74,176.79,77.1,62.14,102.41,1778.01,19.76,6.04,184.57,2000.0
WTG_18,65,5.11,9.8,179.59,62.69,58.95,58.67,629.41,6.99,0.0,183.11,315.5
WTG_18,66,7.83,18.76,198.39,68.65,59.14,83.66,980.38,10.89,0.0,180.05,1072.76
WTG_18,67,11.79,17.61,194.59,74.07,62.59,99.24,1507.7,16.75,0.0,183.43,2000.0
WTG_18,68,7.77,18.3,202.39,68.32,60.7,80.85,958.22,10.65,0.0,182.2,1056.0
WTG_18,69,5.93,12.83,205.83,64.52,59.49,65.09,730.04,8.11,0.0,184.39,474.73
WTG_18,70,12.22,22.05,186.07,76.59,61.22,104.53,1508.31,16.76,0.54,184.86,2000.0
WTG_18,71,9.54,23.93,190.48,76.12,60.32,106.32,1197.72,13.31,0.0,181.53,1922.84
WTG_18,72,8.27,27.46,207.8,68.42,59.73,96.07,1059.12,11.77,0.0,185.2,1229.8
WTG_18,73,6.23,18.86,182.91,64.23,58.5,73.9,788.25,8.76,0.0,184.21,540.17
WTG_18,74,10.34,13.83,168.99,75.63,60.75,96.45,1319.92,14.67,0.0,183.32,2000.0
WTG_18,75,10.66,24.21,186.56,75.92,60.6,107.53,1326.0,14.73,0.0,181.61,2000.0
WTG_18,76,7.65,17.21,199.91,67.6,60.83,80.77,975.55,10.84,0.0,184.27,1001.47
WTG_18,77,9.5,15.08,182.86,75.58,61.29,96.95,1207.48,13.42,0.0,183.1,1893.63
WTG_18,78,7.03,13.42,194.83,66.16,60.12,72.07,910.86,10.12,0.0,183.23,767.05
WTG_18,79,6.37,20.64,170.96,66.22,57.51,76.56,820.47,9.12,0.0,183.96,562.58
WTG_18,80,7.87,26.32,211.52,68.35,59.1,91.94,1003.61,11.15,0.0,180.78,1066.96
WTG_18,81,9.24,18.53,171.86,74.01,60.31,95.51,1172.46,13.03,0.0,182.92,1727.44
WTG_18,82,10.36,22.45,200.32,75.51,60.21,103.94,1323.84,14.71,0.0,182.73,2000.0
WTG_18,83,5.96,16.67,178.75,65.26,60.0,70.3,774.93,8.61,0.0,183.19,464.35
WTG_18,84,10.94,12.15,200.65,76.27,60.84,95.79,1405.4,15.62,0.0,185.87,2000.0
WTG_18,85,5.68,18.36,193.95,62.92,59.82,69.32,728.59,8.1,0.0,183.53,393.76
WTG_18,86,7.69,16.63,214.55,69.48,60.42,79.47,968.91,10.77,0.0,183.31,1020.73
WTG_18,87,11.93,22.91,190.97,74.17,61.08,107.31,1507.61,16.75,0.0,181.5,2000.0
WTG_18,88,9.71,21.02,179.19,76.18,60.94,104.25,1216.21,13.51,0.0,181.8,2000.0
WTG_18,89,12.42,17.7,153.74,75.63,60.97,100.24,1544.43,17.16,1.06,185.29,2000.0
WTG_18,90,10.45,14.27,215.57,75.44,60.92,97.41,1331.4,14.79,0.0,184.94,2000.0
WTG_18,91,5.29,17.88,192.62,63.0,59.05,67.36,670.96,7.46,0.0,183.27,317.27
WTG_18,92,3.7,12.11,167.85,60.76,58.71,59.65,540.0,6.0,0.0,183.6,118.15
WTG_18,93,11.56,13.34,192.02,77.24,61.81,95.42,1457.38,16.19,0.0,182.1,2000.0
WTG_18,94,8.65,22.26,198.63,71.22,58.57,94.78,1095.61,12.17,0.0,184.05,1414.26
WTG_18,95,15.6,18.99,206.44,76.61,63.08,101.7,1800.0,20.0,8.99,184.1,2000.0
WTG_18,96,12.7,18.6,206.61,77.0,60.76,100.89,1621.43,18.02,1.74,183.18,2000.0
WTG_18,97,9.36,21.19,179.69,73.75,60.0,98.94,1155.02,12.83,0.0,185.43,1803.81
WTG_18,98,9.43,15.98,177.27,74.03,60.29,96.45,1179.46,13.11,0.0,181.7,1869.08
WTG_18,99,6.67,13.86,191.3,65.31,59.62,72.63,850.3,9.45,0.0,183.76,666.95
WTG_18,100,9.18,15.49,178.1,73.78,62.29,92.26,1181.56,13.13,0.0,182.67,1696.18
WTG_18,101,9.53,11.82,182.13,76.49,59.97,91.83,1188.57,13.21,0.0,183.05,1891.17
WTG_18,102,7.04,16.78,184.26,66.83,59.66,75.74,881.92,9.8,0.0,183.51,748.22
WTG_18,103,7.85,17.62,162.04,68.53,60.06,84.3,997.29,11.08,0.0,184.49,1046.81
WTG_18,104,3.8,15.36,186.51,61.72,58.43,61.75,540.0,6.0,0.0,182.31,94.58
WTG_18,105,9.09,21.4,196.58,73.94,60.56,96.45,1133.63,12.6,0.0,181.84,1648.47
WTG_18,106,11.49,21.75,198.53,74.84,61.13,105.36,1460.22,16.22,0.0,182.82,2000.0
WTG_18,107,8.23,29.16,193.87,70.57,60.3,97.39,1033.42,11.48,0.0,181.5,1219.93
WTG_18,108,10.16,15.08,177.54,76.69,62.83,98.34,1277.55,14.19,0.0,182.53,2000.0
WTG_18,109,7.34,16.9,185.43,66.87,60.92,79.18,953.87,10.6,0.0,182.22,856.11
WTG_18,110,13.6,10.4,187.7,75.72,62.08,92.86,1711.81,19.02,4.01,182.6,2000.0
WTG_18,111,14.52,24.19,173.49,75.93,62.68,106.23,1800.0,20.0,6.29,181.39,2000.0
WTG_18,112,8.13,13.24,195.6,69.89,59.27,80.24,1026.26,11.4,0.0,181.33,1152.67
WTG_18,113,12.02,18.64,198.05,76.99,63.6,102.44,1486.42,16.52,0.05,185.08,2000.0
WTG_18,114,10.61,13.49,189.05,77.31,60.94,95.97,1366.16,15.18,0.0,180.78,2000.0
WTG_18,115,13.25,13.64,189.24,75.41,61.63,95.87,1661.67,18.46,3.12,184.38,2000.0
WTG_18,116,9.94,14.16,228.96,75.65,61.09,96.22,1241.42,13.79,0.0,184.42,2000.0
WTG_18,117,4.14,20.68,178.53,61.82,58.99,67.84,542.2,6.02,0.0,182.26,139.75
WTG_18,118,7.01,20.62,203.97,66.38,59.37,81.42,839.26,9.33,0.0,183.45,760.47
WTG_18,119,6.49,17.79,219.08,64.41,59.54,73.3,824.37,9.16,0.0,181.37,581.9
WTG_18,120,9.62,22.29,180.01,76.1,61.22,105.14,1193.03,13.26,0.0,182.07,1952.41
WTG_18,121,9.49,11.0,186.87,76.27,59.79,92.36,1179.34,13.1,0.0,186.03,1859.83
WTG_18,122,6.36,17.88,195.82,65.13,59.37,73.29,822.6,9.14,0.0,184.35,574.58
WTG_18,123,10.62,22.01,189.07,75.53,62.21,105.67,1344.92,14.94,0.0,180.94,2000.0
WTG_18,124,5.85,19.13,226.36,63.96,59.14,74.15,735.93,8.18,0.0,184.69,454.15
WTG_18,125,7.16,17.3,179.71,66.24,59.73,79.05,908.09,10.09,0.0,183.25,809.38
WTG_18,126,6.61,19.28,185.11,65.96,60.13,74.96,836.52,9.29,0.0,183.3,611.59
WTG_18,127,6.92,21.15,199.23,66.28,59.78,82.54,893.04,9.92,0.0,179.78,748.65
WTG_18,128,5.89,21.94,178.53,64.53,59.44,75.57,770.86,8.57,0.0,183.42,435.71
WTG_18,129,9.62,20.25,215.62,76.14,59.93,101.93,1224.5,13.61,0.0,185.32,1974.29
WTG_18,130,13.8,13.54,181.35,77.64,63.5,95.5,1732.73,19.25,4.49,181.02,2000.0
WTG_18,131,5.48,14.59,172.67,63.56,58.12,69.6,705.06,7.83,0.0,183.52,343.55
WTG_18,132,11.23,16.62,203.99,75.78,61.63,99.53,1408.16,15.65,0.0,180.77,2000.0
WTG_18,133,11.46,14.24,168.84,77.15,62.58,96.31,1456.43,16.18,0.0,183.82,2000.0
WTG_18,134,6.34,16.45,193.16,65.92,57.86,71.93,775.91,8.62,0.0,183.1,541.68
WTG_18,135,10.26,23.65,205.01,76.37,61.07,106.6,1297.93,14.42,0.0,183.33,2000.0
WTG_18,136,7.83,21.22,196.79,69.11,59.89,87.15,967.54,10.75,0.0,180.25,1057.55
WTG_18,137,8.06,17.48,186.15,69.57,60.24,83.8,1020.09,11.33,0.0,180.84,1145.49
WTG_18,138,13.8,16.02,191.73,76.14,61.74,97.76,1759.45,19.55,4.5,181.16,2000.0
WTG_18,139,7.79,20.32,180.19,70.58,60.45,85.71,964.26,10.71,0.0,182.36,1054.92
WTG_18,140,6.54,21.89,194.76,66.37,58.99,78.36,806.06,8.96,0.0,186.52,605.47
WTG_18,141,6.91,19.18,188.72,66.95,59.36,78.03,916.12,10.18,0.0,185.09,743.75
WTG_18,142,5.48,20.1,201.94,63.91,59.7,72.78,729.73,8.11,0.0,182.99,339.27
WTG_18,143,12.73,18.14,184.12,76.41,63.08,100.14,1576.22,17.51,1.82,185.83,2000.0
WTG_18,144,9.01,22.22,208.87,74.71,61.32,98.51,1117.5,12.42,0.0,183.3,1606.37
WTG_18,145,7.47,11.29,215.86,69.41,60.27,72.01,929.33,10.33,0.0,180.68,898.48
WTG_18,146,9.38,15.67,200.64,75.67,60.09,94.11,1176.72,13.07,0.0,183.59,1809.63
WTG_18,147,9.3,23.14,177.27,74.92,61.98,102.71,1173.64,13.04,0.0,181.53,1755.81
WTG_18,148,9.19,17.12,182.12,75.24,60.78,94.59,1146.04,12.73,0.0,181.71,1693.94
WTG_18,149,13.88,12.26,185.83,77.52,64.95,93.96,1748.28,19.43,4.71,180.67,2000.0
WTG_18,150,9.0,19.69,177.72,74.06,60.96,95.92,1139.13,12.66,0.0,183.16,1593.35
WTG_18,151,10.64,12.04,198.11,76.36,61.77,95.45,1358.79,15.1,0.0,182.21,2000.0
WTG_18,152,8.35,17.23,203.76,70.53,61.11,86.84,1022.97,11.37,0.0,181.62,1273.0
WTG_18,153,8.16,15.87,214.52,70.43,61.58,85.76,1026.39,11.4,0.0,182.19,1209.58
WTG_18,154,10.6,18.87,195.07,77.03,61.23,102.86,1330.59,14.78,0.0,180.49,2000.0
WTG_18,155,9.47,14.7,216.01,76.53,61.72,96.61,1206.67,13.41,0.0,179.83,1873.51
WTG_18,156,7.6,15.49,184.72,69.59,60.42,79.01,986.41,10.96,0.0,182.27,964.28
WTG_18,157,8.0,23.11,171.4,70.01,60.58,90.85,1023.4,11.37,0.0,181.98,1128.97
WTG_18,158,11.4,10.84,187.83,77.31,63.14,94.96,1421.26,15.79,0.0,181.62,2000.0
WTG_18,159,11.01,20.1,182.0,78.19,62.29,104.71,1375.74,15.29,0.0,183.88,2000.0
WTG_18,160,12.12,21.6,184.65,77.33,62.52,104.9,1530.63,17.01,0.3,179.91,2000.0
WTG_18,161,7.42,13.11,200.25,68.59,60.61,75.79,925.7,10.29,0.0,181.48,900.33
WTG_18,162,9.16,18.26,208.41,74.24,60.76,95.66,1156.47,12.85,0.0,182.83,1677.57
WTG_18,163,10.69,18.79,176.02,77.69,60.93,101.55,1334.26,14.83,0.0,182.77,2000.0
WTG_18,164,9.99,23.81,225.03,76.58,63.32,107.1,1242.46,13.81,0.0,183.86,2000.0
WTG_18,165,12.21,10.21,200.89,78.35,63.41,94.34,1540.96,17.12,0.52,183.01,2000.0
WTG_18,166,3.0,12.52,186.62,61.93,59.86,57.61,540.0,6.0,0.0,184.93,40.34
WTG_18,167,6.46,20.57,182.42,66.75,59.18,77.99,816.71,9.07,0.0,183.32,563.21
WTG_18,168,7.61,15.15,170.48,68.42,60.69,78.48,962.43,10.69,0.0,179.87,973.13
WTG_18,169,10.84,17.37,178.46,77.66,62.61,101.4,1385.62,15.4,0.0,181.54,2000.0
WTG_18,170,11.84,12.45,166.27,76.07,62.95,96.3,1478.74,16.43,0.0,182.72,2000.0
WTG_18,171,8.77,12.5,186.06,73.52,61.36,88.43,1106.7,12.3,0.0,182.34,1504.79
WTG_18,172,8.76,15.07,226.58,71.6,62.56,89.07,1083.18,12.04,0.0,183.3,1468.42
WTG_18,173,9.35,20.51,191.14,75.94,61.59,101.39,1125.5,12.51,0.0,180.75,1812.86
WTG_18,174,10.98,12.71,198.78,77.52,62.74,95.32,1371.44,15.24,0.0,178.21,2000.0
WTG_18,175,8.37,27.02,221.65,73.1,60.41,98.41,1047.49,11.64,0.0,178.07,1305.05
WTG_18,176,7.64,14.71,204.67,70.41,59.44,78.34,955.01,10.61,0.0,182.38,973.61
WTG_18,177,7.44,19.53,214.91,69.14,60.25,82.52,952.24,10.58,0.0,180.51,926.31
WTG_18,178,10.89,19.28,215.27,78.32,62.34,102.47,1396.21,15.51,0.0,183.8,2000.0
WTG_18,179,8.49,21.6,229.63,71.79,61.09,93.88,1041.94,11.58,0.0,180.2,1345.7
WTG_18,180,10.64,22.49,205.91,77.17,62.34,106.92,1350.24,15.0,0.0,180.98,2000.0
WTG_18,181,8.97,14.5,211.65,75.51,62.32,91.18,1127.67,12.53,0.0,180.81,1611.23
WTG_18,182,8.67,19.54,205.08,73.13,59.75,93.15,1087.19,12.08,0.0,181.51,1467.26
WTG_18,183,8.15,20.05,198.98,71.88,60.5,88.29,1021.65,11.35,0.0,183.44,1175.89
WTG_18,184,8.16,8.9,209.87,71.19,63.01,79.34,1057.59,11.75,0.0,183.78,1173.08
WTG_18,185,7.6,16.46,218.1,69.56,61.81,81.52,962.31,10.69,0.0,179.61,986.15
WTG_18,186,9.46,15.06,176.09,76.83,61.31,97.4,1162.28,12.91,0.0,182.05,1869.23
WTG_18,187,10.08,20.0,205.95,77.05,62.55,103.82,1259.36,13.99,0.0,178.39,2000.0
WTG_18,188,4.62,10.32,206.95,64.41,59.84,60.5,604.84,6.72,0.0,181.67,235.27
WTG_18,189,10.92,17.5,214.28,77.71,63.28,103.51,1362.22,15.14,0.0,179.56,2000.0
WTG_18,190,7.87,15.48,215.95,71.11,61.18,82.02,1011.67,11.24,0.0,181.69,1068.37
WTG_18,191,10.52,14.15,198.18,77.69,62.79,98.27,1321.26,14.68,0.0,179.61,2000.0
WTG_18,192,8.98,18.01,201.97,75.56,62.61,96.55,1131.02,12.57,0.0,182.29,1602.09
WTG_18,193,7.25,13.09,209.2,69.45,62.57,75.91,937.69,10.42,0.0,178.78,827.9
WTG_18,194,12.51,20.53,202.51,79.47,63.73,103.62,1589.53,17.66,1.27,180.13,2000.0
WTG_18,195,4.23,18.25,232.09,62.36,59.89,68.96,540.0,6.0,0.0,177.72,158.73
WTG_18,196,10.75,17.07,196.74,79.59,63.49,102.99,1335.34,14.84,0.0,178.66,2000.0
WTG_18,197,15.01,16.04,208.92,79.05,65.41,99.56,1800.0,20.0,7.51,178.43,2000.0
WTG_18,198,8.68,20.01,200.6,75.23,61.95,95.39,1077.11,11.97,0.0,178.15,1451.67
WTG_18,199,8.1,20.65,201.66,72.44,61.61,89.65,1006.39,11.18,0.0,181.06,1165.12
WTG_18,200,8.84,22.08,192.04,74.57,63.27,95.74,1120.63,12.45,0.0,181.06,1498.81
WTG_18,201,8.11,17.81,194.82,70.87,62.35,89.33,1022.13,11.36,0.0,179.99,1179.87
WTG_18,202,7.56,17.2,204.05,71.78,62.86,83.96,938.34,10.43,0.0,181.71,957.44
WTG_18,203,11.93,18.09,178.98,78.15,64.24,102.63,1521.45,16.9,0.0,183.14,2000.0
WTG_18,204,7.95,13.01,204.84,71.86,62.5,82.12,988.27,10.98,0.0,180.04,1099.03
WTG_18,205,5.57,20.09,201.95,65.84,60.54,75.28,704.07,7.82,0.0,177.46,370.72
WTG_18,206,12.94,18.84,194.6,77.93,63.96,103.21,1624.03,18.04,2.35,180.27,2000.0
WTG_18,207,10.42,18.91,207.92,78.07,62.69,103.71,1332.0,14.8,0.0,181.75,2000.0
WTG_18,208,10.85,8.05,204.61,78.49,62.86,92.46,1376.5,15.29,0.0,179.17,2000.0
WTG_18,209,13.03,15.28,197.31,78.73,65.15,101.38,1625.31,18.06,2.57,179.1,2000.0
WTG_18,210,10.31,16.39,181.01,80.77,62.37,101.39,1260.23,14.0,0.0,181.19,2000.0
WTG_18,211,6.39,18.6,186.79,67.43,62.76,77.17,778.1,8.65,0.0,181.12,556.04
WTG_18,212,6.89,17.93,181.17,69.66,61.65,79.6,864.19,9.6,0.0,181.49,712.94
WTG_18,213,10.67,20.83,179.79,79.85,64.21,107.19,1367.86,15.2,0.0,181.91,2000.0
WTG_18,214,9.05,21.97,212.75,76.37,63.62,102.14,1147.78,12.75,0.0,179.26,1646.41
WTG_18,215,10.35,11.78,211.21,78.01,63.27,99.05,1257.57,13.97,0.0,180.29,2000.0
WTG_18,216,7.5,16.52,214.35,70.16,62.61,83.07,930.11,10.33,0.0,178.89,929.93
WTG_18,217,6.77,15.78,182.62,69.15,61.46,78.84,828.13,9.2,0.0,180.29,696.63
WTG_18,218,10.18,22.29,216.29,79.31,62.47,108.83,1295.23,14.39,0.0,180.2,2000.0
WTG_18,219,8.86,9.72,170.0,75.55,62.95,86.74,1076.13,11.96,0.0,178.73,1506.6
WTG_18,220,6.96,15.85,199.2,69.5,61.01,78.59,888.7,9.87,0.0,179.49,751.47
WTG_18,221,6.9,25.82,192.46,68.19,61.02,87.64,863.19,9.59,0.0,174.6,719.43
WTG_18,222,9.42,16.16,192.52,77.43,62.28,97.92,1194.92,13.28,0.0,180.48,1830.19
WTG_18,223,7.2,17.34,194.17,69.25,61.41,81.71,918.4,10.2,0.0,180.08,808.22
WTG_18,224,10.34,21.76,203.63,78.78,64.86,108.77,1312.7,14.59,0.0,180.34,2000.0
WTG_18,225,10.84,11.63,213.68,80.1,64.75,99.68,1370.43,15.23,0.0,181.44,2000.0
WTG_18,226,10.3,19.88,213.23,79.29,63.93,106.03,1288.27,14.31,0.0,177.62,2000.0
WTG_18,227,11.42,18.4,209.68,78.77,65.92,104.43,1447.39,16.08,0.0,179.17,2000.0
WTG_18,228,8.57,17.73,212.61,75.89,63.32,94.25,1062.63,11.81,0.0,179.57,1377.57
WTG_18,229,10.85,19.36,245.88,79.24,64.31,108.83,1354.9,15.05,0.0,179.68,2000.0
WTG_18,230,11.79,9.33,196.31,78.73,65.32,95.57,1497.85,16.64,0.0,178.97,2000.0
WTG_18,231,5.71,17.84,222.57,66.55,61.93,75.93,712.76,7.92,0.0,177.4,430.95
WTG_18,232,8.18,13.27,177.95,74.62,62.67,84.9,1035.95,11.51,0.0,177.23,1197.32
WTG_18,233,6.6,23.31,188.4,68.44,63.34,83.76,831.57,9.24,0.0,179.91,634.9
WTG_18,234,7.32,19.67,235.63,68.91,64.2,85.44,940.18,10.45,0.0,180.45,843.05
WTG_18,235,11.09,17.9,222.04,79.92,64.65,105.81,1390.74,15.45,0.0,177.59,2000.0
WTG_18,236,10.92,17.06,210.44,80.18,64.87,105.25,1399.32,15.55,0.0,179.69,2000.0
WTG_18,237,4.49,20.6,188.05,66.0,61.91,74.63,557.42,6.19,0.0,177.05,199.78
WTG_18,238,10.36,17.25,209.01,79.65,64.51,103.78,1297.43,14.42,0.0,179.23,2000.0
WTG_18,239,10.16,13.36,177.86,79.5,64.42,101.65,1294.98,14.39,0.0,174.03,2000.0
WTG_18,240,6.42,15.6,215.65,68.77,63.36,77.08,803.14,8.92,0.0,176.4,592.97
WTG_18,241,7.84,19.4,204.05,73.09,61.93,88.65,996.12,11.07,0.0,175.26,1074.26
WTG_18,242,5.31,17.36,210.51,68.11,64.0,75.01,645.97,7.18,0.0,179.02,340.01
WTG_18,243,9.44,14.24,200.09,79.74,65.35,99.42,1208.1,13.42,0.0,177.02,1846.83
WTG_18,244,7.4,26.13,209.72,71.89,64.16,92.98,911.62,10.13,0.0,175.02,879.17
WTG_18,245,4.24,10.85,212.09,67.81,62.39,62.73,540.0,6.0,0.0,176.98,156.58
WTG_18,246,10.06,15.96,201.77,81.53,65.69,102.57,1278.14,14.2,0.0,177.97,2000.0
WTG_18,247,10.53,18.96,209.51,81.55,65.85,108.59,1310.14,14.56,0.0,178.3,2000.0
WTG_18,248,11.19,8.23,162.03,81.43,66.0,96.85,1407.66,15.64,0.0,177.13,2000.0
WTG_18,249,7.11,12.36,202.84,70.18,63.82,78.24,884.73,9.83,0.0,174.67,785.44
WTG_18,250,10.06,12.56,212.22,80.69,64.63,101.0,1253.11,13.92,0.0,177.25,2000.0
WTG_18,251,11.34,20.3,190.24,82.17,67.02,108.99,1432.59,15.92,0.0,176.18,2000.0
WTG_18,252,12.91,23.32,175.12,80.22,67.98,111.04,1635.02,18.17,2.28,177.84,2000.0
WTG_18,253,7.31,12.83,206.03,73.14,63.79,80.59,890.95,9.9,0.0,174.98,890.31
WTG_18,254,9.62,12.23,181.32,80.7,64.96,100.24,1215.42,13.5,0.0,175.43,1981.09
WTG_18,255,8.09,19.43,200.48,75.19,64.13,92.98,987.12,10.97,0.0,177.63,1156.51
WTG_18,256,9.6,14.46,226.59,81.05,66.39,102.86,1228.69,13.65,0.0,177.6,1952.24
WTG_18,257,8.22,16.2,180.08,75.27,65.26,91.76,1064.05,11.82,0.0,177.0,1241.84
WTG_18,258,9.72,16.09,201.01,83.43,65.73,105.12,1225.04,13.61,0.0,175.46,2000.0
WTG_18,259,6.13,21.32,180.03,70.26,65.0,82.86,778.71,8.65,0.0,174.72,487.37
WTG_18,260,6.51,17.59,188.82,71.34,65.95,80.89,806.4,8.96,0.0,174.82,600.07
WTG_18,261,11.86,22.09,218.04,80.18,67.02,110.42,1513.8,16.82,0.0,176.44,2000.0
WTG_18,262,9.92,19.53,198.97,81.91,65.47,110.59,1255.32,13.95,0.0,176.77,2000.0
WTG_18,263,3.0,13.4,199.79,65.54,63.52,66.27,540.0,6.0,0.0,174.41,29.58
WTG_18,264,9.76,15.81,183.5,83.19,65.43,106.12,1235.36,13.73,0.0,175.87,2000.0
WTG_18,265,13.56,13.87,207.9,83.59,67.49,102.89,1708.22,18.98,3.91,174.94,2000.0
WTG_18,266,6.94,20.34,206.7,72.64,64.49,86.03,838.99,9.32,0.0,175.6,709.63
WTG_18,267,6.18,12.79,216.06,71.46,65.08,77.33,771.37,8.57,0.0,174.15,537.15
WTG_18,268,7.82,20.56,206.1,74.04,65.73,93.43,972.43,10.8,0.0,174.78,1041.92
WTG_18,269,10.95,17.77,202.5,82.8,67.19,106.7,1385.65,15.4,0.0,175.19,2000.0
WTG_18,270,6.16,16.48,238.32,70.19,64.91,78.97,795.49,8.84,0.0,171.97,502.97
WTG_18,271,7.99,22.68,202.51,74.89,66.86,96.59,989.87,11.0,0.0,174.45,1105.97
WTG_18,272,11.12,21.22,206.01,83.03,67.5,110.38,1410.3,15.67,0.0,173.84,2000.0
WTG_18,273,13.97,19.75,205.8,84.01,69.34,109.99,1740.95,19.34,4.93,170.94,2000.0
WTG_18,274,12.35,23.53,207.22,83.13,69.32,114.27,1532.9,17.03,0.88,174.01,2000.0
WTG_18,275,7.82,16.61,190.93,75.54,66.58,87.71,1003.49,11.15,0.0,173.23,1031.7
WTG_18,276,9.43,17.74,207.26,82.57,67.7,106.56,1162.6,12.92,0.0,173.88,1823.64
WTG_18,277,10.5,11.79,188.36,83.21,67.45,101.63,1316.77,14.63,0.0,172.94,2000.0
WTG_18,278,5.59,22.57,191.81,71.16,65.59,82.97,716.69,7.96,0.0,173.07,383.67
WTG_18,279,11.4,14.96,203.55,83.78,67.19,106.01,1466.96,16.3,0.0,173.42,2000.0
WTG_18,280,8.28,19.8,205.98,78.17,65.97,96.77,1030.55,11.45,0.0,173.61,1243.76
WTG_18,281,12.34,24.17,215.43,84.74,69.16,116.51,1553.73,17.26,0.86,172.76,2000.0
WTG_18,282,5.5,21.33,204.35,71.75,65.36,80.9,693.27,7.7,0.0,173.58,367.18
WTG_18,283,11.98,12.44,210.94,84.59,68.16,104.62,1514.52,16.83,0.0,173.28,2000.0
WTG_18,284,9.86,11.3,190.77,84.3,67.31,103.42,1223.52,13.59,0.0,173.28,2000.0
WTG_18,285,10.09,13.61,212.17,85.38,69.14,105.86,1264.28,14.05,0.0,172.03,2000.0
WTG_18,286,9.28,4.05,231.11,82.02,68.03,93.29,1197.45,13.3,0.0,170.54,1779.75
WTG_18,287,9.55,16.14,176.55,84.02,67.41,108.05,1213.51,13.48,0.0,173.15,1921.96
WTG_18,288,10.11,21.81,217.59,84.74,68.52,114.75,1262.77,14.03,0.0,170.91,2000.0
WTG_18,289,3.0,16.64,184.3,69.11,65.84,72.16,540.0,6.0,0.0,173.14,34.11
WTG_18,290,11.81,15.63,212.26,85.6,68.87,107.46,1491.78,16.58,0.0,171.67,2000.0
WTG_18,291,6.37,14.61,216.26,72.89,67.55,81.14,781.04,8.68,0.0,170.43,582.13
WTG_18,292,6.59,20.27,224.84,75.22,66.67,89.01,830.62,9.23,0.0,172.88,645.87
WTG_18,293,6.9,15.64,226.26,76.86,68.71,85.32,897.04,9.97,0.0,172.63,721.49
WTG_18,294,10.52,11.88,200.69,85.85,69.43,105.55,1325.63,14.73,0.0,171.33,2000.0
WTG_18,295,12.36,18.96,206.5,85.52,69.26,113.16,1570.07,17.45,0.9,169.1,2000.0
WTG_18,296,5.73,18.53,203.47,73.39,66.79,83.42,723.44,8.04,0.0,169.28,435.46
WTG_18,297,7.53,17.98,201.46,77.44,68.38,92.53,961.85,10.69,0.0,169.74,940.37
WTG_18,298,4.99,21.11,199.57,72.18,67.88,82.49,611.27,6.79,0.0,171.12,275.35
WTG_18,299,7.39,24.15,227.31,76.7,69.01,97.82,899.87,10.0,0.0,172.36,908.8
WTG_18,300,11.3,19.88,220.8,85.44,70.51,113.83,1409.02,15.66,0.0,171.34,2000.0
WTG_18,301,6.39,18.1,197.96,76.1,67.63,85.69,775.74,8.62,0.0,171.37,568.71
WTG_18,302,11.23,18.76,223.18,85.57,71.18,113.23,1424.16,15.82,0.0,169.67,2000.0
WTG_18,303,8.96,25.13,209.36,84.15,69.49,112.69,1146.11,12.73,0.0,169.82,1587.32
WTG_18,304,9.63,13.34,196.06,84.89,70.12,107.2,1214.18,13.49,0.0,168.77,1962.93
WTG_18,305,11.57,18.24,196.2,85.27,70.02,113.02,1471.4,16.35,0.0,170.92,2000.0
WTG_18,306,6.9,19.56,231.34,78.2,69.01,88.69,859.13,9.55,0.0,169.04,702.32
WTG_18,307,3.0,13.76,212.75,71.45,67.52,72.03,540.0,6.0,0.0,171.79,33.51
WTG_18,308,10.95,17.96,205.46,86.27,71.47,112.64,1362.9,15.14,0.0,166.94,2000.0
WTG_18,309,7.48,22.81,205.74,78.62,68.93,98.07,916.59,10.18,0.0,169.77,925.8
WTG_18,310,9.14,23.28,214.94,84.82,70.66,112.45,1150.08,12.78,0.0,171.4,1680.27
WTG_18,311,6.47,21.34,203.44,76.73,69.32,90.6,815.48,9.06,0.0,167.29,612.45
WTG_18,312,12.35,18.48,218.69,86.56,71.7,112.86,1581.0,17.57,0.88,171.41,2000.0
WTG_18,313,7.84,10.46,190.22,80.82,69.37,89.67,1025.63,11.4,0.0,166.77,1065.49
WTG_18,314,8.39,19.18,211.69,81.84,69.76,103.03,1060.61,11.78,0.0,168.34,1287.48
WTG_18,315,6.37,25.08,204.39,76.4,70.21,93.85,816.48,9.07,0.0,169.13,561.44
WTG_18,316,11.87,14.24,185.99,87.56,73.14,110.94,1487.96,16.53,0.0,169.16,2000.0
WTG_18,317,8.68,15.45,208.66,83.68,70.77,100.75,1093.34,12.15,0.0,169.69,1436.12
WTG_18,318,6.68,17.21,234.74,77.17,69.47,90.48,839.5,9.33,0.0,166.33,669.57
WTG_18,319,9.03,24.2,194.72,85.41,72.7,114.05,1149.49,12.77,0.0,167.84,1627.86
WTG_18,320,6.91,17.77,221.17,77.07,70.57,89.99,885.49,9.84,0.0,165.3,735.36
WTG_18,321,7.52,16.27,197.77,80.62,70.65,94.24,948.11,10.53,0.0,166.37,947.15
WTG_18,322,12.94,18.83,225.19,88.87,73.47,115.48,1622.64,18.03,2.36,165.16,2000.0
WTG_18,323,7.5,13.58,186.68,81.24,70.71,89.59,948.56,10.54,0.0,168.51,916.73
WTG_18,324,10.45,21.93,208.57,89.79,72.37,120.89,1286.9,14.3,0.0,167.59,2000.0
WTG_18,325,9.03,20.4,199.32,86.16,72.3,110.66,1140.37,12.67,0.0,166.37,1601.69
WTG_18,326,6.6,26.15,198.29,78.28,71.23,98.87,810.57,9.01,0.0,164.96,629.93
WTG_18,327,12.28,16.68,189.27,89.61,74.56,115.79,1555.97,17.29,0.71,164.89,2000.0
WTG_18,328,3.21,16.57,203.95,73.7,69.82,76.96,540.0,6.0,0.0,163.49,49.18
WTG_18,329,7.89,22.61,207.42,81.2,71.96,103.37,960.24,10.67,0.0,164.9,1105.16
WTG_18,330,7.59,20.2,211.41,82.45,72.66,99.39,971.48,10.79,0.0,166.93,995.6
WTG_18,331,9.57,15.72,213.24,88.43,73.12,113.86,1197.19,13.3,0.0,167.24,1937.95
WTG_18,332,8.33,20.97,229.94,84.27,71.84,105.64,1046.84,11.63,0.0,165.08,1293.04
WTG_18,333,10.96,12.46,213.64,90.74,74.23,111.33,1407.85,15.64,0.0,163.57,2000.0
WTG_18,334,6.06,18.43,221.56,78.9,71.9,88.63,772.43,8.58,0.0,166.27,499.08
WTG_18,335,7.34,18.04,184.11,80.07,73.78,95.86,951.65,10.57,0.0,164.64,862.38
WTG_18,336,13.16,16.22,234.83,91.07,75.98,114.6,1635.51,18.17,2.9,162.12,2000.0
WTG_18,337,14.72,22.06,210.37,91.05,75.66,121.46,1800.0,20.0,6.8,162.48,2000.0
WTG_18,338,13.36,17.47,203.73,91.14,76.86,117.41,1666.21,18.51,3.4,165.06,2000.0
WTG_18,339,9.58,13.23,233.55,90.69,74.61,111.34,1212.58,13.47,0.0,162.69,1925.9
WTG_18,340,6.38,16.96,230.07,79.72,72.7,90.36,792.91,8.81,0.0,163.53,562.61
WTG_18,341,7.67,18.62,227.44,83.99,73.78,99.43,978.63,10.87,0.0,160.79,987.84
WTG_18,342,9.76,17.46,226.21,90.71,74.18,118.3,1262.94,14.03,0.0,162.8,2000.0
WTG_18,343,9.36,17.31,227.97,89.59,75.44,113.4,1179.91,13.11,0.0,164.01,1787.78
WTG_18,344,9.22,21.44,235.38,89.25,75.44,116.97,1148.7,12.76,0.0,159.65,1742.17
WTG_18,345,14.11,17.57,225.7,91.67,76.95,119.18,1772.91,19.7,5.27,162.51,2000.0
WTG_18,346,6.62,19.74,219.89,81.38,74.56,94.89,831.77,9.24,0.0,160.02,629.61
WTG_18,347,8.54,17.82,217.52,87.52,74.93,107.8,1078.51,11.98,0.0,159.69,1378.03
WTG_18,348,7.94,16.36,211.62,85.37,73.81,100.57,979.93,10.89,0.0,162.12,1103.81
WTG_18,349,11.74,24.08,212.99,93.36,76.3,126.48,1500.24,16.67,0.0,160.82,2000.0
WTG_18,350,11.11,17.22,212.87,93.47,78.03,118.33,1410.94,15.68,0.0,160.85,2000.0
WTG_18,351,8.44,15.95,227.75,86.64,75.56,106.34,1052.99,11.7,0.0,162.24,1312.57
WTG_18,352,14.11,22.39,232.26,92.5,78.89,125.26,1800.0,20.0,5.27,160.89,2000.0
WTG_18,353,7.16,20.65,212.23,85.39,74.29,104.0,895.16,9.95,0.0,161.37,837.44
WTG_18,354,10.95,22.17,234.62,94.3,78.07,126.18,1397.04,15.52,0.0,159.19,2000.0
WTG_18,355,11.03,21.74,204.16,93.49,76.88,124.45,1402.64,15.58,0.0,161.69,2000.0
WTG_18,356,3.07,13.26,208.39,79.66,74.19,78.56,540.0,6.0,0.0,158.12,62.74
WTG_18,357,7.58,11.5,217.18,86.46,77.31,94.54,989.29,10.99,0.0,159.62,937.74
WTG_18,358,5.82,12.6,218.71,82.41,75.02,86.01,775.23,8.61,0.0,158.23,426.28
WTG_18,359,7.16,18.46,190.46,84.51,75.42,100.71,900.17,10.0,0.0,159.84,776.88
WTG_18,360,8.49,12.47,215.39,89.49,76.52,104.26,1065.01,11.83,0.0,157.11,1351.48
WTG_18,361,3.0,14.22,194.65,80.24,75.22,81.37,540.0,6.0,0.0,159.04,78.44
WTG_18,362,6.57,14.83,204.06,82.09,75.98,93.18,842.39,9.36,0.0,159.03,618.6
WTG_18,363,5.15,20.5,231.22,82.24,76.33,92.27,655.63,7.28,0.0,160.07,300.26
WTG_18,364,11.73,10.98,193.99,96.32,79.92,116.33,1481.66,16.46,0.0,158.28,2000.0
WTG_18,365,6.62,21.57,226.74,85.66,77.88,99.78,850.82,9.45,0.0,158.43,619.53
WTG_18,366,10.11,21.77,213.99,95.23,78.85,127.56,1268.41,14.09,0.0,158.85,2000.0
WTG_18,367,8.31,20.65,219.32,90.72,78.11,112.97,1047.18,11.64,0.0,157.66,1291.02
WTG_18,368,8.48,20.86,218.27,92.44,78.51,114.24,1087.86,12.09,0.0,156.62,1340.82
WTG_18,369,9.89,26.11,217.72,94.58,80.48,132.55,1260.52,14.01,0.0,161.04,2000.0
WTG_18,370,9.32,17.28,216.77,94.63,78.72,119.32,1187.2,13.19,0.0,158.28,1779.01
WTG_18,371,9.84,18.71,215.54,96.46,79.69,126.31,1221.43,13.57,0.0,156.32,2000.0
WTG_18,372,6.6,20.51,225.81,86.44,79.01,101.91,816.01,9.07,0.0,155.63,620.32
WTG_18,373,12.56,16.31,235.35,96.75,82.18,125.08,1605.19,17.84,1.4,157.95,2000.0
WTG_18,374,6.4,13.19,224.11,86.18,77.94,94.54,785.72,8.73,0.0,154.49,580.91
WTG_18,375,10.88,17.5,218.23,99.01,79.35,126.18,1369.52,15.22,0.0,152.57,2000.0
WTG_18,376,11.79,17.55,225.74,98.02,81.57,124.33,1482.8,16.48,0.0,153.45,2000.0
WTG_18,377,3.0,17.87,253.89,83.03,78.13,90.4,540.0,6.0,0.0,154.68,84.72
WTG_18,378,7.33,11.86,217.75,90.01,79.5,99.33,920.58,10.23,0.0,152.9,862.42
WTG_18,379,11.46,23.18,218.77,99.02,81.5,131.53,1444.61,16.05,0.0,157.98,2000.0
WTG_18,380,7.66,20.25,225.49,92.19,81.36,110.95,967.0,10.74,0.0,156.39,1007.87
WTG_18,381,6.43,11.26,178.41,88.07,79.29,96.3,800.3,8.89,0.0,152.75,608.73
WTG_18,382,6.81,15.49,230.82,87.88,80.54,100.73,835.25,9.28,0.0,152.93,701.89
WTG_18,383,8.35,9.71,223.05,94.76,81.27,104.98,1050.19,11.67,0.0,155.55,1265.68
WTG_18,384,4.19,14.53,212.57,83.25,78.65,89.66,540.0,6.0,0.0,152.84,156.35
WTG_18,385,9.46,13.37,213.54,99.07,83.01,121.1,1184.96,13.17,0.0,150.29,1835.21
WTG_18,386,11.08,16.0,245.9,99.11,83.04,128.53,1393.49,15.48,0.0,150.58,2000.0
WTG_18,387,9.46,20.95,211.96,99.61,83.74,128.63,1178.0,13.09,0.0,152.9,1883.32
WTG_18,388,6.48,21.88,206.11,89.23,81.41,106.03,827.39,9.19,0.0,152.23,595.36
WTG_18,389,5.74,19.66,211.1,87.49,80.35,101.25,733.07,8.15,0.0,151.75,425.66
WTG_18,390,9.39,16.36,214.54,99.09,81.66,123.99,1169.21,12.99,0.0,151.65,1822.83
WTG_18,391,13.66,14.31,218.67,101.73,85.45,125.52,1740.03,19.33,4.14,151.22,2000.0
WTG_18,392,9.89,21.94,242.72,102.4,84.28,133.47,1219.83,13.55,0.0,151.13,2000.0
WTG_18,393,10.25,19.73,210.8,101.51,83.98,130.82,1266.92,14.08,0.0,153.46,2000.0
WTG_18,394,6.79,14.29,216.9,91.5,83.99,103.54,838.12,9.31,0.0,149.95,709.91
WTG_18,395,7.17,19.52,239.57,91.98,82.45,109.9,884.26,9.83,0.0,148.48,782.49
WTG_18,396,10.2,15.48,207.89,103.25,84.89,127.12,1294.11,14.38,0.0,152.97,2000.0
WTG_18,397,13.03,10.37,214.2,103.5,85.57,122.9,1634.45,18.16,2.59,149.07,2000.0
WTG_18,398,3.2,21.27,243.82,87.53,82.89,99.8,540.0,6.0,0.0,149.02,79.07
WTG_18,399,5.73,27.05,219.21,90.16,82.41,109.58,703.8,7.82,0.0,150.35,407.53
WTG_18,400,9.72,21.07,229.13,104.34,85.28,135.51,1205.26,13.39,0.0,149.43,2000.0
WTG_18,401,6.8,22.43,241.05,93.21,84.22,111.69,857.77,9.53,0.0,146.74,706.37
WTG_18,402,7.3,13.66,238.43,93.04,83.89,106.16,920.54,10.23,0.0,149.29,874.13
WTG_18,403,9.47,17.99,195.43,104.41,84.32,129.74,1207.3,13.41,0.0,145.95,1867.18
WTG_18,404,6.1,15.36,243.86,91.96,84.76,101.31,769.21,8.55,0.0,147.75,494.61
WTG_18,405,9.54,17.59,226.35,102.63,85.04,132.1,1188.3,13.2,0.0,148.13,1906.84
WTG_18,406,12.34,21.82,209.88,105.06,87.77,137.07,1516.7,16.85,0.86,146.11,2000.0
WTG_18,407,6.06,24.55,229.87,92.53,85.6,113.26,772.84,8.59,0.0,148.0,466.65
WTG_18,408,8.15,20.77,226.39,98.82,85.83,121.02,1041.91,11.58,0.0,147.86,1188.3
WTG_18,409,9.55,12.37,213.97,105.16,88.03,126.69,1215.13,13.5,0.0,144.81,1890.04
WTG_18,410,4.93,13.78,244.64,91.7,84.84,97.89,619.11,6.88,0.0,147.28,282.85
WTG_18,411,10.46,13.75,210.55,106.1,88.24,130.83,1292.95,14.37,0.0,145.02,2000.0
WTG_18,412,7.23,10.07,223.85,95.3,86.8,105.22,950.92,10.57,0.0,143.23,818.52
WTG_18,413,7.47,13.02,221.97,97.02,87.65,110.58,947.59,10.53,0.0,144.11,911.32
WTG_18,414,9.9,21.47,208.78,108.28,87.08,140.58,1222.14,13.58,0.0,143.99,2000.0
WTG_18,415,11.43,12.73,213.23,106.74,89.51,130.1,1456.85,16.19,0.0,141.77,2000.0
WTG_18,416,9.29,17.45,215.67,105.49,89.09,131.28,1147.18,12.75,0.0,141.05,1762.36
WTG_18,417,8.31,21.79,213.26,101.05,89.19,126.9,1010.8,11.23,0.0,145.93,1253.85
WTG_18,418,9.73,28.16,252.89,108.54,90.01,146.0,1236.85,13.74,0.0,142.46,2000.0
WTG_18,419,8.45,22.29,230.24,102.09,88.72,130.4,1067.87,11.87,0.0,142.07,1308.51
WTG_18,420,6.87,18.62,226.23,99.13,88.15,113.45,862.71,9.59,0.0,139.87,734.44
WTG_18,421,18.09,15.45,222.25,109.64,92.63,134.85,1800.0,20.0,15.22,138.95,2000.0
WTG_18,422,8.69,20.03,206.92,104.94,89.35,129.29,1112.22,12.36,0.0,142.06,1463.61
WTG_18,423,11.87,16.1,220.98,110.15,91.61,135.31,1483.83,16.49,0.0,138.93,2000.0
WTG_18,424,8.43,23.9,206.88,102.95,89.7,131.33,1072.02,11.91,0.0,141.51,1327.94
WTG_18,425,4.07,23.06,207.36,94.09,89.81,107.63,540.0,6.0,0.0,142.48,115.96
WTG_18,426,4.89,14.29,222.64,94.87,90.28,102.75,621.01,6.9,0.0,141.28,262.03
WTG_18,427,7.15,19.38,217.07,100.98,90.6,116.99,919.89,10.22,0.0,141.83,813.99
WTG_18,428,14.72,19.01,212.44,110.21,95.13,141.29,1800.0,20.0,6.8,137.74,2000.0
WTG_18,429,11.51,21.18,212.81,110.81,93.47,142.74,1454.81,16.16,0.0,140.01,2000.0
WTG_18,430,8.58,16.03,251.33,106.93,92.06,126.74,1099.0,12.21,0.0,137.85,1352.27
WTG_19,1,6.58,15.81,190.36,71.26,64.25,72.13,832.58,9.25,0.0,185.38,618.62
WTG_19,2,12.67,17.52,178.44,80.91,69.8,100.94,1616.25,17.96,1.67,184.89,2000.0
WTG_19,3,8.68,13.49,184.2,76.99,65.25,84.6,1110.0,12.33,0.0,185.61,1409.77
WTG_19,4,9.47,27.53,184.73,79.93,66.79,105.54,1183.14,13.15,0.0,183.56,1854.5
WTG_19,5,9.73,17.26,187.57,82.4,67.09,98.24,1211.72,13.46,0.0,182.74,2000.0
WTG_19,6,6.41,15.65,194.67,69.96,64.97,71.27,785.07,8.72,0.0,185.87,590.17
WTG_19,7,11.48,15.12,197.3,81.02,68.53,97.34,1461.16,16.24,0.0,185.07,2000.0
WTG_19,8,10.05,21.08,201.01,81.73,66.0,103.28,1276.05,14.18,0.0,183.9,2000.0
WTG_19,9,11.07,15.4,197.98,80.95,66.28,97.07,1385.94,15.4,0.0,184.26,2000.0
WTG_19,10,11.47,16.84,178.11,81.68,66.82,98.03,1437.71,15.97,0.0,184.59,2000.0
WTG_19,11,12.03,17.41,198.56,81.28,67.27,100.69,1546.37,17.18,0.07,183.72,2000.0
WTG_19,12,9.04,14.41,174.85,79.06,66.52,88.74,1136.77,12.63,0.0,184.04,1616.28
WTG_19,13,7.38,23.18,192.27,74.65,65.69,84.75,893.71,9.93,0.0,184.42,887.67
WTG_19,14,6.51,19.06,151.16,71.27,64.09,74.99,808.02,8.98,0.0,186.31,606.21
WTG_19,15,8.51,23.18,189.7,75.76,66.01,93.83,1058.3,11.76,0.0,186.38,1358.58
WTG_19,16,9.52,13.27,152.14,80.61,65.96,93.25,1209.09,13.43,0.0,185.12,1867.46
WTG_19,17,9.72,17.96,191.58,81.13,65.93,100.7,1229.24,13.66,0.0,185.2,2000.0
WTG_19,18,9.89,17.68,196.95,81.2,66.89,99.76,1254.05,13.93,0.0,184.43,2000.0
WTG_19,19,12.16,20.97,170.62,82.01,66.79,103.62,1548.18,17.2,0.4,183.88,2000.0
WTG_19,20,8.49,22.49,175.99,76.25,67.08,94.41,1066.75,11.85,0.0,186.74,1324.69
WTG_19,21,7.94,19.87,175.09,73.32,66.41,86.1,1003.5,11.15,0.0,184.25,1109.59
WTG_19,22,4.01,18.82,192.72,67.09,63.72,67.09,540.0,6.0,0.0,184.96,137.44
WTG_19,23,9.57,19.35,205.73,80.43,66.26,100.75,1210.61,13.45,0.0,185.28,1913.89
WTG_19,24,8.98,22.76,195.58,80.29,65.73,97.55,1125.95,12.51,0.0,183.75,1617.41
WTG_19,25,12.52,14.58,175.0,81.33,68.11,95.31,1621.04,18.01,1.31,185.27,2000.0
WTG_19,26,9.58,13.7,185.97,82.44,66.55,94.96,1243.63,13.82,0.0,186.25,1954.47
WTG_19,27,7.66,20.84,197.29,74.13,65.54,85.52,1004.38,11.16,0.0,185.92,968.4
WTG_19,28,9.37,21.84,197.55,79.57,66.61,101.77,1174.28,13.05,0.0,187.69,1812.67
WTG_19,29,4.43,22.61,194.35,66.9,64.12,70.83,540.0,6.0,0.0,187.67,168.07
WTG_19,30,5.23,13.54,162.52,68.28,64.33,64.45,680.18,7.56,0.0,184.8,325.53
WTG_19,31,10.57,25.68,166.68,79.49,67.66,108.26,1323.72,14.71,0.0,185.96,2000.0
WTG_19,32,7.53,19.6,181.07,73.48,64.63,82.42,949.81,10.55,0.0,187.16,955.06
WTG_19,33,8.51,21.03,206.43,76.61,66.02,91.46,1087.5,12.08,0.0,187.45,1361.33
WTG_19,34,10.69,17.39,179.21,81.26,66.33,100.43,1348.73,14.99,0.0,184.76,2000.0
WTG_19,35,7.47,16.25,173.68,73.59,65.86,77.48,955.02,10.61,0.0,186.14,932.77
WTG_19,36,13.95,17.26,159.57,80.79,68.51,100.88,1770.45,19.67,4.87,185.61,2000.0
WTG_19,37,7.51,15.68,167.43,73.02,66.06,78.27,936.27,10.4,0.0,183.58,927.25
WTG_19,38,3.94,15.47,214.4,65.52,63.78,63.69,540.0,6.0,0.0,186.16,137.24
WTG_19,39,9.04,19.61,203.41,79.07,65.94,94.82,1142.64,12.7,0.0,184.85,1652.38
WTG_19,40,8.71,21.9,203.12,77.42,66.09,94.72,1093.61,12.15,0.0,186.24,1461.9
WTG_19,41,14.22,24.83,203.67,81.92,67.51,107.24,1787.69,19.86,5.55,186.1,2000.0
WTG_19,42,6.4,19.19,196.9,70.78,66.36,75.29,805.49,8.95,0.0,186.38,578.86
WTG_19,43,8.28,20.79,195.15,75.53,66.09,91.11,1051.77,11.69,0.0,184.92,1272.97
WTG_19,44,11.05,25.42,196.6,82.49,66.64,106.5,1400.83,15.56,0.0,184.03,2000.0
WTG_19,45,9.11,13.4,218.11,78.44,66.36,90.0,1133.99,12.6,0.0,183.76,1679.88
WTG_19,46,9.06,23.79,182.43,78.98,65.18,100.32,1145.62,12.73,0.0,186.2,1638.82
WTG_19,47,9.18,23.5,201.33,78.95,66.41,100.92,1164.26,12.94,0.0,185.35,1695.39
WTG_19,48,9.67,13.3,197.55,81.06,66.31,97.38,1240.08,13.78,0.0,186.58,1981.78
WTG_19,49,8.93,15.6,169.62,78.41,67.36,88.87,1139.14,12.66,0.0,184.4,1560.54
WTG_19,50,10.32,17.17,182.62,81.29,66.65,99.63,1314.7,14.61,0.0,187.04,2000.0
WTG_19,51,4.94,17.57,194.61,66.66,64.7,67.09,611.37,6.79,0.0,182.51,244.51
WTG_19,52,7.77,23.11,184.31,74.46,66.25,87.48,989.48,10.99,0.0,184.02,1030.78
WTG_19,53,10.1,12.48,192.73,80.64,67.63,95.01,1288.64,14.32,0.0,185.08,2000.0
WTG_19,54,9.46,16.14,162.08,80.49,65.32,95.84,1181.86,13.13,0.0,187.81,1862.82
WTG_19,55,9.12,21.49,194.18,79.15,66.0,98.76,1137.16,12.64,0.0,184.88,1657.96
WTG_19,56,11.07,19.53,192.77,83.44,66.64,103.01,1384.25,15.38,0.0,185.34,2000.0
WTG_19,57,6.99,13.76,172.79,72.32,65.39,72.97,867.65,9.64,0.0,183.6,734.07
WTG_19,58,12.0,15.87,205.26,81.86,67.77,97.44,1520.52,16.89,0.01,183.73,2000.0
WTG_19,59,11.05,22.83,170.25,82.24,67.39,104.04,1394.66,15.5,0.0,184.65,2000.0
WTG_19,60,7.64,14.57,200.29,74.31,65.47,80.75,947.34,10.53,0.0,184.78,1005.81
WTG_19,61,5.53,21.98,173.21,67.72,64.49,74.2,719.82,8.0,0.0,184.6,352.15
WTG_19,62,7.64,20.64,203.82,74.49,65.64,84.26,957.94,10.64,0.0,184.61,967.99
WTG_19,63,8.04,16.11,198.81,74.35,66.88,84.34,1034.25,11.49,0.0,186.17,1135.03
WTG_19,64,9.87,25.71,190.12,82.15,66.37,107.84,1248.12,13.87,0.0,184.91,2000.0
WTG_19,65,10.46,16.85,199.95,81.68,67.13,100.15,1300.16,14.45,0.0,183.97,2000.0
WTG_19,66,9.14,14.17,196.28,79.16,66.52,93.65,1144.0,12.71,0.0,186.82,1694.43
WTG_19,67,10.73,18.06,181.51,81.12,67.57,100.08,1342.95,14.92,0.0,184.03,2000.0
WTG_19,68,8.03,20.93,203.05,75.18,65.87,86.98,1016.41,11.29,0.0,184.0,1138.09
WTG_19,69,11.8,16.03,173.05,82.21,67.58,98.18,1484.16,16.49,0.0,188.67,2000.0
WTG_19,70,7.18,18.2,177.84,71.44,65.8,76.51,921.19,10.24,0.0,185.53,828.85
WTG_19,71,3.0,19.48,183.1,66.21,63.61,66.58,540.0,6.0,0.0,185.2,67.91
WTG_19,72,10.07,16.8,185.12,81.85,67.22,98.23,1296.73,14.41,0.0,185.76,2000.0
WTG_19,73,5.03,26.17,208.67,68.07,63.42,75.04,598.84,6.65,0.0,185.22,297.31
WTG_19,74,13.15,27.46,191.74,80.87,68.03,110.73,1638.64,18.21,2.87,187.25,2000.0
WTG_19,75,6.15,17.92,197.3,68.18,65.13,72.68,731.43,8.13,0.0,187.08,483.77
WTG_19,76,9.83,27.46,197.1,81.84,68.02,110.72,1262.14,14.02,0.0,184.39,2000.0
WTG_19,77,9.5,16.71,176.1,79.66,66.8,96.79,1184.09,13.16,0.0,183.75,1892.8
WTG_19,78,8.77,18.58,218.4,77.93,66.19,93.08,1087.12,12.08,0.0,185.63,1491.08
WTG_19,79,11.2,15.48,169.26,81.35,67.63,97.63,1407.36,15.64,0.0,184.59,2000.0
WTG_19,80,12.62,14.13,208.03,82.55,68.09,96.07,1606.13,17.85,1.56,184.78,2000.0
WTG_19,81,8.98,13.32,194.23,78.27,67.06,88.93,1124.5,12.49,0.0,184.32,1597.83
WTG_19,82,9.22,9.31,181.52,79.92,65.66,86.75,1165.99,12.96,0.0,185.0,1707.16
WTG_19,83,11.73,15.77,185.62,80.13,66.77,99.8,1501.7,16.69,0.0,186.97,2000.0
WTG_19,84,11.03,17.58,188.05,82.37,67.22,101.13,1363.28,15.15,0.0,186.8,2000.0
WTG_19,85,11.4,19.81,184.46,80.36,67.72,101.85,1440.27,16.0,0.0,184.18,2000.0
WTG_19,86,8.59,21.51,206.13,77.4,66.6,92.41,1066.01,11.84,0.0,185.13,1425.69
WTG_19,87,8.75,10.98,188.12,76.81,67.15,83.83,1117.17,12.41,0.0,185.1,1466.99
WTG_19,88,9.42,20.29,201.87,81.47,65.46,101.11,1204.6,13.38,0.0,184.89,1843.8
WTG_19,89,6.11,22.22,189.63,69.97,65.1,76.78,787.23,8.75,0.0,184.34,499.14
WTG_19,90,6.06,13.91,192.52,69.56,64.76,70.15,753.18,8.37,0.0,184.27,496.7
WTG_19,91,9.45,24.96,203.11,78.82,64.9,104.33,1195.85,13.29,0.0,187.76,1843.82
WTG_19,92,7.08,13.95,185.62,72.9,65.0,75.1,893.99,9.93,0.0,186.14,783.71
WTG_19,93,7.52,14.34,169.44,72.9,66.06,75.86,968.23,10.76,0.0,187.43,930.16
WTG_19,94,9.82,19.21,187.99,83.53,66.2,100.98,1213.14,13.48,0.0,183.87,2000.0
WTG_19,95,7.17,23.84,174.27,73.09,66.24,85.68,946.19,10.51,0.0,184.33,839.9
WTG_19,96,6.15,18.53,169.44,70.25,66.15,73.28,761.61,8.46,0.0,187.8,523.26
WTG_19,97,7.37,21.68,192.32,73.42,66.19,82.4,949.17,10.55,0.0,188.53,871.33
WTG_19,98,8.73,21.47,199.37,76.65,66.05,94.83,1078.75,11.99,0.0,185.22,1480.55
WTG_19,99,10.63,8.77,168.89,82.06,67.66,90.56,1351.51,15.02,0.0,183.21,2000.0
WTG_19,100,11.03,15.34,194.05,81.4,68.23,98.34,1388.64,15.43,0.0,184.69,2000.0
WTG_19,101,10.18,23.8,190.9,81.59,67.56,108.9,1321.82,14.69,0.0,187.26,2000.0
WTG_19,102,5.66,12.3,187.11,68.47,66.64,66.18,754.15,8.38,0.0,184.69,402.22
WTG_19,103,7.64,22.21,176.65,73.3,65.3,86.35,954.63,10.61,0.0,185.35,984.58
WTG_19,104,9.68,10.13,207.53,83.63,67.42,92.64,1186.08,13.18,0.0,184.31,2000.0
WTG_19,105,8.77,22.69,199.9,76.75,66.07,95.58,1105.41,12.28,0.0,186.73,1497.89
WTG_19,106,9.69,27.93,203.16,81.26,66.58,110.65,1208.82,13.43,0.0,185.52,2000.0
WTG_19,107,9.55,18.87,176.08,81.89,66.53,97.5,1203.76,13.38,0.0,186.7,1923.31
WTG_19,108,10.42,12.67,168.66,80.69,66.56,95.35,1324.84,14.72,0.0,183.87,2000.0
WTG_19,109,7.75,18.31,206.59,75.18,65.42,82.85,986.89,10.97,0.0,184.09,1027.51
WTG_19,110,8.67,17.82,181.39,77.3,64.42,90.92,1085.5,12.06,0.0,185.8,1443.11
WTG_19,111,5.81,24.08,187.37,68.92,65.5,77.02,750.43,8.34,0.0,184.74,432.39
WTG_19,112,5.07,16.78,172.69,68.26,65.48,69.65,638.77,7.1,0.0,184.79,294.34
WTG_19,113,9.19,15.38,162.93,79.63,66.18,92.01,1160.46,12.89,0.0,183.05,1718.15
WTG_19,114,8.73,13.99,208.77,78.75,66.32,87.98,1113.87,12.38,0.0,184.54,1480.57
WTG_19,115,8.39,17.19,179.18,76.8,66.22,86.35,1054.17,11.71,0.0,185.95,1295.77
WTG_19,116,6.74,17.47,201.51,71.77,65.77,77.47,863.98,9.6,0.0,183.65,693.09
WTG_19,117,10.96,18.51,159.41,84.2,67.81,100.49,1410.03,15.67,0.0,186.09,2000.0
WTG_19,118,8.03,18.26,200.14,74.65,64.75,85.48,1014.1,11.27,0.0,185.72,1140.62
WTG_19,119,14.14,21.34,176.62,81.98,69.39,104.72,1745.01,19.39,5.35,185.35,2000.0
WTG_19,120,12.47,19.56,177.92,82.12,68.26,102.07,1560.75,17.34,1.17,183.49,2000.0
WTG_19,121,13.21,14.31,183.31,82.16,67.56,97.67,1665.53,18.51,3.03,186.51,2000.0
WTG_19,122,9.69,26.28,213.63,81.1,67.08,109.48,1214.57,13.5,0.0,186.6,1991.65
WTG_19,123,8.99,14.99,209.32,79.0,66.76,90.31,1111.56,12.35,0.0,186.62,1604.0
WTG_19,124,9.88,19.78,203.04,81.39,67.14,101.98,1219.97,13.56,0.0,183.61,2000.0
WTG_19,125,8.49,21.92,206.9,76.87,66.79,92.94,1081.84,12.02,0.0,184.95,1356.85
WTG_19,126,9.62,16.85,163.21,80.42,67.64,99.5,1224.69,13.61,0.0,182.47,1958.26
WTG_19,127,13.4,17.79,227.3,82.09,69.07,101.52,1709.5,18.99,3.51,185.21,2000.0
WTG_19,128,10.69,17.72,167.06,82.36,68.97,100.46,1339.69,14.89,0.0,185.3,2000.0
WTG_19,129,10.75,19.94,181.09,81.72,67.56,102.87,1362.69,15.14,0.0,182.39,2000.0
WTG_19,130,8.91,18.53,196.5,78.9,66.49,94.16,1117.67,12.42,0.0,183.72,1584.03
WTG_19,131,11.41,20.05,217.34,80.37,67.32,103.89,1455.75,16.17,0.0,183.78,2000.0
WTG_19,132,12.84,17.04,210.1,81.56,68.91,100.03,1626.1,18.07,2.09,183.43,2000.0
WTG_19,133,5.46,18.38,208.17,68.98,64.72,71.72,692.87,7.7,0.0,184.26,368.4
WTG_19,134,9.13,20.95,204.72,80.07,67.36,99.61,1151.94,12.8,0.0,185.48,1686.18
WTG_19,135,13.58,12.62,179.9,83.61,70.12,96.57,1702.6,18.92,3.95,185.11,2000.0
WTG_19,136,6.42,19.9,195.74,71.25,66.51,77.37,825.0,9.17,0.0,184.79,576.88
WTG_19,137,12.42,14.52,197.89,82.8,69.29,95.98,1574.87,17.5,1.04,186.85,2000.0
WTG_19,138,7.71,22.72,183.86,74.21,66.09,90.43,980.19,10.89,0.0,183.76,1015.43
WTG_19,139,12.78,29.53,188.92,81.87,69.11,112.37,1581.95,17.58,1.95,184.21,2000.0
WTG_19,140,8.91,13.26,191.24,78.91,67.76,87.85,1121.77,12.46,0.0,184.45,1547.0
WTG_19,141,8.38,25.21,184.86,77.58,67.64,94.33,1043.86,11.6,0.0,185.67,1286.03
WTG_19,142,8.05,12.58,173.86,75.61,66.69,78.46,1012.34,11.25,0.0,183.93,1162.29
WTG_19,143,8.42,16.55,179.66,77.57,67.0,88.56,1095.6,12.17,0.0,183.04,1321.0
WTG_19,144,11.24,13.42,195.85,82.36,66.61,96.45,1417.65,15.75,0.0,184.32,2000.0
WTG_19,145,7.85,11.91,189.81,74.95,66.45,77.47,1001.09,11.12,0.0,186.72,1087.71
WTG_19,146,7.26,16.77,201.74,72.9,66.21,77.03,932.63,10.36,0.0,184.99,835.26
WTG_19,147,7.51,16.28,199.81,75.47,67.45,82.24,948.28,10.54,0.0,186.71,959.33
WTG_19,148,4.9,20.21,199.6,67.01,64.87,70.23,621.86,6.91,0.0,185.31,251.01
WTG_19,149,8.29,22.97,221.62,76.71,67.19,92.29,1029.78,11.44,0.0,182.5,1237.65
WTG_19,150,9.84,17.14,205.48,83.11,67.14,101.41,1236.39,13.74,0.0,185.0,2000.0
WTG_19,151,8.58,22.79,175.97,77.87,66.87,94.98,1073.67,11.93,0.0,182.99,1408.48
WTG_19,152,12.46,18.74,195.72,82.67,70.61,100.93,1589.33,17.66,1.14,186.65,2000.0
WTG_19,153,10.22,21.05,176.89,82.77,67.95,104.49,1269.3,14.1,0.0,183.19,2000.0
WTG_19,154,9.34,10.75,227.62,80.19,66.61,91.3,1173.96,13.04,0.0,184.88,1780.15
WTG_19,155,8.7,17.42,189.51,78.22,67.41,91.84,1059.37,11.77,0.0,185.65,1458.95
WTG_19,156,9.38,18.56,212.39,82.12,67.09,98.47,1180.01,13.11,0.0,182.37,1835.4
WTG_19,157,11.23,7.28,155.79,81.75,68.49,89.47,1421.99,15.8,0.0,182.0,2000.0
WTG_19,158,12.96,19.58,209.79,80.16,68.0,101.59,1622.09,18.02,2.4,182.61,2000.0
WTG_19,159,11.95,25.85,198.03,83.05,68.29,108.53,1515.22,16.84,0.0,183.31,2000.0
WTG_19,160,8.57,23.15,172.21,76.89,65.8,98.1,1061.31,11.79,0.0,182.23,1403.4
WTG_19,161,8.58,17.11,216.85,78.45,67.8,90.54,1083.01,12.03,0.0,185.94,1396.27
WTG_19,162,7.3,14.17,189.14,72.0,67.5,77.24,905.59,10.06,0.0,181.35,866.26
WTG_19,163,9.09,19.34,209.65,79.85,68.28,98.54,1143.94,12.71,0.0,184.27,1650.42
WTG_19,164,7.53,19.53,224.61,75.47,66.96,83.44,948.66,10.54,0.0,181.57,927.91
WTG_19,165,9.29,21.5,189.02,80.97,67.76,102.78,1166.52,12.96,0.0,183.05,1765.11
WTG_19,166,7.35,14.75,191.78,74.44,67.39,76.5,906.93,10.08,0.0,183.17,871.29
WTG_19,167,10.34,15.59,210.94,83.15,68.7,98.72,1299.94,14.44,0.0,182.92,2000.0
WTG_19,168,7.46,19.24,184.61,73.88,66.81,82.09,936.55,10.41,0.0,181.04,896.69
WTG_19,169,13.86,19.52,187.51,83.28,70.36,104.62,1752.95,19.48,4.66,182.4,2000.0
WTG_19,170,8.19,18.32,203.05,78.64,68.44,86.46,1038.14,11.53,0.0,184.59,1178.98
WTG_19,171,7.25,13.92,183.77,74.13,66.66,74.79,905.06,10.06,0.0,184.21,845.47
WTG_19,172,12.49,17.12,196.22,82.24,68.65,100.05,1611.01,17.9,1.22,184.07,2000.0
WTG_19,173,13.01,20.29,182.88,85.02,69.22,103.42,1654.37,18.38,2.52,183.92,2000.0
WTG_19,174,11.22,19.46,202.29,83.37,69.36,102.46,1426.5,15.85,0.0,183.06,2000.0
WTG_19,175,10.8,11.93,202.75,83.11,67.45,95.62,1351.48,15.02,0.0,185.36,2000.0
WTG_19,176,4.1,24.45,188.99,69.49,64.67,73.58,540.0,6.0,0.0,184.45,152.53
WTG_19,177,10.93,25.23,181.42,82.62,68.94,110.27,1356.55,15.07,0.0,180.85,2000.0
WTG_19,178,13.59,19.42,189.06,83.38,70.59,103.23,1714.61,19.05,3.98,183.52,2000.0
WTG_19,179,8.24,19.4,200.32,75.53,68.63,90.11,1001.48,11.13,0.0,181.34,1220.15
WTG_19,180,11.1,16.19,200.63,83.57,67.48,101.92,1362.04,15.13,0.0,184.92,2000.0
WTG_19,181,9.48,16.42,193.7,82.04,67.04,98.92,1224.04,13.6,0.0,185.06,1901.34
WTG_19,182,7.36,13.85,226.62,74.53,67.07,78.16,901.32,10.01,0.0,182.96,898.79
WTG_19,183,8.82,14.51,192.87,79.96,67.83,88.31,1123.25,12.48,0.0,182.86,1490.09
WTG_19,184,10.05,14.85,219.56,83.18,69.16,100.61,1282.86,14.25,0.0,182.1,2000.0
WTG_19,185,8.98,17.36,195.44,81.12,68.56,94.74,1156.57,12.85,0.0,182.72,1610.33
WTG_19,186,10.12,11.75,212.02,82.37,69.06,94.9,1292.13,14.36,0.0,183.37,2000.0
WTG_19,187,7.08,12.34,209.61,74.35,66.8,74.99,917.44,10.19,0.0,182.14,774.9
WTG_19,188,12.58,9.02,191.0,84.09,69.76,94.56,1578.86,17.54,1.46,181.71,2000.0
WTG_19,189,6.25,15.79,180.84,72.24,67.37,73.12,782.07,8.69,0.0,181.37,558.3
WTG_19,190,9.47,18.21,215.33,84.35,68.57,101.54,1216.4,13.52,0.0,184.56,1884.76
WTG_19,191,11.09,22.0,200.17,83.48,69.26,106.23,1395.82,15.51,0.0,181.0,2000.0
WTG_19,192,6.12,23.13,192.83,72.76,66.13,79.82,782.33,8.69,0.0,181.85,502.79
WTG_19,193,8.98,21.65,197.78,80.21,68.61,96.47,1120.91,12.45,0.0,182.06,1594.21
WTG_19,194,9.14,21.14,212.89,79.8,68.47,102.55,1139.75,12.66,0.0,182.81,1674.47
WTG_19,195,7.27,18.68,168.79,74.55,67.08,82.06,929.82,10.33,0.0,181.91,865.72
WTG_19,196,10.28,19.07,198.21,84.32,69.04,102.62,1295.12,14.39,0.0,183.52,2000.0
WTG_19,197,8.26,16.36,226.97,77.4,67.75,88.89,1048.17,11.65,0.0,186.08,1249.48
WTG_19,198,11.36,7.85,188.59,83.79,68.61,94.99,1430.51,15.89,0.0,183.16,2000.0
WTG_19,199,7.09,15.68,208.99,74.59,67.3,79.92,888.97,9.88,0.0,178.74,786.54
WTG_19,200,7.06,21.26,189.72,74.73,67.78,85.11,886.73,9.85,0.0,181.35,793.03
WTG_19,201,10.09,20.05,182.64,84.26,69.95,104.62,1255.39,13.95,0.0,178.62,2000.0
WTG_19,202,8.88,22.8,194.91,80.59,69.73,100.78,1127.8,12.53,0.0,183.59,1505.2
WTG_19,203,15.38,21.48,198.85,83.62,70.39,107.73,1800.0,20.0,8.46,180.28,2000.0
WTG_19,204,6.42,21.83,192.35,72.31,67.85,84.2,824.8,9.16,0.0,182.97,609.79
WTG_19,205,11.34,17.52,203.28,83.15,70.22,102.85,1442.9,16.03,0.0,179.94,2000.0
WTG_19,206,5.13,22.14,200.06,70.67,66.88,74.18,638.85,7.1,0.0,182.44,296.87
WTG_19,207,6.53,16.39,207.42,73.36,68.43,76.59,837.28,9.3,0.0,180.39,618.49
WTG_19,208,11.23,21.29,203.31,81.75,69.72,106.86,1426.07,15.85,0.0,181.46,2000.0
WTG_19,209,7.77,17.88,212.42,75.09,69.16,84.97,983.09,10.92,0.0,184.28,1028.21
WTG_19,210,6.81,20.86,199.03,72.85,68.05,82.63,837.39,9.3,0.0,180.52,710.2
WTG_19,211,12.01,18.92,227.36,82.8,70.95,105.27,1517.76,16.86,0.02,180.8,2000.0
WTG_19,212,7.17,17.12,214.15,75.55,67.9,80.29,883.04,9.81,0.0,181.3,792.91
WTG_19,213,9.81,23.01,185.35,84.85,71.12,107.78,1244.12,13.82,0.0,182.34,2000.0
WTG_19,214,11.75,14.0,197.72,84.66,69.31,102.33,1471.14,16.35,0.0,183.86,2000.0
WTG_19,215,11.33,17.15,185.01,84.56,69.92,101.8,1423.32,15.81,0.0,179.91,2000.0
WTG_19,216,5.54,18.48,213.76,71.57,67.45,74.06,675.66,7.51,0.0,178.98,350.02
WTG_19,217,11.84,19.67,218.67,84.36,71.3,105.38,1483.18,16.48,0.0,178.3,2000.0
WTG_19,218,11.1,15.53,216.01,84.54,70.26,100.1,1369.69,15.22,0.0,180.17,2000.0
WTG_19,219,6.13,18.37,235.32,73.01,69.46,75.46,764.97,8.5,0.0,181.09,498.1
WTG_19,220,15.24,15.25,194.29,86.53,71.83,100.73,1800.0,20.0,8.1,180.02,2000.0
WTG_19,221,6.27,18.31,212.09,74.06,68.66,77.8,793.17,8.81,0.0,182.08,534.13
WTG_19,222,9.8,17.54,183.98,86.5,71.1,105.53,1229.52,13.66,0.0,180.21,2000.0
WTG_19,223,8.7,15.43,184.31,80.42,69.3,93.38,1110.91,12.34,0.0,180.81,1436.53
WTG_19,224,11.13,16.59,192.24,84.79,71.17,103.0,1409.98,15.67,0.0,178.13,2000.0
WTG_19,225,7.03,17.88,206.14,75.56,67.87,82.12,897.34,9.97,0.0,179.94,787.96
WTG_19,226,6.36,18.21,212.97,74.69,69.02,79.53,812.28,9.03,0.0,183.63,552.93
WTG_19,227,10.53,22.79,210.52,84.93,70.74,108.18,1299.08,14.43,0.0,180.43,2000.0
WTG_19,228,11.04,11.7,217.64,84.42,71.35,98.81,1395.16,15.5,0.0,177.18,2000.0
WTG_19,229,9.55,14.17,192.39,85.71,69.62,99.75,1204.73,13.39,0.0,177.5,1921.14
WTG_19,230,9.98,16.41,210.92,85.34,68.92,104.23,1254.25,13.94,0.0,181.42,2000.0
WTG_19,231,11.08,17.57,220.22,86.19,70.6,106.37,1383.12,15.37,0.0,181.9,2000.0
WTG_19,232,9.11,13.23,192.75,83.48,70.66,94.02,1144.01,12.71,0.0,180.19,1701.01
WTG_19,233,7.08,15.68,176.49,74.88,68.49,78.85,897.47,9.97,0.0,179.98,791.01
WTG_19,234,8.83,21.43,186.06,82.37,70.13,98.96,1106.33,12.29,0.0,178.69,1505.05
WTG_19,235,9.91,22.39,208.56,86.89,70.7,110.57,1241.89,13.8,0.0,180.91,2000.0
WTG_19,236,11.53,24.15,168.93,85.97,71.73,111.71,1455.54,16.17,0.0,179.45,2000.0
WTG_19,237,6.2,15.87,185.98,74.2,67.51,75.58,791.15,8.79,0.0,177.91,531.65
WTG_19,238,6.36,18.94,217.18,75.78,68.44,78.94,825.14,9.17,0.0,179.43,570.27
WTG_19,239,10.62,19.96,215.2,87.44,71.63,107.86,1341.3,14.9,0.0,179.57,2000.0
WTG_19,240,7.1,20.96,187.16,77.88,69.92,86.89,862.01,9.58,0.0,179.01,813.27
WTG_19,241,7.89,10.7,188.11,80.32,69.02,82.0,977.53,10.86,0.0,180.33,1082.45
WTG_19,242,4.79,12.2,207.85,72.8,67.97,67.59,609.41,6.77,0.0,178.12,260.99
WTG_19,243,3.84,20.89,213.09,70.6,69.32,73.52,540.0,6.0,0.0,179.84,150.26
WTG_19,244,11.4,14.61,195.23,86.98,72.05,103.1,1443.74,16.04,0.0,177.9,2000.0
WTG_19,245,7.0,12.38,208.58,77.16,71.23,77.49,860.03,9.56,0.0,179.07,749.21
WTG_19,246,5.65,16.1,198.12,75.41,69.82,75.0,719.2,7.99,0.0,179.59,392.11
WTG_19,247,6.52,15.74,197.44,75.94,70.15,79.0,842.58,9.36,0.0,176.5,624.0
WTG_19,248,9.34,12.02,201.08,86.04,71.86,96.36,1192.87,13.25,0.0,178.64,1777.16
WTG_19,249,6.56,13.39,191.54,75.1,69.75,76.99,816.24,9.07,0.0,176.5,626.38
WTG_19,250,5.69,17.23,206.22,73.59,68.84,74.34,716.37,7.96,0.0,178.05,422.76
WTG_19,251,9.87,19.6,202.27,87.16,71.02,108.92,1237.42,13.75,0.0,179.27,2000.0
WTG_19,252,5.06,16.04,188.71,73.4,68.76,72.89,634.26,7.05,0.0,181.75,274.49
WTG_19,253,9.74,23.06,202.21,87.57,71.71,111.6,1208.47,13.43,0.0,179.25,2000.0
WTG_19,254,8.74,11.5,214.15,83.39,71.0,91.12,1104.59,12.27,0.0,177.86,1483.55
WTG_19,255,9.45,22.17,199.37,87.18,71.79,107.23,1184.84,13.16,0.0,179.38,1818.16
WTG_19,256,12.19,11.86,196.79,86.91,72.28,101.07,1541.16,17.12,0.48,176.37,2000.0
WTG_19,257,15.13,24.85,189.14,87.07,74.32,112.77,1800.0,20.0,7.82,177.31,2000.0
WTG_19,258,8.39,13.11,226.49,83.94,70.81,90.39,1063.01,11.81,0.0,180.16,1307.06
WTG_19,259,12.79,20.59,179.5,87.8,74.4,110.38,1617.42,17.97,1.97,175.85,2000.0
WTG_19,260,5.53,14.86,204.5,74.61,70.33,73.75,720.91,8.01,0.0,178.71,375.2
WTG_19,261,6.37,22.56,217.26,77.48,70.7,86.89,797.63,8.86,0.0,176.88,609.25
WTG_19,262,7.13,16.04,206.1,78.41,70.89,84.83,868.31,9.65,0.0,178.23,777.26
WTG_19,263,10.1,19.92,203.59,88.23,72.61,110.94,1285.5,14.28,0.0,175.94,2000.0
WTG_19,264,3.79,16.05,229.29,73.26,70.21,70.45,540.0,6.0,0.0,176.16,137.85
WTG_19,265,9.08,18.09,205.01,85.57,73.35,103.38,1149.2,12.77,0.0,175.85,1639.24
WTG_19,266,12.05,21.17,224.85,87.23,74.05,110.51,1554.51,17.27,0.13,177.17,2000.0
WTG_19,267,14.18,20.86,208.46,89.21,74.32,112.63,1773.23,19.7,5.45,177.91,2000.0
WTG_19,268,6.12,23.9,186.99,77.28,70.97,85.63,742.52,8.25,0.0,176.27,514.73
WTG_19,269,9.79,18.48,196.33,87.69,73.29,110.07,1211.68,13.46,0.0,175.57,2000.0
WTG_19,270,11.32,24.39,196.39,87.67,73.88,114.48,1432.67,15.92,0.0,175.51,2000.0
WTG_19,271,8.38,15.92,226.96,82.87,71.85,93.81,1019.12,11.32,0.0,176.63,1282.98
WTG_19,272,8.65,18.35,206.4,83.27,72.79,98.7,1071.04,11.9,0.0,175.41,1432.83
WTG_19,273,7.62,15.82,182.49,80.87,72.03,87.52,992.7,11.03,0.0,175.27,984.18
WTG_19,274,13.11,10.53,185.91,88.38,75.26,101.47,1622.31,18.03,2.76,177.33,2000.0
WTG_19,275,11.26,18.7,221.08,89.37,74.14,108.98,1398.79,15.54,0.0,175.37,2000.0
WTG_19,276,4.51,15.2,228.41,74.58,71.71,74.39,583.05,6.48,0.0,177.1,214.91
WTG_19,277,10.89,8.36,217.27,89.75,74.29,100.12,1367.45,15.19,0.0,174.54,2000.0
WTG_19,278,5.51,25.88,190.92,77.49,71.98,87.83,683.44,7.59,0.0,176.12,380.6
WTG_19,279,6.68,13.43,222.97,78.35,72.55,80.63,853.13,9.48,0.0,173.13,697.33
WTG_19,280,7.65,20.02,215.43,82.96,72.96,91.94,952.48,10.58,0.0,178.22,982.92
WTG_19,281,9.81,14.58,223.84,89.22,73.43,105.55,1216.97,13.52,0.0,173.31,2000.0
WTG_19,282,9.26,13.04,187.95,87.66,73.8,102.26,1174.4,13.05,0.0,174.87,1740.73
WTG_19,283,8.54,19.5,213.15,85.17,74.32,100.84,1093.86,12.15,0.0,174.03,1374.59
WTG_19,284,5.3,11.37,216.03,76.39,72.02,70.94,671.22,7.46,0.0,171.81,307.12
WTG_19,285,8.04,19.45,235.43,84.42,74.27,96.27,988.36,10.98,0.0,174.44,1135.68
WTG_19,286,11.06,14.77,194.2,90.67,75.33,108.82,1364.52,15.16,0.0,173.17,2000.0
WTG_19,287,11.74,18.54,224.28,90.46,75.59,112.44,1478.1,16.42,0.0,170.94,2000.0
WTG_19,288,7.35,15.5,223.02,81.06,74.1,86.85,917.91,10.2,0.0,175.32,874.4
WTG_19,289,11.46,25.81,221.91,91.38,75.74,118.22,1453.08,16.15,0.0,175.72,2000.0
WTG_19,290,8.04,19.68,185.57,83.06,74.69,94.66,1009.57,11.22,0.0,175.65,1164.18
WTG_19,291,7.02,16.63,230.29,81.45,74.63,87.59,877.65,9.75,0.0,173.45,774.9
WTG_19,292,11.95,19.0,212.8,90.69,77.45,112.12,1536.25,17.07,0.0,171.84,2000.0
WTG_19,293,5.1,17.53,202.12,76.15,73.18,76.95,661.29,7.35,0.0,173.41,283.59
WTG_19,294,9.08,16.61,190.25,87.16,75.26,103.8,1131.84,12.58,0.0,173.31,1644.43
WTG_19,295,7.07,17.01,231.76,81.89,72.73,90.02,901.26,10.01,0.0,171.22,774.96
WTG_19,296,9.68,14.36,193.26,91.35,75.82,108.48,1238.95,13.77,0.0,173.68,1996.37
WTG_19,297,11.18,10.62,197.94,91.97,76.74,103.42,1392.11,15.47,0.0,170.94,2000.0
WTG_19,298,4.84,19.38,186.85,76.98,73.35,78.97,623.54,6.93,0.0,173.95,239.46
WTG_19,299,6.17,16.91,225.04,79.15,74.07,83.26,742.36,8.25,0.0,172.61,495.91
WTG_19,300,10.13,19.42,218.11,91.59,76.2,113.25,1251.31,13.9,0.0,171.91,2000.0
WTG_19,301,7.75,17.87,244.13,84.64,73.94,93.75,977.09,10.86,0.0,172.17,1005.32
WTG_19,302,12.97,18.97,232.64,91.46,77.43,113.98,1634.37,18.16,2.42,173.8,2000.0
WTG_19,303,4.6,26.3,217.08,77.41,74.45,88.18,573.58,6.37,0.0,172.02,221.29
WTG_19,304,6.73,18.1,213.29,81.21,76.0,89.4,864.07,9.6,0.0,171.74,662.03
WTG_19,305,12.09,17.99,192.98,92.02,77.34,114.93,1511.94,16.8,0.22,170.46,2000.0
WTG_19,306,6.47,22.83,186.72,80.93,74.58,90.4,820.46,9.12,0.0,172.27,596.2
WTG_19,307,11.78,15.39,208.02,92.11,77.78,110.38,1463.68,16.26,0.0,169.3,2000.0
WTG_19,308,9.27,17.75,201.64,91.01,77.97,110.21,1183.09,13.15,0.0,169.16,1750.36
WTG_19,309,10.82,17.27,215.82,92.73,78.3,112.19,1384.23,15.38,0.0,171.23,2000.0
WTG_19,310,10.79,21.12,185.58,92.77,78.05,116.9,1345.24,14.95,0.0,172.01,2000.0
WTG_19,311,13.49,18.08,214.78,93.46,79.08,112.3,1723.69,19.15,3.73,171.99,2000.0
WTG_19,312,12.21,21.74,200.04,93.78,79.3,118.17,1578.39,17.54,0.53,169.97,2000.0
WTG_19,313,10.17,20.65,212.73,94.12,77.63,117.76,1268.53,14.09,0.0,169.77,2000.0
WTG_19,314,8.94,11.09,217.77,90.32,77.12,97.89,1089.31,12.1,0.0,171.28,1571.56
WTG_19,315,12.97,26.22,211.84,94.0,80.27,122.39,1630.65,18.12,2.44,171.18,2000.0
WTG_19,316,3.0,14.14,220.06,77.56,75.71,74.12,540.0,6.0,0.0,168.86,47.49
WTG_19,317,7.72,13.84,212.49,87.45,77.47,91.13,981.68,10.91,0.0,170.33,1024.74
WTG_19,318,5.49,17.37,213.4,80.86,76.19,84.58,705.56,7.84,0.0,167.64,374.63
WTG_19,319,11.9,19.92,183.99,95.77,78.89,117.38,1505.06,16.72,0.0,170.05,2000.0
WTG_19,320,10.48,17.3,211.5,94.75,78.1,114.85,1314.73,14.61,0.0,169.66,2000.0
WTG_19,321,9.2,15.41,195.89,90.93,78.56,104.37,1130.58,12.56,0.0,169.01,1693.95
WTG_19,322,5.84,20.83,236.86,82.59,75.85,89.96,742.21,8.25,0.0,169.36,451.1
WTG_19,323,10.2,18.46,204.07,94.1,78.87,115.7,1289.81,14.33,0.0,168.69,2000.0
WTG_19,324,10.91,18.71,234.15,94.54,78.67,117.9,1366.31,15.18,0.0,167.93,2000.0
WTG_19,325,7.09,16.18,226.01,85.15,77.75,91.91,915.86,10.18,0.0,166.35,806.73
WTG_19,326,9.63,17.34,237.61,96.27,78.57,114.95,1206.24,13.4,0.0,168.91,1966.32
WTG_19,327,7.78,21.5,209.27,87.49,77.82,100.23,979.16,10.88,0.0,168.87,1008.28
WTG_19,328,10.12,13.75,193.06,92.96,79.69,110.82,1240.85,13.79,0.0,169.01,2000.0
WTG_19,329,11.3,14.84,204.11,96.35,80.27,114.35,1422.34,15.8,0.0,167.01,2000.0
WTG_19,330,12.64,11.86,206.5,94.82,79.85,110.9,1604.91,17.83,1.6,168.5,2000.0
WTG_19,331,8.12,20.36,241.96,89.08,78.85,104.47,1040.46,11.56,0.0,166.88,1192.14
WTG_19,332,10.18,7.49,204.36,95.43,80.06,104.74,1302.33,14.47,0.0,167.6,2000.0
WTG_19,333,9.98,10.06,208.33,96.79,80.75,110.36,1252.44,13.92,0.0,166.84,2000.0
WTG_19,334,12.77,20.33,212.77,96.44,81.9,120.29,1640.01,18.22,1.92,165.63,2000.0
WTG_19,335,7.44,22.58,196.29,87.95,79.04,101.44,959.43,10.66,0.0,167.64,904.73
WTG_19,336,7.86,10.94,214.33,88.59,81.11,92.85,977.49,10.86,0.0,165.2,1055.97
WTG_19,337,11.12,20.18,231.11,96.23,82.08,119.43,1426.79,15.85,0.0,165.44,2000.0
WTG_19,338,10.32,18.3,219.13,97.6,80.24,119.89,1297.44,14.42,0.0,165.44,2000.0
WTG_19,339,11.55,25.77,216.93,96.95,80.9,127.06,1436.58,15.96,0.0,166.23,2000.0
WTG_19,340,9.44,14.74,232.62,97.39,81.72,111.74,1208.15,13.42,0.0,164.4,1849.19
WTG_19,341,9.89,17.35,217.63,97.53,81.44,118.27,1228.01,13.64,0.0,162.97,2000.0
WTG_19,342,9.4,21.99,208.12,95.95,82.03,118.29,1172.16,13.02,0.0,163.18,1822.28
WTG_19,343,3.77,22.72,218.87,83.07,79.45,89.46,540.0,6.0,0.0,162.04,114.45
WTG_19,344,11.65,11.22,228.99,97.65,82.13,112.78,1483.62,16.48,0.0,164.5,2000.0
WTG_19,345,14.54,12.36,203.72,97.76,84.27,114.47,1800.0,20.0,6.35,164.86,2000.0
WTG_19,346,8.85,20.82,217.36,94.24,82.61,113.49,1107.32,12.3,0.0,163.98,1518.92
WTG_19,347,8.8,13.96,190.09,94.73,81.76,107.23,1115.41,12.39,0.0,164.79,1486.79
WTG_19,348,10.59,14.39,183.29,98.55,82.64,116.98,1357.46,15.08,0.0,165.17,2000.0
WTG_19,349,7.62,11.5,241.61,88.56,81.72,92.63,966.78,10.74,0.0,162.71,979.06
WTG_19,350,10.74,19.28,225.6,98.71,83.05,121.15,1343.74,14.93,0.0,162.78,2000.0
WTG_19,351,9.04,19.05,247.44,96.26,83.69,113.95,1121.01,12.46,0.0,162.37,1633.32
WTG_19,352,8.09,9.79,215.24,90.92,82.84,98.52,1021.69,11.35,0.0,164.36,1155.91
WTG_19,353,9.09,17.45,233.79,96.8,83.36,114.18,1166.75,12.96,0.0,164.27,1652.97
WTG_19,354,10.42,20.85,225.42,99.63,83.48,123.85,1311.2,14.57,0.0,164.71,2000.0
WTG_19,355,4.82,15.56,226.27,86.23,82.01,86.45,613.6,6.82,0.0,162.08,249.95
WTG_19,356,12.35,18.95,226.66,99.51,84.15,122.27,1509.06,16.77,0.87,161.0,2000.0
WTG_19,357,11.22,15.0,230.0,99.09,84.32,120.03,1428.05,15.87,0.0,161.79,2000.0
WTG_19,358,13.55,12.33,196.8,100.97,86.0,116.71,1686.99,18.74,3.87,163.32,2000.0
WTG_19,359,8.93,22.59,250.09,95.57,84.2,118.33,1113.58,12.37,0.0,160.74,1560.68
WTG_19,360,14.05,20.51,203.38,101.11,86.4,126.35,1763.06,19.59,5.12,161.15,2000.0
WTG_19,361,8.41,19.18,200.42,96.71,84.45,111.22,1052.0,11.69,0.0,161.14,1309.62
WTG_19,362,11.94,17.79,230.43,102.06,86.35,120.99,1497.37,16.64,0.0,160.5,2000.0
WTG_19,363,10.87,16.21,231.01,99.13,85.02,119.22,1350.73,15.01,0.0,161.68,2000.0
WTG_19,364,13.88,14.3,213.59,101.89,86.79,118.32,1750.99,19.46,4.7,160.25,2000.0
WTG_19,365,10.3,9.79,216.29,102.82,86.22,116.42,1290.63,14.34,0.0,159.6,2000.0
WTG_19,366,8.34,9.79,228.68,96.33,85.48,100.71,1068.35,11.87,0.0,160.33,1251.89
WTG_19,367,6.11,16.15,199.14,89.82,83.03,96.96,784.13,8.71,0.0,159.0,513.23
WTG_19,368,8.87,14.84,202.16,98.24,85.92,112.27,1127.11,12.52,0.0,159.59,1540.0
WTG_19,369,9.98,17.38,228.14,101.37,86.84,124.38,1277.74,14.2,0.0,159.3,2000.0
WTG_19,370,3.72,12.15,213.34,87.17,82.72,83.58,540.0,6.0,0.0,157.79,139.39
WTG_19,371,9.64,8.92,197.21,102.59,86.29,116.64,1204.69,13.39,0.0,157.74,1981.39
WTG_19,372,10.19,17.64,237.03,103.45,88.05,126.05,1296.44,14.4,0.0,156.87,2000.0
WTG_19,373,10.95,14.47,214.36,105.01,85.97,122.61,1366.66,15.19,0.0,156.27,2000.0
WTG_19,374,6.8,19.74,217.85,92.96,85.55,102.78,863.48,9.59,0.0,156.72,692.31
WTG_19,375,9.15,16.0,239.69,102.32,87.12,116.29,1123.32,12.48,0.0,157.88,1661.5
WTG_19,376,7.17,19.66,217.2,93.8,85.68,105.64,912.36,10.14,0.0,154.42,814.17
WTG_19,377,7.48,17.12,218.02,94.39,86.31,106.05,930.95,10.34,0.0,160.82,931.24
WTG_19,378,5.66,10.06,232.49,90.04,85.56,89.01,721.32,8.01,0.0,153.95,404.61
WTG_19,379,5.33,15.35,205.26,90.39,87.26,93.4,683.59,7.6,0.0,156.35,326.16
WTG_19,380,6.57,13.7,213.22,92.13,85.44,94.83,852.04,9.47,0.0,154.37,608.1
WTG_19,381,12.02,10.2,216.72,104.52,87.63,119.04,1501.79,16.69,0.04,156.58,2000.0
WTG_19,382,9.44,16.87,229.05,103.32,88.03,124.91,1186.09,13.18,0.0,153.31,1842.17
WTG_19,383,6.41,21.66,220.99,94.93,87.67,105.33,833.69,9.26,0.0,151.89,600.05
WTG_19,384,6.82,14.92,234.38,95.45,87.1,100.31,890.55,9.9,0.0,153.68,696.88
WTG_19,385,13.35,24.28,198.46,102.93,91.56,137.09,1684.76,18.72,3.38,155.55,2000.0
WTG_19,386,8.07,23.14,225.7,99.42,88.49,117.74,1052.74,11.7,0.0,154.6,1161.97
WTG_19,387,12.74,13.66,231.29,107.09,90.89,123.08,1660.78,18.45,1.86,150.89,2000.0
WTG_19,388,10.79,12.92,231.59,105.84,89.36,125.19,1361.63,15.13,0.0,152.76,2000.0
WTG_19,389,11.27,23.22,242.1,105.41,91.31,134.44,1396.74,15.52,0.0,149.33,2000.0
WTG_19,390,11.92,21.61,204.09,107.89,90.55,134.24,1498.57,16.65,0.0,152.25,2000.0
WTG_19,391,10.02,19.26,191.82,106.61,90.5,130.37,1249.71,13.89,0.0,152.8,2000.0
WTG_19,392,6.23,16.69,241.43,94.66,89.32,100.65,770.32,8.56,0.0,150.94,543.67
WTG_19,393,11.6,8.42,216.55,107.59,90.69,120.15,1479.03,16.43,0.0,151.87,2000.0
WTG_19,394,10.21,19.89,237.31,108.28,91.81,131.87,1282.44,14.25,0.0,151.82,2000.0
WTG_19,395,10.11,18.12,224.86,108.17,91.18,132.1,1286.16,14.29,0.0,151.65,2000.0
WTG_19,396,11.82,18.46,229.31,106.48,91.12,132.53,1499.54,16.66,0.0,151.64,2000.0
WTG_19,397,9.01,18.99,209.72,106.14,91.83,125.39,1121.96,12.47,0.0,150.65,1603.89
WTG_19,398,8.87,16.43,190.13,105.49,91.79,123.4,1132.73,12.59,0.0,149.42,1543.37
WTG_19,399,9.78,13.04,245.99,108.85,92.86,127.81,1233.58,13.71,0.0,152.36,2000.0
WTG_19,400,8.73,21.32,225.61,102.51,91.66,123.17,1105.68,12.29,0.0,150.47,1446.73
WTG_19,401,7.95,14.65,207.15,102.35,91.02,112.01,1003.17,11.15,0.0,151.68,1119.99
WTG_19,402,8.88,7.05,214.31,105.2,93.44,113.5,1093.46,12.15,0.0,150.54,1532.89
WTG_19,403,13.73,19.17,258.57,110.28,95.18,134.19,1702.35,18.91,4.32,149.6,2000.0
WTG_19,404,10.06,17.61,222.56,111.61,92.79,133.73,1299.45,14.44,0.0,148.22,2000.0
WTG_19,405,10.57,19.22,228.32,111.62,94.07,136.71,1343.59,14.93,0.0,147.64,2000.0
WTG_19,406,7.16,19.84,199.15,102.04,92.65,113.4,922.32,10.25,0.0,148.14,803.68
WTG_19,407,5.42,16.37,232.74,98.7,91.21,103.26,659.44,7.33,0.0,148.54,359.78
WTG_19,408,12.45,19.47,214.62,112.14,94.99,135.54,1589.96,17.67,1.13,145.88,2000.0
WTG_19,409,12.54,20.61,198.68,112.85,95.28,138.57,1574.21,17.49,1.35,149.21,2000.0
WTG_19,410,5.9,18.26,211.3,99.24,92.09,105.98,769.95,8.55,0.0,144.92,460.96
WTG_19,411,7.61,15.51,229.23,103.43,92.83,113.57,944.43,10.49,0.0,145.06,976.55
WTG_19,412,6.12,15.55,244.94,99.95,93.77,104.08,764.02,8.49,0.0,147.39,509.25
WTG_19,413,11.29,17.53,245.51,113.3,95.17,134.98,1436.67,15.96,0.0,146.71,2000.0
WTG_19,414,5.28,17.75,176.5,99.18,93.35,103.97,681.93,7.58,0.0,143.34,321.78
WTG_19,415,9.12,16.35,206.65,110.2,95.46,128.68,1182.86,13.14,0.0,144.33,1665.09
WTG_19,416,5.44,23.3,209.29,100.92,94.74,111.2,714.17,7.94,0.0,141.63,336.88
WTG_19,417,9.27,23.24,201.06,112.1,97.05,137.68,1161.45,12.9,0.0,142.85,1740.05
WTG_19,418,13.72,18.91,221.35,114.58,98.85,138.27,1725.31,19.17,4.31,144.65,2000.0
WTG_19,419,3.72,16.94,212.59,97.71,93.92,101.1,540.0,6.0,0.0,145.06,96.12
WTG_19,420,10.33,20.83,193.15,114.96,95.38,141.19,1321.53,14.68,0.0,142.01,2000.0
WTG_19,421,8.08,14.92,227.42,109.19,95.92,119.39,996.78,11.08,0.0,140.66,1162.91
WTG_19,422,11.02,14.24,212.14,113.8,98.42,134.87,1401.88,15.58,0.0,142.03,2000.0
WTG_19,423,12.64,21.42,240.56,114.77,98.43,142.53,1575.61,17.51,1.61,142.64,2000.0
WTG_19,424,12.14,17.8,248.63,116.77,99.24,140.35,1566.51,17.41,0.34,139.86,2000.0
WTG_19,425,12.09,15.83,239.13,115.97,99.77,137.68,1522.23,16.91,0.22,142.01,2000.0
WTG_19,426,9.02,13.15,227.45,112.73,98.62,127.81,1143.76,12.71,0.0,141.36,1592.12
WTG_19,427,7.98,15.35,227.62,110.36,98.18,121.43,950.51,10.56,0.0,142.04,1124.18
WTG_20,1,18.0,25.22,177.36,76.54,62.71,107.43,1800.0,20.0,15.0,187.86,2000.0
WTG_20,2,9.15,21.63,154.43,73.7,60.58,98.09,1138.68,12.65,0.0,185.01,1689.77
WTG_20,3,7.9,23.49,156.77,69.4,58.97,88.83,999.8,11.11,0.0,187.41,1089.06
WTG_20,4,10.88,18.29,201.54,77.51,59.57,100.65,1373.92,15.27,0.0,187.16,2000.0
WTG_20,5,7.07,17.03,209.52,68.7,58.93,77.78,875.48,9.73,0.0,189.02,771.93
WTG_20,6,8.68,21.95,192.16,71.62,59.94,93.98,1123.31,12.48,0.0,186.52,1434.16
WTG_20,7,10.77,20.11,176.27,76.54,61.01,102.51,1368.46,15.21,0.0,188.5,2000.0
WTG_20,8,12.34,14.91,194.56,77.64,61.55,96.58,1554.33,17.27,0.84,188.35,2000.0
WTG_20,9,9.64,19.64,179.38,74.89,60.54,100.94,1209.76,13.44,0.0,187.22,1964.35
WTG_20,10,8.95,23.74,155.42,71.24,59.57,98.0,1115.61,12.4,0.0,187.03,1583.52
WTG_20,11,8.82,19.55,163.37,73.98,60.32,92.59,1121.79,12.46,0.0,189.02,1506.2
WTG_20,12,5.89,13.44,202.18,64.27,58.66,66.69,734.36,8.16,0.0,185.77,464.35
WTG_20,13,10.94,23.8,158.18,77.52,60.98,106.57,1382.08,15.36,0.0,185.7,2000.0
WTG_20,14,10.49,17.08,170.26,77.72,60.36,100.37,1327.97,14.76,0.0,189.08,2000.0
WTG_20,15,10.06,11.3,176.23,74.57,59.49,93.71,1247.06,13.86,0.0,187.9,2000.0
WTG_20,16,9.52,20.39,180.24,74.89,59.72,102.1,1187.35,13.19,0.0,185.91,1899.98
WTG_20,17,8.1,16.98,194.42,70.76,59.69,84.05,1016.65,11.3,0.0,184.71,1194.04
WTG_20,18,11.06,13.85,207.74,77.06,60.2,97.94,1410.16,15.67,0.0,192.15,2000.0
WTG_20,19,5.83,14.45,196.29,63.91,58.33,66.99,745.07,8.28,0.0,186.89,420.38
WTG_20,20,5.23,24.81,188.55,63.07,58.39,74.47,690.39,7.67,0.0,189.31,305.88
WTG_20,21,7.01,19.84,182.25,65.71,57.88,79.46,885.38,9.84,0.0,187.97,771.62
WTG_20,22,7.38,17.31,136.98,68.15,58.46,79.37,944.05,10.49,0.0,188.06,901.61
WTG_20,23,6.55,23.41,208.8,65.59,58.74,81.57,836.16,9.29,0.0,187.95,593.86
WTG_20,24,4.88,15.85,179.48,62.56,56.73,64.95,624.08,6.93,0.0,187.2,255.49
WTG_20,25,8.54,24.48,192.54,70.84,58.64,94.65,1059.87,11.78,0.0,187.55,1379.27
WTG_20,26,10.82,19.84,191.73,76.41,60.15,103.02,1382.58,15.36,0.0,189.36,2000.0
WTG_20,27,10.45,21.89,188.72,77.61,60.41,103.2,1341.63,14.91,0.0,187.25,2000.0
WTG_20,28,10.52,23.42,183.9,75.47,60.51,104.09,1318.97,14.66,0.0,185.62,2000.0
WTG_20,29,6.18,19.62,177.0,64.39,58.57,74.66,760.56,8.45,0.0,187.14,529.56
WTG_20,30,8.81,21.13,162.21,73.12,58.85,96.53,1144.8,12.72,0.0,185.89,1500.9
WTG_20,31,9.22,22.11,196.21,76.3,59.47,99.49,1177.84,13.09,0.0,187.13,1723.73
WTG_20,32,7.51,22.57,200.94,67.69,58.49,83.05,951.83,10.58,0.0,183.82,947.63
WTG_20,33,12.86,17.92,196.08,77.42,60.35,101.55,1625.85,18.06,2.15,188.56,2000.0
WTG_20,34,3.49,20.2,157.39,61.78,57.73,65.75,540.0,6.0,0.0,188.6,104.37
WTG_20,35,8.28,14.62,173.33,71.76,60.06,82.43,1018.93,11.32,0.0,184.59,1279.58
WTG_20,36,8.43,17.15,187.03,69.95,58.8,86.89,1100.36,12.23,0.0,190.16,1306.4
WTG_20,37,10.75,12.47,209.09,76.92,60.32,96.9,1342.12,14.91,0.0,185.75,2000.0
WTG_20,38,13.05,14.95,173.92,75.66,61.0,97.53,1632.69,18.14,2.62,188.15,2000.0
WTG_20,39,10.85,16.39,198.31,77.24,59.82,99.56,1322.63,14.7,0.0,186.35,2000.0
WTG_20,40,8.69,12.6,190.41,72.32,59.68,84.19,1111.78,12.35,0.0,188.11,1437.12
WTG_20,41,15.37,23.75,179.72,76.4,63.09,106.26,1800.0,20.0,8.43,187.66,2000.0
WTG_20,42,16.48,20.55,177.07,77.33,61.25,102.51,1800.0,20.0,11.19,188.46,2000.0
WTG_20,43,9.73,18.89,195.03,75.53,61.09,103.01,1231.47,13.68,0.0,191.19,2000.0
WTG_20,44,8.02,13.83,175.02,71.04,58.92,78.78,992.35,11.03,0.0,185.59,1122.46
WTG_20,45,10.34,19.02,197.75,78.7,60.26,101.37,1286.18,14.29,0.0,187.02,2000.0
WTG_20,46,8.15,21.52,165.24,70.86,58.84,91.47,984.05,10.93,0.0,187.21,1211.36
WTG_20,47,3.58,19.04,191.3,60.58,57.52,67.53,540.0,6.0,0.0,187.58,91.96
WTG_20,48,8.1,15.19,180.2,70.36,60.1,81.91,1033.41,11.48,0.0,187.31,1171.05
WTG_20,49,6.66,24.37,207.79,66.11,58.68,81.8,841.4,9.35,0.0,187.41,639.23
WTG_20,50,11.41,16.3,195.25,77.76,60.93,97.71,1455.32,16.17,0.0,189.32,2000.0
WTG_20,51,8.49,20.21,198.8,70.75,58.69,90.71,1088.86,12.1,0.0,187.78,1341.01
WTG_20,52,6.7,19.65,177.77,66.38,58.29,77.58,862.61,9.58,0.0,191.16,674.4
WTG_20,53,6.29,21.25,189.64,66.45,59.32,77.14,790.16,8.78,0.0,187.9,534.57
WTG_20,54,4.22,18.97,171.57,62.96,59.0,65.82,551.76,6.13,0.0,184.56,178.29
WTG_20,55,11.25,12.13,185.95,76.74,61.0,92.96,1411.91,15.69,0.0,189.63,2000.0
WTG_20,56,8.89,18.59,169.9,73.18,59.67,91.84,1124.48,12.49,0.0,183.93,1555.31
WTG_20,57,8.85,13.57,181.52,72.39,59.19,88.25,1151.37,12.79,0.0,185.99,1529.06
WTG_20,58,3.96,18.74,218.83,60.92,56.53,66.54,540.0,6.0,0.0,189.7,136.09
WTG_20,59,9.46,17.52,192.11,76.17,61.06,97.14,1215.06,13.5,0.0,187.43,1894.67
WTG_20,60,7.84,23.99,207.73,69.49,59.02,90.4,990.63,11.01,0.0,188.7,1053.75
WTG_20,61,7.45,12.73,169.63,68.33,58.27,76.52,953.87,10.6,0.0,186.02,935.31
WTG_20,62,8.03,16.91,170.61,68.92,59.41,82.9,1023.38,11.37,0.0,186.03,1138.93
WTG_20,63,10.52,17.97,181.37,76.92,58.92,102.56,1299.85,14.44,0.0,189.43,2000.0
WTG_20,64,8.74,21.92,180.67,72.44,59.93,93.45,1095.13,12.17,0.0,185.48,1478.35
WTG_20,65,8.97,12.62,195.55,73.1,60.4,85.98,1140.27,12.67,0.0,187.67,1557.11
WTG_20,66,6.89,14.02,188.2,67.08,57.95,71.68,837.95,9.31,0.0,188.66,715.32
WTG_20,67,4.22,22.4,162.56,61.99,58.0,69.88,540.0,6.0,0.0,187.06,163.22
WTG_20,68,9.41,14.76,183.72,74.69,60.4,94.0,1164.51,12.94,0.0,185.67,1828.9
WTG_20,69,5.12,17.96,188.96,64.31,58.85,70.5,630.71,7.01,0.0,185.76,299.6
WTG_20,70,8.64,15.55,171.11,73.58,58.94,85.34,1092.42,12.14,0.0,187.2,1391.9
WTG_20,71,9.24,21.49,192.17,74.3,61.24,99.55,1177.46,13.08,0.0,188.65,1750.25
WTG_20,72,9.13,15.13,187.45,74.79,60.81,91.32,1158.79,12.88,0.0,186.93,1671.3
WTG_20,73,11.4,21.7,197.08,76.6,61.54,105.05,1442.3,16.03,0.0,188.95,2000.0
WTG_20,74,13.05,14.83,204.94,77.76,61.1,98.74,1658.23,18.42,2.63,186.08,2000.0
WTG_20,75,5.78,19.48,211.1,65.12,58.34,72.44,743.98,8.27,0.0,185.58,438.98
WTG_20,76,10.63,16.7,205.26,75.78,60.57,99.41,1344.49,14.94,0.0,183.83,2000.0
WTG_20,77,8.64,17.95,186.37,72.35,58.38,88.9,1073.01,11.92,0.0,190.31,1431.51
WTG_20,78,8.34,9.43,191.54,70.3,58.64,80.01,1029.24,11.44,0.0,185.81,1292.88
WTG_20,79,10.3,15.54,184.93,78.3,59.83,97.52,1304.16,14.49,0.0,187.6,2000.0
WTG_20,80,9.78,13.11,178.08,77.22,60.55,97.13,1214.76,13.5,0.0,188.02,2000.0
WTG_20,81,5.54,18.28,189.29,64.51,57.55,71.26,676.7,7.52,0.0,186.34,365.92
WTG_20,82,8.74,12.86,188.39,72.43,59.95,86.16,1102.37,12.25,0.0,187.48,1455.66
WTG_20,83,14.77,20.02,203.93,77.68,62.67,104.3,1800.0,20.0,6.92,186.36,2000.0
WTG_20,84,5.37,16.07,155.86,64.19,58.51,68.87,695.72,7.73,0.0,188.06,310.94
WTG_20,85,15.62,9.71,197.81,78.06,62.08,92.98,1800.0,20.0,9.05,188.44,2000.0
WTG_20,86,5.67,20.06,176.32,66.71,58.03,73.15,725.6,8.06,0.0,185.05,408.28
WTG_20,87,12.43,18.56,203.87,76.75,61.64,102.7,1585.42,17.62,1.07,187.88,2000.0
WTG_20,88,10.06,28.1,205.42,76.46,61.21,109.77,1259.94,14.0,0.0,187.28,2000.0
WTG_20,89,11.55,14.37,211.93,77.0,61.26,97.68,1419.67,15.77,0.0,187.11,2000.0
WTG_20,90,9.31,15.86,187.21,74.98,59.83,94.48,1171.94,13.02,0.0,188.17,1744.21
WTG_20,91,12.78,24.81,170.89,77.19,62.0,108.43,1637.45,18.19,1.94,186.65,2000.0
WTG_20,92,9.65,17.19,212.51,76.46,61.24,99.13,1216.82,13.52,0.0,188.59,1995.53
WTG_20,93,9.3,19.29,225.68,75.78,61.55,100.05,1163.38,12.93,0.0,189.3,1787.02
WTG_20,94,10.13,12.04,188.71,76.82,61.01,93.84,1243.21,13.81,0.0,185.4,2000.0
WTG_20,95,3.0,24.34,189.25,61.21,58.13,72.09,540.0,6.0,0.0,186.0,67.73
WTG_20,96,10.8,16.93,201.32,78.77,61.68,102.08,1358.11,15.09,0.0,188.46,2000.0
WTG_20,97,5.91,15.13,221.94,63.32,58.43,70.45,727.33,8.08,0.0,188.21,453.98
WTG_20,98,9.35,12.02,204.39,75.94,60.15,91.18,1197.16,13.3,0.0,185.22,1798.9
WTG_20,99,12.3,21.16,191.35,77.95,62.28,105.18,1541.72,17.13,0.76,187.82,2000.0
WTG_20,100,8.3,8.89,174.2,72.2,59.91,76.86,1011.12,11.23,0.0,186.32,1262.68
WTG_20,101,10.2,14.66,191.51,76.43,61.77,98.18,1289.82,14.33,0.0,186.55,2000.0
WTG_20,102,8.88,25.3,181.63,72.58,61.47,98.77,1107.53,12.31,0.0,187.98,1543.98
WTG_20,103,9.41,17.78,197.56,75.4,59.79,96.75,1173.45,13.04,0.0,186.48,1840.47
WTG_20,104,9.23,20.37,184.09,75.6,59.88,98.97,1167.09,12.97,0.0,185.98,1729.68
WTG_20,105,10.06,16.67,203.91,77.82,60.72,100.96,1272.73,14.14,0.0,184.66,2000.0
WTG_20,106,8.95,17.73,195.07,75.37,60.18,92.91,1112.01,12.36,0.0,187.52,1591.26
WTG_20,107,6.79,16.02,184.61,67.53,59.04,74.6,846.33,9.4,0.0,185.59,684.27
WTG_20,108,11.48,14.27,200.29,76.64,61.79,97.31,1451.99,16.13,0.0,186.76,2000.0
WTG_20,109,8.03,14.68,227.21,69.77,59.87,82.53,1021.76,11.35,0.0,185.37,1153.9
WTG_20,110,9.13,21.7,191.94,74.77,61.13,98.91,1154.54,12.83,0.0,184.79,1691.24
WTG_20,111,10.51,21.61,167.63,76.51,61.37,105.37,1303.49,14.48,0.0,186.05,2000.0
WTG_20,112,5.58,16.38,203.09,63.28,59.61,70.46,724.43,8.05,0.0,187.52,349.63
WTG_20,113,5.94,14.24,191.33,65.24,59.47,68.03,741.0,8.23,0.0,187.14,460.38
WTG_20,114,6.67,16.53,188.73,65.77,59.11,75.49,841.56,9.35,0.0,185.9,632.54
WTG_20,115,3.04,20.36,194.34,63.23,58.2,66.98,540.0,6.0,0.0,185.65,63.62
WTG_20,116,7.88,15.01,191.58,69.33,59.16,79.33,1021.71,11.35,0.0,185.59,1071.16
WTG_20,117,7.09,18.42,217.86,69.37,58.59,80.46,902.26,10.03,0.0,188.24,796.35
WTG_20,118,7.02,20.37,168.83,67.76,59.18,80.14,871.42,9.68,0.0,186.55,785.54
WTG_20,119,6.23,14.57,212.35,65.39,59.89,68.86,765.49,8.51,0.0,185.57,496.65
WTG_20,120,13.8,21.41,182.85,76.64,62.39,105.55,1741.55,19.35,4.5,184.69,2000.0
WTG_20,121,8.57,9.74,211.14,72.48,58.89,82.49,1122.58,12.47,0.0,187.55,1388.87
WTG_20,122,9.81,22.71,198.3,78.08,60.13,106.92,1227.02,13.63,0.0,188.7,2000.0
WTG_20,123,13.32,10.76,209.06,77.64,61.62,94.28,1688.0,18.76,3.3,187.37,2000.0
WTG_20,124,9.99,16.21,199.6,77.8,61.02,99.78,1288.1,14.31,0.0,184.91,2000.0
WTG_20,125,11.1,20.5,180.69,78.6,62.13,102.66,1414.33,15.71,0.0,187.96,2000.0
WTG_20,126,4.18,14.36,205.28,62.77,59.35,64.48,540.0,6.0,0.0,185.8,158.16
WTG_20,127,3.04,14.95,191.98,62.09,59.13,63.48,540.0,6.0,0.0,185.5,76.79
WTG_20,128,12.54,13.88,197.79,76.96,62.47,98.09,1567.63,17.42,1.35,187.49,2000.0
WTG_20,129,8.14,18.11,205.25,70.94,61.28,87.49,1027.88,11.42,0.0,186.92,1176.14
WTG_20,130,11.98,20.21,233.81,77.64,62.14,103.08,1481.05,16.46,0.0,183.78,2000.0
WTG_20,131,8.09,21.41,190.79,70.77,60.42,89.9,1038.06,11.53,0.0,188.17,1158.38
WTG_20,132,10.87,21.95,184.04,78.31,61.24,108.08,1349.96,15.0,0.0,186.54,2000.0
WTG_20,133,5.4,17.37,193.27,65.14,59.8,70.69,663.28,7.37,0.0,184.37,358.03
WTG_20,134,9.97,15.67,176.39,78.96,61.99,98.8,1254.74,13.94,0.0,186.72,2000.0
WTG_20,135,12.34,24.1,174.05,79.97,62.47,108.1,1563.33,17.37,0.86,187.14,2000.0
WTG_20,136,10.42,23.56,171.4,78.68,62.98,107.12,1324.31,14.71,0.0,185.21,2000.0
WTG_20,137,9.12,22.26,208.02,75.93,61.55,100.78,1138.16,12.65,0.0,182.86,1663.94
WTG_20,138,13.64,15.1,182.3,78.43,62.92,99.27,1697.76,18.86,4.1,183.03,2000.0
WTG_20,139,4.39,20.26,193.74,63.53,60.15,70.19,572.07,6.36,0.0,187.53,187.74
WTG_20,140,13.08,16.43,205.69,78.99,62.76,101.59,1661.26,18.46,2.71,185.18,2000.0
WTG_20,141,7.98,12.47,208.57,71.5,61.64,79.84,988.81,10.99,0.0,183.67,1113.81
WTG_20,142,7.15,21.81,213.81,67.76,59.58,84.16,922.16,10.25,0.0,184.94,804.68
WTG_20,143,9.48,16.45,179.67,78.17,62.36,97.8,1215.07,13.5,0.0,186.62,1859.72
WTG_20,144,10.86,15.5,189.75,77.87,61.19,100.42,1415.56,15.73,0.0,184.3,2000.0
WTG_20,145,11.15,15.08,201.65,78.49,62.73,99.92,1430.8,15.9,0.0,185.31,2000.0
WTG_20,146,11.36,15.53,185.51,77.47,61.58,100.81,1463.56,16.26,0.0,184.07,2000.0
WTG_20,147,10.52,19.65,157.48,78.79,61.89,102.65,1334.68,14.83,0.0,184.08,2000.0
WTG_20,148,3.0,15.08,181.36,62.71,59.81,65.32,540.0,6.0,0.0,188.97,56.04
WTG_20,149,4.51,20.74,180.16,63.94,60.61,71.04,585.79,6.51,0.0,185.61,186.27
WTG_20,150,12.81,18.84,192.0,78.28,63.77,104.96,1614.07,17.93,2.02,186.93,2000.0
WTG_20,151,9.56,16.77,166.62,78.06,61.18,99.95,1202.17,13.36,0.0,185.77,1910.37
WTG_20,152,10.26,18.81,194.15,80.02,61.82,103.53,1283.25,14.26,0.0,184.37,2000.0
WTG_20,153,5.18,21.46,171.94,66.67,60.37,73.71,669.58,7.44,0.0,183.43,298.99
WTG_20,154,12.18,14.83,213.86,80.93,64.88,99.81,1541.45,17.13,0.46,184.38,2000.0
WTG_20,155,11.41,24.29,206.8,79.36,63.66,109.26,1431.82,15.91,0.0,184.38,2000.0
WTG_20,156,10.17,14.78,187.82,79.64,62.48,98.61,1283.23,14.26,0.0,180.96,2000.0
WTG_20,157,11.58,16.87,198.9,78.62,63.93,104.04,1456.57,16.18,0.0,188.18,2000.0
WTG_20,158,5.55,21.97,217.28,65.51,60.7,78.1,681.99,7.58,0.0,180.41,361.92
WTG_20,159,6.55,16.36,198.08,67.41,60.43,75.96,825.6,9.17,0.0,185.55,619.8
WTG_20,160,6.43,18.78,186.91,68.4,60.44,77.87,787.12,8.75,0.0,182.26,582.78
WTG_20,161,14.14,17.67,208.37,79.84,64.89,103.34,1778.7,19.76,5.34,184.22,2000.0
WTG_20,162,9.12,14.55,204.36,75.8,62.64,94.51,1146.6,12.74,0.0,185.09,1673.77
WTG_20,163,10.81,19.06,186.97,79.23,63.45,103.27,1356.07,15.07,0.0,184.54,2000.0
WTG_20,164,8.91,13.49,192.44,76.54,61.8,90.69,1116.39,12.4,0.0,184.23,1567.86
WTG_20,165,12.44,17.15,197.1,79.05,64.89,101.7,1544.7,17.16,1.1,181.74,2000.0
WTG_20,166,10.78,18.94,203.03,80.12,63.64,105.75,1360.6,15.12,0.0,182.5,2000.0
WTG_20,167,6.14,19.52,192.99,69.86,59.42,75.78,760.18,8.45,0.0,184.29,530.28
WTG_20,168,3.0,22.68,215.46,64.19,59.95,71.73,540.0,6.0,0.0,184.77,61.66
WTG_20,169,10.23,20.04,222.95,80.75,62.6,105.75,1284.77,14.28,0.0,183.3,2000.0
WTG_20,170,6.79,18.45,194.73,69.85,61.47,80.69,832.94,9.25,0.0,184.26,692.84
WTG_20,171,5.81,14.88,162.1,68.83,61.73,69.95,772.12,8.58,0.0,184.65,405.14
WTG_20,172,9.2,23.09,206.77,78.1,63.98,103.45,1182.29,13.14,0.0,183.82,1711.07
WTG_20,173,7.13,20.53,195.86,70.76,62.29,85.93,901.73,10.02,0.0,182.65,818.1
WTG_20,174,8.22,12.49,194.74,73.87,62.28,82.98,1056.14,11.73,0.0,182.26,1212.95
WTG_20,175,8.31,25.35,195.18,75.23,61.69,98.51,1055.06,11.72,0.0,182.74,1265.18
WTG_20,176,9.86,20.8,198.71,81.05,64.22,107.58,1233.69,13.71,0.0,182.06,2000.0
WTG_20,177,13.58,14.42,213.52,80.6,65.54,100.72,1730.01,19.22,3.95,180.49,2000.0
WTG_20,178,8.14,17.54,181.08,74.18,63.35,89.16,1007.4,11.19,0.0,185.93,1176.09
WTG_20,179,8.45,18.06,217.72,75.33,63.66,92.7,1058.19,11.76,0.0,182.4,1325.76
WTG_20,180,10.06,14.84,207.82,80.53,62.78,103.77,1289.71,14.33,0.0,180.98,2000.0
WTG_20,181,9.14,19.5,167.88,78.86,63.44,100.6,1161.33,12.9,0.0,181.19,1692.09
WTG_20,182,9.44,16.84,165.91,79.17,63.54,101.81,1191.11,13.23,0.0,180.1,1869.22
WTG_20,183,7.95,23.06,189.53,73.44,63.62,94.75,978.41,10.87,0.0,179.9,1107.39
WTG_20,184,13.95,14.42,189.0,82.61,65.69,102.49,1752.61,19.47,4.88,183.92,2000.0
WTG_20,185,7.29,17.5,214.6,71.77,63.22,81.96,925.24,10.28,0.0,181.62,851.67
WTG_20,186,9.38,19.02,204.23,79.33,64.35,102.96,1174.43,13.05,0.0,184.29,1821.21
WTG_20,187,9.52,13.74,189.04,78.93,64.72,100.43,1217.75,13.53,0.0,178.37,1884.69
WTG_20,188,13.38,16.76,174.26,79.87,66.26,106.28,1680.5,18.67,3.44,181.46,2000.0
WTG_20,189,8.98,21.29,205.12,79.38,62.85,102.7,1121.87,12.47,0.0,179.62,1604.56
WTG_20,190,8.72,15.05,186.49,78.49,63.57,94.1,1121.21,12.46,0.0,183.39,1466.63
WTG_20,191,9.08,15.13,196.63,78.71,63.07,97.19,1125.5,12.51,0.0,180.12,1641.7
WTG_20,192,11.06,21.86,173.3,82.76,65.67,107.99,1405.28,15.61,0.0,179.38,2000.0
WTG_20,193,7.68,15.02,186.16,75.18,64.65,85.45,964.57,10.72,0.0,181.81,1007.03
WTG_20,194,9.03,18.12,191.01,78.75,65.05,100.44,1113.64,12.37,0.0,179.11,1612.07
WTG_20,195,8.67,15.54,195.98,77.2,64.78,93.35,1043.57,11.6,0.0,179.57,1382.69
WTG_20,196,11.89,18.52,210.76,81.71,65.67,106.25,1505.82,16.73,0.0,178.98,2000.0
WTG_20,197,7.12,15.57,231.03,72.37,64.05,83.61,926.25,10.29,0.0,180.05,802.63
WTG_20,198,5.66,28.58,202.64,69.87,64.31,87.74,753.83,8.38,0.0,180.69,401.23
WTG_20,199,11.89,25.37,214.95,82.54,66.5,114.12,1495.26,16.61,0.0,180.51,2000.0
WTG_20,200,11.91,16.19,210.57,83.54,67.29,104.12,1485.38,16.5,0.0,182.8,2000.0
WTG_20,201,10.14,8.97,183.81,83.39,63.89,98.34,1293.53,14.37,0.0,179.44,2000.0
WTG_20,202,9.01,14.99,167.9,79.27,64.53,97.73,1079.42,11.99,0.0,179.97,1618.13
WTG_20,203,9.0,23.85,226.83,80.73,64.68,106.55,1166.02,12.96,0.0,178.59,1589.43
WTG_20,204,9.27,19.55,203.29,80.59,65.34,104.12,1182.26,13.14,0.0,179.55,1752.87
WTG_20,205,9.44,15.09,189.22,81.69,65.94,102.22,1196.59,13.3,0.0,182.51,1864.58
WTG_20,206,12.37,15.01,196.8,82.68,67.9,102.7,1556.72,17.3,0.92,179.25,2000.0
WTG_20,207,10.96,24.09,215.61,85.04,65.96,113.54,1355.03,15.06,0.0,179.12,2000.0
WTG_20,208,10.48,22.76,198.63,82.43,66.87,112.92,1342.76,14.92,0.0,179.0,2000.0
WTG_20,209,10.76,17.61,217.49,84.44,65.29,108.54,1389.36,15.44,0.0,179.02,2000.0
WTG_20,210,8.0,11.22,209.19,77.94,65.25,83.76,993.19,11.04,0.0,178.78,1107.74
WTG_20,211,8.87,21.94,204.69,80.58,67.03,102.72,1132.65,12.59,0.0,179.66,1506.87
WTG_20,212,5.34,22.05,185.6,70.39,64.07,82.14,689.51,7.66,0.0,178.29,324.65
WTG_20,213,5.26,18.3,203.85,71.16,63.29,76.48,641.75,7.13,0.0,178.62,323.75
WTG_20,214,9.82,17.41,217.68,83.71,68.5,108.98,1223.25,13.59,0.0,175.84,2000.0
WTG_20,215,13.76,10.61,216.99,84.14,67.78,102.35,1717.14,19.08,4.41,176.04,2000.0
WTG_20,216,6.63,13.74,194.76,72.9,64.29,80.06,823.43,9.15,0.0,178.37,639.54
WTG_20,217,8.84,18.17,215.45,80.92,67.58,101.61,1121.36,12.46,0.0,174.98,1530.57
WTG_20,218,6.11,13.95,206.56,73.31,63.86,78.01,792.6,8.81,0.0,176.38,505.13
WTG_20,219,13.33,26.28,202.75,84.8,69.6,117.72,1679.53,18.66,3.34,176.24,2000.0
WTG_20,220,9.24,17.5,207.05,82.59,67.05,105.03,1168.93,12.99,0.0,174.81,1754.12
WTG_20,221,4.6,18.25,195.64,69.87,64.09,74.67,561.7,6.24,0.0,176.34,214.35
WTG_20,222,8.39,19.52,203.23,79.49,68.3,98.55,1070.29,11.89,0.0,178.74,1302.96
WTG_20,223,8.79,14.86,205.42,83.05,69.27,97.24,1144.65,12.72,0.0,173.76,1497.42
WTG_20,224,8.12,13.1,195.75,78.82,68.53,91.05,1035.55,11.51,0.0,177.51,1185.82
WTG_20,225,5.39,21.3,185.36,72.23,65.48,82.33,687.66,7.64,0.0,176.53,362.57
WTG_20,226,13.53,13.79,205.25,86.49,69.61,107.96,1689.35,18.77,3.83,174.14,2000.0
WTG_20,227,13.31,21.11,194.44,87.46,69.18,113.48,1693.09,18.81,3.28,174.57,2000.0
WTG_20,228,8.03,12.01,180.93,79.02,67.68,87.75,1013.64,11.26,0.0,177.36,1123.78
WTG_20,229,6.05,20.37,188.61,73.7,67.49,86.3,763.93,8.49,0.0,175.42,488.84
WTG_20,230,12.88,15.97,206.57,86.57,70.94,109.25,1614.26,17.94,2.2,174.03,2000.0
WTG_20,231,7.46,20.91,188.35,76.96,68.3,93.59,967.34,10.75,0.0,172.91,920.65
WTG_20,232,10.24,18.66,218.8,87.54,68.84,111.72,1297.5,14.42,0.0,174.73,2000.0
WTG_20,233,5.37,21.99,200.75,74.26,66.43,86.76,675.41,7.5,0.0,175.06,372.09
WTG_20,234,6.21,18.86,203.32,75.65,66.11,85.4,759.97,8.44,0.0,176.47,532.04
WTG_20,235,7.87,19.58,209.23,80.42,68.81,97.37,949.06,10.55,0.0,174.26,1064.72
WTG_20,236,11.97,22.34,231.41,85.84,70.36,116.29,1536.64,17.07,0.0,173.55,2000.0
WTG_20,237,7.25,23.02,204.28,77.5,69.03,95.9,916.87,10.19,0.0,175.78,833.11
WTG_20,238,12.25,19.07,207.09,88.37,71.46,113.77,1537.03,17.08,0.63,174.41,2000.0
WTG_20,239,10.65,14.99,205.99,88.17,71.25,109.62,1325.73,14.73,0.0,171.6,2000.0
WTG_20,240,9.02,18.46,191.59,85.59,68.98,106.27,1127.75,12.53,0.0,175.47,1614.46
WTG_20,241,7.46,20.02,204.06,79.68,70.0,95.69,950.72,10.56,0.0,174.18,913.39
WTG_20,242,11.08,16.95,188.56,89.19,69.79,114.22,1428.55,15.87,0.0,172.06,2000.0
WTG_20,243,9.54,16.29,179.69,87.57,70.25,112.25,1206.52,13.41,0.0,173.06,1935.74
WTG_20,244,7.02,15.58,199.18,78.43,69.7,88.39,898.58,9.98,0.0,173.11,735.94
WTG_20,245,8.22,13.41,211.71,81.83,70.27,95.37,1054.46,11.72,0.0,172.19,1212.07
WTG_20,246,11.68,19.84,207.16,87.04,70.46,115.61,1438.25,15.98,0.0,173.71,2000.0
WTG_20,247,9.27,16.87,204.76,86.9,70.6,107.63,1188.74,13.21,0.0,173.47,1719.78
WTG_20,248,6.52,14.94,207.48,78.81,69.55,87.39,808.93,8.99,0.0,172.9,629.97
WTG_20,249,11.67,14.66,218.84,88.47,71.59,111.47,1449.81,16.11,0.0,171.2,2000.0
WTG_20,250,9.07,19.33,207.13,86.58,70.72,109.51,1164.86,12.94,0.0,169.34,1636.59
WTG_20,251,7.16,15.25,205.7,81.48,71.17,89.16,916.59,10.18,0.0,172.75,791.61
WTG_20,252,8.51,17.19,194.34,84.0,70.33,103.4,1080.56,12.01,0.0,170.06,1340.62
WTG_20,253,13.36,20.13,218.47,90.57,74.8,118.45,1701.38,18.9,3.39,169.41,2000.0
WTG_20,254,7.58,18.71,187.74,80.99,71.63,97.98,948.01,10.53,0.0,170.85,953.72
WTG_20,255,4.14,14.67,220.13,75.45,70.04,80.15,540.0,6.0,0.0,168.57,169.75
WTG_20,256,8.75,18.81,200.55,87.04,72.74,109.62,1096.09,12.18,0.0,168.45,1511.92
WTG_20,257,7.57,11.92,198.36,82.82,71.9,91.51,953.67,10.6,0.0,170.11,957.35
WTG_20,258,6.88,20.81,224.29,81.68,72.99,96.43,891.12,9.9,0.0,168.71,719.69
WTG_20,259,10.57,19.2,224.92,92.14,74.16,119.97,1339.36,14.88,0.0,169.29,2000.0
WTG_20,260,13.48,20.23,214.17,92.91,75.08,120.56,1688.38,18.76,3.71,166.77,2000.0
WTG_20,261,8.6,22.44,220.31,87.09,72.96,110.63,1090.89,12.12,0.0,167.95,1389.74
WTG_20,262,3.0,12.98,216.7,75.69,72.28,77.26,540.0,6.0,0.0,165.88,76.02
WTG_20,263,9.77,20.25,205.42,90.85,74.56,119.76,1265.99,14.07,0.0,168.1,2000.0
WTG_20,264,8.39,21.09,187.65,87.37,72.0,109.9,1075.2,11.95,0.0,165.98,1306.08
WTG_20,265,11.58,12.42,198.33,92.47,74.2,114.01,1465.9,16.29,0.0,167.52,2000.0
WTG_20,266,12.89,23.44,194.21,92.89,75.74,124.17,1626.46,18.07,2.23,165.73,2000.0
WTG_20,267,10.51,20.05,186.57,92.47,74.89,122.45,1367.49,15.19,0.0,164.44,2000.0
WTG_20,268,9.64,23.71,181.38,93.15,75.45,123.76,1200.26,13.34,0.0,166.6,1969.36
WTG_20,269,14.64,19.97,181.77,93.62,76.7,120.1,1800.0,20.0,6.59,164.34,2000.0
WTG_20,270,13.41,19.78,189.97,93.22,77.39,121.42,1682.23,18.69,3.54,167.01,2000.0
WTG_20,271,9.33,16.32,211.78,92.2,75.18,115.13,1161.86,12.91,0.0,167.51,1783.03
WTG_20,272,5.75,20.0,216.44,81.8,74.13,93.13,759.23,8.44,0.0,164.74,450.97
WTG_20,273,10.21,12.77,217.51,93.75,75.92,116.92,1288.66,14.32,0.0,161.46,2000.0
WTG_20,274,13.42,11.07,227.88,95.63,78.36,115.91,1687.02,18.74,3.55,169.65,2000.0
WTG_20,275,6.58,19.59,207.21,81.92,74.85,97.07,828.76,9.21,0.0,163.68,614.1
WTG_20,276,12.39,23.1,204.4,95.3,77.18,126.38,1550.91,17.23,0.97,165.86,2000.0
WTG_20,277,11.94,18.8,208.65,96.95,77.54,122.2,1516.25,16.85,0.0,163.57,2000.0
WTG_20,278,11.36,29.25,228.77,95.9,77.76,132.25,1423.68,15.82,0.0,166.12,2000.0
WTG_20,279,11.97,25.13,234.79,95.94,78.72,129.1,1550.11,17.22,0.0,165.96,2000.0
WTG_20,280,6.71,21.67,195.22,85.92,74.82,99.8,817.48,9.08,0.0,162.27,642.14
WTG_20,281,4.81,12.88,211.99,83.36,74.38,87.07,608.78,6.76,0.0,161.83,251.59
WTG_20,282,8.83,16.1,202.51,92.7,77.34,111.22,1079.42,11.99,0.0,163.13,1509.5
WTG_20,283,8.37,23.36,214.68,91.29,77.61,116.44,1065.57,11.84,0.0,162.55,1318.97
WTG_20,284,6.16,17.75,199.28,85.12,75.02,94.86,787.36,8.75,0.0,163.36,495.52
WTG_20,285,8.08,21.87,208.41,92.15,77.86,112.56,1043.71,11.6,0.0,160.21,1197.82
WTG_20,286,11.94,23.75,199.74,95.88,81.02,128.26,1511.78,16.8,0.0,163.24,2000.0
WTG_20,287,7.99,17.07,216.15,89.71,78.23,107.19,1008.01,11.2,0.0,160.74,1130.04
WTG_20,288,8.01,22.77,213.01,89.1,78.26,112.83,998.33,11.09,0.0,158.03,1117.81
WTG_20,289,9.87,15.12,194.07,96.63,79.78,122.68,1229.72,13.66,0.0,161.07,2000.0
WTG_20,290,6.54,16.17,195.85,89.21,77.82,97.33,862.73,9.59,0.0,160.04,605.68
WTG_20,291,9.04,21.65,203.0,94.91,79.11,120.91,1167.67,12.97,0.0,160.92,1613.67
WTG_20,292,9.58,20.97,184.31,98.59,79.59,127.4,1220.76,13.56,0.0,157.85,1963.82
WTG_20,293,6.61,24.17,247.26,88.03,77.92,106.12,827.77,9.2,0.0,158.73,633.67
WTG_20,294,3.11,11.46,219.76,83.7,77.73,82.92,540.0,6.0,0.0,158.14,72.59
WTG_20,295,5.77,19.99,222.69,84.98,80.14,99.84,750.28,8.34,0.0,156.75,445.99
WTG_20,296,7.34,16.39,193.23,89.66,80.31,105.35,919.41,10.22,0.0,157.51,865.69
WTG_20,297,9.37,16.05,218.18,98.45,81.95,121.55,1197.31,13.3,0.0,154.54,1805.67
WTG_20,298,8.45,17.87,199.52,94.72,80.72,115.39,1063.23,11.81,0.0,157.35,1341.67
WTG_20,299,8.34,14.34,200.14,94.37,81.84,113.34,1094.52,12.16,0.0,156.79,1259.27
WTG_20,300,9.6,13.14,194.44,100.28,81.67,121.1,1211.92,13.47,0.0,157.91,1957.45
WTG_20,301,10.04,21.92,210.78,100.92,82.43,131.98,1279.9,14.22,0.0,156.91,2000.0
WTG_20,302,5.09,17.75,184.43,87.41,80.93,97.17,663.11,7.37,0.0,153.47,299.18
WTG_20,303,9.34,20.23,215.74,100.78,83.9,127.29,1191.04,13.23,0.0,155.08,1780.05
WTG_20,304,9.15,13.82,218.96,100.65,82.98,120.35,1146.37,12.74,0.0,153.2,1693.31
WTG_20,305,8.55,19.9,192.44,97.19,83.11,120.34,1103.59,12.26,0.0,153.99,1388.64
WTG_20,306,4.73,15.51,221.11,88.02,82.14,95.52,597.68,6.64,0.0,153.2,245.77
WTG_20,307,9.36,15.33,218.81,100.9,83.83,126.7,1208.75,13.43,0.0,151.87,1805.53
WTG_20,308,7.28,18.51,232.68,92.59,82.9,108.51,891.43,9.9,0.0,155.02,834.16
WTG_20,309,5.3,23.69,231.5,90.46,83.42,103.6,659.68,7.33,0.0,151.98,289.48
WTG_20,310,9.54,15.87,240.16,104.13,83.65,128.24,1201.56,13.35,0.0,151.84,1917.22
WTG_20,311,7.25,16.16,209.24,94.22,84.76,108.14,902.36,10.03,0.0,153.62,839.53
WTG_20,312,12.35,25.05,210.11,104.71,86.51,139.81,1520.12,16.89,0.86,152.89,2000.0
WTG_20,313,9.26,17.06,223.92,103.76,85.17,130.13,1188.99,13.21,0.0,150.29,1772.68
WTG_20,314,9.17,25.49,214.92,102.38,86.31,134.04,1207.47,13.42,0.0,153.08,1688.87
WTG_20,315,7.35,20.69,220.67,96.23,85.47,115.02,936.81,10.41,0.0,152.72,888.04
WTG_20,316,10.08,25.88,235.38,106.13,86.69,141.13,1249.14,13.88,0.0,149.99,2000.0
WTG_20,317,10.63,21.63,197.06,106.25,87.46,138.05,1312.9,14.59,0.0,149.3,2000.0
WTG_20,318,8.53,12.12,207.7,100.2,88.03,115.84,1087.84,12.09,0.0,149.7,1363.26
WTG_20,319,9.97,24.11,210.63,106.56,87.63,142.17,1263.25,14.04,0.0,150.38,2000.0
WTG_20,320,7.29,19.6,215.48,98.16,87.07,114.8,916.21,10.18,0.0,148.11,834.33
WTG_20,321,13.81,16.54,227.68,107.42,90.04,133.1,1735.21,19.28,4.52,149.31,2000.0
WTG_20,322,7.74,12.99,227.4,100.35,88.36,111.86,1004.88,11.17,0.0,148.04,1021.18
WTG_20,323,12.38,18.37,207.93,109.57,90.73,137.4,1561.93,17.35,0.95,147.5,2000.0
WTG_20,324,8.62,15.52,199.03,103.22,88.55,123.27,1106.51,12.29,0.0,147.76,1421.33
WTG_20,325,11.56,14.62,201.84,107.41,88.73,133.98,1448.04,16.09,0.0,146.7,2000.0
WTG_20,326,8.94,22.62,187.78,105.87,89.74,133.15,1157.01,12.86,0.0,145.24,1568.53
WTG_20,327,12.68,19.82,211.4,109.28,91.41,140.88,1572.83,17.48,1.7,146.78,2000.0
WTG_20,328,11.93,16.99,194.8,110.34,90.67,137.01,1491.27,16.57,0.0,143.63,2000.0
WTG_20,329,14.09,21.13,209.11,109.62,92.65,141.19,1768.68,19.65,5.23,143.58,2000.0
WTG_20,330,10.06,9.27,238.25,109.85,89.74,130.34,1279.73,14.22,0.0,143.24,2000.0
WTG_20,331,8.33,18.05,225.45,106.37,90.67,126.31,1062.43,11.8,0.0,145.83,1277.13
WTG_20,332,13.52,18.65,210.08,111.19,93.46,141.77,1727.97,19.2,3.81,143.18,2000.0
WTG_20,333,8.56,14.75,205.98,105.82,91.7,126.91,1089.76,12.11,0.0,139.57,1392.19
WTG_21,1,10.17,15.79,138.26,77.84,67.33,99.29,1263.63,14.04,0.0,185.49,2000.0
WTG_21,2,9.55,17.03,195.94,76.27,66.17,99.3,1232.31,13.69,0.0,185.51,1898.75
WTG_21,3,8.95,13.45,176.92,73.51,66.02,88.15,1126.37,12.52,0.0,183.78,1561.22
WTG_21,4,9.39,17.23,184.92,74.9,67.23,96.72,1186.47,13.18,0.0,186.21,1824.48
WTG_21,5,8.94,17.28,165.28,74.17,65.7,90.25,1114.13,12.38,0.0,185.15,1563.08
WTG_21,6,7.08,16.47,174.01,66.32,65.46,74.46,881.24,9.79,0.0,186.16,770.68
WTG_21,7,6.79,19.81,170.81,65.55,67.44,77.31,874.1,9.71,0.0,184.42,689.03
WTG_21,8,7.78,19.59,159.01,68.92,66.88,82.98,982.62,10.92,0.0,186.59,1010.4
WTG_21,9,4.83,15.51,162.53,62.31,64.66,65.04,642.49,7.14,0.0,184.7,241.24
WTG_21,10,6.02,23.4,197.32,64.95,64.97,76.92,764.78,8.5,0.0,187.65,484.67
WTG_21,11,10.56,12.68,174.33,77.32,66.36,95.5,1339.69,14.89,0.0,186.93,2000.0
WTG_21,12,5.24,24.96,186.15,62.8,64.65,74.19,661.83,7.35,0.0,184.78,301.7
WTG_21,13,6.77,20.73,135.61,66.25,67.25,79.93,848.53,9.43,0.0,184.51,668.02
WTG_21,14,8.54,14.65,179.14,72.94,67.12,85.81,1088.83,12.1,0.0,185.83,1348.78
WTG_21,15,6.74,22.05,176.7,65.37,65.07,80.41,818.97,9.1,0.0,185.08,675.09
WTG_21,16,8.91,22.67,147.76,73.3,66.65,97.5,1142.45,12.69,0.0,186.79,1556.48
WTG_21,17,8.41,17.46,190.83,71.75,65.89,86.17,1021.77,11.35,0.0,185.03,1306.65
WTG_21,18,7.54,17.02,174.72,68.97,65.66,79.69,977.86,10.87,0.0,186.22,925.08
WTG_21,19,12.83,19.57,175.95,77.03,67.51,101.69,1617.26,17.97,2.06,184.64,2000.0
WTG_21,20,10.82,13.11,174.38,76.97,67.61,95.83,1367.78,15.2,0.0,183.86,2000.0
WTG_21,21,10.99,15.86,181.93,77.05,67.52,97.58,1363.43,15.15,0.0,186.94,2000.0
WTG_21,22,10.46,17.44,179.98,78.07,67.02,102.71,1304.5,14.49,0.0,183.51,2000.0
WTG_21,23,9.92,18.9,182.84,77.06,66.26,102.62,1221.51,13.57,0.0,184.91,2000.0
WTG_21,24,9.64,17.84,181.38,76.91,67.52,101.25,1241.7,13.8,0.0,184.35,1985.59
WTG_21,25,5.11,20.21,201.19,62.99,64.06,70.42,613.32,6.81,0.0,183.58,284.91
WTG_21,26,8.2,20.8,151.56,70.13,64.4,89.13,1014.57,11.27,0.0,185.13,1235.03
WTG_21,27,9.37,18.23,201.79,75.03,67.25,97.93,1168.01,12.98,0.0,185.8,1808.63
WTG_21,28,14.38,20.21,201.62,78.49,68.14,103.49,1796.51,19.96,5.96,187.17,2000.0
WTG_21,29,11.94,11.62,177.64,76.9,67.57,93.86,1515.5,16.84,0.0,184.31,2000.0
WTG_21,30,5.89,16.8,210.74,64.05,66.41,68.24,737.52,8.19,0.0,185.24,427.58
WTG_21,31,10.84,13.44,185.96,77.41,68.73,95.57,1349.95,15.0,0.0,186.11,2000.0
WTG_21,32,10.21,18.7,172.87,76.77,66.86,100.07,1268.14,14.09,0.0,184.93,2000.0
WTG_21,33,7.41,20.23,177.44,67.71,65.87,81.97,948.94,10.54,0.0,185.48,898.82
WTG_21,34,9.9,16.2,179.82,77.36,66.42,98.43,1249.78,13.89,0.0,184.21,2000.0
WTG_21,35,10.87,22.1,181.82,76.91,68.23,107.64,1367.99,15.2,0.0,184.97,2000.0
WTG_21,36,10.42,14.61,172.27,77.49,66.99,97.35,1294.71,14.39,0.0,186.37,2000.0
WTG_21,37,11.99,19.63,185.08,75.39,69.02,101.72,1534.48,17.05,0.0,187.23,2000.0
WTG_21,38,13.8,25.42,138.62,76.41,69.2,107.32,1753.06,19.48,4.5,186.34,2000.0
WTG_21,39,12.3,17.19,189.28,78.07,68.46,99.61,1541.97,17.13,0.76,187.18,2000.0
WTG_21,40,7.98,16.47,174.04,69.83,66.27,81.29,977.59,10.86,0.0,184.44,1106.21
WTG_21,41,4.27,26.75,206.1,61.62,65.22,75.68,540.0,6.0,0.0,183.23,173.17
WTG_21,42,6.56,17.72,204.96,66.33,64.95,74.39,820.33,9.11,0.0,186.15,642.01
WTG_21,43,11.1,21.73,187.51,78.87,67.72,102.51,1406.93,15.63,0.0,185.39,2000.0
WTG_21,44,9.29,12.95,186.27,75.58,67.13,92.18,1151.71,12.8,0.0,185.89,1769.44
WTG_21,45,10.97,23.17,177.87,76.36,67.39,106.57,1379.83,15.33,0.0,186.28,2000.0
WTG_21,46,4.76,24.86,197.31,61.75,65.81,75.01,604.41,6.72,0.0,186.87,217.21
WTG_21,47,8.67,23.23,164.16,71.81,66.44,93.68,1070.02,11.89,0.0,180.91,1448.13
WTG_21,48,6.45,16.48,170.93,66.29,64.76,73.42,823.37,9.15,0.0,183.32,604.41
WTG_21,49,13.66,18.2,172.06,77.54,67.55,100.08,1721.89,19.13,4.15,185.88,2000.0
WTG_21,50,10.95,31.08,205.68,77.44,68.53,114.14,1366.92,15.19,0.0,187.31,2000.0
WTG_21,51,11.71,20.21,178.52,76.92,68.72,103.39,1467.15,16.3,0.0,183.98,2000.0
WTG_21,52,11.42,13.3,190.19,77.13,67.45,97.53,1464.06,16.27,0.0,188.51,2000.0
WTG_21,53,10.39,21.51,205.8,76.64,67.11,102.39,1322.69,14.7,0.0,186.6,2000.0
WTG_21,54,5.87,21.31,174.5,65.85,65.89,74.82,735.7,8.17,0.0,185.07,453.5
WTG_21,55,6.06,20.55,184.27,66.15,65.2,74.5,746.48,8.29,0.0,184.25,500.63
WTG_21,56,10.0,13.23,186.73,77.48,66.41,96.53,1253.21,13.92,0.0,185.79,2000.0
WTG_21,57,8.52,16.28,179.33,71.26,66.67,86.13,1070.88,11.9,0.0,186.41,1348.35
WTG_21,58,8.67,16.1,190.77,72.15,65.16,85.96,1085.34,12.06,0.0,183.7,1422.96
WTG_21,59,6.02,20.6,204.8,63.52,65.67,74.04,763.84,8.49,0.0,182.29,450.52
WTG_21,60,6.86,13.7,207.86,66.87,65.94,72.17,876.64,9.74,0.0,187.8,704.88
WTG_21,61,12.52,24.1,191.06,76.26,69.11,105.51,1571.69,17.46,1.3,184.78,2000.0
WTG_21,62,5.54,17.61,170.28,63.38,64.58,69.87,709.61,7.88,0.0,185.11,369.8
WTG_21,63,7.62,16.73,178.91,67.61,65.41,80.49,920.82,10.23,0.0,184.67,972.57
WTG_21,64,12.82,14.81,180.23,77.93,69.04,98.92,1618.25,17.98,2.05,182.59,2000.0
WTG_21,65,10.97,14.07,193.17,78.04,66.55,98.62,1377.29,15.3,0.0,185.95,2000.0
WTG_21,66,9.42,17.41,181.04,73.21,67.13,96.02,1195.7,13.29,0.0,183.61,1819.67
WTG_21,67,5.06,22.82,214.01,63.72,65.28,72.86,636.75,7.08,0.0,186.79,282.85
WTG_21,68,11.83,20.97,213.47,77.2,68.88,102.69,1504.63,16.72,0.0,184.54,2000.0
WTG_21,69,5.04,26.05,193.01,64.11,65.3,74.39,646.03,7.18,0.0,185.62,259.37
WTG_21,70,6.56,18.23,198.29,66.11,66.36,74.43,829.49,9.22,0.0,185.7,592.1
WTG_21,71,10.33,9.92,205.86,76.62,68.34,94.2,1291.69,14.35,0.0,185.61,2000.0
WTG_21,72,7.8,29.64,186.93,69.55,67.77,93.96,970.72,10.79,0.0,184.62,1058.31
WTG_21,73,12.83,19.95,182.86,76.16,69.31,103.58,1600.23,17.78,2.08,185.65,2000.0
WTG_21,74,6.24,16.84,192.29,65.63,65.09,73.21,808.61,8.98,0.0,184.43,539.29
WTG_21,75,5.48,14.46,197.75,63.72,64.46,66.25,702.82,7.81,0.0,185.71,320.97
WTG_21,76,6.32,18.04,200.14,66.44,65.97,73.09,814.12,9.05,0.0,184.67,541.36
WTG_21,77,11.0,21.13,201.31,77.07,68.01,103.54,1373.96,15.27,0.0,187.17,2000.0
WTG_21,78,8.95,17.44,194.46,73.67,67.67,94.25,1148.26,12.76,0.0,186.9,1580.41
WTG_21,79,6.54,21.09,186.85,64.54,65.97,78.14,846.97,9.41,0.0,183.68,642.9
WTG_21,80,6.69,16.21,183.66,66.45,66.68,72.92,836.92,9.3,0.0,182.26,629.08
WTG_21,81,9.24,22.24,190.45,75.65,66.94,99.45,1150.94,12.79,0.0,183.79,1718.85
WTG_21,82,9.55,18.47,189.01,76.04,67.45,100.17,1185.92,13.18,0.0,186.87,1900.72
WTG_21,83,6.91,20.9,162.5,66.01,66.66,79.77,876.75,9.74,0.0,184.17,702.64
WTG_21,84,5.52,19.48,189.7,64.63,65.15,71.76,707.91,7.87,0.0,184.53,342.98
WTG_21,85,6.87,16.35,175.34,67.33,65.5,75.63,856.4,9.52,0.0,189.49,700.27
WTG_21,86,8.36,11.67,220.16,71.39,66.13,80.99,1059.36,11.77,0.0,183.4,1282.42
WTG_21,87,7.07,20.34,203.27,69.42,65.66,79.09,887.17,9.86,0.0,185.79,786.09
WTG_21,88,7.17,15.89,190.65,66.27,66.66,77.0,925.16,10.28,0.0,183.22,811.38
WTG_21,89,4.74,16.47,154.35,62.22,65.73,66.03,565.63,6.28,0.0,185.0,214.67
WTG_21,90,9.52,11.85,180.55,77.08,68.09,93.49,1195.44,13.28,0.0,187.09,1896.31
WTG_21,91,10.1,15.86,208.36,77.43,67.07,99.32,1250.18,13.89,0.0,183.99,2000.0
WTG_21,92,4.39,18.74,173.72,63.39,63.55,66.96,554.79,6.16,0.0,184.55,183.67
WTG_21,93,16.21,18.56,182.7,77.95,69.77,102.93,1800.0,20.0,10.52,185.34,2000.0
WTG_21,94,7.8,11.99,173.36,70.0,66.96,76.58,988.4,10.98,0.0,184.16,1044.08
WTG_21,95,8.97,12.25,180.32,73.82,67.7,87.52,1137.9,12.64,0.0,182.96,1600.96
WTG_21,96,13.78,16.34,167.48,78.41,69.29,100.12,1727.82,19.2,4.44,185.84,2000.0
WTG_21,97,7.54,19.16,188.76,69.39,66.53,82.84,954.27,10.6,0.0,183.8,945.09
WTG_21,98,14.83,20.42,189.83,77.09,68.96,102.53,1800.0,20.0,7.07,186.12,2000.0
WTG_21,99,12.11,18.64,181.5,77.7,69.09,101.7,1516.46,16.85,0.28,184.27,2000.0
WTG_21,100,9.94,25.23,188.7,77.95,68.19,108.56,1262.33,14.03,0.0,184.45,2000.0
WTG_21,101,7.23,20.01,190.93,69.51,66.58,82.05,900.65,10.01,0.0,184.69,828.62
WTG_21,102,10.45,13.58,174.67,78.08,68.3,97.07,1303.17,14.48,0.0,182.02,2000.0
WTG_21,103,7.5,18.84,187.74,69.13,65.42,80.65,948.1,10.53,0.0,182.51,904.42
WTG_21,104,4.39,14.79,194.55,62.84,65.46,64.06,574.54,6.38,0.0,182.4,178.51
WTG_21,105,10.35,16.82,180.61,78.59,67.98,98.12,1294.37,14.38,0.0,181.32,2000.0
WTG_21,106,9.22,16.84,173.32,75.19,67.63,94.17,1158.87,12.88,0.0,181.75,1711.02
WTG_21,107,5.61,16.38,166.95,65.85,65.66,69.41,746.81,8.3,0.0,181.65,403.3
WTG_21,108,13.6,23.37,200.88,78.49,70.97,107.87,1710.92,19.01,3.99,182.06,2000.0
WTG_21,109,7.08,19.87,177.94,68.31,65.75,84.25,884.12,9.82,0.0,185.31,804.77
WTG_21,110,8.84,17.97,159.1,74.31,68.84,93.15,1106.88,12.3,0.0,186.67,1509.06
WTG_21,111,5.51,11.83,209.73,65.18,66.37,66.04,696.08,7.73,0.0,183.96,374.95
WTG_21,112,7.57,27.32,192.62,70.12,67.04,89.64,950.44,10.56,0.0,183.14,949.81
WTG_21,113,6.29,19.07,190.85,66.73,66.36,75.84,780.84,8.68,0.0,182.89,562.12
WTG_21,114,10.27,14.88,192.45,78.71,67.86,99.54,1284.59,14.27,0.0,183.88,2000.0
WTG_21,115,12.32,10.96,206.79,77.85,69.87,95.07,1546.66,17.19,0.8,185.38,2000.0
WTG_21,116,8.15,17.87,188.83,71.79,67.64,87.02,1009.04,11.21,0.0,183.3,1192.35
WTG_21,117,9.24,22.4,177.03,77.55,68.33,104.17,1151.36,12.79,0.0,183.97,1757.47
WTG_21,118,13.68,23.84,216.21,78.45,69.28,109.52,1703.61,18.93,4.21,184.97,2000.0
WTG_21,119,8.64,15.53,192.77,73.5,68.31,88.45,1055.58,11.73,0.0,182.28,1397.17
WTG_21,120,6.93,27.75,175.89,68.82,67.21,87.53,840.33,9.34,0.0,183.34,723.67
WTG_21,121,11.77,18.82,194.41,79.02,70.28,104.69,1486.17,16.51,0.0,183.63,2000.0
WTG_21,122,9.04,25.51,194.01,74.98,67.94,104.76,1129.91,12.55,0.0,181.78,1613.18
WTG_21,123,12.82,17.18,207.93,77.48,70.07,102.6,1595.52,17.73,2.04,184.3,2000.0
WTG_21,124,8.99,16.57,193.71,75.21,68.52,95.0,1122.26,12.47,0.0,184.73,1589.08
WTG_21,125,8.2,14.74,181.51,71.57,66.41,85.71,1007.0,11.19,0.0,183.74,1225.42
WTG_21,126,6.3,19.21,172.82,67.93,67.53,75.05,791.76,8.8,0.0,183.09,554.89
WTG_21,127,14.45,19.57,171.92,77.13,71.07,104.11,1800.0,20.0,6.13,182.11,2000.0
WTG_21,128,8.69,15.11,205.63,74.89,68.73,88.52,1098.09,12.2,0.0,182.23,1435.06
WTG_21,129,8.56,15.66,172.55,73.8,69.05,89.42,1067.97,11.87,0.0,182.67,1400.8
WTG_21,130,5.94,22.66,223.9,66.0,67.23,78.09,735.81,8.18,0.0,182.9,480.53
WTG_21,131,8.49,17.8,212.78,74.87,69.43,91.77,1092.1,12.13,0.0,182.48,1343.62
WTG_21,132,9.83,16.87,228.21,79.7,69.44,104.17,1245.32,13.84,0.0,182.14,2000.0
WTG_21,133,10.91,17.52,167.99,79.47,68.97,104.42,1375.21,15.28,0.0,180.31,2000.0
WTG_21,134,7.07,13.5,177.86,69.24,68.46,76.89,891.32,9.9,0.0,181.52,785.82
WTG_21,135,5.22,24.06,183.44,66.41,67.64,76.62,617.37,6.86,0.0,179.15,306.27
WTG_21,136,9.76,20.07,210.37,78.82,69.16,105.36,1248.42,13.87,0.0,180.46,2000.0
WTG_21,137,11.7,22.11,172.76,80.56,70.5,108.83,1468.72,16.32,0.0,184.22,2000.0
WTG_21,138,9.24,12.57,206.7,77.65,68.82,91.35,1180.21,13.11,0.0,181.99,1718.51
WTG_21,139,12.63,19.28,196.55,79.33,70.32,105.95,1567.44,17.42,1.58,179.74,2000.0
WTG_21,140,8.47,13.41,189.51,74.92,70.47,87.24,1027.82,11.42,0.0,180.12,1345.16
WTG_21,141,11.48,21.88,213.7,79.19,71.49,108.63,1411.08,15.68,0.0,183.07,2000.0
WTG_21,142,6.29,18.53,169.79,68.56,68.42,76.7,772.4,8.58,0.0,181.92,548.72
WTG_21,143,9.01,24.28,187.9,77.29,68.81,102.94,1102.43,12.25,0.0,181.47,1619.22
WTG_21,144,8.05,13.56,191.4,73.46,69.11,82.46,1030.41,11.45,0.0,180.92,1142.87
WTG_21,145,7.89,21.03,213.03,71.84,68.17,90.04,1009.62,11.22,0.0,179.91,1068.26
WTG_21,146,6.22,25.85,201.89,69.87,68.38,85.36,789.48,8.77,0.0,182.23,533.11
WTG_21,147,13.64,17.99,213.22,80.73,72.39,103.2,1686.28,18.74,4.11,178.74,2000.0
WTG_21,148,7.38,18.08,190.98,69.67,69.44,83.55,923.08,10.26,0.0,182.09,882.98
WTG_21,149,7.81,16.51,197.27,73.05,69.79,85.71,996.41,11.07,0.0,180.11,1065.41
WTG_21,150,4.19,18.82,181.34,65.39,67.33,71.44,544.11,6.05,0.0,179.98,149.26
WTG_21,151,10.42,7.32,225.01,81.13,71.24,93.39,1294.84,14.39,0.0,179.82,2000.0
WTG_21,152,10.0,18.02,181.56,80.49,71.08,105.23,1269.81,14.11,0.0,179.65,2000.0
WTG_21,153,11.02,21.17,187.05,81.78,71.59,108.3,1413.77,15.71,0.0,180.08,2000.0
WTG_21,154,10.69,13.6,200.97,79.61,70.3,100.82,1370.59,15.23,0.0,178.79,2000.0
WTG_21,155,11.22,16.1,203.77,80.29,71.92,103.69,1449.16,16.1,0.0,180.23,2000.0
WTG_21,156,12.42,13.26,210.59,79.5,73.68,100.4,1554.02,17.27,1.05,177.91,2000.0
WTG_21,157,11.27,20.05,202.5,81.06,70.96,107.46,1436.61,15.96,0.0,178.84,2000.0
WTG_21,158,8.98,18.45,221.86,77.77,69.72,101.32,1117.91,12.42,0.0,178.07,1590.53
WTG_21,159,9.92,24.8,177.31,80.85,71.73,112.28,1266.13,14.07,0.0,181.53,2000.0
WTG_21,160,9.32,20.08,185.65,78.96,70.53,104.69,1155.79,12.84,0.0,179.82,1764.41
WTG_21,161,5.81,16.35,195.64,69.51,69.06,75.63,784.32,8.71,0.0,181.15,430.64
WTG_21,162,8.62,20.46,204.83,76.6,70.35,97.88,1087.74,12.09,0.0,178.39,1429.92
WTG_21,163,3.0,15.07,164.35,66.52,69.15,66.96,540.0,6.0,0.0,179.13,70.1
WTG_21,164,16.06,16.59,196.2,82.23,74.56,107.26,1800.0,20.0,10.16,178.39,2000.0
WTG_21,165,8.35,21.74,222.18,77.93,70.87,95.78,1030.12,11.45,0.0,179.71,1291.72
WTG_21,166,5.64,22.76,226.46,70.1,70.92,81.07,701.16,7.79,0.0,179.32,418.76
WTG_21,167,9.61,14.86,191.42,80.86,71.06,101.56,1220.66,13.56,0.0,178.67,1932.87
WTG_21,168,7.73,23.11,175.14,74.48,71.67,90.82,983.68,10.93,0.0,174.89,1012.09
WTG_21,169,8.84,17.11,175.48,78.19,72.71,96.14,1150.35,12.78,0.0,176.64,1504.12
WTG_21,170,9.97,15.03,202.92,83.65,72.17,103.66,1265.79,14.06,0.0,177.66,2000.0
WTG_21,171,3.0,18.85,192.16,68.27,69.74,72.33,540.0,6.0,0.0,176.87,45.96
WTG_21,172,10.17,11.78,164.25,82.87,72.5,100.79,1277.28,14.19,0.0,178.49,2000.0
WTG_21,173,13.46,28.35,213.72,83.9,74.13,118.83,1654.75,18.39,3.65,177.86,2000.0
WTG_21,174,8.96,19.01,189.09,80.38,71.55,98.86,1096.24,12.18,0.0,174.83,1556.02
WTG_21,175,7.81,24.06,195.32,76.15,71.64,96.96,958.28,10.65,0.0,177.01,1070.19
WTG_21,176,7.21,15.81,179.05,74.88,71.66,83.84,899.58,10.0,0.0,175.27,837.37
WTG_21,177,9.99,12.47,210.18,83.94,73.01,102.8,1266.27,14.07,0.0,176.98,2000.0
WTG_21,178,11.92,19.96,213.53,84.13,74.5,109.89,1508.56,16.76,0.0,174.37,2000.0
WTG_21,179,7.69,15.88,206.23,75.64,72.18,86.48,968.32,10.76,0.0,178.51,990.0
WTG_21,180,8.53,14.83,173.07,78.47,73.02,92.64,1076.92,11.97,0.0,175.79,1375.37
WTG_21,181,11.71,17.07,188.44,83.73,74.0,106.68,1499.84,16.66,0.0,176.6,2000.0
WTG_21,182,10.92,18.0,195.22,84.33,74.33,109.34,1386.2,15.4,0.0,176.49,2000.0
WTG_21,183,7.98,25.42,182.03,76.95,73.09,99.68,996.91,11.08,0.0,175.0,1130.88
WTG_21,184,5.76,21.04,210.14,72.14,73.6,82.87,740.28,8.23,0.0,173.67,414.83
WTG_21,185,6.86,14.4,218.31,75.25,73.22,81.4,872.08,9.69,0.0,177.49,688.16
WTG_21,186,8.43,23.45,165.46,80.83,72.76,102.04,1048.66,11.65,0.0,175.28,1328.62
WTG_21,187,6.65,16.95,222.44,74.37,73.23,82.42,819.52,9.11,0.0,174.56,643.81
WTG_21,188,8.28,19.21,181.16,80.02,73.55,95.88,1065.58,11.84,0.0,173.2,1250.65
WTG_21,189,10.75,16.24,174.6,85.08,73.96,106.85,1357.96,15.09,0.0,173.61,2000.0
WTG_21,190,6.68,15.72,211.49,74.19,72.67,82.35,822.67,9.14,0.0,175.78,642.53
WTG_21,191,8.28,19.03,164.28,79.88,74.39,98.14,1044.91,11.61,0.0,176.38,1271.57
WTG_21,192,12.38,13.91,217.24,85.81,76.8,103.77,1585.21,17.61,0.96,172.8,2000.0
WTG_21,193,7.21,15.42,214.97,76.67,75.82,87.35,907.51,10.08,0.0,173.59,831.08
WTG_21,194,8.34,15.21,184.8,79.73,75.14,94.45,1029.29,11.44,0.0,172.27,1290.91
WTG_21,195,8.17,25.17,245.07,80.61,74.93,102.65,1023.37,11.37,0.0,173.92,1194.79
WTG_21,196,10.92,17.04,196.42,86.02,76.06,112.16,1406.64,15.63,0.0,170.0,2000.0
WTG_21,197,11.06,17.88,226.9,87.92,76.35,109.46,1399.46,15.55,0.0,172.14,2000.0
WTG_21,198,9.09,13.8,176.83,83.05,76.71,100.43,1150.71,12.79,0.0,170.7,1633.88
WTG_21,199,6.76,19.54,206.23,76.78,75.3,88.56,863.87,9.6,0.0,170.62,691.99
WTG_21,200,12.39,21.52,195.78,86.43,77.71,115.07,1549.8,17.22,0.99,171.45,2000.0
WTG_21,201,7.12,9.34,205.95,79.71,75.57,81.17,909.5,10.11,0.0,172.42,785.59
WTG_21,202,7.52,14.09,188.78,78.76,76.07,87.65,937.4,10.42,0.0,170.63,943.07
WTG_21,203,7.22,2.73,193.43,78.97,74.66,75.49,890.95,9.9,0.0,169.44,834.61
WTG_21,204,9.81,15.25,192.39,87.94,77.33,111.04,1232.31,13.69,0.0,170.92,2000.0
WTG_21,205,6.41,11.59,189.06,77.41,74.95,79.74,811.84,9.02,0.0,173.09,558.95
WTG_21,206,8.54,13.63,162.95,83.75,76.94,96.92,1083.9,12.04,0.0,169.45,1377.0
WTG_21,207,9.1,21.96,156.31,85.58,77.82,111.06,1164.04,12.93,0.0,170.72,1655.86
WTG_21,208,4.92,16.89,208.4,74.85,75.79,81.67,612.28,6.8,0.0,170.79,256.28
WTG_21,209,12.38,17.61,165.37,88.81,78.9,114.05,1552.02,17.24,0.95,168.87,2000.0
WTG_21,210,9.54,19.48,201.53,88.95,77.79,112.63,1175.6,13.06,0.0,170.06,1923.09
WTG_21,211,7.68,15.8,199.93,81.17,77.08,93.7,993.9,11.04,0.0,169.35,998.86
WTG_21,212,10.51,15.87,189.02,89.46,78.81,111.76,1315.98,14.62,0.0,168.96,2000.0
WTG_21,213,10.71,23.09,216.07,90.68,79.05,121.07,1348.25,14.98,0.0,168.77,2000.0
WTG_21,214,3.0,20.66,215.89,75.45,76.25,80.96,540.0,6.0,0.0,169.22,42.16
WTG_21,215,15.84,19.94,204.17,90.53,81.77,117.84,1800.0,20.0,9.6,169.07,2000.0
WTG_21,216,8.3,18.68,191.31,83.9,78.66,102.42,1037.16,11.52,0.0,166.3,1267.11
WTG_21,217,9.57,21.1,181.97,90.92,79.82,116.22,1216.7,13.52,0.0,168.99,1911.13
WTG_21,218,7.47,14.14,212.63,81.85,78.82,91.71,962.55,10.7,0.0,167.16,923.04
WTG_21,219,10.02,12.29,208.59,91.51,79.32,109.91,1237.12,13.75,0.0,166.69,2000.0
WTG_21,220,7.52,18.93,204.62,82.34,79.76,97.3,929.98,10.33,0.0,166.32,910.49
WTG_21,221,13.33,21.01,176.19,90.59,81.72,120.16,1674.04,18.6,3.31,166.22,2000.0
WTG_21,222,5.97,23.87,206.2,79.47,79.4,94.7,737.13,8.19,0.0,164.04,481.96
WTG_21,223,6.33,22.56,217.79,81.37,78.61,95.51,773.91,8.6,0.0,162.65,579.43
WTG_21,224,7.25,17.15,207.04,82.09,80.0,97.01,911.18,10.12,0.0,166.31,839.79
WTG_21,225,9.08,15.04,197.15,89.36,81.15,107.41,1121.06,12.46,0.0,167.13,1627.86
WTG_21,226,7.6,17.64,216.78,84.88,79.89,98.24,951.7,10.57,0.0,166.86,974.36
WTG_21,227,12.3,20.5,189.68,91.86,82.39,121.04,1565.42,17.39,0.75,166.34,2000.0
WTG_21,228,6.99,14.14,195.56,83.68,78.97,91.63,879.01,9.77,0.0,164.58,762.66
WTG_21,229,6.82,14.88,212.27,83.27,81.08,90.67,872.12,9.69,0.0,162.45,696.45
WTG_21,230,8.02,15.23,194.05,84.64,81.55,100.32,1008.41,11.2,0.0,164.08,1132.17
WTG_21,231,7.4,15.46,197.24,85.85,82.19,96.12,951.34,10.57,0.0,162.65,884.4
WTG_21,232,7.81,17.42,194.82,87.14,81.26,99.93,997.25,11.08,0.0,160.39,1038.16
WTG_21,233,7.65,14.77,190.51,84.62,82.49,99.37,981.48,10.91,0.0,163.42,973.63
WTG_21,234,7.32,18.69,191.35,85.52,81.91,101.82,905.42,10.06,0.0,162.47,861.58
WTG_21,235,11.4,26.93,196.4,95.03,84.06,132.39,1438.99,15.99,0.0,163.86,2000.0
WTG_21,236,3.75,23.43,227.61,81.46,81.83,92.31,540.0,6.0,0.0,161.92,126.88
WTG_21,237,6.32,12.51,215.29,83.23,81.66,88.79,810.04,9.0,0.0,162.42,554.98
WTG_21,238,14.6,17.9,208.12,96.05,86.9,123.05,1800.0,20.0,6.49,161.09,2000.0
WTG_21,239,7.8,18.82,178.44,89.84,84.25,102.93,987.9,10.98,0.0,162.74,1056.42
WTG_21,240,12.67,14.32,197.99,95.85,85.66,121.64,1621.99,18.02,1.67,161.47,2000.0
WTG_21,241,8.3,23.71,202.75,90.48,84.77,115.55,1068.05,11.87,0.0,161.13,1268.24
WTG_21,242,13.07,26.85,210.37,96.68,85.49,132.88,1612.61,17.92,2.68,160.21,2000.0
WTG_21,243,6.99,13.26,225.24,87.61,84.0,95.82,889.37,9.88,0.0,159.65,738.26
WTG_21,244,3.0,18.43,201.9,81.62,83.03,88.36,540.0,6.0,0.0,158.59,40.44
WTG_21,245,9.22,19.31,197.54,95.77,85.62,122.54,1143.97,12.71,0.0,161.25,1758.33
WTG_21,246,12.61,16.44,209.81,98.4,88.04,122.12,1599.92,17.78,1.54,156.15,2000.0
WTG_21,247,12.39,19.38,211.41,98.95,88.36,126.56,1579.96,17.56,0.96,157.96,2000.0
WTG_21,248,11.29,14.25,189.04,99.26,87.47,120.86,1424.02,15.82,0.0,158.16,2000.0
WTG_21,249,12.37,19.46,183.09,98.95,87.01,126.77,1563.14,17.37,0.92,157.62,2000.0
WTG_21,250,8.29,22.59,208.29,93.97,87.61,117.63,1023.86,11.38,0.0,157.16,1265.28
WTG_21,251,6.52,21.25,202.9,89.72,86.52,104.33,835.73,9.29,0.0,155.42,642.55
WTG_21,252,3.19,18.19,197.49,84.62,86.4,90.86,540.0,6.0,0.0,154.01,63.84
WTG_21,253,6.92,20.76,216.6,90.81,88.19,106.31,856.61,9.52,0.0,154.93,729.55
WTG_21,254,8.08,18.57,226.24,92.77,88.99,113.84,1020.16,11.34,0.0,154.37,1166.23
WTG_21,255,8.74,22.72,249.68,96.28,89.09,122.9,1070.8,11.9,0.0,153.62,1460.68
WTG_21,256,5.46,22.05,202.6,87.68,86.98,100.34,667.04,7.41,0.0,152.42,347.75
WTG_21,257,14.92,19.32,199.53,100.85,90.31,129.48,1800.0,20.0,7.31,153.26,2000.0
WTG_21,258,8.73,10.67,243.0,97.68,89.15,112.37,1142.74,12.7,0.0,152.92,1468.46
WTG_21,259,12.13,21.66,193.14,102.81,90.45,132.67,1516.07,16.85,0.33,152.43,2000.0
WTG_21,260,8.91,17.71,219.49,98.44,90.22,121.23,1125.05,12.5,0.0,151.5,1556.39
WTG_21,261,6.12,23.11,232.8,91.34,88.17,108.05,775.94,8.62,0.0,151.26,526.63
WTG_21,262,10.19,24.28,198.6,104.38,92.04,135.83,1290.87,14.34,0.0,149.65,2000.0
WTG_21,263,10.91,16.46,191.54,104.95,91.76,128.78,1396.34,15.51,0.0,150.77,2000.0
WTG_21,264,10.9,19.17,234.78,105.21,92.73,132.24,1375.94,15.29,0.0,150.76,2000.0
WTG_21,265,9.55,17.18,209.24,103.97,91.56,128.45,1179.55,13.11,0.0,149.88,1908.06
WTG_21,266,7.82,12.71,187.14,97.4,91.36,107.74,992.44,11.03,0.0,148.16,1052.7
WTG_21,267,8.2,19.74,180.47,99.44,91.29,119.85,990.99,11.01,0.0,148.37,1232.59
WTG_21,268,9.72,15.97,189.57,105.89,93.19,130.91,1234.05,13.71,0.0,147.34,2000.0
WTG_21,269,7.98,19.57,224.71,98.96,92.76,119.24,1027.79,11.42,0.0,148.11,1120.99
WTG_21,270,9.16,14.56,193.74,103.54,95.29,125.24,1141.87,12.69,0.0,149.91,1695.11
WTG_21,271,12.71,19.7,206.49,107.28,95.65,135.51,1585.51,17.62,1.78,146.75,2000.0
WTG_21,272,9.82,18.1,203.63,107.0,93.79,135.35,1236.79,13.74,0.0,146.77,2000.0
WTG_21,273,10.87,21.03,233.09,105.75,95.59,138.2,1334.05,14.82,0.0,145.36,2000.0
WTG_21,274,9.67,13.79,235.12,107.58,95.81,130.16,1213.71,13.49,0.0,146.8,1988.94
WTG_21,275,7.7,15.96,220.69,100.79,94.37,115.96,965.82,10.73,0.0,144.33,1014.98
WTG_21,276,8.95,19.89,193.25,104.04,95.09,130.07,1135.76,12.62,0.0,143.87,1582.56
WTG_21,277,6.61,21.76,223.61,97.91,95.74,117.16,818.71,9.1,0.0,143.01,618.14
WTG_21,278,3.31,12.05,181.06,94.2,94.95,97.33,540.0,6.0,0.0,144.76,81.43
WTG_21,279,10.84,12.1,200.27,110.67,97.74,132.98,1390.51,15.45,0.0,141.66,2000.0
WTG_21,280,10.91,15.44,211.46,110.87,96.74,135.19,1373.86,15.27,0.0,141.48,2000.0
WTG_21,281,10.73,16.02,191.76,108.96,98.93,135.77,1327.33,14.75,0.0,141.23,2000.0
WTG_21,282,6.08,14.32,204.85,98.49,96.58,107.64,763.46,8.48,0.0,138.29,470.96
WTG_21,283,7.8,9.79,200.68,104.68,96.96,114.36,975.42,10.84,0.0,141.79,1054.62
WTG_21,284,7.13,21.09,210.44,101.04,97.86,120.25,893.76,9.93,0.0,140.3,800.35
WTG_22,1,7.99,20.71,187.5,76.77,59.45,87.17,1003.01,11.14,0.0,179.82,1139.78
WTG_22,2,10.08,13.82,183.52,84.26,60.69,97.23,1300.65,14.45,0.0,182.88,2000.0
WTG_22,3,7.95,10.68,183.15,75.27,60.65,76.99,993.52,11.04,0.0,182.0,1127.93
WTG_22,4,13.08,21.78,168.13,84.72,61.92,105.33,1629.87,18.11,2.7,184.97,2000.0
WTG_22,5,10.46,20.73,205.37,83.68,61.06,103.54,1318.0,14.64,0.0,180.83,2000.0
WTG_22,6,11.79,20.81,166.34,84.17,61.4,104.02,1459.6,16.22,0.0,180.25,2000.0
WTG_22,7,8.44,19.71,171.8,78.83,60.66,91.02,1052.32,11.69,0.0,182.66,1339.42
WTG_22,8,9.63,21.84,206.71,85.15,59.68,105.16,1227.88,13.64,0.0,181.46,1994.47
WTG_22,9,12.21,23.25,193.75,84.89,62.11,105.99,1511.69,16.8,0.54,181.61,2000.0
WTG_22,10,9.74,14.84,189.57,82.72,60.82,96.86,1221.9,13.58,0.0,183.68,2000.0
WTG_22,11,9.29,24.03,208.63,81.1,60.61,102.13,1185.83,13.18,0.0,182.87,1776.37
WTG_22,12,8.95,18.31,182.49,81.15,60.15,91.9,1130.55,12.56,0.0,180.78,1591.36
WTG_22,13,8.12,24.41,187.22,76.82,60.53,91.24,1037.87,11.53,0.0,183.9,1161.89
WTG_22,14,7.88,21.14,155.89,77.13,60.83,86.31,1004.72,11.16,0.0,184.22,1114.04
WTG_22,15,6.64,20.06,199.85,71.96,57.89,78.59,815.15,9.06,0.0,183.88,631.55
WTG_22,16,6.74,16.84,151.53,71.71,58.38,75.07,833.29,9.26,0.0,183.68,693.35
WTG_22,17,6.57,13.73,173.51,72.39,58.37,68.89,820.43,9.12,0.0,183.33,579.49
WTG_22,18,7.07,16.91,176.72,74.67,60.06,76.02,865.52,9.62,0.0,181.33,778.57
WTG_22,19,9.5,26.61,189.93,82.37,59.25,106.85,1197.18,13.3,0.0,181.05,1878.78
WTG_22,20,8.56,19.35,205.19,79.68,59.61,89.63,1056.8,11.74,0.0,180.84,1367.44
WTG_22,21,12.32,19.42,167.74,82.8,62.88,102.14,1574.69,17.5,0.8,180.2,2000.0
WTG_22,22,8.78,18.71,154.61,80.06,60.49,91.2,1145.83,12.73,0.0,181.66,1480.18
WTG_22,23,9.3,13.61,182.34,81.66,60.42,92.51,1142.79,12.7,0.0,184.58,1780.83
WTG_22,24,13.52,21.73,164.22,83.04,62.37,104.66,1727.33,19.19,3.79,186.03,2000.0
WTG_22,25,8.39,29.33,195.44,77.57,59.87,98.15,1048.11,11.65,0.0,183.53,1311.38
WTG_22,26,11.93,18.26,178.46,83.56,61.9,102.96,1498.26,16.65,0.0,180.77,2000.0
WTG_22,27,9.82,12.68,188.69,83.96,61.01,95.61,1242.6,13.81,0.0,182.18,2000.0
WTG_22,28,9.43,17.84,168.11,82.01,61.01,99.29,1200.1,13.33,0.0,182.33,1869.27
WTG_22,29,13.26,21.99,167.22,82.4,61.86,104.91,1660.98,18.46,3.15,181.69,2000.0
WTG_22,30,5.87,18.15,201.92,71.23,60.36,70.32,725.67,8.06,0.0,180.87,436.12
WTG_22,31,9.99,24.25,172.05,82.79,60.56,106.72,1291.49,14.35,0.0,182.04,2000.0
WTG_22,32,6.81,8.82,183.32,72.62,59.24,66.75,854.17,9.49,0.0,181.75,694.99
WTG_22,33,7.23,20.16,162.4,74.0,60.29,81.31,909.24,10.1,0.0,182.79,821.54
WTG_22,34,10.36,19.89,171.09,83.88,58.9,99.39,1302.6,14.47,0.0,182.8,2000.0
WTG_22,35,12.3,17.6,169.54,85.26,59.55,100.85,1540.53,17.12,0.75,181.61,2000.0
WTG_22,36,8.87,6.84,172.44,78.83,60.95,81.49,1113.25,12.37,0.0,184.33,1540.09
WTG_22,37,9.02,15.94,215.7,80.82,61.31,90.79,1108.95,12.32,0.0,181.99,1613.5
WTG_22,38,15.2,22.87,188.7,84.83,62.38,104.14,1800.0,20.0,8.0,183.29,2000.0
WTG_22,39,11.02,21.33,178.9,84.27,61.33,102.97,1389.07,15.43,0.0,181.95,2000.0
WTG_22,40,13.15,20.45,187.04,83.66,61.45,103.79,1644.36,18.27,2.88,185.0,2000.0
WTG_22,41,5.58,14.35,188.13,71.31,60.21,64.88,704.72,7.83,0.0,185.57,384.77
WTG_22,42,7.71,15.96,184.12,76.47,60.48,81.8,958.92,10.65,0.0,182.99,1046.23
WTG_22,43,6.98,19.92,174.25,73.63,59.3,77.25,888.13,9.87,0.0,180.98,734.24
WTG_22,44,9.83,10.29,186.88,83.01,60.52,90.37,1240.72,13.79,0.0,183.38,2000.0
WTG_22,45,12.01,24.48,211.06,84.83,61.42,107.39,1509.76,16.78,0.03,183.12,2000.0
WTG_22,46,11.77,16.53,203.05,83.57,60.73,100.41,1492.06,16.58,0.0,183.5,2000.0
WTG_22,47,11.21,13.45,153.89,83.13,61.25,98.06,1467.42,16.3,0.0,181.86,2000.0
WTG_22,48,7.69,26.0,191.5,75.94,59.3,91.18,970.77,10.79,0.0,181.99,1005.89
WTG_22,49,7.85,13.88,202.53,77.64,60.11,79.72,990.01,11.0,0.0,183.96,1073.92
WTG_22,50,9.25,20.3,183.97,82.41,60.46,98.82,1182.8,13.14,0.0,181.07,1731.85
WTG_22,51,11.93,8.43,194.31,83.07,61.83,91.74,1474.66,16.39,0.0,180.75,2000.0
WTG_22,52,8.18,4.75,207.87,77.57,61.25,73.02,1075.07,11.95,0.0,184.44,1221.95
WTG_22,53,8.84,20.58,177.12,81.69,60.77,94.18,1079.05,11.99,0.0,182.01,1547.05
WTG_22,54,9.5,27.38,183.67,81.68,60.17,108.91,1186.12,13.18,0.0,179.81,1869.7
WTG_22,55,9.91,18.12,182.72,84.09,61.46,101.12,1230.78,13.68,0.0,180.71,2000.0
WTG_22,56,8.2,18.86,161.35,78.04,60.0,85.62,1049.3,11.66,0.0,181.68,1233.5
WTG_22,57,10.5,21.75,196.06,84.47,60.14,103.73,1257.26,13.97,0.0,181.18,2000.0
WTG_22,58,5.1,20.7,195.32,70.95,58.91,71.78,641.25,7.13,0.0,183.69,313.4
WTG_22,59,10.16,15.45,192.58,85.92,62.19,96.9,1299.01,14.43,0.0,182.98,2000.0
WTG_22,60,11.65,11.67,189.33,84.35,61.15,93.56,1460.37,16.23,0.0,181.53,2000.0
WTG_22,61,5.96,15.85,208.14,71.66,60.39,70.56,731.71,8.13,0.0,182.28,466.52
WTG_22,62,12.92,15.45,209.88,83.53,63.46,98.89,1652.33,18.36,2.3,183.49,2000.0
WTG_22,63,9.89,16.66,195.71,85.24,62.81,99.13,1230.58,13.67,0.0,184.06,2000.0
WTG_22,64,9.9,17.53,182.83,83.6,61.98,101.79,1274.47,14.16,0.0,183.53,2000.0
WTG_22,65,4.8,17.24,207.77,70.36,58.51,65.53,608.22,6.76,0.0,180.21,220.24
WTG_22,66,9.49,20.77,171.57,84.32,60.15,101.29,1159.04,12.88,0.0,185.0,1899.84
WTG_22,67,6.91,20.22,181.63,72.63,59.32,78.03,851.06,9.46,0.0,182.15,717.65
WTG_22,68,13.07,16.29,178.89,84.06,63.64,98.57,1627.21,18.08,2.66,182.92,2000.0
WTG_22,69,5.72,19.3,207.91,69.82,59.58,73.37,724.89,8.05,0.0,182.24,404.46
WTG_22,70,7.08,12.21,187.25,74.76,59.99,72.31,895.27,9.95,0.0,184.03,771.67
WTG_22,71,7.07,16.79,199.56,73.8,60.53,77.74,887.41,9.86,0.0,182.8,796.88
WTG_22,72,12.81,17.55,204.62,84.67,62.66,99.73,1616.94,17.97,2.01,181.44,2000.0
WTG_22,73,10.07,23.91,185.38,84.91,61.14,106.81,1275.79,14.18,0.0,180.88,2000.0
WTG_22,74,10.09,14.23,213.11,82.39,60.84,96.58,1260.54,14.01,0.0,183.69,2000.0
WTG_22,75,7.18,18.85,208.94,75.65,58.43,79.8,913.65,10.15,0.0,183.93,806.51
WTG_22,76,6.54,8.48,172.15,73.36,58.93,64.89,820.23,9.11,0.0,183.45,601.83
WTG_22,77,9.49,11.89,211.01,83.96,60.32,91.11,1192.82,13.25,0.0,181.01,1884.94
WTG_22,78,13.19,16.98,199.42,86.01,62.59,99.02,1653.34,18.37,2.98,182.2,2000.0
WTG_22,79,4.97,12.74,204.58,70.26,58.08,64.19,630.87,7.01,0.0,184.62,273.08
WTG_22,80,5.38,19.79,161.63,72.07,59.42,70.45,666.28,7.4,0.0,183.48,374.74
WTG_22,81,9.67,16.64,172.61,84.57,61.0,99.17,1197.68,13.31,0.0,183.89,1974.55
WTG_22,82,5.67,10.12,199.98,71.16,59.14,60.91,692.25,7.69,0.0,181.89,393.12
WTG_22,83,13.42,16.75,191.53,85.3,62.64,100.28,1706.6,18.96,3.54,184.59,2000.0
WTG_22,84,8.07,24.1,181.37,77.0,58.91,92.47,1019.0,11.32,0.0,183.44,1189.75
WTG_22,85,8.08,17.11,199.82,78.23,61.1,84.23,1007.42,11.19,0.0,180.79,1153.51
WTG_22,86,11.03,19.21,174.73,85.44,61.1,104.16,1372.98,15.26,0.0,183.9,2000.0
WTG_22,87,10.68,16.02,220.63,84.01,60.63,98.1,1345.32,14.95,0.0,180.78,2000.0
WTG_22,88,8.65,17.16,167.12,79.34,60.92,89.68,1082.72,12.03,0.0,182.73,1418.48
WTG_22,89,5.55,14.23,179.5,71.28,59.32,68.18,712.96,7.92,0.0,184.23,379.07
WTG_22,90,8.53,15.64,156.71,80.07,61.48,86.73,1082.08,12.02,0.0,179.84,1365.18
WTG_22,91,12.37,15.03,210.21,84.11,62.15,95.22,1571.75,17.46,0.93,179.71,2000.0
WTG_22,92,5.1,21.67,180.02,72.55,59.22,72.2,639.43,7.1,0.0,180.8,291.41
WTG_22,93,7.88,19.7,184.4,78.08,60.55,85.02,975.67,10.84,0.0,182.02,1078.45
WTG_22,94,3.46,16.97,175.98,68.96,58.29,64.84,540.0,6.0,0.0,179.52,111.69
WTG_22,95,7.23,14.96,185.86,74.13,60.43,76.07,946.77,10.52,0.0,182.1,856.22
WTG_22,96,5.37,26.19,188.09,71.32,58.73,77.5,665.23,7.39,0.0,182.27,330.04
WTG_22,97,5.89,18.66,196.71,72.25,60.21,72.57,715.11,7.95,0.0,180.08,451.97
WTG_22,98,6.06,12.41,188.46,72.7,59.99,67.81,746.91,8.3,0.0,181.32,505.53
WTG_22,99,12.16,11.03,189.45,83.52,63.88,93.96,1505.83,16.73,0.41,181.71,2000.0
WTG_22,100,12.77,13.58,186.6,85.65,62.17,96.15,1603.46,17.82,1.92,183.37,2000.0
WTG_22,101,7.07,16.93,182.38,73.32,59.66,77.04,908.8,10.1,0.0,181.27,781.75
WTG_22,102,12.5,19.18,185.8,84.16,62.26,102.27,1580.63,17.56,1.24,179.69,2000.0
WTG_22,103,9.27,22.36,199.35,81.59,62.05,101.21,1181.22,13.12,0.0,181.08,1737.36
WTG_22,104,10.58,16.86,214.69,83.56,61.7,101.61,1344.35,14.94,0.0,182.34,2000.0
WTG_22,105,13.09,14.3,164.08,84.88,63.98,99.32,1665.7,18.51,2.73,180.92,2000.0
WTG_22,106,12.5,11.15,192.06,85.44,63.67,94.25,1575.78,17.51,1.24,179.66,2000.0
WTG_22,107,11.24,14.4,166.04,83.67,61.46,97.87,1422.46,15.81,0.0,180.65,2000.0
WTG_22,108,10.0,19.08,195.93,85.25,61.68,103.83,1244.9,13.83,0.0,180.49,2000.0
WTG_22,109,10.39,18.61,180.58,85.37,62.72,103.13,1323.56,14.71,0.0,181.18,2000.0
WTG_22,110,5.9,19.33,215.95,72.7,59.59,75.47,775.67,8.62,0.0,182.23,440.25
WTG_22,111,9.47,20.54,161.39,83.27,61.46,102.45,1185.81,13.18,0.0,181.97,1875.17
WTG_22,112,8.34,17.8,177.03,78.48,61.93,89.29,1038.48,11.54,0.0,181.82,1286.96
WTG_22,113,10.38,12.84,200.32,85.33,63.44,96.01,1289.13,14.32,0.0,181.74,2000.0
WTG_22,114,10.16,18.34,169.03,85.91,60.86,103.38,1284.42,14.27,0.0,180.91,2000.0
WTG_22,115,12.22,12.19,182.75,85.01,62.78,96.0,1541.56,17.13,0.56,183.81,2000.0
WTG_22,116,6.54,16.31,176.45,74.1,60.04,74.45,833.35,9.26,0.0,181.14,600.25
WTG_22,117,11.16,20.01,209.86,85.57,63.06,103.7,1447.39,16.08,0.0,180.43,2000.0
WTG_22,118,9.77,14.4,201.09,84.62,61.75,99.07,1197.69,13.31,0.0,179.14,2000.0
WTG_22,119,7.3,13.27,211.57,76.77,61.68,76.97,884.62,9.83,0.0,181.79,848.79
WTG_22,120,6.83,18.71,165.45,74.38,60.71,77.02,847.74,9.42,0.0,182.69,685.99
WTG_22,121,5.84,19.23,166.54,73.75,60.38,73.29,738.52,8.21,0.0,181.34,418.78
WTG_22,122,8.62,20.41,206.39,79.73,62.42,93.7,1082.73,12.03,0.0,181.48,1408.79
WTG_22,123,8.03,10.77,180.37,79.5,60.6,80.72,970.38,10.78,0.0,178.97,1136.46
WTG_22,124,4.46,13.23,201.3,72.14,59.18,64.51,558.12,6.2,0.0,178.25,206.14
WTG_22,125,6.54,19.83,206.58,74.23,62.82,78.52,816.01,9.07,0.0,180.34,621.62
WTG_22,126,6.62,17.48,197.4,75.14,60.64,77.17,829.34,9.21,0.0,179.35,628.18
WTG_22,127,7.39,21.19,202.18,76.74,62.12,85.94,957.03,10.63,0.0,181.74,874.38
WTG_22,128,8.78,20.01,172.22,81.56,62.79,95.14,1151.07,12.79,0.0,183.18,1495.76
WTG_22,129,14.43,15.62,195.02,86.31,64.69,101.01,1800.0,20.0,6.09,178.16,2000.0
WTG_22,130,12.24,18.1,169.21,85.41,63.06,103.16,1516.6,16.85,0.6,180.69,2000.0
WTG_22,131,9.62,12.7,191.62,85.74,62.79,94.62,1214.59,13.5,0.0,178.62,1938.23
WTG_22,132,8.81,20.91,151.83,82.8,60.61,95.36,1129.62,12.55,0.0,180.8,1496.96
WTG_22,133,11.63,23.34,207.02,87.05,64.41,107.8,1464.63,16.27,0.0,180.95,2000.0
WTG_22,134,8.99,23.6,185.91,82.24,62.17,103.24,1146.1,12.73,0.0,180.83,1614.94
WTG_22,135,12.7,15.68,181.13,84.11,65.18,102.4,1603.2,17.81,1.74,181.74,2000.0
WTG_22,136,13.1,20.6,189.39,86.8,62.86,105.92,1691.74,18.8,2.76,179.15,2000.0
WTG_22,137,9.91,14.84,199.92,85.39,63.22,100.26,1234.49,13.72,0.0,180.01,2000.0
WTG_22,138,8.08,15.96,212.58,79.24,62.67,84.64,1019.94,11.33,0.0,178.99,1154.56
WTG_22,139,7.65,24.41,189.1,77.69,61.81,90.47,944.41,10.49,0.0,178.31,967.43
WTG_22,140,9.06,24.39,191.99,82.94,62.45,103.32,1162.67,12.92,0.0,176.48,1636.17
WTG_22,141,9.55,13.38,210.62,87.51,62.67,96.14,1224.68,13.61,0.0,178.79,1909.23
WTG_22,142,3.0,17.71,186.1,72.8,61.55,64.91,540.0,6.0,0.0,179.43,41.75
WTG_22,143,10.46,17.61,174.56,86.26,63.42,101.65,1299.37,14.44,0.0,179.67,2000.0
WTG_22,144,10.15,11.8,201.98,85.71,63.88,96.49,1223.06,13.59,0.0,177.94,2000.0
WTG_22,145,10.84,16.69,185.15,87.6,63.81,103.45,1323.99,14.71,0.0,179.27,2000.0
WTG_22,146,7.24,22.78,210.42,78.95,62.04,87.74,907.53,10.08,0.0,179.79,842.14
WTG_22,147,9.6,17.7,161.44,86.61,63.2,103.92,1230.78,13.68,0.0,177.47,1930.41
WTG_22,148,7.62,26.57,206.26,79.04,61.99,92.67,947.48,10.53,0.0,178.37,967.24
WTG_22,149,9.74,20.53,171.13,88.02,63.73,107.51,1217.69,13.53,0.0,177.66,2000.0
WTG_22,150,11.98,17.2,208.99,86.87,65.05,103.31,1508.49,16.76,0.0,178.63,2000.0
WTG_22,151,10.82,20.98,175.59,87.45,63.61,108.34,1383.65,15.37,0.0,179.81,2000.0
WTG_22,152,9.45,15.12,229.69,83.13,62.7,99.87,1184.91,13.17,0.0,177.92,1846.61
WTG_22,153,7.79,20.66,185.47,80.08,63.42,87.46,958.68,10.65,0.0,179.3,1046.46
WTG_22,154,10.39,19.39,201.82,86.5,64.91,105.71,1316.51,14.63,0.0,180.63,2000.0
WTG_22,155,7.85,18.11,176.73,78.98,63.86,87.9,968.34,10.76,0.0,174.64,1052.61
WTG_22,156,6.51,15.73,202.74,74.82,63.73,74.76,813.68,9.04,0.0,178.61,564.34
WTG_22,157,11.0,12.29,194.6,87.73,64.96,100.3,1417.17,15.75,0.0,180.94,2000.0
WTG_22,158,3.8,27.16,204.41,74.19,61.83,78.82,540.0,6.0,0.0,176.32,115.88
WTG_22,159,5.98,14.03,212.01,75.61,63.41,71.84,775.23,8.61,0.0,177.46,484.59
WTG_22,160,7.63,15.13,198.87,80.19,63.57,80.91,972.37,10.8,0.0,175.99,974.13
WTG_22,161,10.04,19.85,188.63,88.56,63.3,107.14,1248.57,13.87,0.0,177.35,2000.0
WTG_22,162,7.22,17.24,176.49,78.17,63.41,81.85,924.4,10.27,0.0,176.52,849.36
WTG_22,163,10.65,17.35,207.48,88.3,65.06,105.46,1383.11,15.37,0.0,177.13,2000.0
WTG_22,164,9.59,18.09,195.14,88.73,64.69,106.27,1215.74,13.51,0.0,177.22,1943.97
WTG_22,165,14.72,23.32,195.25,89.56,68.55,110.27,1800.0,20.0,6.81,176.8,2000.0
WTG_22,166,9.75,18.39,182.5,90.17,64.94,106.16,1249.12,13.88,0.0,175.94,2000.0
WTG_22,167,5.12,17.74,185.26,74.32,61.91,74.27,663.38,7.37,0.0,175.6,292.71
WTG_22,168,10.08,19.87,208.18,88.33,65.51,107.65,1250.61,13.9,0.0,178.26,2000.0
WTG_22,169,9.91,18.84,238.81,88.31,65.35,107.0,1279.84,14.22,0.0,174.4,2000.0
WTG_22,170,11.38,15.8,218.35,88.74,65.06,104.39,1448.02,16.09,0.0,174.65,2000.0
WTG_22,171,9.14,16.04,217.48,84.83,64.75,101.36,1150.36,12.78,0.0,175.47,1713.37
WTG_22,172,10.84,14.22,233.01,88.97,65.24,101.36,1360.14,15.11,0.0,173.37,2000.0
WTG_22,173,6.8,20.25,220.53,78.74,64.4,83.38,873.37,9.7,0.0,176.34,701.79
WTG_22,174,7.87,18.57,201.31,82.5,64.32,88.59,999.15,11.1,0.0,173.42,1071.34
WTG_22,175,9.69,19.03,196.12,87.71,65.53,107.03,1227.58,13.64,0.0,174.15,2000.0
WTG_22,176,10.73,17.92,191.89,89.83,65.99,106.48,1366.82,15.19,0.0,176.77,2000.0
WTG_22,177,7.83,18.71,197.24,80.83,64.91,89.43,1014.51,11.27,0.0,174.56,1045.59
WTG_22,178,7.48,18.83,181.21,80.78,65.4,87.48,974.62,10.83,0.0,174.55,915.51
WTG_22,179,12.01,19.42,198.81,88.61,67.69,109.82,1498.02,16.64,0.03,176.05,2000.0
WTG_22,180,7.8,11.02,194.16,82.34,65.97,82.26,1002.79,11.14,0.0,174.64,1048.13
WTG_22,181,10.73,15.44,191.07,88.8,66.13,105.31,1372.25,15.25,0.0,176.26,2000.0
WTG_22,182,14.46,15.31,170.85,89.99,68.43,104.66,1800.0,20.0,6.15,174.01,2000.0
WTG_22,183,9.56,19.59,212.62,89.43,66.89,106.38,1196.95,13.3,0.0,173.3,1939.39
WTG_22,184,9.75,13.52,185.54,90.62,67.78,104.54,1242.23,13.8,0.0,177.28,2000.0
WTG_22,185,9.08,20.14,202.37,86.77,66.84,105.52,1150.74,12.79,0.0,174.92,1652.4
WTG_22,186,7.61,21.26,171.51,81.22,65.63,90.61,967.75,10.75,0.0,174.94,934.8
WTG_22,187,7.51,12.47,191.27,81.82,66.8,83.21,940.65,10.45,0.0,173.17,933.59
WTG_22,188,11.35,27.33,198.89,92.15,67.65,118.01,1396.34,15.51,0.0,171.33,2000.0
WTG_22,189,10.22,14.45,215.7,91.33,67.26,103.75,1275.9,14.18,0.0,174.53,2000.0
WTG_22,190,8.35,22.32,191.07,86.0,66.17,99.79,1046.3,11.63,0.0,177.21,1288.96
WTG_22,191,13.37,19.77,232.91,92.41,68.32,109.91,1689.29,18.77,3.42,173.13,2000.0
WTG_22,192,12.56,23.0,179.22,91.48,69.18,113.86,1565.1,17.39,1.41,171.91,2000.0
WTG_22,193,7.2,23.87,187.35,82.45,66.9,92.97,880.83,9.79,0.0,172.83,855.34
WTG_22,194,6.66,13.88,188.5,81.06,67.37,80.97,821.68,9.13,0.0,176.56,667.96
WTG_22,195,7.76,15.47,208.35,84.56,66.47,89.24,988.1,10.98,0.0,171.1,1022.51
WTG_22,196,8.15,13.85,189.6,87.04,66.44,91.41,1011.3,11.24,0.0,173.44,1199.31
WTG_22,197,8.38,13.24,185.58,86.34,66.69,92.31,1067.33,11.86,0.0,173.36,1285.15
WTG_22,198,6.64,15.66,177.73,81.64,67.91,83.6,830.34,9.23,0.0,172.39,644.57
WTG_22,199,5.06,19.92,179.61,78.5,67.63,79.92,636.19,7.07,0.0,171.67,290.06
WTG_22,200,12.44,14.7,195.91,92.69,69.09,106.96,1587.29,17.64,1.09,169.45,2000.0
WTG_22,201,11.07,18.16,173.81,91.72,69.1,111.39,1362.0,15.13,0.0,169.67,2000.0
WTG_22,202,10.82,15.88,204.95,94.01,69.31,108.18,1334.65,14.83,0.0,170.93,2000.0
WTG_22,203,8.37,16.03,235.51,87.69,67.57,95.5,1072.47,11.92,0.0,169.88,1295.35
WTG_22,204,11.73,13.98,207.13,92.78,70.46,107.37,1463.59,16.26,0.0,171.13,2000.0
WTG_22,205,11.66,20.76,214.1,93.42,69.78,113.63,1495.63,16.62,0.0,167.18,2000.0
WTG_22,206,11.44,16.49,222.1,92.35,69.04,108.82,1444.72,16.05,0.0,170.76,2000.0
WTG_22,207,10.59,18.55,204.1,93.15,70.47,111.12,1311.18,14.57,0.0,170.71,2000.0
WTG_22,208,5.93,22.36,185.93,81.71,68.27,88.32,730.77,8.12,0.0,169.63,470.44
WTG_22,209,11.76,15.75,200.75,93.32,70.92,109.91,1495.24,16.61,0.0,169.4,2000.0
WTG_22,210,9.73,21.91,206.52,96.18,70.03,115.68,1218.14,13.53,0.0,167.58,2000.0
WTG_22,211,12.34,13.77,193.49,94.94,71.75,105.94,1566.66,17.41,0.86,170.61,2000.0
WTG_22,212,11.49,14.72,189.97,95.06,71.65,110.48,1440.88,16.01,0.0,167.05,2000.0
WTG_22,213,6.34,23.81,192.5,82.9,69.23,91.49,794.66,8.83,0.0,169.45,557.31
WTG_22,214,13.6,17.19,217.59,94.08,72.42,109.59,1714.31,19.05,4.0,169.04,2000.0
WTG_22,215,9.66,17.65,185.25,95.04,70.59,112.83,1217.91,13.53,0.0,165.95,1986.19
WTG_22,216,10.46,19.76,227.44,95.21,70.9,114.37,1298.29,14.43,0.0,167.26,2000.0
WTG_22,217,5.56,21.51,197.45,82.8,70.0,86.5,706.73,7.85,0.0,170.76,382.25
WTG_22,218,8.73,14.7,181.9,92.02,70.63,100.8,1073.52,11.93,0.0,168.27,1516.95
WTG_22,219,6.95,19.66,211.71,86.68,70.97,93.75,879.6,9.77,0.0,167.92,708.31
WTG_22,220,7.08,16.54,199.89,86.5,70.38,91.51,886.77,9.85,0.0,164.59,771.28
WTG_22,221,8.59,14.28,198.51,92.83,70.83,98.2,1096.86,12.19,0.0,164.99,1401.99
WTG_22,222,5.55,19.77,214.25,82.78,69.58,84.78,723.95,8.04,0.0,167.07,351.97
WTG_22,223,3.9,13.41,201.46,81.34,71.37,75.96,540.0,6.0,0.0,165.42,147.18
WTG_22,224,5.99,13.27,182.86,85.25,70.0,82.38,761.19,8.46,0.0,165.52,490.2
WTG_22,225,8.16,9.77,164.26,91.47,72.68,92.42,1016.59,11.3,0.0,164.4,1184.22
WTG_22,226,12.33,25.29,212.4,99.36,74.49,124.43,1543.81,17.15,0.82,164.79,2000.0
WTG_22,227,6.66,14.61,164.79,87.15,71.57,86.79,827.79,9.2,0.0,165.81,676.65
WTG_22,228,10.31,20.01,193.94,96.62,74.57,117.17,1292.08,14.36,0.0,167.77,2000.0
WTG_22,229,9.64,19.81,182.1,98.06,73.77,117.82,1217.87,13.53,0.0,164.99,1982.59
WTG_22,230,8.02,19.21,225.91,90.38,73.06,102.37,1032.73,11.47,0.0,164.94,1139.49
WTG_22,231,11.82,13.2,218.76,97.4,77.37,111.32,1501.95,16.69,0.0,162.91,2000.0
WTG_22,232,7.25,20.48,207.17,90.16,72.81,97.45,909.62,10.11,0.0,165.25,862.76
WTG_22,233,6.64,20.57,167.63,88.58,74.26,94.67,835.83,9.29,0.0,163.69,666.84
WTG_22,234,8.56,18.2,189.59,93.71,73.81,106.01,1079.8,12.0,0.0,164.44,1378.09
WTG_22,235,9.49,17.06,210.49,97.4,73.17,116.67,1203.44,13.37,0.0,162.49,1879.24
WTG_22,236,6.83,14.8,217.29,88.6,75.13,92.96,897.8,9.98,0.0,159.44,716.67
WTG_22,237,13.17,14.37,207.99,100.4,77.73,115.43,1691.44,18.79,2.91,160.38,2000.0
WTG_22,238,9.47,14.76,214.6,100.12,74.27,112.38,1217.97,13.53,0.0,159.66,1893.07
WTG_22,239,8.32,21.6,202.36,95.15,75.58,108.98,1037.78,11.53,0.0,160.56,1239.99
WTG_22,240,10.0,15.68,203.12,100.59,77.13,119.11,1274.58,14.16,0.0,159.41,2000.0
WTG_22,241,9.43,15.61,225.37,97.95,76.43,115.58,1168.39,12.98,0.0,159.98,1856.81
WTG_22,242,3.54,22.17,175.31,86.48,74.05,86.79,540.0,6.0,0.0,157.8,103.93
WTG_22,243,8.72,23.99,224.86,95.28,75.94,115.17,1099.93,12.22,0.0,162.08,1451.82
WTG_22,244,9.05,15.87,200.38,99.78,75.91,109.85,1138.37,12.65,0.0,158.23,1636.93
WTG_22,245,8.35,16.04,187.13,95.46,76.68,106.55,1099.62,12.22,0.0,160.45,1295.92
WTG_22,246,9.54,14.47,214.88,100.89,77.36,115.97,1213.02,13.48,0.0,155.65,1910.85
WTG_22,247,6.49,15.63,196.13,90.86,76.7,91.65,793.94,8.82,0.0,160.03,577.62
WTG_22,248,8.33,22.34,209.52,96.6,77.29,113.92,1041.99,11.58,0.0,157.33,1306.25
WTG_22,249,5.86,19.21,210.08,90.84,75.63,95.15,727.22,8.08,0.0,156.74,447.55
WTG_22,250,10.92,24.72,210.35,103.07,78.99,130.25,1366.11,15.18,0.0,161.26,2000.0
WTG_22,251,11.0,19.94,194.67,103.43,80.39,126.62,1388.14,15.42,0.0,159.96,2000.0
WTG_22,252,11.1,14.9,195.42,103.54,79.12,120.37,1396.58,15.52,0.0,156.72,2000.0
WTG_22,253,10.77,13.75,184.13,104.2,79.6,120.04,1351.32,15.01,0.0,157.83,2000.0
WTG_22,254,12.99,16.99,214.75,104.57,81.72,123.08,1654.48,18.38,2.46,154.55,2000.0
WTG_22,255,11.15,21.36,181.21,105.26,80.13,127.57,1410.37,15.67,0.0,153.32,2000.0
WTG_22,256,11.55,15.27,214.28,104.85,80.51,118.63,1435.73,15.95,0.0,154.31,2000.0
WTG_22,257,9.65,13.31,203.44,103.56,79.7,119.62,1204.3,13.38,0.0,157.28,1993.73
WTG_22,258,10.28,21.82,199.94,105.39,81.22,129.34,1294.26,14.38,0.0,157.7,2000.0
WTG_22,259,11.45,18.41,194.85,105.0,81.61,126.85,1453.53,16.15,0.0,154.35,2000.0
WTG_22,260,9.86,15.91,238.11,106.48,80.73,123.14,1259.56,14.0,0.0,155.78,2000.0
WTG_22,261,10.85,20.36,187.5,106.78,82.44,128.67,1379.54,15.33,0.0,156.22,2000.0
WTG_22,262,12.24,18.74,190.61,107.34,82.17,125.66,1548.45,17.21,0.61,150.59,2000.0
WTG_22,263,12.21,23.42,237.04,107.41,82.75,131.44,1576.74,17.52,0.54,153.2,2000.0
WTG_22,264,11.6,14.06,190.48,105.77,82.84,123.84,1472.54,16.36,0.0,151.64,2000.0
WTG_22,265,5.97,13.12,208.11,94.74,80.82,93.59,749.39,8.33,0.0,151.39,458.38
WTG_22,266,11.87,23.2,193.46,108.05,83.51,135.1,1472.99,16.37,0.0,152.24,2000.0
WTG_22,267,9.52,20.28,209.64,106.72,82.63,128.57,1202.77,13.36,0.0,153.55,1876.53
WTG_22,268,9.62,15.8,184.95,108.66,83.49,126.53,1243.81,13.82,0.0,148.7,1952.39
WTG_22,269,6.21,14.71,239.57,96.47,82.42,100.02,763.98,8.49,0.0,152.16,518.69
WTG_22,270,8.8,11.41,219.14,105.2,83.68,114.97,1115.7,12.4,0.0,147.84,1505.85
WTG_22,271,10.68,19.6,214.35,109.12,84.75,131.82,1325.18,14.72,0.0,150.75,2000.0
WTG_22,272,12.63,19.44,202.16,109.86,85.52,131.23,1634.83,18.16,1.57,149.32,2000.0
WTG_22,273,11.67,19.06,215.83,111.35,85.84,131.09,1452.0,16.13,0.0,148.81,2000.0
WTG_22,274,4.58,17.04,224.39,96.79,82.46,96.64,554.83,6.16,0.0,150.69,224.17
WTG_22,275,5.49,20.83,191.1,98.42,83.12,101.28,707.24,7.86,0.0,147.83,347.48
WTG_22,276,6.7,22.14,229.58,100.63,83.8,110.55,833.5,9.26,0.0,147.01,668.72
WTG_22,277,7.74,21.43,207.82,103.8,84.34,117.71,990.3,11.0,0.0,147.74,1042.3
WTG_22,278,8.01,20.97,202.08,104.8,85.59,119.07,1003.77,11.15,0.0,147.96,1123.64
WTG_22,279,9.62,15.4,208.66,110.53,86.47,129.87,1192.04,13.24,0.0,147.97,1976.88
WTG_22,280,7.37,19.82,181.36,102.87,85.58,114.3,939.59,10.44,0.0,145.99,885.42
WTG_22,281,9.41,18.08,209.17,111.66,87.28,130.3,1205.93,13.4,0.0,147.89,1841.54
WTG_22,282,7.47,12.15,192.51,103.34,87.17,107.44,907.68,10.09,0.0,142.73,930.89
WTG_22,283,8.68,24.65,202.55,108.96,87.86,130.81,1133.45,12.59,0.0,145.89,1415.33
WTG_22,284,9.1,22.86,199.06,110.82,88.02,133.75,1136.95,12.63,0.0,143.88,1655.72
WTG_22,285,7.5,20.96,216.88,106.15,87.68,116.07,932.12,10.36,0.0,144.6,907.27
WTG_22,286,9.18,20.37,204.95,113.27,88.79,132.63,1144.61,12.72,0.0,145.32,1733.86
WTG_22,287,15.57,15.14,209.7,116.82,90.65,133.03,1800.0,20.0,8.94,140.4,2000.0
WTG_22,288,11.51,13.91,195.38,115.53,91.36,133.79,1451.52,16.13,0.0,143.32,2000.0
WTG_22,289,9.58,20.27,180.18,114.1,88.85,137.61,1177.98,13.09,0.0,143.21,1939.26
WTG_22,290,5.35,23.71,194.99,102.37,88.8,110.65,656.37,7.29,0.0,141.54,349.92
WTG_22,291,4.8,11.91,215.1,102.85,88.29,98.35,623.71,6.93,0.0,140.18,247.64
WTG_22,292,10.94,16.81,204.86,117.23,92.21,136.68,1358.06,15.09,0.0,142.0,2000.0
WTG_22,293,5.7,13.48,204.79,104.97,88.37,104.37,713.14,7.92,0.0,141.44,417.23
WTG_22,294,8.67,14.07,194.71,114.78,90.54,124.27,1089.62,12.11,0.0,141.26,1441.86
WTG_22,295,9.16,27.25,209.59,112.76,91.88,141.72,1167.84,12.98,0.0,136.85,1677.8
WTG_22,296,10.12,17.7,212.81,119.66,91.69,138.77,1245.51,13.84,0.0,139.54,2000.0
WTG_22,297,9.51,18.13,213.45,116.65,93.69,136.73,1180.37,13.12,0.0,137.62,1875.38
WTG_23,1,10.26,13.79,214.8,80.32,66.11,95.98,1273.53,14.15,0.0,187.19,2000.0
WTG_23,2,8.79,19.71,189.68,77.79,66.6,91.73,1111.85,12.35,0.0,189.52,1486.86
WTG_23,3,9.21,16.07,161.6,80.78,66.59,91.66,1168.94,12.99,0.0,188.36,1723.52
WTG_23,4,10.18,15.37,192.99,83.19,67.39,98.88,1294.73,14.39,0.0,187.92,2000.0
WTG_23,5,10.73,12.1,189.12,82.87,67.69,94.47,1350.36,15.0,0.0,185.31,2000.0
WTG_23,6,9.48,19.51,179.27,80.98,66.86,100.48,1205.46,13.39,0.0,186.61,1868.57
WTG_23,7,10.59,18.82,177.1,83.01,68.45,103.02,1349.43,14.99,0.0,186.49,2000.0
WTG_23,8,10.78,23.41,204.48,83.16,67.93,104.83,1354.26,15.05,0.0,188.45,2000.0
WTG_23,9,11.12,19.44,184.22,82.88,67.81,100.34,1389.38,15.44,0.0,188.14,2000.0
WTG_23,10,11.11,19.3,193.26,83.69,68.17,100.86,1401.39,15.57,0.0,185.91,2000.0
WTG_23,11,12.13,15.31,175.3,81.2,68.45,99.34,1523.88,16.93,0.32,188.74,2000.0
WTG_23,12,9.84,14.59,177.02,83.41,68.52,97.27,1242.26,13.8,0.0,188.47,2000.0
WTG_23,13,8.89,15.5,189.42,78.3,67.24,88.48,1097.46,12.19,0.0,188.53,1554.4
WTG_23,14,13.09,16.39,172.92,81.46,68.38,100.17,1647.78,18.31,2.74,187.66,2000.0
WTG_23,15,7.53,16.34,193.9,74.87,65.37,78.8,967.45,10.75,0.0,188.49,945.42
WTG_23,16,9.92,18.26,163.54,82.69,67.04,99.56,1254.16,13.94,0.0,187.44,2000.0
WTG_23,17,5.98,16.62,157.5,70.58,64.18,69.72,780.12,8.67,0.0,188.36,434.92
WTG_23,18,9.1,17.33,166.18,79.5,67.89,94.07,1135.57,12.62,0.0,190.99,1666.67
WTG_23,19,6.08,7.0,178.73,70.98,66.14,61.84,746.26,8.29,0.0,185.26,501.8
WTG_23,20,9.1,21.81,197.85,81.39,66.59,98.73,1146.44,12.74,0.0,189.46,1654.41
WTG_23,21,12.19,22.17,192.35,82.55,68.98,103.39,1533.77,17.04,0.47,187.48,2000.0
WTG_23,22,7.27,11.04,170.1,73.59,66.59,71.26,881.86,9.8,0.0,184.69,835.74
WTG_23,23,8.37,22.1,154.48,75.68,65.9,92.56,1039.05,11.54,0.0,188.54,1284.87
WTG_23,24,6.08,21.12,186.27,70.01,64.67,75.77,798.18,8.87,0.0,187.37,496.67
WTG_23,25,10.09,15.02,192.47,83.56,67.58,97.74,1292.94,14.37,0.0,186.75,2000.0
WTG_23,26,12.02,15.63,186.01,82.61,68.48,96.88,1497.08,16.63,0.05,186.09,2000.0
WTG_23,27,7.08,19.02,184.61,71.88,66.32,77.45,887.1,9.86,0.0,188.12,770.54
WTG_23,28,5.24,18.24,201.42,70.12,64.64,68.49,667.43,7.42,0.0,188.02,317.21
WTG_23,29,7.98,15.1,162.99,76.46,68.04,82.37,986.0,10.96,0.0,188.05,1129.32
WTG_23,30,11.31,13.73,191.09,83.75,68.48,95.32,1423.04,15.81,0.0,192.56,2000.0
WTG_23,31,8.52,15.56,197.08,76.91,66.67,86.1,1046.7,11.63,0.0,186.59,1345.44
WTG_23,32,8.37,5.81,180.94,77.19,67.0,75.05,1056.91,11.74,0.0,190.61,1305.56
WTG_23,33,9.22,18.25,169.61,81.55,66.64,95.88,1178.2,13.09,0.0,189.77,1729.0
WTG_23,34,14.05,22.66,193.79,81.08,69.46,105.02,1749.94,19.44,5.12,188.5,2000.0
WTG_23,35,8.4,14.82,176.52,77.35,67.72,85.77,1086.76,12.08,0.0,186.8,1325.75
WTG_23,36,7.37,14.32,180.46,72.99,67.18,76.2,942.25,10.47,0.0,187.42,871.33
WTG_23,37,3.57,21.22,165.2,68.57,63.96,69.42,540.0,6.0,0.0,187.69,112.18
WTG_23,38,10.06,13.3,160.02,81.24,68.01,95.37,1301.75,14.46,0.0,189.03,2000.0
WTG_23,39,5.15,17.27,191.21,68.75,64.03,67.46,616.93,6.85,0.0,187.17,280.53
WTG_23,40,10.2,20.3,175.92,82.01,65.67,102.63,1301.3,14.46,0.0,189.53,2000.0
WTG_23,41,9.03,14.14,151.83,79.34,67.09,90.68,1103.84,12.26,0.0,188.02,1611.29
WTG_23,42,7.58,20.45,192.2,74.77,66.65,83.0,975.07,10.83,0.0,185.45,945.88
WTG_23,43,9.11,14.96,197.79,79.8,66.67,92.92,1145.73,12.73,0.0,188.35,1664.49
WTG_23,44,5.53,17.83,163.26,71.28,64.08,69.11,727.46,8.08,0.0,186.21,392.43
WTG_23,45,6.45,14.06,171.16,72.03,66.35,70.6,807.2,8.97,0.0,187.97,595.74
WTG_23,46,12.22,21.25,189.37,81.41,67.65,101.45,1505.64,16.73,0.54,190.25,2000.0
WTG_23,47,7.43,18.29,158.9,73.45,66.1,80.89,939.61,10.44,0.0,185.71,918.37
WTG_23,48,10.98,14.33,186.66,82.98,66.15,96.97,1380.24,15.34,0.0,187.66,2000.0
WTG_23,49,10.11,15.71,161.86,84.08,67.18,98.13,1245.03,13.83,0.0,187.77,2000.0
WTG_23,50,11.23,16.33,196.68,83.67,69.25,98.79,1433.82,15.93,0.0,186.7,2000.0
WTG_23,51,5.45,19.25,183.65,68.8,65.19,69.13,700.9,7.79,0.0,187.29,352.96
WTG_23,52,7.35,22.95,204.97,72.71,66.07,83.0,926.54,10.29,0.0,186.99,846.42
WTG_23,53,13.14,16.13,185.93,82.29,68.58,98.82,1660.45,18.45,2.84,188.75,2000.0
WTG_23,54,6.23,18.05,140.83,71.25,66.95,72.55,783.91,8.71,0.0,186.9,537.45
WTG_23,55,8.46,20.05,212.05,76.14,67.32,90.13,1084.82,12.05,0.0,188.54,1322.43
WTG_23,56,5.64,15.16,171.38,68.64,65.53,65.11,723.92,8.04,0.0,187.83,363.35
WTG_23,57,7.59,7.34,201.87,75.4,66.29,71.6,920.59,10.23,0.0,185.13,970.37
WTG_23,58,7.08,22.91,208.09,73.0,66.73,82.14,930.03,10.33,0.0,184.19,771.28
WTG_23,59,10.86,17.37,192.0,83.19,67.95,100.62,1383.16,15.37,0.0,185.83,2000.0
WTG_23,60,8.16,15.04,183.3,75.65,67.2,81.69,1023.32,11.37,0.0,187.57,1167.56
WTG_23,61,14.25,19.51,210.05,82.57,69.61,102.34,1800.0,20.0,5.63,189.25,2000.0
WTG_23,62,15.11,22.0,189.01,83.08,69.04,104.13,1800.0,20.0,7.79,187.92,2000.0
WTG_23,63,6.69,17.74,211.15,71.81,66.5,75.53,820.6,9.12,0.0,188.67,650.84
WTG_23,64,11.89,27.98,158.51,84.8,68.2,110.83,1553.01,17.26,0.0,185.9,2000.0
WTG_23,65,5.16,18.2,181.23,69.59,65.31,69.03,647.05,7.19,0.0,186.14,291.35
WTG_23,66,6.83,18.45,170.91,73.3,65.5,78.01,867.24,9.64,0.0,188.26,685.3
WTG_23,67,7.02,19.51,205.6,73.19,66.72,78.67,871.66,9.69,0.0,187.9,752.35
WTG_23,68,12.41,15.47,170.93,81.74,69.7,98.85,1585.26,17.61,1.04,188.04,2000.0
WTG_23,69,8.71,15.89,191.47,78.41,67.49,89.18,1116.96,12.41,0.0,186.34,1439.8
WTG_23,70,9.33,16.12,189.24,82.19,67.18,93.28,1179.34,13.1,0.0,186.17,1789.18
WTG_23,71,16.0,14.97,195.14,83.08,70.03,97.64,1800.0,20.0,10.01,186.2,2000.0
WTG_23,72,8.98,15.47,208.91,79.06,66.37,91.97,1164.95,12.94,0.0,186.15,1599.27
WTG_23,73,5.04,21.99,195.38,69.92,65.54,72.2,615.11,6.83,0.0,186.05,280.28
WTG_23,74,7.33,19.23,200.52,74.27,65.21,82.0,932.77,10.36,0.0,189.85,850.3
WTG_23,75,8.72,15.47,195.53,77.17,67.77,88.67,1089.18,12.1,0.0,186.41,1443.67
WTG_23,76,10.24,16.33,183.96,82.68,67.01,98.17,1281.87,14.24,0.0,185.24,2000.0
WTG_23,77,9.71,12.44,206.52,82.35,66.64,92.45,1230.21,13.67,0.0,188.52,1972.38
WTG_23,78,10.4,22.17,191.02,83.85,68.25,105.82,1331.52,14.79,0.0,188.23,2000.0
WTG_23,79,7.8,10.97,197.36,75.16,66.31,76.07,975.43,10.84,0.0,188.5,1025.38
WTG_23,80,9.96,16.65,156.43,84.48,66.5,97.39,1245.74,13.84,0.0,188.01,2000.0
WTG_23,81,9.1,14.62,199.15,81.38,67.65,91.96,1124.57,12.5,0.0,187.66,1694.32
WTG_23,82,8.01,19.67,193.22,76.29,65.88,87.11,1032.87,11.48,0.0,187.32,1128.54
WTG_23,83,10.05,20.82,195.19,83.41,67.47,104.39,1257.63,13.97,0.0,187.87,2000.0
WTG_23,84,7.97,22.28,204.42,74.72,65.4,89.3,961.62,10.68,0.0,185.8,1094.96
WTG_23,85,11.39,19.73,192.58,82.46,68.58,102.93,1425.12,15.83,0.0,182.71,2000.0
WTG_23,86,12.38,16.96,190.42,81.92,68.11,101.06,1574.29,17.49,0.96,187.08,2000.0
WTG_23,87,11.74,8.14,185.8,82.78,67.56,90.72,1457.63,16.2,0.0,184.47,2000.0
WTG_23,88,9.07,13.27,171.74,79.7,66.76,90.17,1141.94,12.69,0.0,188.05,1607.21
WTG_23,89,6.96,14.49,194.7,73.43,66.36,74.94,877.27,9.75,0.0,189.39,763.3
WTG_23,90,9.29,21.13,188.33,80.84,66.41,99.42,1156.77,12.85,0.0,187.85,1772.56
WTG_23,91,8.83,23.24,203.16,79.78,68.33,95.59,1154.84,12.83,0.0,189.12,1511.52
WTG_23,92,5.05,23.81,194.93,68.3,65.13,73.87,633.68,7.04,0.0,185.86,267.38
WTG_23,93,7.9,21.22,213.74,75.04,66.44,86.42,987.69,10.97,0.0,188.1,1084.07
WTG_23,94,6.75,19.72,175.49,72.82,67.04,79.04,882.82,9.81,0.0,187.83,687.99
WTG_23,95,6.31,22.66,206.43,70.1,64.73,78.72,786.57,8.74,0.0,188.37,561.31
WTG_23,96,10.03,17.93,192.2,83.88,68.19,102.85,1266.29,14.07,0.0,187.9,2000.0
WTG_23,97,14.82,16.15,207.66,82.38,69.87,99.84,1800.0,20.0,7.06,189.84,2000.0
WTG_23,98,7.75,9.71,193.98,74.86,65.47,76.45,977.03,10.86,0.0,187.78,1029.43
WTG_23,99,13.51,13.04,192.26,84.49,68.8,96.14,1716.53,19.07,3.76,187.89,2000.0
WTG_23,100,9.49,9.49,199.57,82.49,66.14,91.99,1203.52,13.37,0.0,186.84,1871.75
WTG_23,101,7.16,25.08,165.72,73.23,66.04,86.4,893.08,9.92,0.0,187.64,827.57
WTG_23,102,9.03,19.19,191.84,80.24,67.23,93.28,1136.8,12.63,0.0,189.48,1616.86
WTG_23,103,5.98,15.72,208.35,71.81,66.36,70.3,787.59,8.75,0.0,187.61,486.93
WTG_23,104,11.76,22.13,207.06,81.97,69.59,105.34,1473.11,16.37,0.0,183.97,2000.0
WTG_23,105,9.64,22.53,189.28,82.43,68.07,104.3,1222.95,13.59,0.0,186.7,1961.79
WTG_23,106,5.91,17.52,202.24,70.43,66.68,71.77,721.3,8.01,0.0,186.46,447.92
WTG_23,107,8.53,15.53,166.61,78.13,67.64,85.85,1069.69,11.89,0.0,188.66,1381.12
WTG_23,108,13.13,20.17,192.49,83.95,70.16,103.39,1638.35,18.2,2.83,186.82,2000.0
WTG_23,109,6.55,19.58,206.14,72.0,66.92,76.29,835.88,9.29,0.0,189.15,605.83
WTG_23,110,14.77,16.91,231.81,83.83,70.03,99.03,1800.0,20.0,6.91,186.15,2000.0
WTG_23,111,13.4,20.17,191.79,83.64,69.94,103.54,1687.93,18.75,3.5,186.09,2000.0
WTG_23,112,6.47,25.15,175.8,71.93,66.16,81.6,820.34,9.11,0.0,186.87,588.45
WTG_23,113,11.05,20.71,164.29,83.21,69.14,105.3,1410.73,15.67,0.0,185.87,2000.0
WTG_23,114,7.28,24.44,218.75,74.78,67.67,84.65,932.7,10.36,0.0,187.36,868.33
WTG_23,115,10.72,20.76,198.34,85.37,69.66,106.76,1359.39,15.1,0.0,185.42,2000.0
WTG_23,116,10.92,21.4,161.08,84.07,68.04,106.12,1375.37,15.28,0.0,186.75,2000.0
WTG_23,117,7.9,20.59,177.91,76.5,66.8,86.03,1002.47,11.14,0.0,184.46,1083.59
WTG_23,118,5.92,18.45,198.2,70.45,66.68,73.46,753.13,8.37,0.0,187.79,446.76
WTG_23,119,6.08,17.36,198.68,70.44,65.98,74.24,739.23,8.21,0.0,189.14,492.21
WTG_23,120,9.36,19.44,192.68,81.24,68.45,98.62,1196.28,13.29,0.0,187.81,1817.98
WTG_23,121,11.84,11.67,207.26,82.93,69.45,97.09,1471.77,16.35,0.0,185.73,2000.0
WTG_23,122,7.66,17.86,214.07,76.01,65.83,81.36,982.93,10.92,0.0,185.68,1008.69
WTG_23,123,5.48,20.85,188.87,70.34,66.03,75.2,657.67,7.31,0.0,187.82,367.14
WTG_23,124,12.23,20.79,219.22,83.5,69.48,104.75,1535.21,17.06,0.57,186.13,2000.0
WTG_23,125,8.93,21.75,193.58,79.65,67.11,97.5,1123.64,12.48,0.0,186.75,1572.08
WTG_23,126,9.11,16.84,194.89,81.39,67.36,93.43,1169.19,12.99,0.0,185.92,1648.28
WTG_23,127,11.1,18.89,202.57,84.66,68.98,103.95,1403.03,15.59,0.0,185.82,2000.0
WTG_23,128,10.51,21.83,216.35,85.0,68.86,106.34,1356.4,15.07,0.0,184.72,2000.0
WTG_23,129,7.92,18.71,202.8,75.85,67.38,86.83,986.33,10.96,0.0,185.48,1099.73
WTG_23,130,12.49,20.76,165.35,85.29,68.89,105.97,1579.5,17.55,1.22,187.79,2000.0
WTG_23,131,12.75,17.56,206.93,85.01,70.11,102.1,1613.39,17.93,1.87,183.98,2000.0
WTG_23,132,7.71,17.9,204.61,75.9,66.6,82.84,945.83,10.51,0.0,185.66,1015.02
WTG_23,133,10.05,19.68,189.87,83.07,68.85,104.48,1260.37,14.0,0.0,183.67,2000.0
WTG_23,134,11.52,12.99,201.48,84.45,69.19,98.34,1434.56,15.94,0.0,183.19,2000.0
WTG_23,135,10.87,20.35,194.11,84.39,69.17,106.49,1376.11,15.29,0.0,184.21,2000.0
WTG_23,136,4.37,18.72,192.87,69.1,65.86,68.68,542.54,6.03,0.0,182.38,162.17
WTG_23,137,12.39,24.11,177.58,85.1,69.81,108.58,1537.07,17.08,0.98,187.81,2000.0
WTG_23,138,9.64,22.25,206.76,84.28,68.41,106.39,1220.46,13.56,0.0,186.61,1953.86
WTG_23,139,6.29,17.93,209.88,72.66,67.6,74.95,822.36,9.14,0.0,184.13,524.05
WTG_23,140,4.68,17.43,174.61,71.5,66.92,71.23,587.54,6.53,0.0,187.59,239.85
WTG_23,141,6.33,18.27,214.76,73.5,65.71,77.64,812.94,9.03,0.0,185.56,576.99
WTG_23,142,6.97,16.81,199.93,74.73,66.94,80.43,853.93,9.49,0.0,183.09,770.62
WTG_23,143,7.38,18.63,194.84,75.75,67.36,85.2,927.61,10.31,0.0,187.8,887.72
WTG_23,144,7.85,14.82,203.68,76.61,66.68,80.86,992.32,11.03,0.0,185.77,1023.69
WTG_23,145,9.78,9.9,189.75,85.03,69.43,94.35,1238.86,13.77,0.0,183.76,2000.0
WTG_23,146,7.72,18.07,170.6,77.09,67.49,84.84,950.48,10.56,0.0,183.57,1019.59
WTG_23,147,9.89,18.58,191.59,84.51,68.43,103.8,1226.1,13.62,0.0,184.91,2000.0
WTG_23,148,11.71,17.52,195.43,85.45,70.1,104.94,1461.24,16.24,0.0,183.15,2000.0
WTG_23,149,4.78,14.66,218.27,71.14,67.9,68.07,628.59,6.98,0.0,181.04,236.28
WTG_23,150,9.81,24.01,201.57,85.81,68.31,108.82,1203.0,13.37,0.0,185.43,2000.0
WTG_23,151,8.02,23.5,208.54,78.55,70.2,93.11,1018.68,11.32,0.0,185.36,1120.82
WTG_23,152,5.58,16.53,195.97,71.66,67.79,72.12,704.99,7.83,0.0,186.25,398.03
WTG_23,153,9.65,15.87,163.84,85.17,70.42,101.71,1213.46,13.48,0.0,183.32,1978.09
WTG_23,154,7.6,18.73,179.26,76.63,68.46,84.12,953.63,10.6,0.0,187.81,965.68
WTG_23,155,13.24,16.82,180.36,86.32,71.01,102.78,1614.23,17.94,3.09,184.77,2000.0
WTG_23,156,7.9,22.56,203.22,79.19,69.44,89.69,992.3,11.03,0.0,185.72,1084.33
WTG_23,157,9.74,16.31,182.38,84.95,70.01,100.97,1223.14,13.59,0.0,180.1,2000.0
WTG_23,158,9.17,20.14,209.02,83.29,70.31,99.94,1176.3,13.07,0.0,183.58,1670.16
WTG_23,159,10.22,22.44,196.15,85.17,69.1,106.61,1292.86,14.37,0.0,184.42,2000.0
WTG_23,160,8.63,17.4,206.75,80.26,69.64,93.42,1121.18,12.46,0.0,180.88,1417.77
WTG_23,161,11.97,14.33,217.41,86.4,70.58,98.14,1505.43,16.73,0.0,183.0,2000.0
WTG_23,162,13.13,14.86,170.4,87.23,70.38,100.77,1634.56,18.16,2.81,181.33,2000.0
WTG_23,163,10.15,22.25,202.54,85.75,70.41,109.96,1282.28,14.25,0.0,181.38,2000.0
WTG_23,164,7.12,19.01,215.52,76.27,68.2,83.06,884.99,9.83,0.0,181.86,827.38
WTG_23,165,9.37,21.3,207.81,84.77,69.11,103.12,1195.14,13.28,0.0,184.51,1806.76
WTG_23,166,8.49,17.79,202.11,80.75,70.21,92.05,1030.91,11.45,0.0,181.49,1349.69
WTG_23,167,8.36,13.09,216.36,81.5,69.29,86.81,1059.92,11.78,0.0,183.39,1301.39
WTG_23,168,10.74,20.79,189.95,85.76,70.59,108.14,1364.46,15.16,0.0,182.62,2000.0
WTG_23,169,8.77,15.25,212.71,83.02,70.68,91.76,1129.58,12.55,0.0,181.84,1477.39
WTG_23,170,10.75,11.11,165.08,86.97,72.93,98.26,1377.07,15.3,0.0,183.2,2000.0
WTG_23,171,8.48,16.24,179.59,80.68,70.87,90.41,1078.82,11.99,0.0,182.61,1342.3
WTG_23,172,10.43,18.99,194.68,87.59,70.25,104.78,1290.72,14.34,0.0,184.58,2000.0
WTG_23,173,6.56,15.83,192.92,75.45,68.67,78.86,842.03,9.36,0.0,181.33,600.88
WTG_23,174,6.57,15.15,194.65,75.39,68.97,74.78,830.56,9.23,0.0,180.51,634.47
WTG_23,175,7.46,24.17,198.64,78.32,69.37,90.83,934.02,10.38,0.0,180.35,937.29
WTG_23,176,7.0,18.21,194.68,77.98,70.89,83.19,900.53,10.01,0.0,180.62,758.78
WTG_23,177,8.55,22.53,219.81,82.13,70.95,97.62,1081.43,12.02,0.0,182.05,1406.91
WTG_23,178,10.87,23.38,156.92,85.47,71.85,112.81,1343.89,14.93,0.0,181.22,2000.0
WTG_23,179,11.16,18.08,185.38,87.93,71.98,106.09,1384.78,15.39,0.0,184.36,2000.0
WTG_23,180,12.87,12.84,174.67,87.81,73.66,100.01,1633.79,18.15,2.17,181.38,2000.0
WTG_23,181,10.6,16.13,211.84,86.36,71.95,104.65,1330.9,14.79,0.0,180.35,2000.0
WTG_23,182,7.24,22.07,208.58,77.12,70.51,87.66,915.5,10.17,0.0,181.15,844.87
WTG_23,183,5.24,20.33,181.79,73.88,69.67,75.25,707.43,7.86,0.0,180.91,315.44
WTG_23,184,11.25,19.86,190.71,87.53,71.95,106.84,1442.57,16.03,0.0,182.39,2000.0
WTG_23,185,7.19,18.7,190.2,77.43,70.96,85.28,926.79,10.3,0.0,182.24,831.93
WTG_23,186,9.61,22.2,210.25,87.43,71.72,111.59,1219.53,13.55,0.0,182.32,1966.01
WTG_23,187,10.96,19.92,172.65,89.04,72.43,105.76,1389.28,15.44,0.0,181.38,2000.0
WTG_23,188,8.3,17.21,198.97,82.62,70.94,90.31,1069.48,11.88,0.0,183.24,1290.77
WTG_23,189,14.52,12.62,202.65,88.62,74.78,101.23,1800.0,20.0,6.29,180.56,2000.0
WTG_23,190,10.24,17.86,194.51,88.88,73.24,107.16,1284.87,14.28,0.0,181.39,2000.0
WTG_23,191,12.67,12.55,204.48,89.16,73.69,101.5,1602.05,17.8,1.67,177.44,2000.0
WTG_23,192,9.02,18.49,214.74,86.06,72.97,99.95,1155.43,12.84,0.0,178.77,1611.36
WTG_23,193,7.21,18.79,191.68,80.28,71.51,84.91,898.62,9.98,0.0,181.79,806.41
WTG_23,194,10.86,10.97,199.11,87.96,73.14,101.25,1385.09,15.39,0.0,181.4,2000.0
WTG_23,195,8.69,14.39,198.17,84.01,71.19,94.21,1073.67,11.93,0.0,178.25,1447.12
WTG_23,196,5.67,19.31,179.05,77.15,70.76,79.27,692.45,7.69,0.0,180.76,385.59
WTG_23,197,8.32,18.17,208.42,83.49,72.13,93.57,1049.33,11.66,0.0,178.61,1262.2
WTG_23,198,7.74,21.18,174.67,81.92,72.23,92.74,988.24,10.98,0.0,176.64,1056.08
WTG_23,199,8.11,17.77,171.9,83.51,72.75,91.87,1006.47,11.18,0.0,179.28,1156.31
WTG_23,200,8.46,24.04,203.42,84.86,70.75,100.25,1063.32,11.81,0.0,181.1,1320.73
WTG_23,201,3.77,14.61,208.47,74.11,70.21,69.95,540.0,6.0,0.0,177.65,112.83
WTG_23,202,3.0,12.92,208.42,73.71,71.28,66.87,540.0,6.0,0.0,179.4,59.54
WTG_23,203,13.38,15.25,235.56,89.77,74.03,105.4,1666.69,18.52,3.44,176.17,2000.0
WTG_23,204,8.4,18.63,195.2,83.42,72.71,95.26,1060.5,11.78,0.0,177.68,1299.43
WTG_23,205,8.35,19.09,181.73,84.44,73.12,97.26,1051.62,11.68,0.0,177.66,1268.62
WTG_23,206,3.0,19.1,178.14,74.67,72.44,73.95,540.0,6.0,0.0,177.8,51.86
WTG_23,207,9.87,13.25,218.52,90.25,73.21,102.57,1234.65,13.72,0.0,177.27,2000.0
WTG_23,208,11.34,20.15,218.79,90.17,74.88,111.51,1463.76,16.26,0.0,178.04,2000.0
WTG_23,209,6.31,14.4,197.58,79.9,73.05,78.71,811.13,9.01,0.0,177.67,551.72
WTG_23,210,8.87,17.23,218.55,86.93,75.03,100.04,1136.01,12.62,0.0,178.15,1532.63
WTG_23,211,11.0,22.31,218.14,91.64,74.9,114.79,1384.88,15.39,0.0,178.44,2000.0
WTG_23,212,6.96,19.39,218.83,80.23,72.47,88.35,865.97,9.62,0.0,176.08,753.87
WTG_23,213,13.45,12.84,199.29,92.97,76.09,104.32,1687.65,18.75,3.62,178.17,2000.0
WTG_23,214,3.97,18.41,176.56,74.89,71.73,75.06,540.0,6.0,0.0,177.98,134.44
WTG_23,215,9.64,17.13,217.2,89.86,75.65,109.41,1157.75,12.86,0.0,176.4,1943.11
WTG_23,216,12.67,21.97,212.42,92.44,77.52,114.95,1579.07,17.55,1.69,174.92,2000.0
WTG_23,217,8.42,21.98,206.18,85.14,74.85,104.18,1043.6,11.6,0.0,177.05,1319.2
WTG_23,218,7.92,30.05,186.5,84.01,75.59,105.71,974.96,10.83,0.0,174.07,1077.88
WTG_23,219,6.66,22.41,196.3,81.32,73.69,89.96,824.22,9.16,0.0,174.81,637.3
WTG_23,220,8.49,20.15,185.29,87.6,75.15,101.59,1080.02,12.0,0.0,175.94,1319.02
WTG_23,221,12.78,18.41,223.39,93.29,77.59,111.7,1622.05,18.02,1.94,175.33,2000.0
WTG_23,222,7.2,29.07,199.63,83.65,75.11,100.18,890.74,9.9,0.0,175.79,789.73
WTG_23,223,10.78,21.39,198.64,93.06,76.47,116.25,1328.63,14.76,0.0,176.28,2000.0
WTG_23,224,8.66,14.96,195.43,89.49,76.13,98.61,1092.06,12.13,0.0,171.92,1433.87
WTG_23,225,11.1,17.51,176.42,93.63,76.16,111.76,1360.91,15.12,0.0,171.86,2000.0
WTG_23,226,7.45,14.57,190.4,84.96,75.93,88.92,952.3,10.58,0.0,173.5,904.46
WTG_23,227,9.83,17.81,197.53,93.94,76.94,114.12,1284.53,14.27,0.0,172.47,2000.0
WTG_23,228,11.38,11.09,187.16,92.78,77.52,106.98,1447.29,16.08,0.0,175.75,2000.0
WTG_23,229,9.98,17.1,219.49,93.18,76.26,112.75,1248.17,13.87,0.0,173.51,2000.0
WTG_23,230,10.45,19.76,227.88,93.85,77.46,114.88,1338.03,14.87,0.0,173.88,2000.0
WTG_23,231,10.69,23.42,223.56,94.27,77.55,119.6,1346.3,14.96,0.0,174.87,2000.0
WTG_23,232,10.52,18.86,211.95,94.57,78.9,114.02,1322.48,14.69,0.0,172.26,2000.0
WTG_23,233,11.16,17.73,202.48,94.31,77.4,114.14,1394.77,15.5,0.0,173.66,2000.0
WTG_23,234,8.41,21.7,185.19,89.04,77.52,104.11,1043.19,11.59,0.0,173.3,1299.97
WTG_23,235,7.7,8.36,183.71,86.22,76.25,86.25,998.95,11.1,0.0,171.44,991.72
WTG_23,236,8.76,17.53,178.26,91.05,76.47,104.41,1094.72,12.16,0.0,171.18,1498.65
WTG_23,237,8.0,15.63,194.79,88.75,77.13,94.52,1005.45,11.17,0.0,173.33,1116.92
WTG_23,238,7.79,16.69,176.98,88.07,78.46,95.39,946.4,10.52,0.0,171.48,1039.24
WTG_23,239,7.61,20.74,207.88,86.1,77.33,98.66,946.77,10.52,0.0,171.69,962.77
WTG_23,240,6.93,12.07,199.98,84.62,77.56,84.8,915.6,10.17,0.0,171.39,736.29
WTG_23,241,5.8,21.43,204.06,82.58,75.81,89.14,729.59,8.11,0.0,172.16,412.67
WTG_23,242,7.04,17.26,192.82,86.72,77.91,90.5,872.05,9.69,0.0,171.25,752.73
WTG_23,243,6.12,18.96,201.44,84.63,77.59,89.29,788.5,8.76,0.0,169.68,506.49
WTG_23,244,9.91,19.93,233.02,95.24,78.92,118.3,1201.22,13.35,0.0,169.97,2000.0
WTG_23,245,11.88,21.09,207.79,97.44,80.43,118.01,1535.48,17.06,0.0,168.89,2000.0
WTG_23,246,11.16,15.71,206.53,97.84,80.36,115.54,1393.64,15.48,0.0,167.38,2000.0
WTG_23,247,3.0,13.05,209.3,80.11,76.78,74.52,540.0,6.0,0.0,169.34,50.91
WTG_23,248,11.01,15.09,192.63,97.04,81.05,113.78,1369.13,15.21,0.0,166.51,2000.0
WTG_23,249,8.09,20.57,199.77,91.81,79.75,104.89,1013.11,11.26,0.0,167.88,1141.09
WTG_23,250,10.58,18.76,214.11,97.48,81.76,117.49,1378.02,15.31,0.0,167.13,2000.0
WTG_23,251,8.97,18.12,234.52,94.74,79.76,110.75,1110.29,12.34,0.0,169.09,1591.35
WTG_23,252,9.48,21.29,181.84,95.58,81.17,116.45,1211.33,13.46,0.0,167.88,1858.41
WTG_23,253,10.38,12.06,191.0,97.29,81.38,113.33,1314.05,14.6,0.0,169.67,2000.0
WTG_23,254,6.45,21.81,220.85,88.01,80.28,95.12,846.14,9.4,0.0,167.93,586.59
WTG_23,255,4.3,22.03,228.84,83.83,80.2,87.13,552.19,6.14,0.0,168.47,169.67
WTG_23,256,13.0,19.85,215.92,99.17,83.36,120.86,1574.78,17.5,2.5,168.48,2000.0
WTG_23,257,12.48,19.54,184.18,99.99,83.46,121.16,1579.59,17.55,1.19,164.46,2000.0
WTG_23,258,7.72,13.32,196.06,91.2,81.82,96.44,976.39,10.85,0.0,165.11,1024.85
WTG_23,259,10.29,14.99,216.66,100.96,81.99,116.51,1281.02,14.23,0.0,164.92,2000.0
WTG_23,260,7.64,21.17,213.09,92.2,81.04,104.32,951.14,10.57,0.0,164.33,974.02
WTG_23,261,10.63,16.02,206.1,100.75,83.53,119.14,1331.44,14.79,0.0,165.81,2000.0
WTG_23,262,7.38,14.26,207.18,90.43,82.27,96.27,933.97,10.38,0.0,166.97,881.11
WTG_23,263,8.53,13.02,207.43,94.98,83.48,103.51,1077.1,11.97,0.0,164.39,1355.97
WTG_23,264,6.32,18.38,195.41,89.45,81.52,93.12,781.72,8.69,0.0,163.9,533.11
WTG_23,265,10.72,19.6,208.3,101.14,84.63,123.66,1368.24,15.2,0.0,164.85,2000.0
WTG_23,266,10.86,15.13,201.14,102.34,85.69,119.64,1378.03,15.31,0.0,160.56,2000.0
WTG_23,267,10.98,17.67,193.28,102.31,85.21,119.77,1373.07,15.26,0.0,163.56,2000.0
WTG_23,268,5.92,21.53,189.71,90.0,83.16,96.7,702.91,7.81,0.0,163.04,460.51
WTG_23,269,10.37,22.15,203.97,102.08,85.95,127.4,1300.29,14.45,0.0,164.28,2000.0
WTG_23,270,10.2,19.21,192.83,102.82,85.96,125.21,1273.33,14.15,0.0,160.82,2000.0
WTG_23,271,8.23,11.74,190.18,96.24,83.52,101.97,1016.48,11.29,0.0,163.68,1248.0
WTG_23,272,9.36,13.9,226.37,101.1,85.93,114.73,1187.33,13.19,0.0,162.46,1794.19
WTG_23,273,9.7,14.61,193.26,101.54,84.26,118.16,1180.39,13.12,0.0,160.87,1998.93
WTG_23,274,11.05,13.25,223.39,101.7,87.28,120.46,1411.86,15.69,0.0,161.0,2000.0
WTG_23,275,9.15,18.14,212.87,100.1,85.59,118.48,1167.58,12.97,0.0,161.54,1679.25
WTG_23,276,11.3,20.72,212.18,104.52,88.39,126.92,1414.18,15.71,0.0,161.95,2000.0
WTG_23,277,5.21,15.98,188.71,90.58,84.87,92.89,685.75,7.62,0.0,158.77,301.38
WTG_23,278,11.09,14.47,205.74,105.07,87.82,121.89,1437.6,15.97,0.0,160.78,2000.0
WTG_23,279,6.75,19.38,183.62,93.53,86.26,98.71,832.61,9.25,0.0,158.35,696.78
WTG_23,280,7.72,15.5,206.08,97.29,86.45,105.92,979.07,10.88,0.0,161.27,1005.95
WTG_23,281,9.99,22.24,208.96,105.07,86.43,130.74,1277.72,14.2,0.0,159.16,2000.0
WTG_23,282,6.14,15.64,184.77,94.07,85.95,95.06,786.87,8.74,0.0,159.86,497.98
WTG_23,283,7.45,22.09,197.1,97.43,87.72,112.94,935.74,10.4,0.0,157.72,929.07
WTG_23,284,11.31,17.95,210.59,105.21,89.94,129.69,1417.05,15.75,0.0,157.92,2000.0
WTG_23,285,7.81,25.2,203.87,98.44,88.65,115.22,976.05,10.84,0.0,157.6,1050.93
WTG_23,286,12.87,8.33,233.01,107.99,89.46,120.27,1627.4,18.08,2.19,155.23,2000.0
WTG_23,287,10.12,8.34,219.64,107.47,88.59,119.25,1284.82,14.28,0.0,155.67,2000.0
WTG_23,288,14.2,19.89,204.11,108.7,90.81,129.81,1800.0,20.0,5.49,157.57,2000.0
WTG_23,289,8.03,21.74,218.64,100.58,88.51,117.19,997.32,11.08,0.0,154.52,1144.56
WTG_23,290,9.26,25.77,212.4,104.39,89.05,131.5,1156.82,12.85,0.0,151.64,1724.76
WTG_23,291,8.59,12.39,207.36,103.33,89.27,111.65,1080.95,12.01,0.0,152.84,1399.16
WTG_23,292,12.32,22.05,203.06,109.44,91.52,131.76,1552.68,17.25,0.8,155.29,2000.0
WTG_23,293,5.28,22.28,194.27,95.13,89.27,103.11,671.44,7.46,0.0,153.48,319.57
WTG_23,294,8.21,12.7,211.6,103.3,90.4,110.38,1040.34,11.56,0.0,153.15,1263.9
WTG_23,295,9.07,14.08,219.7,105.88,91.31,120.22,1138.33,12.65,0.0,155.22,1649.34
WTG_23,296,9.1,12.95,205.96,108.1,91.51,120.19,1115.56,12.4,0.0,153.47,1663.0
WTG_23,297,6.78,14.97,217.57,100.92,90.13,103.87,850.72,9.45,0.0,150.44,718.63
WTG_23,298,7.1,16.98,214.05,101.63,91.46,109.37,892.56,9.92,0.0,148.99,818.45
WTG_23,299,3.14,17.92,223.38,95.85,90.84,95.69,540.0,6.0,0.0,151.33,74.1
WTG_23,300,8.07,15.15,212.32,104.3,91.94,112.77,996.26,11.07,0.0,149.33,1174.72
WTG_23,301,11.61,33.16,221.66,110.4,92.97,148.63,1457.5,16.19,0.0,150.94,2000.0
WTG_23,302,7.07,17.74,213.45,103.15,92.21,112.58,859.42,9.55,0.0,151.28,792.18
WTG_23,303,13.14,17.26,225.44,112.59,96.19,133.23,1661.15,18.46,2.86,149.83,2000.0
WTG_23,304,11.86,13.89,200.48,111.41,94.4,130.92,1488.05,16.53,0.0,148.92,2000.0
WTG_23,305,4.59,18.41,220.14,98.33,91.88,102.79,591.83,6.58,0.0,149.13,241.38
WTG_23,306,8.55,18.28,218.04,106.8,94.58,121.58,1088.83,12.1,0.0,147.79,1376.9
WTG_23,307,7.82,15.81,223.65,105.15,94.85,118.07,971.2,10.79,0.0,146.34,1074.64
WTG_23,308,7.99,17.92,217.15,106.92,94.04,119.78,1005.22,11.17,0.0,149.1,1122.87
WTG_23,309,10.62,23.8,199.13,113.65,96.27,140.67,1360.46,15.12,0.0,146.46,2000.0
WTG_23,310,7.75,18.81,194.86,105.53,94.54,120.82,959.94,10.67,0.0,145.86,1014.73
WTG_23,311,12.15,19.16,218.65,116.16,96.81,138.53,1526.15,16.96,0.39,146.95,2000.0
WTG_23,312,4.2,13.15,220.22,100.98,94.23,97.44,540.0,6.0,0.0,146.93,163.86
WTG_23,313,5.19,15.57,225.25,103.55,95.17,103.86,668.08,7.42,0.0,147.58,314.96
WTG_23,314,10.4,17.95,220.32,115.03,97.63,140.78,1321.37,14.68,0.0,148.16,2000.0
WTG_23,315,7.69,16.42,215.35,108.46,96.59,117.78,963.89,10.71,0.0,147.32,1026.6
WTG_23,316,8.91,19.55,222.71,112.92,98.21,133.13,1123.72,12.49,0.0,140.23,1549.25
WTG_23,317,9.2,19.78,229.52,115.31,99.48,138.64,1177.45,13.08,0.0,142.74,1725.74
WTG_23,318,11.19,12.79,228.45,117.24,98.99,134.13,1403.01,15.59,0.0,144.36,2000.0
WTG_23,319,9.23,19.85,199.0,117.55,97.95,137.62,1166.25,12.96,0.0,141.36,1738.09
WTG_24,1,9.2,16.88,193.43,80.06,64.3,93.96,1150.64,12.78,0.0,183.1,1697.8
WTG_24,2,4.01,18.53,203.93,66.5,62.67,65.41,540.0,6.0,0.0,182.1,131.61
WTG_24,3,10.07,15.68,193.38,80.57,65.06,97.39,1252.34,13.91,0.0,184.97,2000.0
WTG_24,4,8.58,18.96,183.31,77.67,63.83,89.14,1063.19,11.81,0.0,183.83,1417.26
WTG_24,5,6.74,16.46,175.42,69.52,63.96,73.33,821.42,9.13,0.0,185.3,656.24
WTG_24,6,5.27,18.97,185.72,67.35,63.43,69.37,666.12,7.4,0.0,183.36,331.09
WTG_24,7,10.38,23.16,156.27,82.19,63.49,103.69,1288.3,14.31,0.0,186.63,2000.0
WTG_24,8,15.29,18.75,173.48,81.29,65.87,100.33,1800.0,20.0,8.21,183.68,2000.0
WTG_24,9,9.57,22.11,156.56,79.54,65.77,103.7,1255.68,13.95,0.0,182.46,1925.34
WTG_24,10,6.48,21.29,171.49,69.09,64.59,77.79,799.2,8.88,0.0,184.46,600.49
WTG_24,11,5.57,15.2,197.47,67.48,62.35,67.06,689.58,7.66,0.0,182.96,365.96
WTG_24,12,8.15,21.54,181.06,73.69,65.16,88.89,1054.7,11.72,0.0,184.03,1179.05
WTG_24,13,8.35,14.35,145.31,74.84,63.39,82.93,1067.38,11.86,0.0,181.89,1292.36
WTG_24,14,12.15,13.08,193.79,81.72,67.14,94.38,1514.8,16.83,0.38,182.17,2000.0
WTG_24,15,7.35,27.24,170.02,72.06,64.65,88.66,925.45,10.28,0.0,185.7,877.74
WTG_24,16,13.03,18.82,176.38,80.83,67.07,101.48,1652.03,18.36,2.58,184.13,2000.0
WTG_24,17,3.0,21.49,183.64,64.51,61.8,66.47,540.0,6.0,0.0,185.96,48.74
WTG_24,18,6.82,15.72,190.2,72.45,64.53,74.87,883.97,9.82,0.0,185.22,702.88
WTG_24,19,10.79,14.3,169.82,80.71,65.19,96.01,1360.11,15.11,0.0,184.31,2000.0
WTG_24,20,9.96,15.84,191.02,82.43,65.26,100.84,1260.4,14.0,0.0,186.03,2000.0
WTG_24,21,9.21,16.96,205.91,78.79,63.28,94.06,1148.82,12.76,0.0,184.26,1697.47
WTG_24,22,6.18,20.98,194.59,70.29,63.33,75.24,750.64,8.34,0.0,183.36,534.39
WTG_24,23,10.23,15.17,207.04,80.86,64.9,96.77,1302.23,14.47,0.0,184.94,2000.0
WTG_24,24,11.37,17.17,171.44,81.67,67.85,99.42,1424.36,15.83,0.0,183.16,2000.0
WTG_24,25,6.71,22.32,190.9,70.03,63.02,79.31,870.7,9.67,0.0,184.29,651.78
WTG_24,26,9.54,15.39,205.83,79.09,64.54,98.98,1201.82,13.35,0.0,184.13,1926.41
WTG_24,27,7.42,21.07,181.86,71.17,63.08,83.25,965.56,10.73,0.0,183.44,878.36
WTG_24,28,9.22,18.29,199.25,79.19,64.99,97.8,1190.3,13.23,0.0,186.24,1745.15
WTG_24,29,8.33,22.46,169.34,74.74,64.15,91.66,1018.59,11.32,0.0,186.23,1246.07
WTG_24,30,5.46,18.57,199.03,67.93,62.34,70.21,700.41,7.78,0.0,186.17,336.94
WTG_24,31,5.18,18.65,189.73,68.3,62.45,70.45,678.13,7.53,0.0,182.78,318.98
WTG_24,32,9.09,21.93,183.34,77.01,65.94,97.19,1144.42,12.72,0.0,182.56,1661.8
WTG_24,33,5.25,20.9,163.34,67.96,62.88,70.4,672.08,7.47,0.0,184.18,308.81
WTG_24,34,6.96,19.93,180.86,70.88,64.17,79.99,883.88,9.82,0.0,183.38,728.74
WTG_24,35,9.98,12.95,175.41,81.73,65.39,96.86,1234.24,13.71,0.0,182.82,2000.0
WTG_24,36,4.81,15.67,182.44,66.92,63.52,65.7,573.99,6.38,0.0,186.44,229.7
WTG_24,37,6.02,19.52,184.67,68.91,63.78,72.34,723.38,8.04,0.0,184.6,468.37
WTG_24,38,6.7,23.28,176.75,69.26,63.36,81.19,837.26,9.3,0.0,183.46,661.61
WTG_24,39,8.08,11.48,180.15,73.96,65.33,80.7,1030.22,11.45,0.0,184.04,1182.06
WTG_24,40,6.99,18.21,187.9,71.07,63.95,77.37,879.92,9.78,0.0,186.88,713.43
WTG_24,41,5.34,22.3,175.43,69.02,63.07,73.43,656.01,7.29,0.0,183.55,345.35
WTG_24,42,14.55,16.68,195.19,82.35,68.41,98.68,1800.0,20.0,6.38,183.14,2000.0
WTG_24,43,9.59,16.11,158.79,80.96,63.44,97.42,1184.89,13.17,0.0,185.28,1947.21
WTG_24,44,10.94,16.19,192.48,81.2,65.96,99.06,1354.06,15.05,0.0,185.16,2000.0
WTG_24,45,13.82,25.26,164.35,80.68,68.29,107.93,1734.94,19.28,4.54,182.7,2000.0
WTG_24,46,9.37,15.35,180.67,79.86,64.43,93.77,1185.19,13.17,0.0,182.37,1800.17
WTG_24,47,8.28,21.09,188.6,75.74,64.88,89.33,1067.0,11.86,0.0,181.39,1250.58
WTG_24,48,6.24,26.25,194.79,69.2,61.98,82.25,773.04,8.59,0.0,184.24,565.93
WTG_24,49,6.7,18.15,177.44,71.9,64.1,77.14,846.79,9.41,0.0,184.66,658.57
WTG_24,50,5.4,13.54,222.89,66.42,63.23,63.91,622.14,6.91,0.0,184.14,345.32
WTG_24,51,9.9,21.65,184.25,82.48,65.49,104.92,1224.42,13.6,0.0,184.95,2000.0
WTG_24,52,9.77,16.86,197.69,82.03,65.33,96.61,1257.93,13.98,0.0,183.67,2000.0
WTG_24,53,6.83,20.14,180.32,70.54,63.59,79.34,838.2,9.31,0.0,183.83,705.09
WTG_24,54,5.25,18.41,173.48,67.77,63.6,70.28,652.25,7.25,0.0,185.63,321.4
WTG_24,55,3.68,16.17,146.18,65.9,63.02,63.69,540.0,6.0,0.0,181.08,114.11
WTG_24,56,9.25,21.05,182.93,78.65,64.43,98.17,1192.83,13.25,0.0,184.65,1709.65
WTG_24,57,11.18,15.72,176.52,81.59,66.31,97.97,1409.96,15.67,0.0,182.42,2000.0
WTG_24,58,8.26,13.89,213.27,74.91,65.01,83.16,1036.47,11.52,0.0,184.33,1233.44
WTG_24,59,8.32,16.45,154.37,75.1,64.69,86.6,1064.21,11.82,0.0,183.07,1288.86
WTG_24,60,8.64,20.84,192.71,76.72,64.12,91.67,1100.4,12.23,0.0,184.97,1398.72
WTG_24,61,5.27,21.3,177.93,69.68,61.71,70.46,686.98,7.63,0.0,185.77,319.35
WTG_24,62,11.98,12.23,173.85,82.26,66.02,96.14,1503.16,16.7,0.0,184.93,2000.0
WTG_24,63,9.56,14.96,205.28,81.36,64.88,97.0,1183.15,13.15,0.0,183.15,1909.33
WTG_24,64,13.2,16.0,184.76,81.54,66.04,97.45,1685.85,18.73,3.01,187.19,2000.0
WTG_24,65,8.1,22.87,184.91,73.67,63.83,91.24,1009.32,11.21,0.0,186.81,1161.91
WTG_24,66,11.1,20.78,180.66,81.01,65.75,103.86,1382.23,15.36,0.0,182.68,2000.0
WTG_24,67,10.69,10.9,199.75,80.88,65.45,94.22,1346.08,14.96,0.0,184.03,2000.0
WTG_24,68,11.03,15.31,184.86,80.58,64.13,97.47,1399.52,15.55,0.0,182.82,2000.0
WTG_24,69,10.9,14.27,210.29,80.96,64.68,96.36,1377.33,15.3,0.0,184.13,2000.0
WTG_24,70,9.65,14.78,212.5,81.69,64.49,96.86,1243.26,13.81,0.0,184.08,1995.31
WTG_24,71,11.31,15.6,195.53,81.4,65.15,99.0,1406.8,15.63,0.0,184.1,2000.0
WTG_24,72,8.66,16.05,174.05,77.15,63.56,88.36,1109.85,12.33,0.0,184.55,1403.9
WTG_24,73,7.68,21.69,193.74,73.52,63.47,87.13,961.48,10.68,0.0,181.71,1009.75
WTG_24,74,9.88,22.35,181.62,80.21,66.31,104.66,1231.31,13.68,0.0,183.39,2000.0
WTG_24,75,11.33,22.38,189.66,81.86,65.88,105.72,1404.77,15.61,0.0,184.35,2000.0
WTG_24,76,4.63,14.03,189.55,67.08,62.64,62.65,580.13,6.45,0.0,183.23,217.45
WTG_24,77,9.86,12.89,176.08,81.76,66.62,95.17,1235.43,13.73,0.0,185.46,2000.0
WTG_24,78,5.41,30.42,196.71,67.84,61.99,82.45,651.03,7.23,0.0,183.66,339.46
WTG_24,79,9.99,18.11,172.8,80.74,66.37,100.58,1294.93,14.39,0.0,181.96,2000.0
WTG_24,80,3.0,19.89,168.65,64.98,61.64,68.33,540.0,6.0,0.0,183.42,65.39
WTG_24,81,9.21,15.48,199.83,79.5,64.87,91.78,1190.1,13.22,0.0,183.22,1713.97
WTG_24,82,9.98,20.5,198.76,81.72,65.39,102.71,1236.83,13.74,0.0,180.53,2000.0
WTG_24,83,8.89,21.63,197.77,77.35,65.3,96.68,1140.34,12.67,0.0,185.47,1559.37
WTG_24,84,13.03,13.71,176.64,80.54,65.91,100.02,1635.67,18.17,2.58,182.99,2000.0
WTG_24,85,8.46,22.27,171.88,77.0,64.09,92.98,1039.56,11.55,0.0,185.88,1342.26
WTG_24,86,8.76,16.04,162.52,77.95,64.32,88.01,1138.11,12.65,0.0,185.09,1461.95
WTG_24,87,9.08,15.29,185.19,79.43,65.16,90.78,1169.02,12.99,0.0,185.39,1648.14
WTG_24,88,11.45,26.08,186.19,81.63,67.13,109.67,1457.54,16.19,0.0,183.76,2000.0
WTG_24,89,9.66,13.06,194.96,82.38,65.34,95.52,1228.43,13.65,0.0,183.07,1975.0
WTG_24,90,6.15,14.16,191.12,70.5,63.63,69.32,777.44,8.64,0.0,184.75,508.92
WTG_24,91,9.76,13.49,216.91,82.89,65.22,95.32,1213.15,13.48,0.0,183.37,2000.0
WTG_24,92,9.8,14.93,204.27,82.77,66.2,96.1,1287.34,14.3,0.0,182.04,2000.0
WTG_24,93,10.19,16.88,172.53,81.58,64.81,99.12,1295.86,14.4,0.0,181.74,2000.0
WTG_24,94,8.54,19.2,194.34,76.02,66.1,89.53,1034.0,11.49,0.0,185.46,1337.46
WTG_24,95,13.69,15.61,162.67,81.86,67.2,99.29,1738.14,19.31,4.23,184.68,2000.0
WTG_24,96,15.02,12.52,213.53,83.72,68.89,96.24,1800.0,20.0,7.55,184.87,2000.0
WTG_24,97,6.52,17.42,201.57,71.15,65.15,75.47,818.21,9.09,0.0,184.99,620.62
WTG_24,98,8.78,18.6,189.0,77.71,63.46,91.71,1133.53,12.59,0.0,181.23,1482.72
WTG_24,99,9.31,10.45,203.17,80.27,64.37,88.9,1160.96,12.9,0.0,184.73,1763.86
WTG_24,100,7.66,20.47,193.24,75.4,64.08,85.23,995.53,11.06,0.0,184.25,1003.01
WTG_24,101,6.42,16.88,225.72,70.81,63.68,73.16,822.64,9.14,0.0,179.83,598.94
WTG_24,102,3.81,19.18,221.12,66.36,63.63,65.28,540.0,6.0,0.0,181.35,123.17
WTG_24,103,8.43,24.41,168.64,75.37,65.08,94.58,1059.62,11.77,0.0,179.41,1307.91
WTG_24,104,6.13,12.2,175.54,69.74,63.21,69.62,752.88,8.37,0.0,182.29,531.9
WTG_24,105,9.45,16.69,213.12,80.21,65.69,97.67,1187.07,13.19,0.0,184.56,1847.78
WTG_24,106,7.55,13.48,187.13,73.51,65.28,76.09,958.86,10.65,0.0,183.16,965.58
WTG_24,107,5.31,16.85,207.39,68.05,62.74,68.19,683.41,7.59,0.0,184.49,315.42
WTG_24,108,4.69,21.47,151.45,67.26,62.55,72.2,557.01,6.19,0.0,183.56,193.44
WTG_24,109,6.43,17.94,181.69,71.62,65.42,75.68,805.21,8.95,0.0,181.92,582.75
WTG_24,110,8.58,16.15,163.09,75.85,64.59,87.32,1081.47,12.02,0.0,183.5,1398.49
WTG_24,111,10.23,25.57,191.77,81.79,65.71,109.46,1304.58,14.5,0.0,182.5,2000.0
WTG_24,112,5.36,18.17,195.24,69.1,63.4,70.82,673.1,7.48,0.0,183.3,337.63
WTG_24,113,9.61,21.92,198.2,82.87,66.44,106.13,1177.19,13.08,0.0,183.56,1965.71
WTG_24,114,9.38,16.03,170.04,80.03,66.22,95.35,1189.43,13.22,0.0,183.8,1817.0
WTG_24,115,8.97,23.12,216.79,78.61,65.89,98.38,1143.1,12.7,0.0,184.62,1574.33
WTG_24,116,8.71,20.07,201.49,78.97,65.52,92.91,1108.09,12.31,0.0,180.66,1442.04
WTG_24,117,5.33,15.58,182.21,69.67,64.0,66.59,648.38,7.2,0.0,184.4,324.75
WTG_24,118,11.53,11.8,212.63,81.52,66.52,94.95,1464.43,16.27,0.0,181.74,2000.0
WTG_24,119,7.33,14.33,201.08,71.47,65.09,76.44,926.89,10.3,0.0,182.06,882.69
WTG_24,120,8.29,27.44,181.0,75.64,65.27,96.33,1055.03,11.72,0.0,181.58,1280.07
WTG_24,121,10.15,17.8,167.16,82.84,65.84,100.53,1289.06,14.32,0.0,182.77,2000.0
WTG_24,122,6.35,22.95,188.89,70.4,64.89,80.12,771.69,8.57,0.0,182.86,557.29
WTG_24,123,7.37,11.17,212.91,73.98,64.24,74.94,929.01,10.32,0.0,180.61,904.4
WTG_24,124,4.45,20.98,182.87,69.23,64.42,71.36,584.96,6.5,0.0,182.28,178.38
WTG_24,125,9.45,21.94,197.24,80.99,67.23,105.03,1205.93,13.4,0.0,184.39,1858.49
WTG_24,126,9.58,17.76,208.57,81.72,66.63,100.34,1204.93,13.39,0.0,182.47,1914.88
WTG_24,127,7.09,12.55,185.64,72.87,65.35,74.31,899.48,9.99,0.0,182.78,774.73
WTG_24,128,5.54,19.37,190.22,71.05,64.18,73.36,657.28,7.3,0.0,184.66,368.71
WTG_24,129,9.57,18.16,171.06,82.35,65.82,100.16,1205.0,13.39,0.0,178.94,1922.78
WTG_24,130,11.21,13.77,202.22,83.98,67.08,98.26,1434.56,15.94,0.0,181.69,2000.0
WTG_24,131,7.64,10.91,222.15,74.26,65.08,73.83,923.08,10.26,0.0,181.54,956.38
WTG_24,132,7.36,16.73,207.18,74.46,64.27,80.84,953.59,10.6,0.0,182.86,903.49
WTG_24,133,10.01,21.32,182.66,82.27,66.16,105.85,1237.87,13.75,0.0,181.19,2000.0
WTG_24,134,12.45,18.12,183.88,82.32,68.69,102.59,1589.09,17.66,1.12,185.31,2000.0
WTG_24,135,5.92,12.19,197.59,70.55,64.4,66.93,779.91,8.67,0.0,182.81,444.58
WTG_24,136,6.63,11.47,198.87,72.97,64.27,70.38,830.24,9.22,0.0,182.8,654.3
WTG_24,137,11.07,23.82,203.1,84.39,65.52,110.17,1409.77,15.66,0.0,182.18,2000.0
WTG_24,138,3.0,18.93,186.22,66.69,64.47,67.94,540.0,6.0,0.0,181.44,91.24
WTG_24,139,6.1,19.07,171.2,71.11,64.15,74.91,756.63,8.41,0.0,182.2,487.69
WTG_24,140,15.67,11.23,205.75,82.35,69.63,95.8,1800.0,20.0,9.17,182.31,2000.0
WTG_24,141,6.71,18.5,208.28,73.09,65.59,77.24,854.83,9.5,0.0,179.58,659.3
WTG_24,142,12.59,20.33,226.73,83.44,68.1,103.75,1620.84,18.01,1.49,184.12,2000.0
WTG_24,143,10.31,21.76,176.61,83.15,66.8,105.53,1298.81,14.43,0.0,180.82,2000.0
WTG_24,144,12.42,20.87,195.28,82.0,67.01,107.13,1547.7,17.2,1.06,183.9,2000.0
WTG_24,145,3.55,19.0,225.05,67.68,64.71,67.22,540.0,6.0,0.0,181.98,102.6
WTG_24,146,14.06,18.74,188.19,82.65,67.92,102.28,1749.86,19.44,5.15,178.94,2000.0
WTG_24,147,8.33,24.2,210.53,77.65,66.11,97.3,1064.78,11.83,0.0,179.73,1262.22
WTG_24,148,4.89,12.52,201.44,68.08,64.14,65.42,603.19,6.7,0.0,178.4,248.58
WTG_24,149,7.7,17.98,204.58,76.44,65.8,85.37,959.94,10.67,0.0,185.53,998.89
WTG_24,150,9.62,13.51,203.27,83.7,65.68,98.61,1232.51,13.69,0.0,179.89,1947.46
WTG_24,151,4.43,15.84,213.9,69.85,64.95,66.45,556.49,6.18,0.0,181.01,187.41
WTG_24,152,13.88,18.12,197.65,84.27,69.44,103.13,1787.93,19.87,4.71,182.51,2000.0
WTG_24,153,6.24,16.86,175.99,72.66,65.79,73.44,777.81,8.64,0.0,181.07,521.93
WTG_24,154,3.0,19.69,164.54,69.86,63.53,69.18,540.0,6.0,0.0,183.46,53.07
WTG_24,155,7.78,18.49,193.08,75.62,66.48,88.98,987.72,10.97,0.0,182.57,1036.67
WTG_24,156,6.59,19.91,160.01,73.34,65.89,79.27,821.58,9.13,0.0,180.86,626.19
WTG_24,157,9.86,22.62,200.96,83.59,66.57,108.07,1234.28,13.71,0.0,179.7,2000.0
WTG_24,158,9.88,13.89,226.86,83.3,67.66,98.99,1240.66,13.79,0.0,182.05,2000.0
WTG_24,159,9.56,12.37,202.25,83.33,68.39,95.91,1216.7,13.52,0.0,181.04,1907.05
WTG_24,160,4.45,28.52,199.04,67.61,65.44,81.19,543.7,6.04,0.0,184.68,183.42
WTG_24,161,9.93,18.82,199.32,83.87,67.06,104.81,1237.08,13.75,0.0,181.66,2000.0
WTG_24,162,4.85,17.94,207.5,70.87,65.8,69.69,617.58,6.86,0.0,181.22,258.28
WTG_24,163,7.5,17.12,202.72,76.44,66.09,82.39,944.37,10.49,0.0,181.5,913.93
WTG_24,164,6.75,24.52,184.43,72.64,65.39,87.86,840.93,9.34,0.0,180.26,680.77
WTG_24,165,11.29,21.12,198.78,85.6,68.28,106.74,1421.02,15.79,0.0,176.01,2000.0
WTG_24,166,12.64,17.43,185.0,83.57,68.48,104.12,1625.15,18.06,1.59,179.98,2000.0
WTG_24,167,9.45,22.01,198.88,83.49,67.18,105.31,1192.77,13.25,0.0,180.44,1825.26
WTG_24,168,10.86,28.58,221.64,86.56,68.96,117.27,1391.53,15.46,0.0,180.8,2000.0
WTG_24,169,3.0,21.77,202.32,69.28,65.95,71.62,540.0,6.0,0.0,179.53,67.18
WTG_24,170,7.73,15.9,198.85,76.59,67.2,84.73,985.56,10.95,0.0,179.93,997.46
WTG_24,171,6.0,19.16,203.94,72.93,66.72,77.23,770.23,8.56,0.0,179.49,466.64
WTG_24,172,14.4,27.54,213.04,84.86,70.4,113.85,1800.0,20.0,6.01,176.92,2000.0
WTG_24,173,3.0,16.07,186.58,69.04,65.05,67.96,540.0,6.0,0.0,178.94,78.17
WTG_24,174,7.33,17.16,210.86,76.05,67.54,82.16,921.71,10.24,0.0,176.6,865.94
WTG_24,175,9.47,14.76,201.8,83.69,68.14,98.6,1171.29,13.01,0.0,180.55,1882.42
WTG_24,176,10.03,13.59,231.52,85.64,69.6,100.76,1248.25,13.87,0.0,179.38,2000.0
WTG_24,177,9.45,15.93,200.14,84.93,69.41,101.45,1210.29,13.45,0.0,178.27,1877.68
WTG_24,178,11.28,12.94,195.01,85.55,69.11,99.14,1455.05,16.17,0.0,179.13,2000.0
WTG_24,179,9.4,23.46,175.14,83.83,69.29,106.23,1194.59,13.27,0.0,176.59,1835.86
WTG_24,180,4.39,16.2,202.21,72.41,66.58,67.58,558.15,6.2,0.0,181.49,177.66
WTG_24,181,13.31,21.55,203.47,85.83,70.71,109.37,1680.51,18.67,3.29,177.68,2000.0
WTG_24,182,4.51,21.76,196.08,72.35,66.12,76.41,561.3,6.24,0.0,179.15,208.29
WTG_24,183,10.21,19.53,207.2,85.92,70.52,108.65,1286.82,14.3,0.0,180.15,2000.0
WTG_24,184,3.82,15.31,227.94,71.57,66.7,67.96,540.0,6.0,0.0,178.11,155.71
WTG_24,185,8.88,14.62,179.39,83.09,69.15,93.29,1095.69,12.17,0.0,178.56,1559.8
WTG_24,186,13.21,16.54,196.13,87.39,71.66,105.26,1672.62,18.58,3.03,177.95,2000.0
WTG_24,187,5.83,20.38,195.47,75.55,67.26,78.53,752.84,8.36,0.0,176.51,432.69
WTG_24,188,14.95,13.92,220.95,85.69,71.87,103.66,1800.0,20.0,7.37,176.42,2000.0
WTG_24,189,8.9,18.13,204.57,82.12,69.9,98.26,1107.26,12.3,0.0,176.86,1548.84
WTG_24,190,7.28,17.88,196.37,76.56,68.6,83.05,938.2,10.42,0.0,178.65,842.59
WTG_24,191,12.48,24.85,166.76,86.86,70.51,113.69,1565.08,17.39,1.19,178.06,2000.0
WTG_24,192,8.56,15.46,184.88,83.34,69.63,92.36,1092.66,12.14,0.0,175.3,1394.13
WTG_24,193,8.45,18.49,202.51,82.73,70.36,94.87,1057.1,11.75,0.0,177.35,1352.08
WTG_24,194,7.77,17.19,218.51,79.07,68.88,88.77,963.84,10.71,0.0,176.7,1032.91
WTG_24,195,9.12,22.12,201.84,85.33,70.6,105.34,1180.38,13.12,0.0,175.48,1649.11
WTG_24,196,10.33,12.29,207.04,86.1,70.22,100.88,1288.79,14.32,0.0,176.85,2000.0
WTG_24,197,8.32,19.66,187.31,80.7,70.85,95.44,1076.42,11.96,0.0,177.45,1278.66
WTG_24,198,8.8,19.28,237.37,84.18,69.9,99.67,1123.26,12.48,0.0,176.71,1527.39
WTG_24,199,5.58,17.68,217.16,75.37,68.49,74.0,724.13,8.05,0.0,175.23,369.09
WTG_24,200,11.09,15.49,203.44,88.26,72.81,104.71,1389.99,15.44,0.0,174.81,2000.0
WTG_24,201,10.11,18.48,211.33,87.38,71.41,108.33,1304.03,14.49,0.0,176.04,2000.0
WTG_24,202,10.67,15.53,241.35,87.99,72.25,104.59,1346.9,14.97,0.0,175.84,2000.0
WTG_24,203,5.4,15.89,208.92,74.34,69.68,73.78,670.65,7.45,0.0,174.35,348.06
WTG_24,204,6.96,20.2,194.46,77.86,70.91,85.01,879.46,9.77,0.0,173.59,761.35
WTG_24,205,8.31,12.24,211.94,81.22,70.46,88.83,1055.99,11.73,0.0,174.35,1270.77
WTG_24,206,8.04,15.89,194.87,80.13,72.3,91.86,1039.65,11.55,0.0,176.94,1122.67
WTG_24,207,6.3,14.11,188.73,75.79,69.6,77.28,795.02,8.83,0.0,174.52,557.07
WTG_24,208,9.06,18.64,233.2,85.11,72.67,102.38,1127.54,12.53,0.0,173.53,1642.39
WTG_24,209,6.84,17.06,215.33,78.7,70.6,82.45,852.74,9.47,0.0,175.33,709.67
WTG_24,210,8.79,23.49,204.24,84.47,73.12,104.47,1108.69,12.32,0.0,174.12,1508.61
WTG_24,211,6.29,11.05,195.59,75.92,71.23,74.07,788.43,8.76,0.0,173.44,538.13
WTG_24,212,10.06,17.66,188.95,88.16,72.64,108.43,1272.45,14.14,0.0,176.34,2000.0
WTG_24,213,12.07,20.8,207.41,87.88,72.28,113.34,1508.64,16.76,0.16,175.0,2000.0
WTG_24,214,9.0,18.13,203.31,86.78,72.22,101.84,1131.26,12.57,0.0,173.01,1615.55
WTG_24,215,9.3,14.14,190.75,86.37,71.75,101.11,1154.72,12.83,0.0,173.64,1757.48
WTG_24,216,6.94,23.09,212.59,79.78,71.42,92.02,866.18,9.62,0.0,173.39,743.07
WTG_24,217,8.59,10.92,213.21,83.92,73.03,93.43,1092.49,12.14,0.0,174.32,1413.16
WTG_24,218,9.9,18.16,190.03,90.53,73.87,110.43,1249.9,13.89,0.0,173.63,2000.0
WTG_24,219,9.31,25.27,197.27,88.77,71.35,113.33,1141.55,12.68,0.0,171.01,1770.77
WTG_24,220,9.89,25.59,180.65,91.41,74.39,118.41,1252.23,13.91,0.0,174.43,2000.0
WTG_24,221,11.77,19.05,186.14,89.13,74.46,111.37,1498.38,16.65,0.0,173.17,2000.0
WTG_24,222,7.88,19.78,215.24,82.62,73.26,96.7,982.99,10.92,0.0,170.07,1070.91
WTG_24,223,9.64,17.77,194.25,91.46,73.62,109.35,1227.14,13.63,0.0,172.12,1969.04
WTG_24,224,7.39,24.32,207.68,81.46,72.1,95.21,948.68,10.54,0.0,172.02,868.82
WTG_24,225,8.65,14.6,204.86,85.86,73.26,96.37,1102.95,12.25,0.0,169.83,1440.13
WTG_24,226,8.38,15.4,174.93,85.55,73.56,97.73,1068.78,11.88,0.0,172.23,1293.99
WTG_24,227,8.78,16.67,208.69,87.08,73.27,100.36,1082.23,12.02,0.0,170.0,1466.48
WTG_24,228,12.69,10.42,207.34,93.36,75.01,104.29,1584.86,17.61,1.73,172.57,2000.0
WTG_24,229,11.61,23.64,194.08,91.43,75.13,117.9,1490.42,16.56,0.0,169.77,2000.0
WTG_24,230,9.34,20.1,194.77,89.65,74.99,110.7,1166.24,12.96,0.0,172.17,1790.76
WTG_24,231,9.41,20.05,230.88,89.42,73.53,110.05,1196.87,13.3,0.0,170.56,1823.57
WTG_24,232,11.43,16.14,219.38,91.94,75.34,111.32,1412.3,15.69,0.0,171.52,2000.0
WTG_24,233,10.08,15.16,214.79,92.44,74.48,108.82,1256.83,13.96,0.0,170.59,2000.0
WTG_24,234,7.75,17.1,209.41,84.14,74.27,94.39,997.13,11.08,0.0,172.47,1029.28
WTG_24,235,8.97,14.16,171.59,88.97,73.26,102.46,1136.86,12.63,0.0,168.67,1584.8
WTG_24,236,9.98,24.57,187.19,92.6,75.77,119.02,1275.29,14.17,0.0,170.21,2000.0
WTG_24,237,9.25,17.04,201.99,91.08,74.51,107.91,1160.06,12.89,0.0,166.76,1724.01
WTG_24,238,10.3,10.99,219.96,93.37,75.43,107.78,1283.45,14.26,0.0,167.71,2000.0
WTG_24,239,7.23,9.69,189.71,83.77,74.58,83.96,917.85,10.2,0.0,169.06,831.28
WTG_24,240,9.61,12.47,191.21,93.33,75.55,106.91,1196.73,13.3,0.0,168.11,1951.49
WTG_24,241,9.51,18.34,228.76,91.71,75.63,113.35,1215.86,13.51,0.0,168.54,1869.26
WTG_24,242,11.61,20.71,204.5,92.12,76.68,116.31,1448.27,16.09,0.0,166.93,2000.0
WTG_24,243,9.97,19.22,198.52,94.92,75.14,117.42,1267.34,14.08,0.0,169.66,2000.0
WTG_24,244,9.23,11.67,219.83,92.52,75.88,104.93,1173.06,13.03,0.0,169.34,1745.79
WTG_24,245,9.12,16.51,200.06,91.18,76.4,107.34,1180.81,13.12,0.0,167.07,1679.96
WTG_24,246,7.26,13.78,194.48,84.55,75.29,88.64,915.34,10.17,0.0,165.62,850.65
WTG_24,247,8.61,23.82,171.32,89.66,75.84,111.16,1091.44,12.13,0.0,167.63,1392.45
WTG_24,248,6.65,23.05,194.34,84.53,75.72,97.23,837.53,9.31,0.0,168.31,644.06
WTG_24,249,6.54,28.05,201.34,83.21,77.04,100.9,816.72,9.07,0.0,168.09,618.99
WTG_24,250,9.53,19.09,223.31,94.48,77.36,117.81,1181.22,13.12,0.0,166.13,1905.12
WTG_24,251,7.57,23.51,233.0,88.44,77.29,101.68,963.1,10.7,0.0,166.08,958.72
WTG_24,252,10.13,10.06,248.02,95.52,76.56,109.12,1271.15,14.12,0.0,168.75,2000.0
WTG_24,253,11.71,19.3,187.08,95.75,79.1,117.36,1455.24,16.17,0.0,164.01,2000.0
WTG_24,254,4.08,13.03,227.53,80.56,76.11,78.03,540.0,6.0,0.0,164.53,169.81
WTG_24,255,9.87,25.58,215.85,95.16,78.74,124.54,1250.25,13.89,0.0,162.96,2000.0
WTG_24,256,5.07,14.61,202.53,82.89,75.84,83.43,619.26,6.88,0.0,166.45,287.41
WTG_24,257,6.18,14.09,226.57,85.64,76.7,85.62,776.71,8.63,0.0,166.01,528.01
WTG_24,258,11.58,23.6,217.88,96.28,79.84,125.19,1451.18,16.12,0.0,164.25,2000.0
WTG_24,259,10.68,18.41,198.51,97.7,78.68,118.3,1335.66,14.84,0.0,166.2,2000.0
WTG_24,260,9.53,16.59,218.61,94.88,78.51,115.95,1197.87,13.31,0.0,165.03,1899.52
WTG_24,261,6.77,17.56,204.73,86.57,78.66,93.43,866.18,9.62,0.0,160.25,673.3
WTG_24,262,12.64,19.51,214.64,98.79,80.72,120.13,1536.94,17.08,1.6,163.44,2000.0
WTG_24,263,14.09,16.14,225.6,97.6,81.2,116.5,1769.01,19.66,5.22,163.01,2000.0
WTG_24,264,8.22,16.57,204.4,91.93,78.75,102.99,1010.53,11.23,0.0,161.13,1209.05
WTG_24,265,13.9,19.09,209.71,98.22,82.2,123.02,1741.62,19.35,4.75,160.59,2000.0
WTG_24,266,9.96,13.39,223.16,97.93,80.64,115.77,1272.84,14.14,0.0,162.58,2000.0
WTG_24,267,10.09,16.68,194.47,99.5,81.37,119.96,1265.52,14.06,0.0,161.09,2000.0
WTG_24,268,12.67,12.89,207.09,98.4,82.49,112.78,1600.38,17.78,1.67,159.78,2000.0
WTG_24,269,8.79,16.92,190.35,94.96,80.43,108.86,1122.32,12.47,0.0,160.01,1520.76
WTG_24,270,3.9,10.92,212.12,84.83,79.49,77.74,540.0,6.0,0.0,160.01,131.39
WTG_24,271,12.06,20.17,220.71,99.27,83.06,123.01,1518.1,16.87,0.14,162.01,2000.0
WTG_24,272,7.58,17.52,184.13,91.04,81.05,100.78,922.74,10.25,0.0,160.19,970.33
WTG_24,273,9.99,18.28,203.93,99.84,82.26,122.53,1261.33,14.01,0.0,159.88,2000.0
WTG_24,274,5.17,16.75,180.43,87.64,80.16,88.16,633.36,7.04,0.0,159.36,298.22
WTG_24,275,8.97,14.96,243.12,97.51,81.01,112.04,1133.32,12.59,0.0,160.29,1591.71
WTG_24,276,8.77,23.25,205.16,96.47,82.39,118.15,1103.82,12.26,0.0,158.46,1490.39
WTG_24,277,5.8,17.32,210.08,88.86,81.9,93.61,703.52,7.82,0.0,159.21,435.74
WTG_24,278,6.79,19.73,199.58,90.34,82.74,99.44,841.34,9.35,0.0,159.89,687.24
WTG_24,279,7.95,22.02,206.93,94.24,81.76,113.58,1050.34,11.67,0.0,158.68,1141.2
WTG_24,280,6.41,14.39,207.74,90.69,81.9,93.96,830.45,9.23,0.0,158.13,583.44
WTG_24,281,9.97,15.52,210.18,101.14,83.45,122.02,1216.91,13.52,0.0,159.22,2000.0
WTG_24,282,9.6,14.75,211.26,101.09,83.65,121.2,1233.33,13.7,0.0,158.03,1929.21
WTG_24,283,10.59,21.07,218.17,102.12,85.25,127.41,1360.29,15.11,0.0,154.49,2000.0
WTG_24,284,7.87,18.2,230.81,96.3,83.74,107.29,997.76,11.09,0.0,158.24,1075.81
WTG_24,285,8.22,24.35,198.31,96.36,83.74,116.07,1034.07,11.49,0.0,160.07,1218.61
WTG_24,286,11.32,20.71,246.73,103.31,86.53,125.68,1434.39,15.94,0.0,157.41,2000.0
WTG_24,287,14.7,12.7,194.74,103.9,87.32,121.97,1800.0,20.0,6.75,156.92,2000.0
WTG_24,288,11.12,17.8,193.95,101.49,86.7,125.8,1400.13,15.56,0.0,158.13,2000.0
WTG_24,289,8.48,25.11,209.92,99.47,84.45,121.08,1040.13,11.56,0.0,152.35,1353.86
WTG_24,290,11.53,19.32,216.48,103.9,87.61,128.22,1470.97,16.34,0.0,156.82,2000.0
WTG_24,291,7.52,15.9,220.09,97.85,85.98,104.81,978.25,10.87,0.0,153.6,947.93
WTG_24,292,9.09,17.36,212.56,103.83,87.27,121.16,1154.81,12.83,0.0,154.5,1659.32
WTG_24,293,7.23,16.08,197.23,97.82,86.36,103.97,888.78,9.88,0.0,155.32,818.76
WTG_24,294,10.71,13.05,178.07,104.62,87.47,123.66,1319.87,14.67,0.0,151.35,2000.0
WTG_24,295,13.57,13.63,215.06,106.02,89.53,124.69,1701.95,18.91,3.92,151.94,2000.0
WTG_24,296,9.65,16.04,190.44,105.64,88.27,126.79,1225.64,13.62,0.0,154.62,1961.77
WTG_24,297,10.4,20.01,213.08,105.13,87.42,130.34,1359.96,15.11,0.0,149.35,2000.0
WTG_24,298,11.37,16.42,210.72,105.22,89.23,128.29,1449.91,16.11,0.0,152.03,2000.0
WTG_24,299,9.72,12.28,219.57,105.38,89.12,123.73,1255.54,13.95,0.0,150.92,2000.0
WTG_24,300,8.59,16.02,209.52,102.96,88.98,115.49,1053.21,11.7,0.0,153.9,1362.94
WTG_24,301,5.5,14.97,200.06,94.65,87.91,97.39,652.85,7.25,0.0,151.79,368.37
WTG_24,302,7.5,17.24,222.96,99.25,87.38,111.37,934.95,10.39,0.0,152.95,946.14
WTG_24,303,7.16,16.49,197.89,98.55,87.7,107.03,908.7,10.1,0.0,147.82,829.01
WTG_24,304,6.33,12.47,198.26,97.52,87.91,99.23,790.3,8.78,0.0,147.91,552.79
WTG_24,305,10.61,23.16,193.3,108.68,91.07,137.44,1306.98,14.52,0.0,149.33,2000.0
WTG_24,306,4.08,15.64,198.26,95.03,87.6,94.85,540.0,6.0,0.0,147.29,166.36
WTG_24,307,11.71,23.78,235.17,108.54,91.59,139.32,1491.32,16.57,0.0,144.83,2000.0
WTG_24,308,12.38,21.4,205.43,110.7,90.95,137.87,1512.33,16.8,0.94,147.06,2000.0
WTG_24,309,7.43,23.66,181.43,100.78,90.16,118.64,932.3,10.36,0.0,145.99,902.47
WTG_24,310,7.27,16.25,206.22,101.22,91.21,108.76,917.15,10.19,0.0,148.2,831.95
WTG_24,311,6.98,11.38,212.94,99.17,90.06,105.84,870.91,9.68,0.0,144.31,750.15
WTG_24,312,12.76,9.57,206.18,110.92,94.27,124.53,1595.47,17.73,1.9,149.8,2000.0
WTG_24,313,6.26,18.47,195.74,99.73,91.01,107.52,800.14,8.89,0.0,144.69,517.78
WTG_24,314,5.5,16.13,222.82,98.87,90.98,102.11,683.09,7.59,0.0,146.17,372.81
WTG_24,315,9.77,28.19,225.01,113.29,92.17,146.46,1266.52,14.07,0.0,144.58,2000.0
WTG_24,316,6.45,17.11,211.85,100.17,93.64,110.05,836.31,9.29,0.0,144.09,602.54
WTG_24,317,10.59,18.49,215.28,112.17,94.2,138.2,1340.13,14.89,0.0,142.89,2000.0
WTG_24,318,10.36,16.02,190.08,113.06,93.93,134.29,1344.92,14.94,0.0,145.92,2000.0
WTG_24,319,5.15,23.13,208.23,99.91,92.96,111.8,656.58,7.3,0.0,142.29,284.28
WTG_24,320,6.27,15.64,206.19,102.38,93.62,107.66,814.96,9.06,0.0,140.23,547.57
WTG_24,321,9.34,20.43,194.27,110.83,95.86,136.46,1175.87,13.07,0.0,139.96,1802.42
WTG_24,322,11.36,21.18,215.59,115.26,95.65,140.95,1440.45,16.0,0.0,143.42,2000.0
WTG_24,323,6.29,23.23,219.1,103.84,94.41,116.47,813.07,9.03,0.0,139.66,532.15
WTG_24,324,8.78,10.75,196.75,111.67,95.57,122.76,1105.05,12.28,0.0,142.55,1479.06
WTG_24,325,12.71,21.34,206.86,115.29,98.77,141.88,1629.29,18.1,1.77,142.12,2000.0
WTG_24,326,8.84,15.15,223.54,112.23,94.73,128.13,1136.03,12.62,0.0,141.85,1530.75
WTG_24,327,7.23,22.58,191.75,106.19,95.47,120.93,933.78,10.38,0.0,139.53,803.45
WTG_25,1,5.06,23.93,156.52,67.64,58.17,75.84,640.11,7.11,0.0,183.85,300.32
WTG_25,2,10.43,25.04,189.37,80.61,61.61,106.74,1297.78,14.42,0.0,183.88,2000.0
WTG_25,3,5.61,19.44,160.2,67.7,59.51,72.91,728.81,8.1,0.0,184.02,420.23
WTG_25,4,6.26,23.65,187.15,69.31,60.36,79.5,798.68,8.87,0.0,182.32,554.5
WTG_25,5,10.04,17.9,167.38,80.28,60.79,100.34,1291.43,14.35,0.0,185.0,2000.0
WTG_25,6,14.11,12.16,180.93,80.2,63.0,96.3,1722.13,19.13,5.29,183.27,2000.0
WTG_25,7,12.9,18.99,173.04,80.26,62.05,100.78,1629.42,18.1,2.26,185.31,2000.0
WTG_25,8,11.64,14.69,178.78,80.25,62.78,97.11,1473.19,16.37,0.0,185.93,2000.0
WTG_25,9,15.38,18.29,186.53,80.25,63.66,100.59,1800.0,20.0,8.45,184.73,2000.0
WTG_25,10,8.06,22.04,187.22,73.2,60.05,89.39,1022.46,11.36,0.0,181.57,1145.86
WTG_25,11,7.23,22.83,183.91,71.61,60.28,83.02,933.48,10.37,0.0,183.72,845.25
WTG_25,12,5.88,17.34,173.02,67.99,60.04,69.62,707.34,7.86,0.0,185.23,453.58
WTG_25,13,3.2,17.41,210.94,64.53,59.14,63.28,540.0,6.0,0.0,184.2,61.18
WTG_25,14,9.95,20.2,196.95,80.36,60.47,103.64,1289.6,14.33,0.0,185.65,2000.0
WTG_25,15,10.72,12.46,175.43,81.82,61.81,95.89,1351.76,15.02,0.0,185.03,2000.0
WTG_25,16,9.28,13.2,193.43,77.67,61.58,91.98,1205.47,13.39,0.0,185.32,1752.46
WTG_25,17,8.65,17.43,142.28,73.65,61.89,89.18,1090.4,12.12,0.0,180.93,1413.82
WTG_25,18,9.94,25.44,199.85,79.67,60.62,107.96,1270.04,14.11,0.0,184.77,2000.0
WTG_25,19,10.09,14.37,179.14,80.42,60.69,97.03,1290.56,14.34,0.0,181.9,2000.0
WTG_25,20,6.94,12.08,207.93,69.24,59.67,71.78,905.72,10.06,0.0,184.52,718.89
WTG_25,21,12.45,24.75,189.35,80.97,63.1,107.73,1574.51,17.49,1.13,185.17,2000.0
WTG_25,22,8.25,15.73,177.12,74.61,61.92,84.0,1080.32,12.0,0.0,183.13,1219.43
WTG_25,23,10.39,16.03,168.65,79.85,61.12,98.75,1333.33,14.81,0.0,183.46,2000.0
WTG_25,24,6.96,11.9,160.52,70.07,59.14,69.72,854.73,9.5,0.0,181.72,724.57
WTG_25,25,5.91,12.95,181.3,67.97,60.11,66.12,763.69,8.49,0.0,184.45,477.16
WTG_25,26,6.82,19.74,170.3,70.98,60.27,77.09,846.15,9.4,0.0,182.02,697.42
WTG_25,27,6.96,20.58,185.97,70.24,60.02,80.59,888.21,9.87,0.0,185.97,732.8
WTG_25,28,11.26,23.06,182.5,80.0,61.59,105.55,1406.09,15.62,0.0,183.34,2000.0
WTG_25,29,7.86,17.48,194.93,73.67,60.21,80.47,974.16,10.82,0.0,180.33,1086.44
WTG_25,30,9.28,20.71,209.59,77.14,61.25,98.54,1161.84,12.91,0.0,182.88,1749.83
WTG_25,31,9.06,17.62,197.62,77.87,60.55,92.55,1133.63,12.6,0.0,181.67,1634.99
WTG_25,32,6.4,15.43,197.62,67.87,59.52,71.47,792.82,8.81,0.0,184.13,572.82
WTG_25,33,13.39,17.94,187.7,80.79,63.35,101.55,1677.05,18.63,3.48,184.72,2000.0
WTG_25,34,11.84,17.25,217.38,81.5,61.83,100.43,1464.3,16.27,0.0,182.88,2000.0
WTG_25,35,10.12,16.56,201.03,79.47,60.59,100.48,1279.76,14.22,0.0,181.73,2000.0
WTG_25,36,8.33,26.45,202.31,73.4,60.52,94.56,1034.16,11.49,0.0,183.93,1258.21
WTG_25,37,9.77,18.19,185.92,78.96,61.14,99.93,1232.95,13.7,0.0,185.05,2000.0
WTG_25,38,5.87,16.57,186.12,67.79,59.81,70.61,762.87,8.48,0.0,184.13,440.1
WTG_25,39,13.52,16.41,209.86,80.38,63.54,98.22,1716.02,19.07,3.8,183.8,2000.0
WTG_25,40,8.39,24.41,174.24,73.37,59.99,92.86,1093.59,12.15,0.0,186.06,1294.39
WTG_25,41,5.64,19.29,206.11,67.36,58.56,71.31,760.34,8.45,0.0,186.85,392.75
WTG_25,42,11.18,22.86,193.92,79.77,62.34,104.7,1427.74,15.86,0.0,180.52,2000.0
WTG_25,43,9.66,18.5,183.17,80.36,62.39,101.32,1205.93,13.4,0.0,184.45,1986.57
WTG_25,44,7.13,14.18,169.69,70.69,59.3,71.93,892.69,9.92,0.0,182.93,797.38
WTG_25,45,11.34,16.49,183.39,80.47,61.34,100.0,1400.57,15.56,0.0,185.36,2000.0
WTG_25,46,14.29,14.29,188.89,80.53,61.78,97.11,1779.11,19.77,5.72,183.26,2000.0
WTG_25,47,6.04,16.83,215.63,67.65,58.08,69.64,771.02,8.57,0.0,186.08,471.72
WTG_25,48,11.29,19.8,190.65,79.92,61.86,102.09,1448.31,16.09,0.0,183.14,2000.0
WTG_25,49,13.24,13.77,177.32,80.43,63.83,95.69,1635.54,18.17,3.1,182.35,2000.0
WTG_25,50,6.09,19.82,179.75,69.23,60.33,74.16,772.49,8.58,0.0,185.12,490.05
WTG_25,51,8.67,17.82,152.64,76.33,61.16,89.01,1101.43,12.24,0.0,183.25,1433.66
WTG_25,52,7.8,22.18,208.8,73.19,59.6,86.03,997.79,11.09,0.0,182.15,1075.78
WTG_25,53,7.87,15.29,186.12,74.7,60.86,80.73,987.89,10.98,0.0,185.12,1071.93
WTG_25,54,6.98,14.6,199.14,69.26,59.52,73.35,879.84,9.78,0.0,182.8,750.94
WTG_25,55,14.36,26.48,202.57,79.35,63.47,110.34,1800.0,20.0,5.91,184.68,2000.0
WTG_25,56,9.25,20.67,185.32,77.75,61.11,97.76,1161.1,12.9,0.0,181.79,1728.69
WTG_25,57,9.29,19.21,180.16,78.57,61.13,98.05,1169.71,13.0,0.0,183.18,1723.96
WTG_25,58,10.83,22.71,186.17,78.91,61.95,104.37,1371.36,15.24,0.0,182.21,2000.0
WTG_25,59,10.31,23.17,197.61,80.89,62.63,105.2,1309.63,14.55,0.0,182.67,2000.0
WTG_25,60,10.83,11.18,184.52,78.67,62.65,93.19,1369.01,15.21,0.0,182.65,2000.0
WTG_25,61,12.32,6.19,208.77,79.82,62.84,89.06,1592.49,17.69,0.8,184.95,2000.0
WTG_25,62,10.24,21.32,237.78,81.4,60.53,103.15,1262.11,14.02,0.0,184.22,2000.0
WTG_25,63,5.88,15.54,189.89,67.07,58.69,69.45,728.01,8.09,0.0,183.3,442.82
WTG_25,64,9.31,20.82,189.16,78.68,62.36,99.86,1166.83,12.96,0.0,181.19,1761.21
WTG_25,65,3.94,15.06,163.44,65.21,57.86,60.89,540.0,6.0,0.0,182.44,98.77
WTG_25,66,7.39,16.95,165.59,71.72,59.87,79.94,949.32,10.55,0.0,184.16,893.37
WTG_25,67,9.48,21.99,161.64,78.56,61.65,103.44,1197.47,13.31,0.0,185.33,1861.91
WTG_25,68,9.02,16.7,205.41,77.05,60.78,92.07,1118.46,12.43,0.0,183.46,1638.32
WTG_25,69,6.72,16.51,189.2,71.29,60.92,72.37,845.2,9.39,0.0,182.47,631.21
WTG_25,70,8.57,20.66,194.08,75.32,61.87,91.88,1060.16,11.78,0.0,184.97,1420.33
WTG_25,71,9.94,14.58,195.91,79.66,61.28,98.09,1255.64,13.95,0.0,180.63,2000.0
WTG_25,72,6.11,18.16,189.9,68.33,60.27,73.35,768.69,8.54,0.0,181.69,514.88
WTG_25,73,9.4,17.69,177.23,78.12,61.73,96.56,1157.63,12.86,0.0,185.19,1812.08
WTG_25,74,6.44,15.18,178.96,69.55,60.59,69.32,806.76,8.96,0.0,186.38,592.42
WTG_25,75,6.35,18.4,201.91,69.77,60.03,75.27,811.38,9.02,0.0,181.47,579.52
WTG_25,76,7.22,14.1,152.04,70.1,60.52,73.86,893.43,9.93,0.0,184.58,814.15
WTG_25,77,5.08,15.39,181.84,66.89,58.44,66.94,661.63,7.35,0.0,183.21,289.61
WTG_25,78,4.62,20.8,192.18,65.19,59.72,70.78,575.48,6.39,0.0,181.7,211.27
WTG_25,79,9.13,15.16,168.77,77.03,60.29,91.48,1177.94,13.09,0.0,180.09,1667.09
WTG_25,80,8.62,22.84,201.91,76.14,60.19,96.08,1094.71,12.16,0.0,183.46,1444.84
WTG_25,81,9.1,19.18,182.16,78.11,61.25,95.59,1180.22,13.11,0.0,182.67,1633.35
WTG_25,82,12.78,21.54,176.65,79.93,61.64,105.15,1631.05,18.12,1.96,182.14,2000.0
WTG_25,83,10.32,23.85,176.13,81.6,62.98,107.6,1324.1,14.71,0.0,183.87,2000.0
WTG_25,84,11.23,16.65,168.48,79.5,62.67,99.41,1401.18,15.57,0.0,182.66,2000.0
WTG_25,85,13.22,18.37,202.49,80.82,63.64,100.94,1709.21,18.99,3.06,183.91,2000.0
WTG_25,86,11.82,21.13,190.35,81.92,61.49,105.2,1437.42,15.97,0.0,181.32,2000.0
WTG_25,87,6.59,20.72,212.01,68.46,58.5,77.62,842.24,9.36,0.0,183.37,635.4
WTG_25,88,8.87,26.84,165.67,77.49,60.23,99.33,1112.2,12.36,0.0,182.53,1560.61
WTG_25,89,6.47,16.22,223.21,69.92,60.06,74.17,797.1,8.86,0.0,184.33,586.37
WTG_25,90,7.27,20.06,190.75,70.7,60.11,81.55,884.91,9.83,0.0,183.25,879.35
WTG_25,91,9.48,20.31,181.96,79.03,60.21,101.02,1214.29,13.49,0.0,185.34,1865.72
WTG_25,92,8.38,25.06,172.85,74.94,60.07,95.5,1031.41,11.46,0.0,183.53,1315.38
WTG_25,93,11.36,16.68,168.96,81.47,61.17,99.33,1426.83,15.85,0.0,183.45,2000.0
WTG_25,94,12.86,15.32,177.2,80.13,63.41,98.73,1632.81,18.14,2.16,183.29,2000.0
WTG_25,95,4.9,12.9,209.64,66.01,59.29,62.77,615.65,6.84,0.0,184.25,255.49
WTG_25,96,6.37,21.34,214.27,69.67,59.68,76.7,813.18,9.04,0.0,183.15,548.94
WTG_25,97,8.38,16.14,199.99,75.59,61.78,86.11,1058.2,11.76,0.0,183.91,1266.86
WTG_25,98,8.44,13.21,192.46,76.62,62.28,83.73,1091.83,12.13,0.0,182.2,1328.71
WTG_25,99,7.93,17.49,175.29,72.08,62.04,83.44,1008.86,11.21,0.0,182.42,1110.31
WTG_25,100,9.77,14.65,181.14,80.23,61.84,96.51,1216.01,13.51,0.0,183.51,2000.0
WTG_25,101,6.18,22.04,202.29,66.89,59.03,78.77,740.47,8.23,0.0,182.0,532.5
WTG_25,102,12.9,20.83,183.76,80.36,61.77,103.13,1615.29,17.95,2.25,182.97,2000.0
WTG_25,103,7.04,27.56,180.6,71.48,60.19,88.23,875.35,9.73,0.0,184.49,751.64
WTG_25,104,9.91,19.23,172.39,80.85,63.28,101.95,1221.2,13.57,0.0,184.26,2000.0
WTG_25,105,10.31,18.14,186.85,81.29,62.55,101.02,1291.72,14.35,0.0,182.04,2000.0
WTG_25,106,7.54,22.0,203.79,71.8,61.98,86.65,977.19,10.86,0.0,181.18,932.6
WTG_25,107,6.76,19.01,209.33,71.19,60.18,77.59,835.88,9.29,0.0,184.77,681.86
WTG_25,108,7.96,23.07,188.56,73.32,60.07,91.86,982.88,10.92,0.0,183.23,1116.15
WTG_25,109,8.2,16.8,213.86,74.77,60.94,86.1,1062.42,11.8,0.0,182.04,1205.98
WTG_25,110,4.17,13.87,206.63,66.6,58.81,62.88,540.0,6.0,0.0,181.6,171.27
WTG_25,111,8.05,10.86,189.38,74.57,61.47,77.81,1003.79,11.15,0.0,181.54,1148.47
WTG_25,112,8.62,22.38,183.49,76.54,61.11,93.5,1073.93,11.93,0.0,181.27,1393.08
WTG_25,113,10.67,18.58,181.26,81.54,62.52,103.8,1355.1,15.06,0.0,184.42,2000.0
WTG_25,114,9.16,22.04,201.17,80.1,62.46,100.86,1144.1,12.71,0.0,183.81,1712.89
WTG_25,115,8.16,22.38,172.15,74.67,61.93,91.88,1022.68,11.36,0.0,182.03,1159.08
WTG_25,116,9.58,17.94,218.73,81.8,62.46,100.32,1212.98,13.48,0.0,180.69,1961.73
WTG_25,117,9.22,18.39,174.24,79.44,63.03,96.21,1181.57,13.13,0.0,179.15,1728.68
WTG_25,118,7.53,24.92,191.93,72.63,60.61,88.15,945.96,10.51,0.0,183.81,933.33
WTG_25,119,15.48,14.63,183.86,81.81,63.99,97.88,1800.0,20.0,8.69,184.54,2000.0
WTG_25,120,9.1,17.84,159.59,78.59,61.93,96.19,1161.29,12.9,0.0,178.81,1659.32
WTG_25,121,6.01,25.84,173.7,69.27,60.4,83.06,743.39,8.26,0.0,181.25,496.09
WTG_25,122,7.66,21.04,194.6,73.29,61.22,85.37,983.52,10.93,0.0,180.14,978.66
WTG_25,123,7.95,15.84,211.09,74.08,60.78,83.31,1011.68,11.24,0.0,184.15,1111.32
WTG_25,124,6.85,19.82,185.6,71.38,60.78,79.0,863.48,9.59,0.0,179.61,705.98
WTG_25,125,9.55,20.44,193.44,82.21,62.92,103.62,1202.03,13.36,0.0,182.08,1938.66
WTG_25,126,6.37,10.38,213.16,69.92,61.04,69.53,804.19,8.94,0.0,180.9,618.5
WTG_25,127,8.33,17.22,186.6,74.02,61.78,87.99,1056.25,11.74,0.0,181.77,1270.58
WTG_25,128,13.12,19.39,193.15,81.4,64.72,105.35,1669.14,18.55,2.79,181.44,2000.0
WTG_25,129,6.07,19.75,213.11,68.94,60.51,75.85,759.52,8.44,0.0,181.53,508.15
WTG_25,130,6.85,16.66,163.49,72.18,61.08,74.85,875.73,9.73,0.0,182.16,708.04
WTG_25,131,7.34,22.28,189.92,72.7,61.92,84.79,961.67,10.69,0.0,179.63,858.15
WTG_25,132,8.5,10.72,182.72,76.83,61.64,82.67,1067.72,11.86,0.0,180.75,1365.82
WTG_25,133,11.3,12.06,180.6,82.93,63.57,97.06,1396.86,15.52,0.0,180.74,2000.0
WTG_25,134,10.22,15.0,184.77,83.2,63.41,99.51,1287.0,14.3,0.0,184.03,2000.0
WTG_25,135,15.01,18.08,199.24,81.27,63.41,103.52,1800.0,20.0,7.52,181.57,2000.0
WTG_25,136,6.83,10.69,184.47,70.05,61.58,71.43,848.09,9.42,0.0,179.4,698.43
WTG_25,137,4.76,22.06,191.47,67.74,61.18,74.44,611.67,6.8,0.0,181.87,239.4
WTG_25,138,10.13,16.26,202.11,80.45,63.35,101.4,1304.74,14.5,0.0,182.94,2000.0
WTG_25,139,12.1,19.98,175.32,81.06,64.85,104.18,1521.95,16.91,0.24,184.16,2000.0
WTG_25,140,8.04,15.14,203.03,74.78,61.67,83.37,1011.42,11.24,0.0,179.55,1146.85
WTG_25,141,11.42,18.82,196.4,83.9,64.0,101.54,1450.38,16.12,0.0,180.31,2000.0
WTG_25,142,6.67,19.87,188.0,71.43,61.18,78.9,849.35,9.44,0.0,181.33,642.36
WTG_25,143,10.13,23.71,211.27,81.8,63.65,109.79,1293.13,14.37,0.0,182.72,2000.0
WTG_25,144,9.04,16.63,206.28,80.42,62.34,94.67,1095.25,12.17,0.0,183.97,1649.45
WTG_25,145,6.41,16.95,220.78,70.77,62.91,74.84,788.79,8.76,0.0,178.75,582.82
WTG_25,146,9.6,15.83,203.56,83.27,62.66,99.11,1218.03,13.53,0.0,181.59,1931.9
WTG_25,147,13.08,12.86,187.77,82.53,64.49,98.48,1665.59,18.51,2.71,178.78,2000.0
WTG_25,148,9.79,19.94,205.02,80.78,62.74,107.58,1224.29,13.6,0.0,180.62,2000.0
WTG_25,149,11.81,18.76,220.97,83.21,65.29,102.17,1484.87,16.5,0.0,181.29,2000.0
WTG_25,150,6.87,17.78,186.96,71.35,61.8,79.15,825.02,9.17,0.0,179.24,728.56
WTG_25,151,10.6,16.54,184.37,82.97,62.28,103.6,1309.02,14.54,0.0,180.13,2000.0
WTG_25,152,6.83,20.38,188.93,71.38,62.56,82.38,876.71,9.74,0.0,180.58,685.27
WTG_25,153,9.58,14.66,187.57,83.47,63.73,101.29,1194.85,13.28,0.0,181.13,1951.8
WTG_25,154,11.96,17.12,193.04,82.46,64.79,102.12,1503.71,16.71,0.0,180.96,2000.0
WTG_25,155,7.15,14.85,195.69,73.99,62.84,79.13,863.94,9.6,0.0,179.88,819.82
WTG_25,156,9.61,19.56,173.83,83.99,63.47,104.17,1214.5,13.49,0.0,178.14,1946.89
WTG_25,157,8.02,9.54,223.59,76.44,62.29,78.86,1021.29,11.35,0.0,178.22,1130.27
WTG_25,158,5.17,21.06,194.22,70.44,61.04,75.54,620.68,6.9,0.0,178.7,292.13
WTG_25,159,9.61,20.1,185.98,82.33,63.62,104.3,1208.35,13.43,0.0,179.87,1956.63
WTG_25,160,11.69,13.35,185.41,81.92,65.01,99.95,1436.19,15.96,0.0,181.0,2000.0
WTG_25,161,9.92,11.96,194.12,83.72,63.76,97.97,1253.7,13.93,0.0,179.39,2000.0
WTG_25,162,5.83,14.13,195.12,69.44,62.65,70.96,720.07,8.0,0.0,179.68,415.03
WTG_25,163,8.18,15.67,166.06,77.49,62.75,88.58,1041.65,11.57,0.0,179.64,1199.05
WTG_25,164,8.7,13.92,198.88,78.68,63.63,89.74,1107.01,12.3,0.0,176.76,1413.94
WTG_25,165,11.0,20.95,208.12,82.9,63.28,107.7,1374.13,15.27,0.0,179.09,2000.0
WTG_25,166,12.05,13.86,191.42,82.75,66.21,99.65,1510.46,16.78,0.13,178.42,2000.0
WTG_25,167,9.1,13.94,202.57,81.13,64.3,94.58,1151.93,12.8,0.0,180.64,1651.15
WTG_25,168,10.04,19.94,180.25,84.03,64.75,104.11,1237.78,13.75,0.0,179.09,2000.0
WTG_25,169,11.81,27.04,218.52,84.24,65.98,114.94,1479.3,16.44,0.0,179.69,2000.0
WTG_25,170,5.94,12.43,218.89,70.59,62.42,71.76,745.1,8.28,0.0,178.33,445.88
WTG_25,171,10.81,19.4,196.23,83.41,63.84,104.51,1326.23,14.74,0.0,179.47,2000.0
WTG_25,172,11.02,8.86,189.37,83.68,65.26,96.86,1394.48,15.49,0.0,179.14,2000.0
WTG_25,173,10.62,16.25,178.21,83.63,65.37,103.4,1342.21,14.91,0.0,175.89,2000.0
WTG_25,174,8.61,18.7,190.43,81.04,64.41,94.18,1103.92,12.27,0.0,179.65,1383.18
WTG_25,175,5.26,27.11,187.27,70.08,63.64,83.48,678.79,7.54,0.0,182.74,320.29
WTG_25,176,9.97,15.47,169.77,84.12,65.61,103.26,1242.59,13.81,0.0,176.18,2000.0
WTG_25,177,7.98,14.54,202.87,76.06,66.28,85.66,1012.85,11.25,0.0,178.42,1107.67
WTG_25,178,4.31,20.9,213.76,70.13,62.07,73.68,549.66,6.11,0.0,177.49,178.64
WTG_25,179,11.75,19.07,186.78,85.04,65.99,106.99,1468.74,16.32,0.0,182.26,2000.0
WTG_25,180,7.88,18.86,188.53,76.4,63.21,88.04,990.1,11.0,0.0,177.95,1062.6
WTG_25,181,8.22,17.12,191.35,78.67,64.5,91.2,1038.1,11.53,0.0,174.47,1221.92
WTG_25,182,7.09,14.81,207.89,75.25,64.81,80.53,883.67,9.82,0.0,178.76,769.56
WTG_25,183,9.3,19.12,194.41,83.63,64.11,101.35,1165.55,12.95,0.0,180.04,1753.28
WTG_25,184,8.71,18.56,180.22,82.11,64.18,98.14,1106.27,12.29,0.0,177.14,1474.62
WTG_25,185,3.0,11.84,170.29,69.18,63.18,65.53,540.0,6.0,0.0,176.55,56.6
WTG_25,186,9.82,20.52,180.39,86.14,65.83,109.95,1247.71,13.86,0.0,177.61,2000.0
WTG_25,187,9.17,21.66,224.86,82.61,66.12,104.7,1172.0,13.02,0.0,178.43,1695.13
WTG_25,188,6.62,22.15,177.87,74.64,64.9,86.9,831.43,9.24,0.0,175.76,648.06
WTG_25,189,5.49,13.46,197.57,74.24,63.36,69.78,714.19,7.94,0.0,176.83,359.36
WTG_25,190,7.58,14.99,199.32,77.64,64.9,84.79,933.3,10.37,0.0,179.22,967.53
WTG_25,191,8.39,16.04,209.18,80.94,66.63,91.74,1044.58,11.61,0.0,174.24,1304.24
WTG_25,192,8.36,18.71,189.94,79.98,65.22,95.91,1055.39,11.73,0.0,174.22,1310.29
WTG_25,193,9.03,15.91,174.5,83.36,66.32,98.11,1135.49,12.62,0.0,174.52,1611.69
WTG_25,194,7.59,19.01,186.06,78.5,65.24,88.66,955.15,10.61,0.0,176.1,965.69
WTG_25,195,7.17,12.47,204.8,76.37,65.58,78.07,898.51,9.98,0.0,176.57,818.42
WTG_25,196,7.66,17.44,197.31,78.32,65.99,86.92,958.66,10.65,0.0,176.67,989.03
WTG_25,197,8.69,19.36,197.76,82.46,65.27,99.37,1075.74,11.95,0.0,174.78,1481.61
WTG_25,198,8.59,11.46,200.25,81.89,66.95,91.39,1067.18,11.86,0.0,175.89,1418.72
WTG_25,199,9.41,22.39,190.57,85.41,66.18,107.88,1198.62,13.32,0.0,174.96,1824.51
WTG_25,200,11.68,17.19,225.35,88.04,69.08,106.05,1478.76,16.43,0.0,174.87,2000.0
WTG_25,201,10.28,20.88,209.23,86.89,67.07,109.87,1292.67,14.36,0.0,175.55,2000.0
WTG_25,202,10.44,25.02,191.34,86.98,67.37,115.57,1322.02,14.69,0.0,176.69,2000.0
WTG_25,203,7.92,19.62,191.36,81.48,66.07,92.25,971.86,10.8,0.0,173.14,1091.51
WTG_25,204,13.52,22.42,209.91,87.26,69.21,114.22,1727.61,19.2,3.79,174.47,2000.0
WTG_25,205,6.71,20.1,195.71,77.12,66.59,85.88,865.22,9.61,0.0,174.56,649.59
WTG_25,206,8.52,20.01,204.82,81.55,67.77,99.64,1075.54,11.95,0.0,174.73,1378.54
WTG_25,207,10.51,20.64,194.92,88.9,68.2,110.84,1312.03,14.58,0.0,175.0,2000.0
WTG_25,208,6.92,19.25,185.77,77.43,66.99,87.07,866.16,9.62,0.0,172.88,727.41
WTG_25,209,7.62,23.05,197.34,81.06,67.63,92.93,966.02,10.73,0.0,171.96,954.54
WTG_25,210,7.2,24.84,238.87,79.82,66.48,94.64,916.89,10.19,0.0,173.17,837.92
WTG_25,211,12.46,26.39,234.35,87.9,69.85,119.26,1578.4,17.54,1.14,174.56,2000.0
WTG_25,212,10.38,14.62,230.24,89.1,68.52,105.86,1316.12,14.62,0.0,172.41,2000.0
WTG_25,213,6.48,18.47,170.78,76.86,67.08,84.92,807.52,8.97,0.0,173.21,568.3
WTG_25,214,7.06,16.45,222.88,79.44,66.67,85.3,869.56,9.66,0.0,173.85,805.22
WTG_25,215,10.85,19.72,203.23,89.11,70.66,112.13,1364.69,15.16,0.0,172.81,2000.0
WTG_25,216,11.57,15.92,207.78,87.91,69.89,109.38,1471.62,16.35,0.0,170.03,2000.0
WTG_25,217,9.61,17.26,198.35,89.44,68.62,108.97,1215.72,13.51,0.0,173.11,1924.3
WTG_25,218,12.65,17.86,179.87,88.79,70.39,109.67,1565.58,17.4,1.63,171.29,2000.0
WTG_25,219,13.36,18.13,189.78,89.38,71.04,110.96,1702.19,18.91,3.4,169.52,2000.0
WTG_25,220,8.63,16.4,187.66,86.37,66.75,98.03,1080.56,12.01,0.0,171.23,1386.63
WTG_25,221,7.58,17.05,211.63,80.7,66.84,89.56,932.09,10.36,0.0,170.48,930.46
WTG_25,222,9.23,23.16,206.67,87.1,69.34,111.39,1169.08,12.99,0.0,170.43,1718.67
WTG_25,223,9.81,20.48,221.49,90.92,70.66,113.92,1240.48,13.78,0.0,169.33,2000.0
WTG_25,224,7.8,14.69,204.17,82.16,67.53,90.08,991.9,11.02,0.0,175.4,1038.91
WTG_25,225,11.81,23.32,209.79,89.65,72.45,116.39,1504.19,16.71,0.0,171.23,2000.0
WTG_25,226,13.46,21.87,198.74,90.36,72.86,115.33,1718.44,19.09,3.64,168.13,2000.0
WTG_25,227,8.41,15.39,180.86,84.28,70.07,95.89,1060.77,11.79,0.0,171.82,1302.52
WTG_25,228,13.45,20.81,196.39,91.32,73.08,116.31,1701.95,18.91,3.62,169.32,2000.0
WTG_25,229,10.77,19.97,206.85,91.29,71.27,113.58,1358.43,15.09,0.0,168.6,2000.0
WTG_25,230,10.08,16.07,194.41,90.24,71.2,110.69,1232.4,13.69,0.0,169.84,2000.0
WTG_25,231,9.62,17.18,207.28,91.76,72.3,110.44,1212.61,13.47,0.0,166.9,1938.73
WTG_25,232,12.13,13.71,222.62,91.32,71.94,109.26,1549.62,17.22,0.33,169.74,2000.0
WTG_25,233,9.91,20.45,219.2,91.99,71.96,116.52,1247.19,13.86,0.0,169.39,2000.0
WTG_25,234,10.0,22.18,165.81,92.9,70.88,117.27,1255.32,13.95,0.0,167.56,2000.0
WTG_25,235,5.97,16.78,172.05,79.17,70.69,84.58,779.69,8.66,0.0,166.92,474.42
WTG_25,236,10.77,17.15,220.6,92.94,72.37,113.4,1347.85,14.98,0.0,168.51,2000.0
WTG_25,237,6.55,16.83,195.68,80.8,70.18,89.13,817.62,9.08,0.0,166.4,635.69
WTG_25,238,9.16,20.74,213.97,88.57,72.64,112.48,1128.84,12.54,0.0,169.15,1680.02
WTG_25,239,8.94,17.07,195.47,88.56,70.69,107.39,1098.79,12.21,0.0,166.48,1578.71
WTG_25,240,9.61,17.42,220.99,92.56,72.92,113.45,1184.3,13.16,0.0,166.61,1963.6
WTG_25,241,11.3,15.0,196.2,92.86,73.49,113.02,1419.12,15.77,0.0,166.14,2000.0
WTG_25,242,4.29,18.13,197.05,78.98,71.01,81.89,540.0,6.0,0.0,167.79,178.29
WTG_25,243,9.84,26.09,226.39,94.95,73.15,124.48,1243.85,13.82,0.0,167.14,2000.0
WTG_25,244,8.71,16.08,199.23,88.74,72.84,104.07,1048.96,11.66,0.0,165.33,1435.2
WTG_25,245,10.71,17.09,199.09,93.66,74.34,116.04,1349.78,15.0,0.0,166.75,2000.0
WTG_25,246,7.33,16.08,213.36,84.92,73.24,93.96,921.22,10.24,0.0,167.21,854.96
WTG_25,247,9.08,19.53,221.27,92.09,74.14,110.15,1132.54,12.58,0.0,164.6,1661.4
WTG_25,248,7.46,23.69,191.54,85.3,73.34,103.69,920.6,10.23,0.0,164.59,894.63
WTG_25,249,7.11,24.24,230.58,85.07,73.16,102.73,863.59,9.6,0.0,164.08,781.37
WTG_25,250,6.13,14.9,221.35,83.62,72.41,87.59,772.4,8.58,0.0,166.45,531.29
WTG_25,251,12.65,12.39,209.31,94.87,76.21,112.46,1573.31,17.48,1.61,163.47,2000.0
WTG_25,252,12.04,23.33,208.0,93.79,75.47,122.73,1548.67,17.21,0.11,165.49,2000.0
WTG_25,253,6.55,17.76,242.48,83.65,72.25,90.75,829.01,9.21,0.0,165.46,641.3
WTG_25,254,8.42,16.69,231.24,91.21,74.68,104.59,1080.17,12.0,0.0,161.74,1319.01
WTG_25,255,7.09,16.93,205.11,88.62,75.97,96.19,911.03,10.12,0.0,161.05,802.47
WTG_25,256,12.58,25.57,207.7,96.85,77.09,125.98,1554.56,17.27,1.45,162.89,2000.0
WTG_25,257,12.23,19.9,227.8,97.02,78.2,121.12,1560.53,17.34,0.57,163.73,2000.0
WTG_25,258,5.2,16.23,203.59,84.42,74.18,87.23,636.78,7.08,0.0,163.5,311.3
WTG_25,259,13.3,17.75,195.86,97.28,76.48,118.46,1690.06,18.78,3.25,162.67,2000.0
WTG_25,260,5.82,16.36,186.31,84.63,76.31,88.91,745.78,8.29,0.0,159.85,450.12
WTG_25,261,5.43,17.42,210.95,83.44,75.26,88.42,729.02,8.1,0.0,160.65,335.99
WTG_25,262,8.89,13.46,199.5,94.58,76.46,107.64,1100.38,12.23,0.0,161.6,1562.33
WTG_25,263,7.86,11.24,201.19,90.44,75.91,97.25,999.36,11.1,0.0,161.22,1083.29
WTG_25,264,6.4,10.8,198.32,87.81,75.92,87.12,833.46,9.26,0.0,156.62,584.22
WTG_25,265,4.22,19.84,209.37,84.33,75.31,88.11,540.0,6.0,0.0,156.62,166.81
WTG_25,266,10.01,14.44,214.27,98.74,77.75,118.47,1274.03,14.16,0.0,158.52,2000.0
WTG_25,267,12.3,15.27,233.88,98.77,77.95,119.53,1545.5,17.17,0.75,158.58,2000.0
WTG_25,268,8.7,18.19,191.36,93.6,78.16,111.83,1085.27,12.06,0.0,160.92,1467.34
WTG_25,269,10.77,15.22,217.17,99.26,78.69,119.09,1346.15,14.96,0.0,158.57,2000.0
WTG_25,270,8.27,20.87,199.55,94.57,77.44,111.26,1026.48,11.41,0.0,160.64,1258.89
WTG_25,271,10.15,24.39,217.58,98.88,78.33,129.22,1287.33,14.3,0.0,160.57,2000.0
WTG_25,272,6.38,17.51,182.3,90.21,78.05,97.18,828.86,9.21,0.0,155.53,559.32
WTG_25,273,3.0,16.46,207.92,84.59,76.6,85.72,540.0,6.0,0.0,158.35,82.5
WTG_25,274,5.89,10.81,212.28,86.41,77.24,86.47,718.33,7.98,0.0,156.46,467.62
WTG_25,275,6.8,22.5,249.64,90.03,77.71,104.37,834.84,9.28,0.0,155.05,681.61
WTG_25,276,10.52,18.36,218.92,101.38,80.37,125.25,1325.94,14.73,0.0,158.93,2000.0
WTG_25,277,4.53,9.88,227.17,86.95,79.26,86.16,587.43,6.53,0.0,158.18,226.45
WTG_25,278,10.45,20.94,210.33,103.31,80.44,127.66,1323.04,14.7,0.0,156.11,2000.0
WTG_25,279,10.57,18.98,188.6,101.76,81.85,127.43,1332.87,14.81,0.0,154.5,2000.0
WTG_25,280,13.82,12.01,197.34,100.65,84.54,117.78,1737.54,19.31,4.55,157.73,2000.0
WTG_25,281,7.96,18.38,174.78,96.12,79.63,110.98,1016.87,11.3,0.0,152.48,1109.06
WTG_25,282,9.63,12.16,237.61,102.3,81.42,120.13,1230.73,13.67,0.0,154.49,1989.8
WTG_25,283,8.01,17.14,225.93,96.36,80.17,110.56,1027.25,11.41,0.0,152.91,1114.87
WTG_25,284,10.99,20.55,203.83,103.54,83.28,131.6,1377.36,15.3,0.0,156.58,2000.0
WTG_25,285,10.45,19.06,200.43,104.36,82.97,127.63,1328.31,14.76,0.0,153.82,2000.0
WTG_25,286,10.82,22.75,212.16,103.49,82.82,133.94,1380.1,15.33,0.0,154.31,2000.0
WTG_25,287,10.4,15.83,177.9,104.56,83.27,125.1,1319.23,14.66,0.0,153.27,2000.0
WTG_25,288,12.15,20.2,188.65,105.58,84.15,131.86,1527.25,16.97,0.37,152.82,2000.0
WTG_25,289,7.97,14.16,203.61,97.91,82.06,106.31,1005.03,11.17,0.0,150.13,1098.93
WTG_25,290,7.8,20.19,233.6,97.23,81.34,113.57,978.39,10.87,0.0,151.69,1048.7
WTG_25,291,5.06,24.76,218.1,93.96,81.75,104.62,607.37,6.75,0.0,150.48,292.6
WTG_25,292,7.88,24.26,218.74,98.44,83.45,119.0,1011.79,11.24,0.0,150.78,1071.82
WTG_25,293,13.45,17.05,215.68,104.87,85.71,127.7,1661.74,18.46,3.61,148.42,2000.0
WTG_25,294,11.43,14.84,187.51,105.83,85.5,127.99,1412.85,15.7,0.0,151.04,2000.0
WTG_25,295,9.48,23.08,190.2,107.02,86.37,132.39,1189.11,13.21,0.0,149.87,1888.71
WTG_25,296,10.23,17.35,220.03,105.74,86.25,129.83,1329.8,14.78,0.0,150.37,2000.0
WTG_25,297,9.49,17.25,199.34,106.93,85.68,126.89,1196.94,13.3,0.0,151.05,1871.87
WTG_25,298,8.66,26.34,205.75,102.68,85.27,128.55,1076.29,11.96,0.0,147.85,1422.41
WTG_25,299,13.13,16.99,242.09,108.23,87.56,132.1,1672.62,18.58,2.81,150.12,2000.0
WTG_25,300,10.49,15.98,218.93,108.23,85.76,129.97,1309.38,14.55,0.0,148.26,2000.0
WTG_25,301,12.91,15.44,194.91,108.41,87.37,131.32,1640.89,18.23,2.28,144.12,2000.0
WTG_25,302,9.49,22.9,211.91,107.13,88.6,134.96,1191.03,13.23,0.0,147.55,1863.45
WTG_25,303,6.92,16.79,185.87,99.87,85.6,107.95,870.5,9.67,0.0,147.79,722.28
WTG_25,304,8.92,17.35,207.8,105.84,86.55,123.83,1105.65,12.29,0.0,147.83,1553.07
WTG_25,305,10.25,19.21,202.34,108.72,88.81,134.85,1295.7,14.4,0.0,145.25,2000.0
WTG_25,306,9.9,14.99,201.31,108.73,88.69,131.67,1240.47,13.78,0.0,145.29,2000.0
WTG_25,307,7.15,17.8,225.04,100.23,88.07,112.18,912.99,10.14,0.0,141.28,822.11
WTG_25,308,11.33,21.09,233.07,110.54,90.5,137.19,1401.31,15.57,0.0,143.86,2000.0
WTG_25,309,9.23,20.97,217.12,108.82,89.67,132.93,1162.98,12.92,0.0,143.44,1727.85
WTG_25,310,8.42,9.65,181.66,106.28,88.56,113.34,1033.45,11.48,0.0,144.76,1307.77
WTG_25,311,9.7,17.1,214.75,112.03,89.84,135.46,1203.33,13.37,0.0,142.99,2000.0
WTG_25,312,10.21,11.03,199.46,111.56,91.09,129.45,1280.04,14.22,0.0,140.82,2000.0
WTG_25,313,7.83,24.03,211.5,103.5,89.64,125.99,977.85,10.87,0.0,142.62,1051.0
WTG_25,314,8.6,15.01,224.97,107.33,90.23,123.14,1077.25,11.97,0.0,140.68,1386.1
WTG_25,315,9.78,17.65,224.75,112.82,91.09,136.93,1233.55,13.71,0.0,140.67,2000.0
WTG_25,316,10.2,21.11,214.28,112.21,92.41,143.02,1345.86,14.95,0.0,140.15,2000.0
WTG_25,317,5.34,10.76,210.26,100.32,90.96,101.52,654.47,7.27,0.0,139.22,331.69
WTG_25,318,7.96,21.72,213.59,106.75,92.24,126.6,1008.73,11.21,0.0,136.22,1127.53
WTG_25,319,6.08,14.29,232.01,103.84,90.47,107.64,763.83,8.49,0.0,139.14,489.9
WTG_25,320,8.87,19.35,220.22,111.47,91.31,132.92,1102.53,12.25,0.0,139.71,1506.56
WTG_26,1,9.96,20.28,179.7,76.19,61.0,101.86,1230.59,13.67,0.0,187.32,2000.0
WTG_26,2,5.27,19.97,177.07,61.96,58.4,71.17,684.3,7.6,0.0,188.12,348.99
WTG_26,3,5.11,19.12,174.28,61.08,58.56,68.24,671.32,7.46,0.0,189.5,281.78
WTG_26,4,9.86,17.75,173.67,77.18,61.04,100.8,1247.19,13.86,0.0,187.57,2000.0
WTG_26,5,12.86,14.51,175.6,76.93,63.2,97.61,1597.66,17.75,2.16,186.25,2000.0
WTG_26,6,14.23,17.76,164.25,74.83,63.57,100.89,1771.85,19.69,5.57,187.53,2000.0
WTG_26,7,10.84,22.45,161.61,76.83,62.36,106.61,1354.88,15.05,0.0,189.06,2000.0
WTG_26,8,8.82,22.28,205.36,72.01,60.67,95.69,1106.33,12.29,0.0,188.2,1500.78
WTG_26,9,6.7,23.75,179.56,65.17,60.47,80.56,870.93,9.68,0.0,189.48,664.6
WTG_26,10,12.32,12.5,182.07,75.81,63.77,93.95,1558.15,17.31,0.81,185.3,2000.0
WTG_26,11,10.73,15.75,199.91,76.68,62.31,97.76,1347.48,14.97,0.0,186.77,2000.0
WTG_26,12,10.54,27.07,189.79,76.8,63.27,109.35,1337.12,14.86,0.0,187.43,2000.0
WTG_26,13,8.25,15.16,207.92,70.54,60.89,83.73,1075.76,11.95,0.0,187.15,1243.35
WTG_26,14,9.32,25.64,174.12,74.09,61.87,103.47,1174.6,13.05,0.0,189.51,1769.94
WTG_26,15,7.15,16.55,182.12,67.9,59.52,75.82,904.98,10.06,0.0,186.32,829.83
WTG_26,16,9.45,17.74,221.02,74.9,61.79,97.25,1198.06,13.31,0.0,186.28,1849.15
WTG_26,17,6.5,21.22,184.95,65.16,61.28,79.66,798.88,8.88,0.0,185.49,611.14
WTG_26,18,8.44,18.22,183.56,70.51,61.96,87.51,1107.92,12.31,0.0,188.33,1294.69
WTG_26,19,9.55,19.65,185.73,75.78,61.25,100.27,1188.17,13.2,0.0,185.32,1916.4
WTG_26,20,9.27,15.23,191.6,74.46,62.2,93.21,1157.65,12.86,0.0,188.94,1776.22
WTG_26,21,10.46,13.55,163.04,75.55,62.49,96.13,1288.14,14.31,0.0,187.24,2000.0
WTG_26,22,6.43,19.38,176.99,63.38,61.3,75.76,791.09,8.79,0.0,189.2,575.64
WTG_26,23,10.02,23.52,181.89,76.82,61.14,107.11,1249.0,13.88,0.0,187.63,2000.0
WTG_26,24,11.37,18.4,174.09,75.23,62.13,101.11,1458.42,16.2,0.0,186.76,2000.0
WTG_26,25,8.37,18.07,177.1,69.81,61.75,88.83,1088.41,12.09,0.0,187.03,1307.42
WTG_26,26,5.55,21.05,178.46,63.15,60.32,75.18,689.2,7.66,0.0,190.44,385.76
WTG_26,27,12.0,23.97,199.43,75.94,63.61,105.09,1526.88,16.97,0.0,187.49,2000.0
WTG_26,28,8.35,21.29,181.0,68.86,62.01,89.69,1068.98,11.88,0.0,186.26,1279.35
WTG_26,29,10.87,10.04,182.99,74.93,62.82,93.73,1372.42,15.25,0.0,187.21,2000.0
WTG_26,30,7.55,21.01,190.02,68.73,60.15,83.57,941.66,10.46,0.0,190.89,952.56
WTG_26,31,7.62,16.91,199.35,68.43,60.19,80.4,931.89,10.35,0.0,187.42,968.34
WTG_26,32,5.18,11.29,154.04,61.82,60.23,62.1,658.5,7.32,0.0,189.25,305.75
WTG_26,33,10.26,20.08,203.03,76.28,63.08,104.37,1297.27,14.41,0.0,186.92,2000.0
WTG_26,34,8.82,27.11,177.46,71.56,60.51,101.0,1071.04,11.9,0.0,189.76,1489.47
WTG_26,35,6.93,18.14,161.39,65.21,61.48,76.6,887.42,9.86,0.0,187.5,743.66
WTG_26,36,6.97,16.04,164.19,67.11,60.16,75.33,848.37,9.43,0.0,186.26,753.28
WTG_26,37,6.29,18.98,169.56,65.74,61.38,75.85,804.14,8.93,0.0,189.12,535.55
WTG_26,38,5.02,19.66,187.87,62.06,59.03,69.62,627.77,6.98,0.0,186.72,271.03
WTG_26,39,5.72,15.02,175.53,61.81,60.82,70.12,719.9,8.0,0.0,191.54,420.93
WTG_26,40,5.94,16.94,175.42,63.63,59.36,72.37,748.52,8.32,0.0,188.93,496.47
WTG_26,41,8.41,18.85,211.71,69.79,61.48,87.63,1060.93,11.79,0.0,187.39,1308.67
WTG_26,42,9.55,19.86,184.69,75.11,62.64,102.01,1235.26,13.73,0.0,187.2,1921.39
WTG_26,43,11.51,17.15,185.51,76.98,62.27,99.87,1435.41,15.95,0.0,188.67,2000.0
WTG_26,44,11.08,13.9,176.19,76.72,61.94,96.97,1401.96,15.58,0.0,187.65,2000.0
WTG_26,45,10.94,19.3,174.15,76.56,62.71,102.16,1405.56,15.62,0.0,187.86,2000.0
WTG_26,46,13.92,16.47,181.45,76.0,64.74,98.84,1751.02,19.46,4.81,188.97,2000.0
WTG_26,47,13.81,14.86,200.18,75.97,63.74,96.84,1713.51,19.04,4.52,188.67,2000.0
WTG_26,48,8.1,16.76,179.59,69.54,61.5,84.44,1013.55,11.26,0.0,188.15,1173.62
WTG_26,49,7.19,15.02,179.81,66.28,60.55,73.78,945.57,10.51,0.0,187.5,798.77
WTG_26,50,9.3,23.74,175.53,74.49,61.28,101.92,1205.04,13.39,0.0,191.53,1748.98
WTG_26,51,8.25,19.25,190.57,70.47,61.31,87.42,1039.02,11.54,0.0,186.7,1272.18
WTG_26,52,11.97,25.09,211.17,75.38,63.16,108.25,1516.63,16.85,0.0,187.95,2000.0
WTG_26,53,6.43,15.82,195.27,66.24,62.4,71.75,816.49,9.07,0.0,189.53,605.41
WTG_26,54,6.49,19.47,184.89,64.22,59.32,75.38,818.14,9.09,0.0,187.87,607.42
WTG_26,55,9.21,15.55,174.37,73.88,60.4,92.14,1162.63,12.92,0.0,186.35,1728.7
WTG_26,56,9.81,24.35,176.82,77.64,62.3,105.53,1233.97,13.71,0.0,191.54,2000.0
WTG_26,57,7.67,14.35,196.99,69.87,62.56,78.33,963.15,10.7,0.0,187.52,1002.07
WTG_26,58,5.32,10.04,200.33,63.08,59.66,61.66,668.45,7.43,0.0,188.12,321.86
WTG_26,59,5.59,14.89,195.75,64.47,60.13,67.77,691.93,7.69,0.0,189.88,372.69
WTG_26,60,10.26,14.83,192.89,77.07,63.16,96.68,1336.85,14.85,0.0,185.62,2000.0
WTG_26,61,8.69,12.72,144.11,73.14,60.73,84.75,1082.69,12.03,0.0,189.09,1446.69
WTG_26,62,4.94,17.58,181.89,61.17,59.94,67.28,590.81,6.56,0.0,188.06,255.12
WTG_26,63,8.59,16.15,188.13,71.73,60.49,87.57,1087.1,12.08,0.0,190.13,1384.47
WTG_26,64,9.2,12.09,180.82,74.1,62.59,89.83,1157.19,12.86,0.0,186.16,1683.21
WTG_26,65,10.26,25.03,177.05,76.9,61.65,107.72,1308.65,14.54,0.0,189.32,2000.0
WTG_26,66,10.08,17.91,190.77,74.76,61.35,100.39,1278.37,14.2,0.0,190.46,2000.0
WTG_26,67,4.87,12.9,212.24,62.06,59.39,62.11,614.14,6.82,0.0,188.45,240.88
WTG_26,68,8.47,20.16,175.02,72.11,62.25,91.0,1077.51,11.97,0.0,188.13,1330.64
WTG_26,69,7.77,14.86,176.27,69.24,61.29,78.74,991.44,11.02,0.0,187.88,1028.94
WTG_26,70,8.92,17.41,169.37,72.27,61.7,92.12,1119.54,12.44,0.0,188.89,1563.21
WTG_26,71,9.04,14.57,173.52,72.53,61.48,91.68,1157.03,12.86,0.0,186.78,1633.44
WTG_26,72,16.77,20.04,191.65,77.12,64.69,103.08,1800.0,20.0,11.92,188.77,2000.0
WTG_26,73,13.79,22.53,177.61,76.34,64.09,104.96,1727.13,19.19,4.47,187.42,2000.0
WTG_26,74,10.47,18.65,169.31,76.04,62.31,102.53,1308.31,14.54,0.0,188.56,2000.0
WTG_26,75,9.05,11.91,194.52,71.91,60.91,88.12,1122.72,12.47,0.0,189.9,1641.09
WTG_26,76,3.63,19.17,192.99,60.73,58.81,65.54,540.0,6.0,0.0,184.99,115.66
WTG_26,77,6.23,25.42,223.41,65.6,60.01,82.68,768.67,8.54,0.0,190.0,528.04
WTG_26,78,9.43,19.09,206.99,74.7,62.95,98.15,1188.52,13.21,0.0,188.91,1822.31
WTG_26,79,8.42,22.79,192.65,71.54,61.18,93.22,1082.33,12.03,0.0,189.21,1313.23
WTG_26,80,12.31,17.18,186.32,75.18,61.4,99.9,1525.14,16.95,0.77,187.11,2000.0
WTG_26,81,11.47,21.83,157.76,76.59,64.36,104.28,1461.95,16.24,0.0,189.0,2000.0
WTG_26,82,9.66,16.58,185.52,77.1,62.42,99.27,1199.62,13.33,0.0,190.72,1975.91
WTG_26,83,12.44,18.22,167.73,76.15,64.48,99.69,1557.0,17.3,1.09,188.75,2000.0
WTG_26,84,7.02,17.01,200.95,66.49,60.6,76.28,853.51,9.48,0.0,188.28,771.85
WTG_26,85,11.2,17.12,195.4,75.27,63.46,101.7,1437.55,15.97,0.0,188.41,2000.0
WTG_26,86,8.13,16.4,179.84,70.57,61.69,81.92,1015.77,11.29,0.0,188.59,1173.71
WTG_26,87,5.83,18.76,194.41,64.42,61.12,72.93,750.45,8.34,0.0,187.97,447.93
WTG_26,88,7.31,16.05,180.45,67.88,60.53,78.11,919.11,10.21,0.0,188.95,879.26
WTG_26,89,8.46,19.72,174.96,70.44,62.36,90.67,1062.57,11.81,0.0,188.39,1327.66
WTG_26,90,6.36,23.53,190.68,65.55,60.39,79.39,801.2,8.9,0.0,186.78,592.15
WTG_26,91,9.82,26.06,188.54,75.98,62.71,109.34,1219.84,13.55,0.0,187.96,2000.0
WTG_26,92,11.36,22.19,184.95,77.24,62.78,102.66,1425.77,15.84,0.0,189.28,2000.0
WTG_26,93,8.48,13.37,203.0,71.85,62.44,83.58,1088.11,12.09,0.0,189.51,1350.82
WTG_26,94,8.21,13.87,196.44,69.28,61.04,82.53,1021.07,11.35,0.0,188.96,1214.76
WTG_26,95,9.15,15.16,201.21,73.59,61.83,90.82,1179.06,13.1,0.0,186.67,1672.79
WTG_26,96,8.96,19.29,215.32,71.47,62.13,94.72,1113.92,12.38,0.0,187.15,1563.42
WTG_26,97,9.0,14.28,185.87,72.67,61.11,89.21,1139.96,12.67,0.0,187.36,1638.56
WTG_26,98,12.7,17.05,194.12,76.26,65.28,98.29,1574.27,17.49,1.76,189.56,2000.0
WTG_26,99,8.19,12.41,169.95,70.1,62.54,80.49,1060.76,11.79,0.0,189.04,1203.45
WTG_26,100,8.78,15.47,180.88,72.53,60.77,89.7,1128.69,12.54,0.0,191.05,1494.71
WTG_26,101,10.33,16.53,199.42,75.64,62.27,99.8,1323.96,14.71,0.0,186.36,2000.0
WTG_26,102,9.27,8.97,190.25,75.63,62.06,87.91,1183.62,13.15,0.0,187.68,1753.48
WTG_26,103,13.58,17.02,156.08,77.23,63.73,98.58,1692.62,18.81,3.94,188.31,2000.0
WTG_26,104,7.59,18.73,188.22,66.71,61.52,82.39,954.15,10.6,0.0,189.08,969.53
WTG_26,105,8.65,19.75,194.13,72.63,61.2,92.14,1079.53,11.99,0.0,187.06,1420.31
WTG_26,106,9.05,18.86,173.07,73.6,61.8,96.43,1166.47,12.96,0.0,191.7,1635.54
WTG_26,107,6.7,17.86,193.01,65.48,61.28,75.28,842.91,9.37,0.0,186.9,670.51
WTG_26,108,7.16,18.79,208.66,66.34,63.09,79.99,885.65,9.84,0.0,185.59,800.17
WTG_26,109,10.4,25.53,172.89,76.15,62.73,109.32,1324.91,14.72,0.0,186.1,2000.0
WTG_26,110,11.41,20.88,196.92,77.88,62.24,103.2,1452.58,16.14,0.0,186.87,2000.0
WTG_26,111,8.5,13.14,188.69,70.73,61.63,83.54,1076.88,11.97,0.0,187.9,1347.94
WTG_26,112,10.75,11.85,192.9,78.48,62.32,94.34,1335.42,14.84,0.0,187.92,2000.0
WTG_26,113,11.44,20.92,213.02,76.48,63.47,103.19,1421.54,15.79,0.0,189.04,2000.0
WTG_26,114,9.07,18.01,177.16,72.82,62.39,94.71,1160.62,12.9,0.0,188.98,1645.13
WTG_26,115,9.16,20.09,186.88,75.03,62.92,96.18,1134.34,12.6,0.0,185.1,1682.31
WTG_26,116,7.42,12.5,238.59,68.82,61.05,73.6,945.16,10.5,0.0,188.98,913.34
WTG_26,117,7.79,22.64,163.21,69.3,61.27,87.91,970.4,10.78,0.0,186.86,1035.55
WTG_26,118,13.94,20.43,220.11,75.97,64.92,103.45,1764.69,19.61,4.85,190.58,2000.0
WTG_26,119,8.39,23.98,151.97,71.38,61.95,95.73,1055.95,11.73,0.0,188.47,1300.13
WTG_26,120,9.16,20.87,181.77,74.75,60.59,98.7,1149.04,12.77,0.0,186.47,1690.55
WTG_26,121,11.19,21.67,191.73,75.82,63.08,105.09,1372.94,15.25,0.0,187.14,2000.0
WTG_26,122,8.3,17.96,188.13,70.48,60.95,89.05,1069.86,11.89,0.0,187.92,1269.36
WTG_26,123,6.81,11.29,189.32,67.32,61.11,69.6,858.86,9.54,0.0,188.39,701.69
WTG_26,124,8.04,19.97,186.58,70.4,62.42,87.76,1020.15,11.33,0.0,187.17,1133.52
WTG_26,125,9.38,17.48,188.0,74.96,61.81,95.44,1153.56,12.82,0.0,187.11,1788.33
WTG_26,126,13.68,13.58,217.14,75.96,65.4,96.73,1711.69,19.02,4.19,189.02,2000.0
WTG_26,127,9.12,15.1,168.71,74.15,61.47,92.55,1166.43,12.96,0.0,187.45,1671.27
WTG_26,128,5.65,22.45,176.18,63.84,60.32,76.3,704.25,7.82,0.0,185.93,364.57
WTG_26,129,7.9,23.82,198.93,69.55,61.4,89.45,987.84,10.98,0.0,187.05,1064.0
WTG_26,130,13.83,14.94,194.73,76.81,63.76,98.06,1723.88,19.15,4.59,188.57,2000.0
WTG_26,131,5.52,21.91,180.65,64.36,60.96,75.03,698.17,7.76,0.0,185.01,388.68
WTG_26,132,9.58,19.3,189.53,76.05,61.59,101.43,1174.73,13.05,0.0,185.57,1932.23
WTG_26,133,8.86,16.74,183.93,74.31,61.73,92.02,1093.99,12.16,0.0,187.54,1552.54
WTG_26,134,10.16,19.37,196.52,76.89,64.13,101.79,1296.8,14.41,0.0,187.1,2000.0
WTG_26,135,5.35,18.07,170.46,64.38,60.39,70.45,662.57,7.36,0.0,186.43,327.22
WTG_26,136,12.98,11.92,164.01,76.45,65.04,95.58,1624.93,18.05,2.44,187.74,2000.0
WTG_26,137,13.25,20.92,216.24,77.13,65.39,103.57,1705.84,18.95,3.14,186.57,2000.0
WTG_26,138,11.79,24.8,211.62,76.72,64.28,107.33,1484.52,16.49,0.0,190.23,2000.0
WTG_26,139,12.18,19.5,187.27,76.29,63.43,105.3,1556.53,17.29,0.44,184.83,2000.0
WTG_26,140,6.1,24.36,180.12,64.58,61.85,80.07,765.59,8.51,0.0,182.83,514.93
WTG_26,141,8.46,25.74,171.15,71.39,62.35,99.02,1104.61,12.27,0.0,184.81,1334.71
WTG_26,142,9.38,16.06,197.34,76.06,62.69,95.95,1189.02,13.21,0.0,186.81,1811.15
WTG_26,143,9.06,17.41,204.27,73.8,62.79,92.91,1157.52,12.86,0.0,186.08,1649.75
WTG_26,144,8.33,18.45,199.63,70.96,61.47,89.04,1042.37,11.58,0.0,187.8,1268.35
WTG_26,145,5.5,13.5,188.09,65.24,60.42,68.09,687.89,7.64,0.0,184.17,364.85
WTG_26,146,8.56,17.36,215.81,73.73,63.02,89.07,1068.08,11.87,0.0,188.38,1375.83
WTG_26,147,7.56,13.97,210.19,69.67,62.82,77.05,939.25,10.44,0.0,188.02,943.31
WTG_26,148,7.08,12.08,193.02,68.37,61.92,72.61,880.73,9.79,0.0,186.81,785.18
WTG_26,149,7.22,20.03,214.15,69.05,60.69,80.47,919.4,10.22,0.0,186.17,813.98
WTG_26,150,9.51,18.73,218.17,75.86,63.65,99.49,1194.62,13.27,0.0,182.36,1895.01
WTG_26,151,8.9,20.2,217.34,73.96,63.64,96.28,1112.59,12.36,0.0,188.11,1564.52
WTG_26,152,12.31,17.35,237.91,77.05,64.78,101.22,1572.16,17.47,0.77,186.45,2000.0
WTG_26,153,8.25,16.29,195.17,72.06,61.86,86.92,1050.95,11.68,0.0,185.32,1231.22
WTG_26,154,9.43,13.36,171.61,76.25,64.75,96.16,1186.62,13.18,0.0,185.21,1816.27
WTG_26,155,8.53,22.71,211.91,72.61,62.83,94.86,1072.74,11.92,0.0,186.71,1363.02
WTG_26,156,4.92,14.21,194.36,64.06,62.05,66.39,654.15,7.27,0.0,185.21,266.69
WTG_26,157,10.31,20.77,195.18,77.7,63.64,105.52,1318.24,14.65,0.0,188.35,2000.0
WTG_26,158,7.96,17.26,194.44,71.7,63.18,85.06,1010.08,11.22,0.0,184.57,1108.83
WTG_26,159,8.32,19.39,196.36,72.28,61.46,91.8,1046.19,11.62,0.0,185.05,1273.47
WTG_26,160,8.9,20.07,214.51,74.94,63.7,97.5,1127.24,12.52,0.0,186.19,1522.73
WTG_26,161,9.3,22.11,208.0,76.7,63.22,102.98,1164.23,12.94,0.0,185.76,1746.07
WTG_26,162,11.16,14.6,215.23,77.64,64.14,98.98,1440.88,16.01,0.0,184.76,2000.0
WTG_26,163,6.72,18.83,202.28,67.2,62.0,76.33,838.16,9.31,0.0,186.86,655.34
WTG_26,164,6.21,20.35,206.24,64.96,62.11,80.11,755.68,8.4,0.0,184.49,560.23
WTG_26,165,13.17,20.44,196.27,78.66,65.11,104.48,1652.57,18.36,2.93,182.93,2000.0
WTG_26,166,12.34,13.56,191.19,77.68,66.12,96.97,1541.45,17.13,0.84,186.01,2000.0
WTG_26,167,11.85,27.05,179.15,77.64,65.1,111.74,1479.71,16.44,0.0,188.13,2000.0
WTG_26,168,11.46,16.36,177.89,78.95,64.66,101.72,1448.14,16.09,0.0,185.47,2000.0
WTG_26,169,10.85,24.91,185.74,79.06,64.13,111.25,1372.6,15.25,0.0,184.91,2000.0
WTG_26,170,11.27,18.17,169.54,77.91,65.61,104.99,1407.31,15.64,0.0,184.82,2000.0
WTG_26,171,9.36,11.96,195.99,76.54,62.43,92.68,1200.85,13.34,0.0,181.84,1797.12
WTG_26,172,5.11,25.81,188.66,64.25,62.49,79.25,663.79,7.38,0.0,183.67,286.13
WTG_26,173,6.72,13.97,212.95,68.03,62.59,74.8,871.31,9.68,0.0,185.81,680.49
WTG_26,174,7.68,15.78,199.91,71.1,63.18,81.55,980.69,10.9,0.0,185.86,983.8
WTG_26,175,9.46,10.27,219.95,77.9,63.95,92.01,1185.35,13.17,0.0,185.94,1863.47
WTG_26,176,9.15,23.21,179.75,78.09,63.32,102.44,1152.77,12.81,0.0,185.29,1683.62
WTG_26,177,10.37,10.66,198.98,79.74,64.28,96.3,1305.78,14.51,0.0,184.16,2000.0
WTG_26,178,8.8,18.48,207.22,74.8,62.32,97.0,1078.4,11.98,0.0,185.11,1527.75
WTG_26,179,9.67,13.21,169.98,79.1,63.64,98.08,1238.7,13.76,0.0,187.86,2000.0
WTG_26,180,5.76,12.13,202.53,66.2,62.03,65.71,731.8,8.13,0.0,183.96,418.63
WTG_26,181,6.82,24.68,211.01,66.66,63.33,85.68,858.66,9.54,0.0,184.47,676.15
WTG_26,182,12.39,13.74,211.6,78.76,65.81,99.45,1560.72,17.34,0.98,183.6,2000.0
WTG_26,183,11.83,23.24,191.1,80.69,66.26,108.29,1487.18,16.52,0.0,187.07,2000.0
WTG_26,184,5.55,16.88,195.97,66.4,63.76,71.47,692.15,7.69,0.0,181.0,360.6
WTG_26,185,5.99,19.19,184.45,66.81,61.84,76.74,737.99,8.2,0.0,183.83,472.47
WTG_26,186,9.16,19.58,181.29,75.89,64.64,99.3,1125.0,12.5,0.0,185.39,1698.76
WTG_26,187,10.64,17.81,221.61,80.35,65.03,103.09,1349.6,15.0,0.0,184.1,2000.0
WTG_26,188,7.79,11.55,207.0,72.22,64.56,80.55,993.72,11.04,0.0,183.18,1039.81
WTG_26,189,9.76,15.66,178.95,79.3,63.99,100.61,1193.64,13.26,0.0,181.47,2000.0
WTG_26,190,9.38,25.89,189.05,78.22,64.88,108.09,1170.18,13.0,0.0,184.61,1794.07
WTG_26,191,5.18,10.06,179.13,65.31,63.83,66.16,633.48,7.04,0.0,183.11,307.58
WTG_26,192,8.6,14.21,203.53,74.57,64.2,88.87,1098.96,12.21,0.0,186.14,1411.56
WTG_26,193,7.65,21.42,194.3,70.26,63.62,87.88,930.7,10.34,0.0,183.86,982.76
WTG_26,194,7.64,14.53,209.18,71.57,63.58,81.85,952.93,10.59,0.0,182.65,981.83
WTG_26,195,8.54,15.85,204.6,73.62,64.06,89.72,1084.98,12.06,0.0,185.72,1341.52
WTG_26,196,4.6,19.82,212.64,65.97,62.41,72.02,568.4,6.32,0.0,186.64,216.32
WTG_26,197,6.91,18.32,183.83,69.26,63.8,80.38,886.98,9.86,0.0,185.98,695.09
WTG_26,198,9.32,10.38,191.09,78.04,64.88,94.15,1164.74,12.94,0.0,187.93,1804.56
WTG_26,199,3.49,15.51,184.74,66.34,63.83,66.04,540.0,6.0,0.0,185.25,94.36
WTG_26,200,10.71,23.14,222.25,80.3,65.71,110.68,1320.37,14.67,0.0,181.61,2000.0
WTG_26,201,9.99,16.65,201.09,80.56,65.59,101.67,1292.97,14.37,0.0,183.07,2000.0
WTG_26,202,10.48,20.77,192.65,81.94,64.77,108.01,1306.92,14.52,0.0,183.79,2000.0
WTG_26,203,10.1,21.15,206.34,80.48,64.84,107.21,1245.83,13.84,0.0,181.09,2000.0
WTG_26,204,4.45,19.42,184.77,67.09,63.06,72.37,563.68,6.26,0.0,182.43,182.83
WTG_26,205,7.58,12.5,207.8,71.82,65.92,80.7,963.83,10.71,0.0,183.45,939.55
WTG_26,206,6.93,19.45,188.38,71.38,64.74,81.83,894.5,9.94,0.0,181.99,731.83
WTG_26,207,5.3,12.75,185.43,67.13,63.08,68.94,653.59,7.26,0.0,181.52,332.04
WTG_26,208,5.91,20.39,189.25,68.29,66.21,79.05,754.94,8.39,0.0,182.04,461.75
WTG_26,209,6.07,23.52,211.85,68.9,64.33,83.17,776.89,8.63,0.0,182.35,479.12
WTG_26,210,9.05,16.0,188.97,79.22,66.4,98.14,1129.81,12.55,0.0,180.37,1644.28
WTG_26,211,9.97,13.88,197.55,81.97,65.42,99.43,1257.79,13.98,0.0,180.43,2000.0
WTG_26,212,8.18,20.48,204.81,74.86,65.9,92.76,1050.87,11.68,0.0,181.87,1172.02
WTG_26,213,10.75,21.76,197.07,82.14,67.15,109.34,1364.39,15.16,0.0,184.15,2000.0
WTG_26,214,11.25,19.76,186.07,81.0,67.12,109.12,1398.58,15.54,0.0,178.42,2000.0
WTG_26,215,7.81,20.31,198.23,73.49,64.94,90.66,991.72,11.02,0.0,181.72,1027.42
WTG_26,216,6.86,14.29,210.36,70.93,65.43,79.15,861.19,9.57,0.0,183.68,725.07
WTG_26,217,10.13,19.68,196.85,82.2,67.14,108.19,1285.08,14.28,0.0,181.15,2000.0
WTG_26,218,10.04,21.01,209.82,82.3,66.23,110.93,1247.98,13.87,0.0,182.12,2000.0
WTG_26,219,8.24,20.78,192.6,75.37,65.94,93.25,1043.22,11.59,0.0,181.06,1226.58
WTG_26,220,9.43,19.34,223.76,80.04,67.18,107.23,1225.92,13.62,0.0,184.29,1834.22
WTG_26,221,9.82,14.27,180.58,81.98,67.59,104.2,1213.41,13.48,0.0,182.25,2000.0
WTG_26,222,10.42,21.11,185.55,82.45,67.78,111.15,1334.16,14.82,0.0,182.67,2000.0
WTG_26,223,10.43,21.59,232.28,82.47,67.26,111.7,1323.92,14.71,0.0,181.44,2000.0
WTG_26,224,7.79,20.71,225.15,74.47,66.36,90.78,977.51,10.86,0.0,178.97,1019.37
WTG_26,225,6.03,20.34,199.03,70.29,65.9,82.01,736.96,8.19,0.0,180.72,512.4
WTG_26,226,3.68,17.55,219.33,66.72,65.98,71.29,540.0,6.0,0.0,177.64,93.36
WTG_26,227,6.43,10.74,198.36,70.13,66.77,72.21,850.52,9.45,0.0,180.89,586.43
WTG_26,228,5.86,23.42,199.5,69.73,65.16,81.34,726.04,8.07,0.0,180.78,439.37
WTG_26,229,10.6,22.44,233.0,83.5,67.82,110.68,1356.44,15.07,0.0,180.89,2000.0
WTG_26,230,5.62,17.42,197.71,69.73,65.26,76.04,710.71,7.9,0.0,179.57,393.39
WTG_26,231,9.59,18.81,182.37,81.99,68.18,107.7,1208.8,13.43,0.0,179.69,1934.01
WTG_26,232,8.44,10.14,208.98,77.62,67.36,87.31,1064.94,11.83,0.0,182.05,1301.8
WTG_26,233,10.73,19.89,191.79,83.19,69.03,109.62,1345.62,14.95,0.0,178.71,2000.0
WTG_26,234,9.63,15.5,196.43,82.45,69.32,102.71,1236.33,13.74,0.0,178.84,1950.28
WTG_26,235,9.59,25.53,186.38,83.95,67.92,113.78,1204.36,13.38,0.0,179.36,1931.25
WTG_26,236,10.48,24.1,187.92,83.58,67.84,113.78,1338.02,14.87,0.0,178.0,2000.0
WTG_26,237,7.41,21.51,211.16,73.78,66.6,92.33,924.43,10.27,0.0,177.84,866.2
WTG_26,238,10.7,22.1,206.59,84.42,69.45,114.95,1334.35,14.83,0.0,177.49,2000.0
WTG_26,239,10.28,20.36,204.86,83.8,68.47,110.0,1307.79,14.53,0.0,176.08,2000.0
WTG_26,240,6.28,27.01,196.3,71.55,67.92,90.51,816.36,9.07,0.0,178.34,543.51
WTG_26,241,9.04,16.02,224.79,81.95,68.82,100.41,1127.38,12.53,0.0,177.36,1631.74
WTG_26,242,7.61,21.94,180.48,77.07,67.54,93.59,996.35,11.07,0.0,177.19,968.29
WTG_26,243,5.63,21.76,203.18,70.16,67.12,81.97,736.24,8.18,0.0,178.91,399.04
WTG_26,244,6.94,16.81,205.35,74.91,68.11,85.52,853.78,9.49,0.0,176.38,732.12
WTG_26,245,8.17,14.55,212.18,78.59,68.66,90.86,999.99,11.11,0.0,180.04,1208.0
WTG_26,246,7.71,18.3,210.52,76.66,68.77,91.44,951.98,10.58,0.0,178.0,1031.98
WTG_26,247,9.49,17.99,213.33,82.74,68.62,107.42,1195.21,13.28,0.0,180.95,1869.1
WTG_26,248,9.21,13.38,201.78,83.53,69.45,101.78,1163.21,12.92,0.0,175.79,1736.75
WTG_26,249,8.63,23.74,196.01,80.3,68.47,103.29,1059.28,11.77,0.0,175.44,1404.0
WTG_26,250,10.63,27.14,203.73,82.85,70.12,120.0,1335.94,14.84,0.0,177.65,2000.0
WTG_26,251,10.2,17.12,176.79,85.08,70.25,110.07,1273.32,14.15,0.0,177.8,2000.0
WTG_26,252,11.31,20.64,226.15,85.86,71.55,113.52,1439.42,15.99,0.0,178.47,2000.0
WTG_26,253,8.71,14.34,226.69,79.91,70.31,94.34,1122.69,12.47,0.0,179.32,1425.08
WTG_26,254,13.63,12.35,216.21,83.9,72.21,105.45,1707.57,18.97,4.08,176.12,2000.0
WTG_26,255,12.67,26.25,202.64,86.66,71.32,119.15,1575.41,17.5,1.68,175.6,2000.0
WTG_26,256,7.41,20.3,203.21,75.81,69.71,92.18,903.56,10.04,0.0,175.11,898.45
WTG_26,257,7.4,11.25,214.88,76.69,69.48,83.39,962.24,10.69,0.0,174.48,901.21
WTG_26,258,11.92,16.03,205.41,85.88,73.46,108.84,1534.9,17.05,0.0,177.5,2000.0
WTG_26,259,8.09,22.41,215.5,78.4,69.43,99.63,1066.28,11.85,0.0,177.25,1141.87
WTG_26,260,4.44,19.97,207.07,70.47,70.46,77.48,556.95,6.19,0.0,175.65,189.44
WTG_26,261,9.82,19.77,222.16,85.32,71.7,112.91,1240.69,13.79,0.0,174.32,2000.0
WTG_26,262,10.94,15.47,146.64,87.51,72.05,109.63,1389.12,15.43,0.0,176.65,2000.0
WTG_26,263,7.65,25.28,206.62,78.68,69.91,101.31,956.78,10.63,0.0,174.24,997.95
WTG_26,264,10.17,11.65,208.14,85.55,70.62,106.12,1268.41,14.09,0.0,175.85,2000.0
WTG_26,265,10.29,14.87,206.49,88.36,71.29,110.05,1303.48,14.48,0.0,173.65,2000.0
WTG_26,266,5.75,13.8,210.23,72.01,69.82,77.98,723.76,8.04,0.0,171.31,427.59
WTG_26,267,7.51,16.26,234.64,77.95,72.28,93.0,934.19,10.38,0.0,173.75,919.96
WTG_26,268,6.48,19.13,198.26,75.27,70.41,88.03,849.45,9.44,0.0,173.73,623.98
WTG_26,269,9.24,15.38,222.11,84.42,71.84,105.86,1192.0,13.24,0.0,174.99,1751.35
WTG_26,270,6.97,15.13,204.06,78.73,71.36,87.65,868.84,9.65,0.0,175.64,768.77
WTG_26,271,8.94,20.95,178.58,83.23,72.62,107.31,1131.18,12.57,0.0,171.55,1574.54
WTG_26,272,11.01,19.03,207.65,86.78,73.35,113.28,1383.78,15.38,0.0,173.04,2000.0
WTG_26,273,10.3,17.09,211.78,87.29,72.03,112.37,1312.02,14.58,0.0,176.3,2000.0
WTG_26,274,6.5,14.22,173.44,75.84,70.29,83.05,811.26,9.01,0.0,171.45,600.94
WTG_26,275,7.03,18.5,206.47,78.52,69.57,91.95,871.27,9.68,0.0,175.71,747.75
WTG_26,276,7.92,14.98,243.72,80.48,71.38,93.3,1008.26,11.2,0.0,171.57,1068.4
WTG_26,277,12.04,20.32,217.83,87.01,73.13,117.17,1494.26,16.6,0.1,172.09,2000.0
WTG_26,278,8.14,22.27,223.48,81.65,72.41,103.08,1040.69,11.56,0.0,171.29,1185.16
WTG_26,279,3.23,17.97,235.25,73.26,71.83,79.55,540.0,6.0,0.0,171.54,72.71
WTG_26,280,6.21,22.34,226.1,77.87,71.3,91.84,781.32,8.68,0.0,169.54,526.24
WTG_26,281,8.86,17.77,195.14,83.82,72.16,106.24,1098.16,12.2,0.0,172.57,1519.8
WTG_26,282,10.66,26.71,216.39,88.73,75.39,124.65,1337.21,14.86,0.0,175.0,2000.0
WTG_26,283,6.52,16.95,213.77,78.53,72.86,87.63,844.62,9.38,0.0,168.37,595.39
WTG_26,284,14.03,17.38,195.53,89.43,75.69,115.62,1756.52,19.52,5.07,170.74,2000.0
WTG_26,285,4.89,21.05,196.92,75.44,71.25,85.82,609.16,6.77,0.0,172.65,246.25
WTG_26,286,12.33,14.14,215.04,89.35,74.74,112.97,1565.79,17.4,0.81,171.91,2000.0
WTG_26,287,8.51,15.73,197.23,84.74,73.56,99.0,1030.0,11.44,0.0,172.63,1341.79
WTG_26,288,5.81,19.33,236.89,78.24,71.98,88.75,728.54,8.09,0.0,168.53,441.23
WTG_26,289,6.92,16.38,193.62,80.11,73.72,92.21,860.35,9.56,0.0,169.84,720.79
WTG_26,290,9.43,26.19,203.92,89.18,73.96,122.11,1222.21,13.58,0.0,167.39,1862.78
WTG_26,291,9.18,27.06,204.45,89.08,74.14,120.32,1169.07,12.99,0.0,167.66,1697.26
WTG_26,292,12.48,18.17,216.89,89.7,77.05,117.7,1582.2,17.58,1.21,170.0,2000.0
WTG_26,293,10.88,17.21,201.4,90.98,74.78,115.46,1344.22,14.94,0.0,169.0,2000.0
WTG_26,294,9.5,22.75,217.98,89.97,75.34,121.21,1173.6,13.04,0.0,170.98,1888.96
WTG_26,295,12.36,18.73,219.33,90.34,76.15,118.97,1560.4,17.34,0.9,169.4,2000.0
WTG_26,296,10.24,21.21,231.52,90.35,76.48,120.5,1298.13,14.42,0.0,167.45,2000.0
WTG_26,297,7.98,19.68,212.27,83.44,74.59,101.41,1032.17,11.47,0.0,169.36,1111.19
WTG_26,298,10.95,15.23,201.27,91.09,77.01,116.46,1385.52,15.39,0.0,167.51,2000.0
WTG_26,299,4.93,17.62,204.81,78.29,73.09,84.65,610.2,6.78,0.0,168.18,269.18
WTG_26,300,9.44,18.85,210.06,91.27,75.73,116.28,1193.17,13.26,0.0,167.96,1849.41
WTG_26,301,13.08,14.96,188.23,91.95,79.19,115.68,1640.3,18.23,2.69,166.87,2000.0
WTG_26,302,10.99,20.52,235.49,92.89,78.38,121.33,1375.32,15.28,0.0,169.27,2000.0
WTG_26,303,11.31,22.42,201.31,91.88,78.05,124.08,1424.17,15.82,0.0,167.07,2000.0
WTG_26,304,8.97,17.89,211.82,89.52,77.06,110.26,1129.48,12.55,0.0,165.06,1574.44
WTG_26,305,5.54,16.79,208.13,77.54,75.6,87.03,680.4,7.56,0.0,165.3,394.15
WTG_26,306,8.6,13.24,209.52,87.92,78.21,105.01,1056.96,11.74,0.0,167.26,1398.55
WTG_26,307,12.73,13.4,200.41,93.71,79.26,116.82,1622.79,18.03,1.82,165.99,2000.0
WTG_26,308,8.01,21.83,194.84,86.52,77.55,107.34,997.84,11.09,0.0,164.6,1107.41
WTG_26,309,6.15,19.51,214.38,83.47,76.17,94.84,783.46,8.71,0.0,165.55,504.67
WTG_26,310,8.96,15.16,187.07,92.07,78.04,109.99,1109.22,12.32,0.0,165.48,1576.15
WTG_26,311,8.34,21.03,243.52,88.4,77.77,112.24,1025.85,11.4,0.0,164.75,1277.74
WTG_26,312,3.98,23.23,226.32,78.86,77.09,91.63,540.0,6.0,0.0,166.02,137.88
WTG_26,313,7.65,22.8,231.0,86.66,78.26,108.12,952.49,10.58,0.0,166.11,960.73
WTG_26,314,10.46,12.55,222.42,94.36,78.61,116.11,1322.04,14.69,0.0,166.47,2000.0
WTG_26,315,5.61,21.22,221.97,82.4,78.58,94.1,735.18,8.17,0.0,165.59,363.98
WTG_26,316,8.24,21.07,200.52,89.46,78.27,112.44,1027.84,11.42,0.0,165.17,1240.18
WTG_26,317,4.44,15.35,237.59,82.21,76.42,83.69,546.66,6.07,0.0,158.95,165.28
WTG_26,318,8.3,22.7,215.01,88.6,79.83,114.65,1064.19,11.82,0.0,164.89,1253.3
WTG_26,319,6.12,14.93,218.26,83.9,78.56,90.36,739.76,8.22,0.0,163.0,490.14
WTG_26,320,10.53,24.44,223.75,95.87,81.39,131.31,1292.09,14.36,0.0,161.83,2000.0
WTG_26,321,7.84,16.35,224.7,88.69,79.19,105.87,990.76,11.01,0.0,161.51,1057.33
WTG_26,322,9.25,15.54,224.17,94.7,81.27,117.47,1199.86,13.33,0.0,160.3,1746.57
WTG_26,323,7.76,13.73,212.06,89.06,80.82,103.74,957.07,10.63,0.0,162.37,1046.26
WTG_26,324,10.64,15.47,195.1,98.7,81.83,121.14,1360.38,15.12,0.0,160.85,2000.0
WTG_26,325,6.0,17.18,191.79,84.39,80.01,94.53,738.23,8.2,0.0,161.03,487.41
WTG_26,326,8.45,19.25,212.63,91.21,80.33,112.46,1052.09,11.69,0.0,159.19,1342.86
WTG_26,327,8.62,10.83,222.1,91.84,81.18,107.81,1107.8,12.31,0.0,161.63,1427.72
WTG_26,328,9.0,14.9,221.05,95.44,82.75,115.11,1145.06,12.72,0.0,158.47,1614.0
WTG_26,329,9.1,14.52,222.6,94.63,82.4,119.15,1167.96,12.98,0.0,159.03,1667.98
WTG_26,330,8.69,18.03,218.01,95.79,81.07,116.03,1082.83,12.03,0.0,159.22,1462.68
WTG_26,331,6.8,24.32,216.5,88.27,81.27,108.82,853.07,9.48,0.0,159.86,676.2
WTG_26,332,11.44,18.23,230.47,98.13,84.06,126.27,1449.86,16.11,0.0,158.8,2000.0
WTG_26,333,11.12,16.58,204.79,99.73,84.16,125.73,1426.79,15.85,0.0,158.14,2000.0
WTG_26,334,13.26,21.66,208.59,99.9,85.91,129.33,1650.34,18.34,3.16,154.9,2000.0
WTG_26,335,5.25,26.01,222.78,86.15,81.09,102.72,656.4,7.29,0.0,158.25,296.91
WTG_26,336,3.04,22.13,194.1,83.94,81.13,95.96,540.0,6.0,0.0,158.93,26.18
WTG_26,337,11.82,17.68,230.12,101.73,85.33,126.57,1472.13,16.36,0.0,157.96,2000.0
WTG_26,338,7.12,21.06,207.6,91.9,84.04,108.4,893.97,9.93,0.0,154.71,793.23
WTG_26,339,7.24,20.52,195.65,90.42,82.3,109.08,948.77,10.54,0.0,155.3,809.16
WTG_26,340,9.75,19.61,222.2,102.3,83.93,129.81,1205.93,13.4,0.0,155.9,2000.0
WTG_26,341,9.82,15.39,217.59,101.89,83.81,126.89,1241.94,13.8,0.0,155.19,2000.0
WTG_26,342,5.44,22.91,194.69,88.08,82.73,105.8,656.3,7.29,0.0,155.02,344.86
WTG_26,343,6.01,20.29,189.16,90.75,82.75,106.22,729.07,8.1,0.0,154.45,495.6
WTG_26,344,5.62,19.78,207.57,88.37,84.08,102.15,696.11,7.73,0.0,154.93,377.7
WTG_26,345,12.49,16.84,223.13,101.77,87.16,129.38,1593.63,17.71,1.22,158.36,2000.0
WTG_26,346,9.1,11.78,241.02,98.74,85.94,118.96,1134.47,12.61,0.0,152.66,1658.6
WTG_26,347,11.66,23.16,224.94,102.29,86.68,136.92,1459.35,16.22,0.0,155.14,2000.0
WTG_26,348,8.97,21.02,215.13,99.0,86.33,126.05,1121.56,12.46,0.0,151.93,1568.58
WTG_26,349,10.46,21.05,210.59,103.94,88.85,135.4,1337.61,14.86,0.0,151.05,2000.0
WTG_26,350,9.19,22.72,193.01,101.5,86.26,130.3,1130.71,12.56,0.0,153.34,1738.56
WTG_26,351,9.02,16.64,237.72,100.02,87.12,123.97,1119.41,12.44,0.0,152.31,1616.96
WTG_26,352,4.43,18.29,243.14,91.08,84.49,98.13,540.0,6.0,0.0,154.27,189.99
WTG_26,353,8.42,20.01,213.94,97.47,87.57,124.85,1064.72,11.83,0.0,151.94,1346.61
WTG_26,354,11.13,21.08,218.14,103.98,87.75,135.36,1431.05,15.9,0.0,152.74,2000.0
WTG_26,355,9.49,22.65,230.44,104.81,88.98,135.55,1175.34,13.06,0.0,151.48,1882.73
WTG_26,356,12.69,16.2,214.98,104.98,89.21,131.58,1585.99,17.62,1.73,149.93,2000.0
WTG_26,357,7.85,16.52,205.85,97.39,87.31,114.25,992.54,11.03,0.0,151.37,1085.43
WTG_26,358,10.69,14.66,233.82,104.61,89.33,131.23,1366.35,15.18,0.0,149.26,2000.0
WTG_26,359,10.75,14.52,213.44,105.47,90.05,130.16,1340.58,14.9,0.0,151.45,2000.0
WTG_26,360,10.63,15.41,211.37,105.12,89.75,131.42,1350.93,15.01,0.0,148.08,2000.0
WTG_26,361,4.61,9.05,220.64,92.96,88.26,92.37,594.04,6.6,0.0,146.86,195.36
WTG_26,362,9.66,17.05,218.06,107.06,89.53,136.46,1219.25,13.55,0.0,148.85,1997.83
WTG_26,363,5.08,24.47,217.31,93.04,88.61,108.61,639.19,7.1,0.0,148.54,273.08
WTG_26,364,9.68,12.93,218.1,107.6,90.56,131.52,1218.53,13.54,0.0,147.31,1992.91
WTG_26,365,12.83,12.82,178.35,107.83,91.84,132.54,1587.25,17.64,2.08,147.27,2000.0
WTG_26,366,8.11,19.04,209.05,100.8,90.58,122.45,1035.0,11.5,0.0,147.44,1146.16
WTG_26,367,12.17,18.74,228.36,108.75,92.1,139.69,1575.76,17.51,0.42,148.8,2000.0
WTG_26,368,11.15,26.19,217.47,109.09,94.45,148.18,1409.03,15.66,0.0,146.18,2000.0
WTG_26,369,5.89,21.01,225.21,97.12,90.05,113.18,754.92,8.39,0.0,141.51,451.7
WTG_26,370,9.75,22.67,204.39,108.55,91.14,141.68,1243.64,13.82,0.0,145.41,2000.0
WTG_26,371,13.63,14.89,194.08,108.72,94.42,137.57,1737.79,19.31,4.07,143.99,2000.0
WTG_26,372,3.9,25.33,218.21,94.81,90.27,109.56,540.0,6.0,0.0,145.03,118.83
WTG_26,373,8.36,16.83,221.31,104.49,92.07,126.2,1062.41,11.8,0.0,141.7,1289.56
WTG_26,374,9.52,18.65,200.45,109.39,93.79,138.04,1189.16,13.21,0.0,143.18,1912.56
WTG_26,375,7.63,19.7,210.7,102.97,92.88,121.45,965.81,10.73,0.0,141.86,954.18
WTG_27,1,8.7,23.6,181.11,73.15,66.08,94.85,1111.22,12.35,0.0,190.26,1431.45
WTG_27,2,8.33,17.67,172.46,71.63,67.04,87.16,1034.2,11.49,0.0,190.1,1294.18
WTG_27,3,10.38,16.57,200.64,77.38,66.32,98.01,1309.75,14.55,0.0,193.07,2000.0
WTG_27,4,9.26,16.47,172.02,74.66,66.07,92.96,1168.91,12.99,0.0,186.48,1738.9
WTG_27,5,10.32,19.93,179.45,77.82,66.19,103.19,1298.84,14.43,0.0,190.66,2000.0
WTG_27,6,8.16,18.75,185.9,70.51,65.47,84.93,994.77,11.05,0.0,190.01,1191.39
WTG_27,7,8.53,10.23,196.94,72.49,65.54,79.44,1081.66,12.02,0.0,188.65,1350.68
WTG_27,8,6.28,10.34,200.04,65.15,63.87,66.1,830.8,9.23,0.0,191.4,536.82
WTG_27,9,10.99,21.3,193.93,78.01,66.42,104.26,1376.12,15.29,0.0,189.54,2000.0
WTG_27,10,9.86,19.93,180.36,76.66,66.08,101.99,1277.69,14.2,0.0,187.92,2000.0
WTG_27,11,13.24,19.52,170.2,76.13,68.79,100.81,1675.91,18.62,3.1,191.49,2000.0
WTG_27,12,4.5,21.44,171.49,62.29,63.09,70.52,607.88,6.75,0.0,191.34,188.87
WTG_27,13,6.61,20.21,179.36,68.48,64.57,76.03,816.13,9.07,0.0,190.93,636.29
WTG_27,14,10.76,16.13,187.59,77.31,65.87,98.53,1316.18,14.62,0.0,190.2,2000.0
WTG_27,15,8.31,19.81,178.71,72.16,65.52,86.7,1053.12,11.7,0.0,190.27,1256.91
WTG_27,16,9.64,14.1,201.53,76.04,66.26,95.95,1207.49,13.42,0.0,187.67,1956.29
WTG_27,17,10.2,20.85,178.96,77.04,66.4,106.14,1296.61,14.41,0.0,190.81,2000.0
WTG_27,18,8.59,13.93,175.83,73.84,65.28,85.13,1107.21,12.3,0.0,188.01,1412.41
WTG_27,19,10.82,23.14,178.4,78.38,65.76,104.63,1347.09,14.97,0.0,187.49,2000.0
WTG_27,20,10.44,29.57,192.95,75.81,67.02,111.52,1288.26,14.31,0.0,190.25,2000.0
WTG_27,21,9.06,21.97,181.85,73.96,65.89,97.9,1158.33,12.87,0.0,189.36,1638.98
WTG_27,22,7.73,25.59,210.31,69.65,65.19,89.92,958.59,10.65,0.0,189.3,993.38
WTG_27,23,14.37,24.65,206.57,76.67,68.33,107.88,1788.53,19.87,5.93,189.16,2000.0
WTG_27,24,9.79,23.36,202.54,76.5,63.6,106.12,1208.02,13.42,0.0,187.04,2000.0
WTG_27,25,5.99,10.56,197.81,66.52,63.78,66.01,764.51,8.49,0.0,189.79,510.21
WTG_27,26,9.36,15.1,192.85,75.74,66.16,92.54,1171.08,13.01,0.0,190.34,1793.98
WTG_27,27,5.59,15.92,174.19,65.36,64.7,70.37,718.31,7.98,0.0,187.35,389.11
WTG_27,28,7.46,12.3,190.1,69.0,65.71,72.61,945.61,10.51,0.0,189.75,901.77
WTG_27,29,9.47,13.68,168.35,77.24,66.05,94.45,1188.17,13.2,0.0,191.27,1869.81
WTG_27,30,12.94,18.4,155.34,77.43,68.83,101.58,1657.61,18.42,2.35,190.77,2000.0
WTG_27,31,9.4,12.08,185.2,76.17,64.8,92.54,1214.62,13.5,0.0,189.9,1839.79
WTG_27,32,9.66,16.68,194.09,78.56,66.65,99.31,1236.62,13.74,0.0,189.34,1987.22
WTG_27,33,8.04,10.61,168.31,70.75,65.78,77.45,1010.86,11.23,0.0,188.8,1148.69
WTG_27,34,7.29,20.01,166.7,67.65,64.41,81.17,914.43,10.16,0.0,190.07,861.79
WTG_27,35,10.05,18.2,181.96,76.85,66.73,100.72,1259.96,14.0,0.0,189.53,2000.0
WTG_27,36,9.51,14.6,197.22,76.96,65.46,93.97,1209.04,13.43,0.0,190.22,1883.87
WTG_27,37,8.62,17.49,199.3,72.15,65.4,89.89,1098.52,12.21,0.0,191.43,1422.46
WTG_27,38,8.88,13.11,193.4,74.2,64.62,87.86,1131.35,12.57,0.0,190.51,1539.16
WTG_27,39,7.26,23.47,160.68,70.04,64.07,84.9,917.75,10.2,0.0,189.59,861.96
WTG_27,40,9.03,18.48,190.58,73.45,65.21,95.03,1179.06,13.1,0.0,188.12,1640.68
WTG_27,41,6.27,16.35,196.58,64.26,65.11,72.08,807.28,8.97,0.0,189.99,528.84
WTG_27,42,8.66,17.95,186.26,71.5,66.14,89.35,1081.74,12.02,0.0,186.85,1450.05
WTG_27,43,10.1,20.35,180.65,78.52,65.33,103.72,1282.26,14.25,0.0,189.86,2000.0
WTG_27,44,9.21,11.37,212.53,76.32,65.51,87.98,1181.23,13.12,0.0,187.88,1704.58
WTG_27,45,8.51,17.87,172.92,73.14,64.28,87.3,1085.63,12.06,0.0,190.11,1379.78
WTG_27,46,11.47,17.05,186.11,77.88,66.96,100.58,1446.07,16.07,0.0,188.16,2000.0
WTG_27,47,4.79,17.93,178.15,64.15,63.53,69.61,592.64,6.58,0.0,189.38,229.27
WTG_27,48,7.35,21.76,214.85,67.6,64.62,82.29,916.58,10.18,0.0,190.44,884.99
WTG_27,49,8.47,15.34,200.46,72.97,65.97,87.36,1046.38,11.63,0.0,191.06,1370.21
WTG_27,50,4.55,11.49,169.98,62.22,62.83,60.21,565.26,6.28,0.0,189.89,227.46
WTG_27,51,10.33,13.97,208.88,77.66,65.21,96.4,1311.49,14.57,0.0,189.86,2000.0
WTG_27,52,11.03,21.1,207.0,78.48,67.74,104.26,1394.86,15.5,0.0,192.23,2000.0
WTG_27,53,9.7,16.29,177.31,76.57,67.56,97.98,1197.29,13.3,0.0,191.38,2000.0
WTG_27,54,5.32,16.25,182.15,64.95,65.06,67.77,664.07,7.38,0.0,189.44,329.79
WTG_27,55,6.46,17.52,164.25,67.99,64.66,75.41,810.02,9.0,0.0,188.87,628.83
WTG_27,56,6.91,14.73,182.61,67.71,65.34,73.32,889.41,9.88,0.0,188.73,708.93
WTG_27,57,10.06,18.77,196.69,77.91,66.62,101.83,1289.39,14.33,0.0,190.48,2000.0
WTG_27,58,8.16,13.79,162.68,71.41,65.43,81.11,1046.78,11.63,0.0,191.33,1194.55
WTG_27,59,8.25,20.92,184.47,72.26,64.5,89.64,999.37,11.1,0.0,190.22,1224.47
WTG_27,60,9.24,18.73,195.46,76.21,67.09,94.71,1169.11,12.99,0.0,188.98,1717.76
WTG_27,61,13.06,15.77,193.73,77.37,66.33,99.0,1643.61,18.26,2.65,191.4,2000.0
WTG_27,62,10.04,14.86,182.12,78.22,66.03,97.98,1269.24,14.1,0.0,188.64,2000.0
WTG_27,63,13.09,10.44,214.29,76.34,67.81,93.47,1621.81,18.02,2.71,188.78,2000.0
WTG_27,64,5.63,21.8,182.54,65.2,63.9,74.28,710.36,7.89,0.0,188.61,377.61
WTG_27,65,10.12,17.26,160.27,76.8,67.18,98.86,1281.84,14.24,0.0,190.39,2000.0
WTG_27,66,13.27,25.86,170.33,76.86,67.87,109.5,1686.45,18.74,3.18,189.5,2000.0
WTG_27,67,5.27,12.81,198.0,63.22,63.53,63.54,672.58,7.47,0.0,187.8,328.89
WTG_27,68,9.3,15.07,183.35,74.68,65.15,93.42,1157.68,12.86,0.0,188.3,1754.31
WTG_27,69,9.38,22.62,187.52,76.95,65.78,100.87,1157.9,12.87,0.0,188.82,1805.75
WTG_27,70,12.49,22.05,185.38,77.11,67.97,104.79,1570.39,17.45,1.23,187.86,2000.0
WTG_27,71,11.28,14.4,160.0,77.08,68.2,97.97,1440.91,16.01,0.0,186.4,2000.0
WTG_27,72,7.01,23.25,219.85,67.4,65.09,82.54,882.1,9.8,0.0,187.15,771.11
WTG_27,73,8.57,29.56,181.04,72.69,65.02,101.25,1082.59,12.03,0.0,190.39,1392.84
WTG_27,74,9.28,15.63,182.72,76.01,65.88,92.94,1155.13,12.83,0.0,187.71,1765.15
WTG_27,75,8.67,9.71,194.56,71.8,65.62,81.9,1087.78,12.09,0.0,191.72,1419.56
WTG_27,76,7.68,23.56,189.81,70.32,65.43,87.45,971.04,10.79,0.0,187.67,1024.62
WTG_27,77,10.12,19.61,184.4,77.31,66.87,102.32,1270.45,14.12,0.0,187.66,2000.0
WTG_27,78,9.2,26.73,218.44,74.79,65.43,103.48,1140.4,12.67,0.0,187.18,1697.02
WTG_27,79,9.77,14.73,188.06,76.54,65.74,96.31,1224.66,13.61,0.0,187.68,2000.0
WTG_27,80,5.87,18.8,159.78,67.01,63.68,72.61,760.09,8.45,0.0,188.85,461.23
WTG_27,81,6.56,14.67,206.26,66.93,65.16,69.96,842.4,9.36,0.0,189.1,610.71
WTG_27,82,11.18,7.38,182.84,77.24,67.11,90.18,1409.87,15.67,0.0,185.91,2000.0
WTG_27,83,8.04,11.69,189.94,69.06,65.1,78.51,997.01,11.08,0.0,186.91,1150.79
WTG_27,84,10.38,21.13,191.41,77.17,66.58,105.45,1291.71,14.35,0.0,190.08,2000.0
WTG_27,85,4.09,17.57,191.45,63.64,63.76,64.49,540.0,6.0,0.0,190.27,144.14
WTG_27,86,8.74,22.92,164.74,72.6,66.29,96.32,1092.34,12.14,0.0,192.42,1441.99
WTG_27,87,7.25,25.08,205.51,68.1,65.58,84.73,907.5,10.08,0.0,188.25,840.12
WTG_27,88,9.43,18.61,189.85,76.08,64.55,99.09,1167.41,12.97,0.0,190.59,1826.43
WTG_27,89,10.28,18.12,184.41,77.96,67.45,100.97,1263.57,14.04,0.0,189.08,2000.0
WTG_27,90,6.85,19.95,197.21,67.27,64.02,79.9,887.6,9.86,0.0,188.69,722.19
WTG_27,91,8.01,16.79,218.22,72.18,65.68,83.14,1018.23,11.31,0.0,187.36,1144.49
WTG_27,92,7.9,19.19,196.98,70.21,65.08,85.9,989.07,10.99,0.0,191.04,1072.67
WTG_27,93,10.06,15.83,192.14,78.1,66.78,98.78,1287.01,14.3,0.0,190.02,2000.0
WTG_27,94,5.57,16.1,206.48,64.64,64.64,68.04,699.93,7.78,0.0,189.5,392.63
WTG_27,95,5.47,23.5,201.14,64.8,64.28,72.83,704.32,7.83,0.0,188.11,353.24
WTG_27,96,8.15,18.62,183.99,72.2,65.86,86.51,1037.67,11.53,0.0,187.66,1183.77
WTG_27,97,10.91,22.27,205.71,78.03,65.44,106.06,1371.59,15.24,0.0,188.73,2000.0
WTG_27,98,9.17,14.11,164.61,75.5,66.33,90.5,1166.57,12.96,0.0,189.15,1710.4
WTG_27,99,9.8,23.2,191.24,78.38,66.63,106.08,1210.92,13.45,0.0,187.11,2000.0
WTG_27,100,9.08,16.33,202.65,75.17,65.75,92.07,1133.06,12.59,0.0,188.61,1630.2
WTG_27,101,11.2,13.19,188.85,77.29,68.04,95.67,1398.76,15.54,0.0,189.28,2000.0
WTG_27,102,12.73,19.1,161.89,76.49,68.08,102.11,1616.38,17.96,1.81,188.84,2000.0
WTG_27,103,9.4,15.95,194.75,76.32,65.73,96.27,1199.0,13.32,0.0,190.79,1823.95
WTG_27,104,8.38,19.91,182.6,72.13,66.3,89.71,1051.81,11.69,0.0,186.2,1315.88
WTG_27,105,11.49,23.78,183.96,79.1,67.11,106.3,1468.34,16.31,0.0,187.52,2000.0
WTG_27,106,13.18,17.93,209.53,77.23,69.15,100.69,1656.54,18.41,2.94,189.67,2000.0
WTG_27,107,5.62,17.08,195.25,63.4,64.68,69.91,703.58,7.82,0.0,187.32,381.82
WTG_27,108,9.63,22.9,172.62,77.48,65.7,106.17,1182.85,13.14,0.0,187.37,1942.09
WTG_27,109,9.55,14.31,185.25,78.0,66.77,95.91,1186.15,13.18,0.0,186.23,1925.42
WTG_27,110,7.16,25.11,187.95,68.87,65.2,86.94,895.58,9.95,0.0,191.17,828.73
WTG_27,111,6.2,12.86,181.67,67.54,64.49,68.23,782.22,8.69,0.0,190.63,533.14
WTG_27,112,9.82,16.86,188.36,79.55,66.79,100.6,1261.49,14.02,0.0,190.19,2000.0
WTG_27,113,5.36,16.94,181.66,66.25,64.79,68.51,682.29,7.58,0.0,188.59,321.42
WTG_27,114,10.92,12.32,179.63,79.2,67.1,95.57,1389.58,15.44,0.0,187.94,2000.0
WTG_27,115,10.68,19.48,187.43,77.89,66.78,101.99,1361.7,15.13,0.0,189.05,2000.0
WTG_27,116,5.87,14.29,190.04,67.14,65.21,68.62,718.65,7.99,0.0,187.14,455.12
WTG_27,117,7.62,14.36,210.0,70.67,64.52,78.33,965.89,10.73,0.0,191.91,969.0
WTG_27,118,10.07,10.39,185.19,77.04,66.92,93.47,1266.67,14.07,0.0,188.96,2000.0
WTG_27,119,10.93,20.4,197.31,77.56,68.73,104.36,1333.43,14.82,0.0,188.01,2000.0
WTG_27,120,10.51,14.97,193.1,80.05,67.38,98.68,1341.55,14.91,0.0,191.5,2000.0
WTG_27,121,7.63,28.55,189.06,69.14,65.67,92.19,962.05,10.69,0.0,189.48,981.35
WTG_27,122,7.9,17.9,189.1,72.24,65.01,84.34,981.07,10.9,0.0,188.41,1097.63
WTG_27,123,4.14,18.59,199.42,64.22,64.57,66.07,540.0,6.0,0.0,189.83,151.47
WTG_27,124,9.63,22.55,188.22,79.31,66.75,106.58,1247.31,13.86,0.0,189.03,1973.58
WTG_27,125,10.23,21.62,187.8,78.25,66.86,105.48,1257.53,13.97,0.0,188.19,2000.0
WTG_27,126,10.2,8.55,199.54,79.19,67.01,91.56,1303.33,14.48,0.0,188.95,2000.0
WTG_27,127,7.51,15.25,191.92,70.24,66.95,78.01,927.02,10.3,0.0,188.74,940.26
WTG_27,128,8.8,22.2,212.81,74.29,67.17,97.37,1101.85,12.24,0.0,187.74,1500.29
WTG_27,129,6.29,15.97,216.94,66.44,65.75,71.66,781.71,8.69,0.0,189.4,538.85
WTG_27,130,9.6,18.61,205.17,78.37,66.19,101.79,1205.49,13.39,0.0,186.34,1966.73
WTG_27,131,11.96,18.87,183.99,78.69,67.59,102.77,1519.72,16.89,0.0,185.77,2000.0
WTG_27,132,12.68,12.09,204.68,79.56,69.25,98.19,1583.29,17.59,1.69,190.0,2000.0
WTG_27,133,7.68,15.55,201.17,69.89,66.39,80.44,970.24,10.78,0.0,189.72,992.59
WTG_27,134,12.69,13.06,192.07,78.64,69.08,96.67,1594.47,17.72,1.73,189.42,2000.0
WTG_27,135,8.5,20.58,175.79,73.95,65.81,92.95,1067.91,11.87,0.0,183.72,1357.54
WTG_27,136,4.68,17.29,175.89,66.2,64.41,69.06,590.89,6.57,0.0,188.05,203.18
WTG_27,137,9.11,16.9,207.92,76.44,68.02,94.88,1160.31,12.89,0.0,187.77,1664.18
WTG_27,138,6.41,18.49,194.64,68.2,66.74,75.26,828.07,9.2,0.0,188.69,586.5
WTG_27,139,5.15,10.95,185.04,64.63,64.92,62.13,643.61,7.15,0.0,189.24,274.54
WTG_27,140,10.96,17.01,202.27,80.08,68.41,100.89,1384.23,15.38,0.0,190.73,2000.0
WTG_27,141,7.29,14.55,206.44,68.21,66.47,77.63,907.31,10.08,0.0,189.01,858.3
WTG_27,142,6.24,20.71,191.85,67.29,65.82,77.58,795.16,8.84,0.0,184.62,532.5
WTG_27,143,8.77,14.68,194.14,75.63,66.09,89.01,1136.72,12.63,0.0,186.8,1501.0
WTG_27,144,11.3,19.98,215.2,79.59,68.49,102.91,1432.52,15.92,0.0,186.82,2000.0
WTG_27,145,11.06,24.1,188.71,79.06,66.73,110.01,1411.15,15.68,0.0,187.91,2000.0
WTG_27,146,7.31,25.05,193.15,71.06,67.3,87.87,946.14,10.51,0.0,186.76,837.94
WTG_27,147,7.02,22.47,184.48,69.93,66.12,84.01,843.74,9.37,0.0,190.94,779.99
WTG_27,148,8.33,16.59,190.16,73.87,66.72,85.79,1037.09,11.52,0.0,185.17,1265.46
WTG_27,149,10.48,13.26,201.31,79.64,68.25,98.23,1343.44,14.93,0.0,187.07,2000.0
WTG_27,150,6.06,17.37,208.29,67.87,66.48,74.0,782.72,8.7,0.0,187.35,485.66
WTG_27,151,9.46,17.71,194.83,77.41,67.3,99.69,1205.8,13.4,0.0,187.09,1852.92
WTG_27,152,9.53,15.55,221.89,78.6,67.75,99.39,1211.41,13.46,0.0,189.09,1900.62
WTG_27,153,13.02,20.95,182.76,79.71,69.62,105.38,1665.8,18.51,2.55,186.8,2000.0
WTG_27,154,7.11,22.48,177.28,70.34,66.43,86.89,923.62,10.26,0.0,189.49,799.62
WTG_27,155,9.51,14.3,186.43,78.85,67.33,96.92,1198.08,13.31,0.0,187.3,1883.42
WTG_27,156,8.16,16.01,192.23,75.3,66.9,86.4,1016.22,11.29,0.0,185.31,1187.97
WTG_27,157,4.52,14.98,194.64,65.02,65.73,66.83,555.62,6.17,0.0,186.51,177.64
WTG_27,158,6.98,22.53,224.24,70.75,68.3,85.01,884.55,9.83,0.0,187.89,770.95
WTG_27,159,12.36,18.24,206.77,78.95,70.33,105.24,1558.65,17.32,0.89,186.26,2000.0
WTG_27,160,6.93,20.24,202.1,69.66,66.71,81.73,846.54,9.41,0.0,184.89,754.87
WTG_27,161,4.13,18.66,179.01,65.32,65.65,70.15,540.0,6.0,0.0,186.5,154.97
WTG_27,162,12.28,14.73,226.63,80.05,70.32,100.94,1575.41,17.5,0.7,185.19,2000.0
WTG_27,163,6.92,17.39,171.56,70.38,67.37,77.44,859.06,9.55,0.0,188.43,722.56
WTG_27,164,5.68,11.41,206.39,67.99,67.23,67.31,736.4,8.18,0.0,186.66,404.2
WTG_27,165,7.83,17.12,207.44,72.15,69.65,85.48,1008.72,11.21,0.0,183.42,1052.43
WTG_27,166,7.68,8.89,199.29,72.14,67.65,76.6,970.38,10.78,0.0,187.42,995.38
WTG_27,167,8.4,19.23,207.91,76.33,68.81,92.04,1080.87,12.01,0.0,185.79,1297.6
WTG_27,168,9.49,13.87,185.06,79.58,68.83,98.81,1174.44,13.05,0.0,187.2,1890.68
WTG_27,169,4.22,16.91,176.66,66.46,65.09,67.04,540.0,6.0,0.0,184.34,133.88
WTG_27,170,11.42,18.44,187.66,79.36,68.97,106.42,1417.89,15.75,0.0,187.1,2000.0
WTG_27,171,5.4,23.18,197.0,67.48,67.12,79.8,694.12,7.71,0.0,188.0,352.32
WTG_27,172,9.69,14.65,196.62,81.51,69.31,101.83,1259.96,14.0,0.0,184.99,2000.0
WTG_27,173,9.96,14.28,177.89,79.95,70.55,101.66,1238.1,13.76,0.0,186.84,2000.0
WTG_27,174,5.75,15.97,202.18,68.2,67.96,74.27,724.97,8.06,0.0,185.59,437.77
WTG_27,175,8.87,12.05,201.52,76.34,68.45,89.57,1134.04,12.6,0.0,186.08,1526.65
WTG_27,176,9.32,14.78,164.87,79.01,69.08,95.08,1199.68,13.33,0.0,182.73,1758.81
WTG_27,177,3.26,21.45,192.9,64.42,65.49,72.41,540.0,6.0,0.0,184.52,76.08
WTG_27,178,4.37,18.54,201.0,67.12,66.84,72.39,561.91,6.24,0.0,185.9,189.86
WTG_27,179,7.95,8.62,187.41,73.66,69.22,77.99,980.96,10.9,0.0,182.39,1147.65
WTG_27,180,11.56,15.51,232.64,80.26,70.97,102.29,1484.65,16.5,0.0,186.3,2000.0
WTG_27,181,13.1,15.66,205.71,80.76,71.72,103.12,1638.18,18.2,2.74,182.39,2000.0
WTG_27,182,5.62,17.27,188.49,67.47,68.04,73.67,663.22,7.37,0.0,182.96,363.77
WTG_27,183,7.63,21.6,220.15,73.75,68.42,90.73,934.14,10.38,0.0,182.68,966.14
WTG_27,184,7.72,18.69,197.72,74.41,68.47,87.48,965.55,10.73,0.0,182.38,1015.16
WTG_27,185,6.66,14.28,198.77,70.47,68.03,76.11,836.39,9.29,0.0,188.32,665.87
WTG_27,186,11.36,14.41,184.28,83.35,70.94,101.8,1407.85,15.64,0.0,182.61,2000.0
WTG_27,187,11.69,16.35,210.71,83.1,71.18,104.39,1503.77,16.71,0.0,185.4,2000.0
WTG_27,188,4.09,20.72,202.15,66.95,67.3,73.53,540.0,6.0,0.0,184.76,153.68
WTG_27,189,12.96,11.8,184.34,81.27,71.2,99.87,1622.29,18.03,2.39,184.15,2000.0
WTG_27,190,6.95,26.08,192.19,72.58,69.73,90.39,883.15,9.81,0.0,184.91,741.32
WTG_27,191,10.91,20.5,202.45,80.97,71.58,108.65,1354.2,15.05,0.0,185.17,2000.0
WTG_27,192,5.81,18.08,189.74,72.06,69.18,76.0,716.17,7.96,0.0,181.71,418.29
WTG_27,193,7.62,24.62,188.87,75.05,68.81,94.66,939.03,10.43,0.0,183.5,956.79
WTG_27,194,11.17,23.5,190.03,82.91,73.01,111.87,1421.11,15.79,0.0,184.61,2000.0
WTG_27,195,13.5,15.65,186.21,82.39,72.14,103.98,1698.11,18.87,3.75,181.59,2000.0
WTG_27,196,9.64,16.2,195.13,83.55,71.67,103.93,1225.52,13.62,0.0,183.14,1972.35
WTG_27,197,9.85,15.63,185.48,82.3,71.17,103.73,1255.47,13.95,0.0,181.94,2000.0
WTG_27,198,8.06,21.01,206.49,75.17,71.14,94.88,1031.88,11.47,0.0,179.36,1153.03
WTG_27,199,8.31,17.56,208.81,77.27,69.58,95.0,1063.38,11.82,0.0,184.9,1272.0
WTG_27,200,11.8,24.09,185.0,81.75,72.52,112.38,1499.57,16.66,0.0,183.18,2000.0
WTG_27,201,11.02,18.01,215.34,81.96,71.0,109.12,1407.28,15.64,0.0,180.58,2000.0
WTG_27,202,8.29,18.38,185.07,78.17,71.11,94.62,1040.36,11.56,0.0,181.59,1223.33
WTG_27,203,8.16,19.07,193.67,78.36,70.08,92.71,1015.39,11.28,0.0,181.39,1164.82
WTG_27,204,8.63,14.85,194.99,78.06,70.8,92.38,1121.36,12.46,0.0,179.62,1424.67
WTG_27,205,11.4,17.24,220.36,83.78,72.32,107.92,1419.86,15.78,0.0,182.16,2000.0
WTG_27,206,9.62,20.68,164.16,82.55,71.31,108.74,1222.91,13.59,0.0,183.96,1949.25
WTG_27,207,6.85,20.11,209.2,73.54,69.88,84.84,856.23,9.51,0.0,183.0,698.43
WTG_27,208,13.36,18.05,180.58,84.94,73.41,109.13,1704.91,18.94,3.4,180.88,2000.0
WTG_27,209,6.8,13.34,200.63,73.22,70.65,80.81,891.98,9.91,0.0,181.91,704.04
WTG_27,210,10.19,17.24,188.43,85.43,72.46,106.09,1324.69,14.72,0.0,181.74,2000.0
WTG_27,211,13.39,16.86,194.03,83.97,74.94,106.98,1687.86,18.75,3.46,178.85,2000.0
WTG_27,212,8.21,17.53,200.27,78.76,72.65,94.31,1062.38,11.8,0.0,178.15,1254.34
WTG_27,213,4.23,16.22,185.46,71.25,71.16,72.51,540.0,6.0,0.0,179.3,141.85
WTG_27,214,10.59,19.14,211.58,84.54,72.79,110.04,1327.06,14.75,0.0,178.86,2000.0
WTG_27,215,8.25,20.35,200.93,79.42,71.36,96.99,1053.3,11.7,0.0,180.45,1213.87
WTG_27,216,5.96,13.56,193.39,73.46,71.37,76.96,758.98,8.43,0.0,179.4,479.16
WTG_27,217,6.55,18.61,230.98,74.47,71.36,85.04,822.47,9.14,0.0,178.92,620.82
WTG_27,218,15.15,16.55,222.54,85.21,75.8,108.68,1800.0,20.0,7.88,179.4,2000.0
WTG_27,219,10.0,11.33,206.28,84.95,73.24,101.82,1263.41,14.04,0.0,180.57,2000.0
WTG_27,220,10.0,17.82,187.02,84.72,75.64,109.68,1278.06,14.2,0.0,177.37,2000.0
WTG_27,221,9.98,18.25,192.13,84.69,73.61,109.79,1266.15,14.07,0.0,179.13,2000.0
WTG_27,222,8.96,16.61,207.96,82.68,73.56,97.95,1131.5,12.57,0.0,174.77,1565.97
WTG_27,223,8.92,16.93,212.15,82.97,73.51,100.11,1110.73,12.34,0.0,178.88,1565.71
WTG_27,224,7.45,18.46,207.48,78.04,73.42,90.09,961.27,10.68,0.0,177.8,904.86
WTG_27,225,8.8,20.88,203.65,81.43,73.24,105.76,1088.48,12.09,0.0,180.49,1500.82
WTG_27,226,7.97,18.61,216.66,78.33,73.39,95.08,990.92,11.01,0.0,178.63,1154.87
WTG_27,227,9.86,18.47,184.87,86.04,74.27,111.86,1234.31,13.71,0.0,177.13,2000.0
WTG_27,228,9.25,16.16,209.8,84.49,74.68,105.62,1161.15,12.9,0.0,175.62,1750.48
WTG_27,229,8.95,15.74,209.82,83.68,74.16,100.52,1105.5,12.28,0.0,176.57,1568.67
WTG_27,230,9.45,21.46,197.7,85.02,73.71,112.37,1195.72,13.29,0.0,179.04,1850.71
WTG_27,231,5.35,16.83,204.62,73.6,71.94,80.14,650.0,7.22,0.0,177.54,342.08
WTG_27,232,8.79,20.61,196.6,81.25,75.19,105.77,1092.88,12.14,0.0,175.08,1481.32
WTG_27,233,9.61,13.45,176.38,86.32,74.09,107.99,1194.59,13.27,0.0,177.36,1957.14
WTG_27,234,10.19,20.71,190.92,87.53,74.9,114.72,1298.63,14.43,0.0,176.53,2000.0
WTG_27,235,9.23,20.02,193.51,85.48,74.32,108.81,1175.68,13.06,0.0,177.9,1726.62
WTG_27,236,9.38,17.78,229.51,86.92,76.33,108.17,1169.6,13.0,0.0,175.71,1839.19
WTG_27,237,11.48,15.58,199.8,87.89,75.59,110.92,1488.38,16.54,0.0,175.46,2000.0
WTG_27,238,8.34,23.05,192.21,80.77,73.63,101.68,1049.16,11.66,0.0,173.22,1260.79
WTG_27,239,6.29,19.55,189.9,77.0,74.47,87.5,779.71,8.66,0.0,177.67,551.39
WTG_27,240,10.12,15.72,231.95,88.64,75.92,111.56,1307.04,14.52,0.0,176.9,2000.0
WTG_27,241,4.0,22.82,211.27,73.86,73.73,83.63,540.0,6.0,0.0,175.8,157.4
WTG_27,242,7.62,17.47,199.62,80.52,75.28,93.9,995.92,11.07,0.0,175.53,963.88
WTG_27,243,12.88,19.46,218.98,88.32,78.35,115.65,1622.7,18.03,2.2,176.6,2000.0
WTG_27,244,10.97,18.15,214.86,90.3,78.77,112.49,1403.14,15.59,0.0,174.36,2000.0
WTG_27,245,6.02,14.2,220.9,76.9,75.81,82.11,757.71,8.42,0.0,175.08,495.75
WTG_27,246,10.87,17.77,191.14,89.24,76.65,113.66,1343.55,14.93,0.0,172.95,2000.0
WTG_27,247,10.13,19.13,212.33,90.01,78.08,114.54,1270.63,14.12,0.0,176.17,2000.0
WTG_27,248,7.67,18.16,207.74,82.17,74.75,97.78,963.34,10.7,0.0,175.49,1008.78
WTG_27,249,12.95,17.67,201.44,90.39,78.63,113.71,1622.12,18.02,2.37,175.08,2000.0
WTG_27,250,8.58,19.46,185.38,85.01,76.25,104.65,1062.93,11.81,0.0,172.68,1379.5
WTG_27,251,14.04,20.81,201.63,90.2,78.96,117.96,1790.9,19.9,5.11,173.21,2000.0
WTG_27,252,12.71,11.88,203.41,89.75,78.98,107.77,1588.34,17.65,1.78,172.85,2000.0
WTG_27,253,11.2,18.69,209.1,89.86,79.07,115.77,1425.53,15.84,0.0,174.58,2000.0
WTG_27,254,10.88,15.91,184.34,91.57,78.64,113.16,1383.41,15.37,0.0,171.21,2000.0
WTG_27,255,7.14,23.31,203.4,80.13,77.32,99.3,914.11,10.16,0.0,176.45,786.32
WTG_27,256,4.76,14.43,220.34,77.25,76.83,80.88,580.84,6.45,0.0,172.85,243.82
WTG_27,257,12.22,19.89,196.84,90.71,81.43,118.7,1516.65,16.85,0.56,170.93,2000.0
WTG_27,258,8.79,10.1,198.39,86.13,77.83,98.33,1076.14,11.96,0.0,170.89,1492.37
WTG_27,259,5.98,17.93,225.22,78.7,77.96,86.89,784.67,8.72,0.0,172.65,443.63
WTG_27,260,9.66,19.11,179.66,91.63,79.29,117.81,1237.56,13.75,0.0,171.32,2000.0
WTG_27,261,11.34,14.97,215.76,92.11,79.33,113.89,1442.23,16.02,0.0,171.29,2000.0
WTG_27,262,11.74,20.31,188.18,91.82,79.66,116.83,1451.57,16.13,0.0,169.43,2000.0
WTG_27,263,9.22,22.87,225.84,91.79,79.31,118.0,1178.93,13.1,0.0,170.19,1727.69
WTG_27,264,8.92,21.04,193.31,89.3,79.77,113.21,1137.96,12.64,0.0,170.05,1551.79
WTG_27,265,5.66,23.09,208.97,81.14,78.98,93.78,690.95,7.68,0.0,172.48,439.59
WTG_27,266,6.06,18.97,213.9,80.91,77.32,91.25,746.74,8.3,0.0,168.94,483.2
WTG_27,267,8.81,21.62,216.91,88.92,79.47,112.44,1094.93,12.17,0.0,168.8,1499.32
WTG_27,268,7.17,12.43,209.58,83.25,79.37,89.36,892.82,9.92,0.0,171.8,799.12
WTG_27,269,10.26,16.1,187.38,92.67,80.5,116.31,1307.88,14.53,0.0,169.31,2000.0
WTG_27,270,7.83,20.95,202.45,86.11,79.86,104.22,989.91,11.0,0.0,167.96,1038.95
WTG_27,271,7.19,15.87,189.68,83.11,80.13,94.16,911.38,10.13,0.0,167.17,814.11
WTG_27,272,17.19,20.2,198.87,96.78,83.65,122.53,1800.0,20.0,12.98,165.77,2000.0
WTG_27,273,8.71,14.0,222.4,89.18,80.42,107.44,1121.62,12.46,0.0,166.79,1437.42
WTG_27,274,8.22,20.25,175.89,87.69,80.62,107.37,1050.24,11.67,0.0,168.35,1228.39
WTG_27,275,11.86,17.52,219.64,94.67,82.77,119.0,1480.74,16.45,0.0,164.63,2000.0
WTG_27,276,9.69,16.98,201.12,93.5,83.99,118.86,1218.17,13.54,0.0,166.16,2000.0
WTG_27,277,12.13,23.43,181.5,94.6,83.71,126.35,1511.82,16.8,0.31,163.86,2000.0
WTG_27,278,11.93,21.05,210.3,94.95,82.73,122.04,1535.49,17.06,0.0,164.79,2000.0
WTG_27,279,9.68,17.2,202.0,96.82,83.28,120.65,1224.36,13.6,0.0,165.7,2000.0
WTG_27,280,11.27,18.85,200.09,97.07,83.12,122.87,1393.5,15.48,0.0,166.93,2000.0
WTG_27,281,11.9,17.92,185.72,95.96,84.19,122.23,1514.24,16.82,0.0,165.62,2000.0
WTG_27,282,14.06,18.58,193.8,96.79,86.58,120.78,1721.23,19.12,5.16,167.46,2000.0
WTG_27,283,11.08,22.08,214.07,96.21,84.84,126.8,1364.91,15.17,0.0,164.83,2000.0
WTG_27,284,9.93,20.97,201.12,96.74,83.51,126.92,1245.67,13.84,0.0,166.22,2000.0
WTG_27,285,10.83,12.32,203.55,97.77,84.87,116.29,1344.89,14.94,0.0,166.52,2000.0
WTG_27,286,5.58,17.94,222.75,84.74,81.84,94.33,712.46,7.92,0.0,163.33,385.06
WTG_27,287,4.82,15.92,207.88,84.56,81.31,88.46,608.38,6.76,0.0,162.28,254.38
WTG_27,288,9.78,15.88,218.44,97.7,85.6,121.99,1218.77,13.54,0.0,160.82,2000.0
WTG_27,289,9.31,13.34,224.74,95.22,84.68,113.82,1171.39,13.02,0.0,163.58,1776.33
WTG_27,290,8.25,17.99,212.15,92.39,84.4,111.6,1049.04,11.66,0.0,164.01,1246.96
WTG_27,291,10.5,19.01,229.85,98.21,85.05,128.22,1311.64,14.57,0.0,164.02,2000.0
WTG_27,292,8.49,9.97,184.61,94.14,85.47,102.22,1080.19,12.0,0.0,161.93,1357.83
WTG_27,293,11.88,17.34,224.25,99.99,86.8,124.66,1531.87,17.02,0.0,162.53,2000.0
WTG_27,294,8.89,26.52,191.22,97.36,85.87,125.71,1125.77,12.51,0.0,161.75,1546.72
WTG_27,295,12.33,17.7,200.13,99.95,85.94,124.68,1530.21,17.0,0.82,161.21,2000.0
WTG_27,296,5.17,20.18,202.45,86.76,84.64,97.13,634.5,7.05,0.0,160.33,310.12
WTG_27,297,5.3,11.25,175.44,86.77,83.44,87.11,675.78,7.51,0.0,158.39,321.2
WTG_27,298,5.7,16.87,197.42,89.67,85.46,94.17,742.32,8.25,0.0,165.21,416.97
WTG_27,299,7.52,19.83,221.17,92.1,85.53,108.82,953.5,10.59,0.0,157.62,917.16
WTG_27,300,8.97,17.66,233.4,97.41,87.15,118.37,1137.97,12.64,0.0,160.29,1585.81
WTG_27,301,9.97,4.58,221.29,100.53,89.58,115.29,1256.46,13.96,0.0,159.56,2000.0
WTG_27,302,7.53,5.92,211.96,93.4,87.32,95.9,963.41,10.7,0.0,158.44,948.14
WTG_27,303,7.93,15.24,182.45,93.58,88.19,109.57,999.02,11.1,0.0,159.19,1109.23
WTG_27,304,6.43,17.21,211.5,91.09,87.39,102.82,826.35,9.18,0.0,156.68,571.55
WTG_27,305,7.66,21.97,215.17,94.79,87.13,112.45,985.53,10.95,0.0,156.46,989.75
WTG_27,306,8.74,17.44,206.19,99.04,88.65,117.28,1116.3,12.4,0.0,158.44,1473.7
WTG_27,307,8.72,13.58,241.21,98.37,87.89,115.64,1121.33,12.46,0.0,155.08,1461.63
WTG_27,308,8.84,18.76,220.84,100.59,89.42,121.09,1128.56,12.54,0.0,157.53,1509.43
WTG_27,309,13.16,19.81,212.48,102.73,92.22,133.52,1673.91,18.6,2.89,154.58,2000.0
WTG_27,310,6.31,15.02,224.19,91.87,88.88,99.52,786.17,8.74,0.0,155.54,542.57
WTG_27,311,3.11,15.95,206.81,89.41,88.15,93.52,540.0,6.0,0.0,157.45,36.56
WTG_27,312,9.13,14.56,242.52,103.23,89.99,122.01,1165.47,12.95,0.0,157.27,1645.47
WTG_27,313,7.78,17.67,221.59,97.94,92.58,115.18,961.33,10.68,0.0,156.3,1064.17
WTG_27,314,7.43,19.94,221.25,96.57,90.0,113.19,946.04,10.51,0.0,155.25,879.73
WTG_27,315,8.09,25.94,224.59,99.21,92.1,123.51,1026.83,11.41,0.0,154.84,1170.97
WTG_27,316,6.73,17.17,213.73,97.29,90.98,107.25,834.66,9.27,0.0,151.18,676.78
WTG_27,317,6.31,11.19,209.22,94.3,90.93,99.9,800.53,8.89,0.0,153.14,548.55
WTG_27,318,8.69,15.54,230.78,102.06,92.08,121.54,1088.25,12.09,0.0,151.69,1459.45
WTG_27,319,6.36,7.79,205.61,97.06,91.69,97.47,802.84,8.92,0.0,151.64,576.4
WTG_27,320,9.89,21.05,240.94,107.04,92.58,140.44,1250.28,13.89,0.0,149.52,2000.0
WTG_27,321,8.23,17.53,215.12,101.04,93.14,120.04,1033.94,11.49,0.0,151.09,1220.09
WTG_27,322,8.33,16.68,232.45,103.53,94.13,120.17,1056.6,11.74,0.0,150.01,1280.46
WTG_27,323,7.55,15.27,225.86,100.38,93.94,114.5,952.72,10.59,0.0,152.05,945.81
WTG_27,324,6.73,22.53,206.37,95.94,92.82,117.12,859.26,9.55,0.0,151.55,676.03
WTG_27,325,9.07,15.4,207.54,107.65,94.38,130.17,1161.94,12.91,0.0,148.37,1656.65
WTG_27,326,15.0,25.0,209.16,109.43,98.04,143.81,1800.0,20.0,7.49,147.33,2000.0
WTG_27,327,5.51,15.65,215.65,96.96,94.83,102.64,718.3,7.98,0.0,149.26,360.95
WTG_27,328,7.68,14.26,217.53,101.42,94.08,115.37,1000.43,11.12,0.0,147.78,996.92
WTG_27,329,6.97,15.66,220.11,100.09,95.18,112.55,869.17,9.66,0.0,147.45,741.23
WTG_27,330,10.3,19.04,225.86,110.57,96.14,139.15,1269.18,14.1,0.0,147.36,2000.0
WTG_27,331,6.78,18.76,216.63,102.02,94.97,114.02,878.91,9.77,0.0,145.99,672.38
WTG_27,332,9.52,19.61,224.41,110.76,96.99,138.94,1181.45,13.13,0.0,146.5,1873.16
WTG_27,333,6.4,15.61,220.41,101.22,95.35,113.07,809.29,8.99,0.0,143.69,594.13
WTG_27,334,7.36,18.45,194.45,103.5,93.82,119.37,905.21,10.06,0.0,146.7,849.24
WTG_27,335,10.05,15.47,194.76,111.34,97.65,139.14,1295.18,14.39,0.0,146.69,2000.0
WTG_28,1,13.9,18.84,177.34,79.3,65.76,101.12,1769.42,19.66,4.76,187.24,2000.0
WTG_28,2,3.04,21.75,162.32,64.52,61.08,67.27,540.0,6.0,0.0,186.27,66.97
WTG_28,3,8.79,18.91,178.29,76.95,64.26,92.51,1128.56,12.54,0.0,186.97,1520.41
WTG_28,4,9.04,22.83,157.47,77.16,63.47,100.2,1142.16,12.69,0.0,187.11,1632.66
WTG_28,5,8.81,16.61,201.5,75.57,64.14,90.89,1130.62,12.56,0.0,188.38,1498.19
WTG_28,6,9.93,20.04,193.88,78.6,63.39,103.21,1267.85,14.09,0.0,187.23,2000.0
WTG_28,7,14.08,10.94,191.14,79.28,66.06,93.33,1753.54,19.48,5.19,186.03,2000.0
WTG_28,8,11.11,14.11,180.25,79.28,63.8,97.19,1405.61,15.62,0.0,188.88,2000.0
WTG_28,9,4.79,15.41,163.49,63.94,60.11,65.06,569.81,6.33,0.0,187.1,236.2
WTG_28,10,9.89,20.76,207.03,80.1,64.01,101.61,1210.65,13.45,0.0,189.38,2000.0
WTG_28,11,10.95,17.93,200.26,79.0,64.35,99.66,1370.55,15.23,0.0,188.77,2000.0
WTG_28,12,3.83,17.31,164.58,64.13,62.29,64.37,540.0,6.0,0.0,188.04,134.87
WTG_28,13,14.16,23.67,200.19,80.05,65.74,105.28,1798.55,19.98,5.4,184.83,2000.0
WTG_28,14,10.13,13.18,187.21,79.51,64.71,96.84,1302.48,14.47,0.0,186.01,2000.0
WTG_28,15,8.12,11.29,189.85,72.04,63.23,79.02,1011.58,11.24,0.0,187.87,1203.65
WTG_28,16,10.41,26.75,203.92,80.0,63.88,110.26,1298.91,14.43,0.0,186.78,2000.0
WTG_28,17,8.41,12.68,161.83,74.96,63.39,81.73,1076.81,11.96,0.0,189.31,1304.43
WTG_28,18,11.16,14.57,189.4,78.77,65.26,97.68,1400.11,15.56,0.0,186.09,2000.0
WTG_28,19,9.49,18.27,185.99,79.53,64.11,98.01,1186.12,13.18,0.0,187.66,1879.76
WTG_28,20,9.38,18.7,201.32,79.29,64.59,99.15,1181.28,13.13,0.0,187.07,1831.62
WTG_28,21,7.08,21.0,186.85,69.35,62.76,82.04,876.93,9.74,0.0,186.49,812.06
WTG_28,22,6.22,16.72,185.35,68.36,62.41,72.03,772.88,8.59,0.0,188.8,516.65
WTG_28,23,9.52,18.67,207.34,79.4,65.44,99.0,1195.26,13.28,0.0,189.44,1900.93
WTG_28,24,7.92,14.16,178.07,72.22,64.4,79.43,1003.76,11.15,0.0,188.67,1101.52
WTG_28,25,6.9,20.55,185.63,68.82,63.52,78.22,859.35,9.55,0.0,186.58,700.94
WTG_28,26,5.79,12.01,177.36,67.98,62.16,62.58,729.29,8.1,0.0,186.33,406.13
WTG_28,27,11.11,17.84,198.36,78.81,65.31,101.79,1422.09,15.8,0.0,188.61,2000.0
WTG_28,28,12.83,18.1,172.16,78.4,67.05,100.1,1637.8,18.2,2.08,189.14,2000.0
WTG_28,29,5.92,17.89,186.7,65.7,64.19,73.78,788.94,8.77,0.0,185.75,471.68
WTG_28,30,6.17,22.79,188.96,65.6,63.04,76.58,786.18,8.74,0.0,187.17,542.25
WTG_28,31,11.65,9.31,195.89,80.3,65.77,94.2,1480.93,16.45,0.0,184.27,2000.0
WTG_28,32,6.49,16.32,171.78,67.79,62.97,72.38,792.91,8.81,0.0,184.2,587.66
WTG_28,33,10.41,16.77,159.49,78.48,64.68,100.22,1331.75,14.8,0.0,186.66,2000.0
WTG_28,34,3.17,23.06,173.71,63.45,61.11,69.3,540.0,6.0,0.0,184.75,64.46
WTG_28,35,9.12,14.1,196.29,78.0,63.51,91.74,1153.33,12.81,0.0,185.5,1680.17
WTG_28,36,9.17,8.45,190.88,78.1,64.67,86.38,1150.29,12.78,0.0,188.53,1702.1
WTG_28,37,9.59,21.78,190.08,79.63,62.95,103.01,1224.32,13.6,0.0,187.32,1947.19
WTG_28,38,11.19,21.03,218.23,77.63,64.49,102.9,1424.13,15.82,0.0,187.11,2000.0
WTG_28,39,8.92,15.63,172.19,75.91,64.48,90.02,1122.09,12.47,0.0,188.98,1542.24
WTG_28,40,8.99,17.42,192.12,77.26,64.01,93.14,1131.0,12.57,0.0,187.58,1617.46
WTG_28,41,7.58,16.97,184.65,71.3,63.71,79.94,960.34,10.67,0.0,186.62,968.13
WTG_28,42,11.92,22.43,171.23,79.06,64.56,102.61,1495.53,16.62,0.0,187.21,2000.0
WTG_28,43,10.16,12.57,167.78,79.65,63.17,94.53,1262.01,14.02,0.0,185.51,2000.0
WTG_28,44,6.29,22.2,182.06,69.38,63.59,75.95,772.64,8.58,0.0,186.39,534.66
WTG_28,45,9.23,12.47,173.02,77.64,63.95,90.63,1153.9,12.82,0.0,188.84,1722.91
WTG_28,46,7.71,13.82,188.81,72.71,63.43,77.85,1017.41,11.3,0.0,188.1,987.35
WTG_28,47,8.74,16.7,165.75,74.98,64.16,89.47,1090.57,12.12,0.0,184.56,1449.58
WTG_28,48,9.48,14.91,185.63,79.86,64.25,95.6,1180.87,13.12,0.0,186.69,1890.79
WTG_28,49,8.17,23.28,200.12,72.88,61.81,91.63,1051.94,11.69,0.0,187.5,1199.6
WTG_28,50,6.41,14.66,158.24,68.96,63.68,70.06,832.14,9.25,0.0,185.88,589.83
WTG_28,51,14.16,17.78,196.6,78.07,65.91,101.28,1767.02,19.63,5.39,187.62,2000.0
WTG_28,52,7.87,13.63,200.88,72.48,63.62,78.1,1002.36,11.14,0.0,188.22,1077.1
WTG_28,53,6.31,20.42,185.46,70.27,63.86,78.66,800.41,8.89,0.0,187.24,583.64
WTG_28,54,7.2,20.1,190.93,71.57,63.88,80.32,897.48,9.97,0.0,185.25,827.46
WTG_28,55,11.67,13.92,168.0,79.1,65.35,97.24,1504.28,16.71,0.0,186.44,2000.0
WTG_28,56,10.0,12.89,194.92,80.4,62.94,94.88,1251.57,13.91,0.0,187.65,2000.0
WTG_28,57,9.32,16.83,182.24,77.64,63.11,97.83,1168.0,12.98,0.0,186.65,1793.01
WTG_28,58,7.85,29.17,173.11,70.4,63.97,93.59,1007.42,11.19,0.0,187.52,1057.68
WTG_28,59,9.4,22.15,196.02,78.22,63.54,101.36,1205.68,13.4,0.0,186.04,1824.24
WTG_28,60,8.74,25.51,193.18,75.31,64.12,100.32,1073.22,11.92,0.0,186.05,1504.94
WTG_28,61,8.53,21.07,213.43,74.49,63.31,90.36,1069.56,11.88,0.0,184.12,1369.41
WTG_28,62,7.82,25.94,187.84,73.16,63.85,90.77,961.83,10.69,0.0,188.6,1040.86
WTG_28,63,6.29,14.08,201.63,68.2,62.46,70.89,777.5,8.64,0.0,188.69,542.23
WTG_28,64,11.66,22.62,163.64,79.26,64.97,105.99,1450.96,16.12,0.0,188.5,2000.0
WTG_28,65,10.64,8.83,171.69,80.96,63.85,92.73,1350.2,15.0,0.0,186.03,2000.0
WTG_28,66,6.33,21.11,188.08,68.18,61.94,77.14,801.23,8.9,0.0,187.39,535.45
WTG_28,67,6.6,20.57,206.42,69.48,63.09,77.5,828.31,9.2,0.0,183.47,645.75
WTG_28,68,6.99,16.07,177.43,70.35,63.25,76.01,910.02,10.11,0.0,184.54,764.54
WTG_28,69,6.87,21.19,186.64,70.02,63.9,80.11,861.65,9.57,0.0,187.8,708.09
WTG_28,70,6.44,19.26,196.97,68.81,62.03,75.55,798.82,8.88,0.0,184.39,592.05
WTG_28,71,6.22,16.89,186.08,68.8,62.93,71.53,799.06,8.88,0.0,185.43,526.68
WTG_28,72,8.31,17.72,179.91,73.94,63.24,85.79,1039.07,11.55,0.0,185.82,1259.81
WTG_28,73,6.05,20.33,204.49,67.21,62.72,74.43,739.56,8.22,0.0,188.06,483.65
WTG_28,74,10.31,16.25,183.94,80.44,64.05,97.86,1274.41,14.16,0.0,187.9,2000.0
WTG_28,75,9.55,18.6,190.35,80.64,63.71,99.35,1182.65,13.14,0.0,187.76,1913.85
WTG_28,76,11.74,13.4,188.61,79.72,65.49,97.69,1503.14,16.7,0.0,186.37,2000.0
WTG_28,77,5.62,19.26,208.58,66.73,62.99,70.87,694.78,7.72,0.0,186.11,373.81
WTG_28,78,9.56,21.03,153.05,78.61,65.16,104.05,1202.07,13.36,0.0,186.67,1918.79
WTG_28,79,9.08,14.11,181.33,77.3,63.86,92.15,1162.87,12.92,0.0,185.57,1657.55
WTG_28,80,7.27,13.05,190.96,71.29,62.73,74.54,940.02,10.44,0.0,184.64,824.95
WTG_28,81,6.38,17.63,183.61,67.15,63.14,73.84,772.52,8.58,0.0,185.91,559.78
WTG_28,82,12.43,19.85,199.5,78.73,65.0,101.03,1533.89,17.04,1.07,182.34,2000.0
WTG_28,83,13.6,21.55,181.25,79.84,66.31,106.11,1703.77,18.93,4.01,189.76,2000.0
WTG_28,84,12.52,21.78,203.93,80.73,66.36,105.89,1567.89,17.42,1.3,186.69,2000.0
WTG_28,85,7.77,17.09,204.9,73.5,64.06,81.48,961.08,10.68,0.0,185.74,1038.84
WTG_28,86,8.12,24.68,154.48,73.8,63.37,94.45,1054.56,11.72,0.0,185.57,1178.01
WTG_28,87,8.83,18.98,197.53,76.06,63.26,94.19,1105.55,12.28,0.0,185.69,1527.65
WTG_28,88,8.88,16.67,189.01,78.23,63.76,90.3,1126.53,12.52,0.0,185.82,1553.44
WTG_28,89,11.09,18.29,205.63,79.02,66.07,100.74,1405.42,15.62,0.0,187.44,2000.0
WTG_28,90,13.79,19.02,196.82,80.0,67.47,101.59,1747.39,19.42,4.47,186.85,2000.0
WTG_28,91,5.9,20.88,163.27,67.91,63.6,75.67,733.46,8.15,0.0,185.33,456.08
WTG_28,92,8.97,21.79,170.07,77.97,64.77,97.56,1155.78,12.84,0.0,185.31,1550.42
WTG_28,93,9.25,18.18,224.56,76.82,63.72,99.28,1159.61,12.88,0.0,186.37,1757.19
WTG_28,94,12.42,15.27,171.54,79.13,65.92,97.01,1551.2,17.24,1.05,184.65,2000.0
WTG_28,95,6.84,18.21,211.71,69.96,63.8,76.89,879.38,9.77,0.0,186.98,715.91
WTG_28,96,10.74,11.24,184.28,79.62,67.21,95.47,1331.86,14.8,0.0,186.94,2000.0
WTG_28,97,7.69,16.81,216.76,72.79,63.83,83.77,981.98,10.91,0.0,189.07,1029.96
WTG_28,98,9.11,16.79,225.65,77.0,63.2,91.23,1162.45,12.92,0.0,188.52,1644.87
WTG_28,99,9.47,26.45,190.39,79.82,64.71,108.56,1192.34,13.25,0.0,186.12,1876.54
WTG_28,100,11.84,23.25,185.26,80.92,65.93,105.2,1513.21,16.81,0.0,186.01,2000.0
WTG_28,101,7.23,18.67,197.03,71.98,64.07,81.17,871.5,9.68,0.0,186.27,866.41
WTG_28,102,7.44,22.72,194.57,70.81,64.74,85.94,934.28,10.38,0.0,185.73,897.19
WTG_28,103,6.46,16.51,208.46,69.18,64.58,73.29,830.35,9.23,0.0,187.47,585.34
WTG_28,104,7.66,16.12,204.36,72.94,64.43,82.67,999.57,11.11,0.0,185.27,999.97
WTG_28,105,8.28,14.9,197.63,74.95,64.1,82.84,1027.07,11.41,0.0,185.64,1245.6
WTG_28,106,8.02,21.59,185.52,74.29,63.94,89.46,1019.01,11.32,0.0,185.4,1122.24
WTG_28,107,4.69,26.8,228.05,68.82,63.32,78.22,599.32,6.66,0.0,182.12,231.55
WTG_28,108,9.02,23.34,171.35,76.74,65.72,100.68,1131.79,12.58,0.0,186.34,1606.51
WTG_28,109,12.7,18.07,196.59,80.14,67.36,103.73,1592.51,17.69,1.74,186.56,2000.0
WTG_28,110,9.3,13.26,211.28,80.15,64.74,94.07,1159.73,12.89,0.0,184.28,1778.03
WTG_28,111,3.47,24.59,219.57,65.64,62.95,72.19,540.0,6.0,0.0,186.96,80.87
WTG_28,112,8.36,19.72,169.99,75.86,64.26,89.92,1032.49,11.47,0.0,183.67,1290.68
WTG_28,113,11.04,13.51,196.35,81.0,66.74,95.21,1392.74,15.47,0.0,185.7,2000.0
WTG_28,114,7.29,22.42,205.42,71.44,64.74,86.32,899.3,9.99,0.0,181.8,842.13
WTG_28,115,3.67,24.19,220.77,64.89,62.62,73.35,540.0,6.0,0.0,184.34,99.4
WTG_28,116,8.82,16.31,171.4,75.9,64.75,91.55,1126.72,12.52,0.0,185.38,1498.89
WTG_28,117,10.78,19.62,199.12,80.8,65.89,104.44,1324.92,14.72,0.0,184.14,2000.0
WTG_28,118,10.17,22.42,190.13,82.12,65.77,108.01,1259.36,13.99,0.0,184.21,2000.0
WTG_28,119,8.65,14.27,198.37,76.71,66.28,87.48,1089.33,12.1,0.0,184.16,1410.78
WTG_28,120,7.26,22.36,192.48,73.81,64.87,84.85,911.64,10.13,0.0,183.49,830.29
WTG_28,121,5.02,17.88,214.18,67.32,63.93,72.35,630.32,7.0,0.0,185.53,299.57
WTG_28,122,7.37,23.2,165.81,72.32,65.75,87.34,970.49,10.78,0.0,183.89,877.82
WTG_28,123,8.84,15.09,204.65,77.08,65.68,89.48,1101.96,12.24,0.0,182.7,1514.5
WTG_28,124,13.38,18.27,201.9,81.28,68.47,103.03,1721.85,19.13,3.45,184.82,2000.0
WTG_28,125,12.48,21.44,196.21,82.01,67.95,107.17,1587.23,17.64,1.21,185.27,2000.0
WTG_28,126,9.58,13.54,183.09,81.28,66.71,98.48,1208.74,13.43,0.0,184.18,1914.21
WTG_28,127,11.76,18.31,173.21,80.93,67.33,103.86,1488.67,16.54,0.0,180.35,2000.0
WTG_28,128,8.3,16.54,203.35,76.79,65.42,89.77,1025.82,11.4,0.0,182.57,1257.27
WTG_28,129,8.92,15.83,194.36,78.87,65.0,93.25,1119.41,12.44,0.0,183.97,1571.54
WTG_28,130,11.55,17.11,203.78,82.49,67.33,103.99,1452.11,16.13,0.0,184.03,2000.0
WTG_28,131,7.23,15.74,216.61,71.94,64.62,79.46,896.59,9.96,0.0,180.89,840.3
WTG_28,132,7.6,25.38,201.97,74.22,65.04,91.45,960.55,10.67,0.0,185.73,972.91
WTG_28,133,5.15,24.82,187.01,69.05,66.12,80.78,638.82,7.1,0.0,181.16,327.6
WTG_28,134,8.01,13.73,186.1,75.12,66.26,84.92,1029.6,11.44,0.0,181.88,1148.05
WTG_28,135,10.6,22.51,216.87,82.95,68.12,108.32,1334.95,14.83,0.0,183.42,2000.0
WTG_28,136,5.44,22.92,220.6,69.11,63.66,78.57,664.76,7.39,0.0,181.66,348.39
WTG_28,137,6.84,15.46,175.34,72.9,66.84,76.56,849.95,9.44,0.0,181.97,717.34
WTG_28,138,6.32,16.36,186.4,71.19,64.79,74.97,834.6,9.27,0.0,182.71,548.15
WTG_28,139,9.53,22.05,203.03,82.38,65.3,107.38,1173.77,13.04,0.0,185.12,1906.55
WTG_28,140,3.73,18.06,198.2,67.95,65.4,68.88,540.0,6.0,0.0,181.54,135.84
WTG_28,141,6.18,15.95,185.92,69.22,65.23,74.24,801.18,8.9,0.0,183.32,520.45
WTG_28,142,12.86,26.08,201.12,83.07,69.48,112.74,1610.29,17.89,2.15,184.0,2000.0
WTG_28,143,12.38,25.3,205.44,81.73,69.92,112.24,1587.05,17.63,0.94,184.93,2000.0
WTG_28,144,11.27,13.16,196.9,83.73,68.35,100.61,1414.94,15.72,0.0,180.21,2000.0
WTG_28,145,7.61,17.67,162.69,74.86,66.23,85.3,953.13,10.59,0.0,182.54,974.16
WTG_28,146,9.49,23.01,197.9,83.19,66.92,106.93,1140.76,12.68,0.0,181.92,1912.51
WTG_28,147,5.87,7.72,195.35,71.13,66.72,64.77,733.34,8.15,0.0,181.7,439.6
WTG_28,148,6.09,16.65,172.17,71.22,64.85,73.16,800.73,8.9,0.0,181.02,475.42
WTG_28,149,10.69,13.74,174.05,83.29,69.02,101.77,1359.65,15.11,0.0,178.65,2000.0
WTG_28,150,7.9,28.35,194.1,76.85,68.49,97.58,989.38,10.99,0.0,184.95,1110.11
WTG_28,151,11.87,10.18,179.92,84.09,69.71,99.69,1509.38,16.77,0.0,182.51,2000.0
WTG_28,152,10.27,20.85,190.47,84.86,67.88,108.38,1298.07,14.42,0.0,183.01,2000.0
WTG_28,153,8.65,20.87,185.85,78.4,66.98,98.82,1087.71,12.09,0.0,181.81,1420.67
WTG_28,154,7.93,17.25,203.05,77.77,67.86,86.5,991.68,11.02,0.0,180.42,1089.54
WTG_28,155,6.51,15.52,199.29,73.66,67.62,78.09,796.12,8.85,0.0,179.27,637.05
WTG_28,156,10.8,12.38,189.95,83.4,68.56,99.99,1369.03,15.21,0.0,178.43,2000.0
WTG_28,157,11.25,20.37,208.21,84.38,69.63,108.8,1415.43,15.73,0.0,178.72,2000.0
WTG_28,158,13.24,12.09,181.48,84.64,68.84,99.8,1648.14,18.31,3.11,180.16,2000.0
WTG_28,159,7.92,6.95,211.89,76.88,69.31,79.28,1001.41,11.13,0.0,178.08,1114.45
WTG_28,160,9.72,25.59,159.81,85.25,68.38,115.07,1222.79,13.59,0.0,180.41,2000.0
WTG_28,161,6.21,14.78,210.8,73.31,67.95,78.06,778.47,8.65,0.0,179.67,517.2
WTG_28,162,14.81,19.94,202.59,84.38,71.32,108.74,1800.0,20.0,7.02,179.11,2000.0
WTG_28,163,9.89,17.64,193.59,85.85,70.23,106.66,1237.16,13.75,0.0,180.25,2000.0
WTG_28,164,9.46,14.5,208.36,83.33,67.09,101.43,1152.92,12.81,0.0,179.67,1865.12
WTG_28,165,8.79,24.76,192.59,81.84,69.35,103.77,1105.46,12.28,0.0,181.27,1493.88
WTG_28,166,8.85,16.49,203.62,81.78,69.39,97.57,1148.24,12.76,0.0,178.54,1504.38
WTG_28,167,8.4,17.94,201.29,81.45,68.52,93.41,1071.89,11.91,0.0,177.85,1316.3
WTG_28,168,11.78,25.32,202.23,86.34,71.56,115.55,1496.88,16.63,0.0,178.02,2000.0
WTG_28,169,8.34,16.46,208.03,80.73,69.96,94.56,1016.7,11.3,0.0,178.15,1277.43
WTG_28,170,7.7,24.58,170.89,79.81,68.88,96.58,977.36,10.86,0.0,182.03,1027.7
WTG_28,171,4.8,24.44,153.35,72.66,67.22,80.85,617.15,6.86,0.0,176.93,224.66
WTG_28,172,11.46,21.38,225.78,86.69,72.39,111.25,1410.81,15.68,0.0,180.25,2000.0
WTG_28,173,12.81,19.76,201.07,86.56,71.4,110.24,1602.84,17.81,2.02,176.57,2000.0
WTG_28,174,9.89,14.05,209.62,86.2,70.93,103.53,1235.04,13.72,0.0,177.88,2000.0
WTG_28,175,10.69,22.48,198.88,86.15,70.16,114.98,1358.34,15.09,0.0,175.77,2000.0
WTG_28,176,8.36,13.16,196.41,79.73,68.19,90.86,1047.5,11.64,0.0,176.46,1280.88
WTG_28,177,8.66,13.05,189.1,82.74,70.68,95.03,1093.15,12.15,0.0,177.64,1439.1
WTG_28,178,7.42,23.39,215.74,77.96,71.6,95.17,933.8,10.38,0.0,179.87,880.7
WTG_28,179,6.15,17.05,205.49,75.6,69.22,81.23,795.47,8.84,0.0,178.39,505.34
WTG_28,180,11.88,18.28,184.73,87.3,72.49,108.92,1514.15,16.82,0.0,178.18,2000.0
WTG_28,181,10.81,15.44,195.68,87.57,70.64,106.19,1319.7,14.66,0.0,175.85,2000.0
WTG_28,182,5.4,26.45,197.51,74.9,70.08,87.95,663.79,7.38,0.0,175.54,357.53
WTG_28,183,11.65,22.42,207.33,89.19,73.27,113.66,1489.51,16.55,0.0,175.78,2000.0
WTG_28,184,7.47,19.5,198.15,79.63,71.45,92.7,943.61,10.48,0.0,177.6,895.64
WTG_28,185,14.05,11.48,191.18,89.5,73.43,103.74,1764.53,19.61,5.12,175.54,2000.0
WTG_28,186,9.59,20.86,192.35,88.6,72.1,112.01,1206.07,13.4,0.0,172.91,1938.66
WTG_28,187,12.31,20.26,217.57,89.97,74.7,113.3,1571.94,17.47,0.79,174.72,2000.0
WTG_28,188,13.57,16.79,203.68,88.78,74.16,110.63,1695.5,18.84,3.94,172.4,2000.0
WTG_28,189,11.75,26.82,192.74,89.18,72.81,121.06,1481.96,16.47,0.0,176.14,2000.0
WTG_28,190,7.1,16.88,186.21,78.74,70.67,87.03,885.41,9.84,0.0,173.57,780.32
WTG_28,191,9.9,14.65,196.54,89.8,73.87,106.79,1245.61,13.84,0.0,173.11,2000.0
WTG_28,192,9.83,18.77,173.17,89.88,72.93,112.58,1244.05,13.82,0.0,173.14,2000.0
WTG_28,193,13.98,19.64,187.82,91.04,75.73,112.56,1751.15,19.46,4.95,176.02,2000.0
WTG_28,194,5.46,12.61,179.82,78.63,71.15,77.83,669.66,7.44,0.0,173.79,385.04
WTG_28,195,7.24,19.64,191.98,80.27,72.72,93.13,927.48,10.31,0.0,173.93,853.49
WTG_28,196,8.09,18.63,217.78,83.87,73.21,97.25,1002.99,11.14,0.0,171.64,1147.92
WTG_28,197,9.29,15.68,201.35,88.48,73.77,103.47,1215.31,13.5,0.0,174.44,1761.41
WTG_28,198,7.41,23.32,207.38,80.99,71.91,98.2,974.84,10.83,0.0,171.85,902.86
WTG_28,199,8.35,14.83,226.08,86.01,73.97,97.35,1048.11,11.65,0.0,170.99,1290.75
WTG_28,200,8.02,19.06,188.49,84.64,74.97,97.54,1029.12,11.43,0.0,171.74,1128.47
WTG_28,201,5.49,18.27,192.08,78.08,73.77,83.63,690.1,7.67,0.0,173.54,392.94
WTG_28,202,8.39,21.43,188.68,86.47,74.97,103.95,1064.79,11.83,0.0,171.83,1304.97
WTG_28,203,5.64,15.28,212.5,79.03,73.99,81.02,708.27,7.87,0.0,170.32,383.55
WTG_28,204,9.96,19.14,186.54,91.86,75.4,116.25,1219.87,13.55,0.0,169.93,2000.0
WTG_28,205,9.35,21.63,203.34,90.47,75.07,113.15,1179.27,13.1,0.0,169.44,1785.77
WTG_28,206,10.01,15.73,202.53,90.32,75.95,114.16,1244.68,13.83,0.0,169.56,2000.0
WTG_28,207,4.59,18.5,202.06,78.73,72.82,85.07,602.95,6.7,0.0,169.29,212.76
WTG_28,208,9.74,18.71,218.62,93.39,76.79,115.56,1216.23,13.51,0.0,170.62,2000.0
WTG_28,209,8.23,13.56,195.82,87.98,77.2,96.93,1059.72,11.77,0.0,170.27,1231.21
WTG_28,210,7.78,15.95,200.86,86.36,75.7,96.68,982.31,10.91,0.0,166.65,1042.59
WTG_28,211,7.56,21.12,211.72,85.11,75.97,99.92,923.34,10.26,0.0,169.19,951.6
WTG_28,212,8.68,17.06,187.42,89.53,76.19,105.26,1070.74,11.9,0.0,168.47,1451.5
WTG_28,213,10.77,20.78,211.54,94.47,77.28,116.97,1340.89,14.9,0.0,165.56,2000.0
WTG_28,214,6.84,18.12,204.56,84.74,76.25,92.28,852.04,9.47,0.0,169.33,710.32
WTG_28,215,8.2,24.01,207.25,88.6,78.25,107.97,1028.49,11.43,0.0,168.29,1199.67
WTG_28,216,10.05,17.91,184.82,95.29,77.31,117.72,1279.39,14.22,0.0,167.82,2000.0
WTG_28,217,7.6,18.86,221.07,86.15,78.25,99.95,963.81,10.71,0.0,167.21,987.1
WTG_28,218,6.75,14.41,187.73,84.15,78.65,90.4,871.8,9.69,0.0,166.47,686.59
WTG_28,219,10.37,15.4,197.99,94.73,79.59,115.62,1286.13,14.29,0.0,165.17,2000.0
WTG_28,220,7.21,22.77,182.02,86.5,77.61,103.48,869.86,9.67,0.0,166.67,845.58
WTG_28,221,9.91,18.87,204.29,96.1,79.44,120.38,1248.48,13.87,0.0,163.88,2000.0
WTG_28,222,8.57,15.04,194.22,91.62,79.77,106.07,1077.7,11.97,0.0,165.22,1383.12
WTG_28,223,7.9,9.69,188.93,89.52,78.26,94.23,1004.16,11.16,0.0,164.71,1100.29
WTG_28,224,9.44,19.03,209.45,96.06,80.72,117.91,1175.0,13.06,0.0,166.33,1839.68
WTG_28,225,9.97,24.83,236.86,97.7,80.55,127.43,1262.48,14.03,0.0,163.69,2000.0
WTG_28,226,5.18,20.38,201.46,83.0,78.02,93.23,631.42,7.02,0.0,163.64,331.63
WTG_28,227,8.23,18.57,199.91,91.87,79.81,106.81,1010.33,11.23,0.0,163.55,1230.31
WTG_28,228,11.27,18.82,190.2,98.95,81.02,122.57,1440.55,16.01,0.0,160.16,2000.0
WTG_28,229,12.7,14.49,196.96,97.65,82.41,117.97,1609.88,17.89,1.75,164.07,2000.0
WTG_28,230,10.91,24.23,236.41,98.47,81.26,127.04,1379.54,15.33,0.0,160.29,2000.0
WTG_28,231,7.6,17.46,174.3,89.45,80.9,103.72,977.07,10.86,0.0,162.7,956.12
WTG_28,232,4.47,13.35,205.46,82.99,80.38,85.14,583.57,6.48,0.0,164.92,206.17
WTG_28,233,8.46,15.15,214.23,95.16,82.36,106.29,1058.49,11.76,0.0,160.65,1319.35
WTG_28,234,10.82,16.77,183.43,100.7,83.24,122.58,1392.05,15.47,0.0,160.16,2000.0
WTG_28,235,7.36,23.04,207.15,89.73,81.03,108.21,914.99,10.17,0.0,163.09,886.54
WTG_28,236,8.01,10.54,214.58,94.18,83.61,99.01,1028.68,11.43,0.0,158.91,1111.92
WTG_28,237,8.39,14.5,207.86,95.83,81.41,108.6,1065.68,11.84,0.0,156.16,1323.01
WTG_28,238,8.85,15.54,211.23,97.48,82.83,114.01,1098.04,12.2,0.0,157.94,1523.68
WTG_28,239,3.34,18.19,202.01,85.93,81.79,89.81,540.0,6.0,0.0,156.04,67.31
WTG_28,240,7.97,14.12,212.63,95.25,82.76,105.4,1002.29,11.14,0.0,155.6,1110.57
WTG_28,241,7.04,22.77,185.56,91.48,82.39,106.28,875.47,9.73,0.0,161.26,764.56
WTG_28,242,9.8,24.44,203.39,101.98,83.51,134.15,1239.64,13.77,0.0,158.32,2000.0
WTG_28,243,7.43,22.67,226.89,93.18,83.76,110.02,929.42,10.33,0.0,160.63,931.45
WTG_28,244,11.59,19.92,200.94,101.84,86.13,128.9,1458.78,16.21,0.0,156.4,2000.0
WTG_28,245,8.41,21.85,207.17,97.28,84.43,119.26,1073.32,11.93,0.0,156.59,1314.92
WTG_28,246,8.77,21.8,174.74,98.29,85.38,121.99,1111.38,12.35,0.0,157.24,1477.01
WTG_28,247,6.94,13.4,174.07,93.38,84.7,97.6,899.26,9.99,0.0,153.04,738.22
WTG_28,248,7.58,24.22,177.45,95.19,85.84,114.66,960.42,10.67,0.0,155.7,943.52
WTG_28,249,8.12,13.26,207.87,97.77,87.18,109.93,1021.63,11.35,0.0,152.06,1196.97
WTG_28,250,5.43,14.93,219.78,92.54,86.14,98.05,686.67,7.63,0.0,155.45,360.6
WTG_28,251,6.5,18.42,205.34,93.22,85.8,102.14,804.85,8.94,0.0,152.09,598.25
WTG_28,252,8.33,17.56,191.86,99.96,88.72,117.33,1041.04,11.57,0.0,154.77,1313.71
WTG_28,253,10.09,16.74,200.06,105.52,88.49,128.83,1288.34,14.31,0.0,156.05,2000.0
WTG_28,254,7.29,14.64,185.57,97.08,87.31,107.06,925.89,10.29,0.0,154.67,852.58
WTG_28,255,12.89,18.58,232.82,107.15,91.55,132.17,1612.32,17.91,2.23,153.34,2000.0
WTG_28,256,3.76,24.0,195.31,93.28,87.1,102.58,540.0,6.0,0.0,150.69,114.12
WTG_28,257,13.41,14.35,231.82,106.13,90.22,127.89,1693.03,18.81,3.53,150.74,2000.0
WTG_28,258,6.98,17.12,221.83,97.15,89.34,109.17,871.36,9.68,0.0,150.71,735.37
WTG_28,259,7.39,13.31,191.29,98.21,89.31,107.68,929.19,10.32,0.0,147.95,898.08
WTG_28,260,11.53,16.44,215.77,108.37,90.75,132.48,1429.66,15.89,0.0,148.53,2000.0
WTG_28,261,8.72,20.35,200.36,103.7,90.25,125.49,1113.32,12.37,0.0,150.04,1446.64
WTG_28,262,10.02,23.34,180.08,108.7,91.51,140.02,1271.22,14.12,0.0,149.8,2000.0
WTG_28,263,7.21,16.3,214.28,101.18,89.72,110.7,894.36,9.94,0.0,144.96,828.4
WTG_28,264,8.69,16.8,206.36,103.43,90.64,124.53,1098.98,12.21,0.0,149.64,1458.31
WTG_28,265,11.92,20.22,209.01,111.32,94.33,138.24,1522.8,16.92,0.0,147.97,2000.0
WTG_28,266,9.2,15.91,224.05,110.42,92.62,128.59,1182.13,13.13,0.0,144.78,1729.5
WTG_28,267,8.34,26.84,197.18,106.3,94.59,132.93,1047.69,11.64,0.0,149.01,1294.64
WTG_28,268,10.26,10.75,190.98,112.35,94.34,130.89,1271.28,14.13,0.0,145.77,2000.0
WTG_28,269,9.5,19.05,197.96,112.68,94.04,137.23,1197.37,13.3,0.0,148.44,1886.04
WTG_28,270,10.81,17.16,203.86,112.74,94.79,136.57,1401.23,15.57,0.0,143.96,2000.0
WTG_28,271,9.37,14.53,208.35,111.36,94.83,132.8,1174.88,13.05,0.0,145.16,1795.8
WTG_28,272,10.63,11.54,212.29,114.88,96.13,133.26,1356.34,15.07,0.0,141.71,2000.0
WTG_28,273,5.27,17.28,186.3,99.54,92.8,109.72,681.2,7.57,0.0,140.55,318.28
WTG_28,274,7.61,17.27,220.58,107.15,95.15,122.55,961.46,10.68,0.0,141.37,967.17
WTG_29,1,10.01,19.28,199.19,82.49,66.57,101.41,1262.98,14.03,0.0,186.1,2000.0
WTG_29,2,9.33,23.11,172.77,79.11,64.87,100.65,1150.44,12.78,0.0,185.88,1763.98
WTG_29,3,10.24,23.04,193.58,84.02,65.11,106.46,1277.31,14.19,0.0,185.37,2000.0
WTG_29,4,10.95,22.74,183.33,80.95,67.36,106.41,1399.66,15.55,0.0,184.51,2000.0
WTG_29,5,9.92,17.4,190.29,81.34,67.6,100.12,1254.43,13.94,0.0,189.12,2000.0
WTG_29,6,10.18,23.34,181.24,82.86,65.76,105.67,1304.66,14.5,0.0,185.05,2000.0
WTG_29,7,7.38,16.83,189.91,73.53,65.25,77.96,936.17,10.4,0.0,186.08,877.86
WTG_29,8,8.15,26.15,171.33,75.14,65.66,93.97,1047.13,11.63,0.0,187.17,1180.92
WTG_29,9,10.77,20.59,190.34,82.04,67.22,103.78,1348.24,14.98,0.0,186.82,2000.0
WTG_29,10,9.46,13.74,177.34,81.19,66.68,96.18,1182.48,13.14,0.0,187.91,1873.19
WTG_29,11,6.66,17.23,156.66,70.77,64.39,74.51,871.66,9.69,0.0,185.39,685.17
WTG_29,12,5.35,21.41,165.12,67.27,63.52,71.07,673.99,7.49,0.0,186.66,325.06
WTG_29,13,10.51,20.32,185.1,81.78,66.16,101.36,1335.5,14.84,0.0,185.43,2000.0
WTG_29,14,6.23,17.41,189.95,70.27,64.03,71.45,777.64,8.64,0.0,189.0,518.23
WTG_29,15,11.63,18.58,173.89,81.46,66.75,98.6,1457.09,16.19,0.0,188.76,2000.0
WTG_29,16,10.0,14.54,203.16,81.76,66.51,95.37,1270.82,14.12,0.0,187.13,2000.0
WTG_29,17,8.12,21.82,176.0,76.51,65.75,89.71,1013.51,11.26,0.0,187.68,1197.02
WTG_29,18,8.39,14.53,186.69,76.51,65.13,83.34,1026.1,11.4,0.0,188.62,1319.31
WTG_29,19,10.77,19.01,190.16,81.76,66.48,102.06,1359.51,15.11,0.0,184.54,2000.0
WTG_29,20,5.79,25.36,168.99,68.53,65.1,78.87,756.73,8.41,0.0,187.73,421.1
WTG_29,21,6.04,19.79,136.5,70.94,64.95,73.79,767.58,8.53,0.0,188.27,470.18
WTG_29,22,14.99,17.8,187.37,81.31,68.12,100.68,1800.0,20.0,7.47,185.63,2000.0
WTG_29,23,9.71,22.0,185.01,80.69,66.49,104.55,1243.46,13.82,0.0,186.77,1989.55
WTG_29,24,9.29,13.47,156.82,79.74,64.36,91.73,1187.38,13.19,0.0,185.63,1780.66
WTG_29,25,11.08,14.17,193.22,82.49,66.34,97.05,1397.69,15.53,0.0,186.66,2000.0
WTG_29,26,5.19,20.45,181.91,67.88,64.36,70.18,615.67,6.84,0.0,187.77,286.02
WTG_29,27,10.98,17.27,194.17,81.87,66.01,100.6,1382.48,15.36,0.0,187.35,2000.0
WTG_29,28,12.87,17.75,188.73,82.4,66.93,100.41,1626.65,18.07,2.17,186.7,2000.0
WTG_29,29,14.54,11.14,194.82,83.78,68.23,93.47,1800.0,20.0,6.36,186.82,2000.0
WTG_29,30,9.53,19.07,165.68,80.77,65.7,99.41,1209.64,13.44,0.0,186.55,1879.82
WTG_29,31,9.72,12.71,183.73,83.46,66.01,96.81,1208.4,13.43,0.0,187.04,2000.0
WTG_29,32,7.39,18.95,152.55,72.51,65.69,80.07,935.69,10.4,0.0,186.43,906.89
WTG_29,33,6.36,18.06,228.01,70.59,64.31,74.81,791.22,8.79,0.0,185.7,564.29
WTG_29,34,9.83,16.46,207.55,82.64,67.08,100.01,1242.69,13.81,0.0,187.95,2000.0
WTG_29,35,12.15,18.03,214.5,81.98,66.13,100.64,1546.74,17.19,0.39,185.34,2000.0
WTG_29,36,7.9,18.53,203.96,73.46,64.39,85.74,992.71,11.03,0.0,185.78,1068.16
WTG_29,37,4.55,19.2,174.69,68.81,63.54,68.7,572.66,6.36,0.0,188.6,220.12
WTG_29,38,7.06,12.95,191.21,72.22,64.85,72.11,871.48,9.68,0.0,188.11,768.69
WTG_29,39,8.81,11.47,187.34,77.87,65.24,83.75,1112.47,12.36,0.0,188.87,1498.76
WTG_29,40,10.56,20.71,180.71,82.99,67.78,101.9,1314.93,14.61,0.0,183.66,2000.0
WTG_29,41,10.64,25.17,172.81,80.08,67.37,107.47,1375.49,15.28,0.0,186.41,2000.0
WTG_29,42,8.32,18.33,171.38,75.32,64.54,85.35,1027.64,11.42,0.0,188.0,1277.36
WTG_29,43,14.94,12.65,173.34,82.02,69.28,94.45,1800.0,20.0,7.35,186.6,2000.0
WTG_29,44,9.09,10.99,182.51,78.55,67.02,85.9,1151.44,12.79,0.0,186.78,1632.0
WTG_29,45,8.24,15.52,166.53,75.49,66.23,82.51,1044.71,11.61,0.0,188.3,1216.61
WTG_29,46,7.86,17.17,191.53,73.93,65.2,81.29,964.78,10.72,0.0,187.13,1078.51
WTG_29,47,5.51,15.75,176.45,68.85,63.88,67.42,703.82,7.82,0.0,188.91,390.24
WTG_29,48,8.3,19.86,190.44,77.22,65.01,89.62,1030.9,11.45,0.0,186.99,1265.04
WTG_29,49,6.03,24.19,196.22,70.88,63.56,76.71,736.51,8.18,0.0,184.2,467.77
WTG_29,50,7.33,20.82,188.79,73.51,64.26,81.89,900.52,10.01,0.0,189.14,861.39
WTG_29,51,9.17,24.45,173.34,79.88,64.91,103.71,1147.36,12.75,0.0,186.96,1713.44
WTG_29,52,13.69,15.3,182.59,82.96,66.25,97.2,1737.58,19.31,4.24,186.76,2000.0
WTG_29,53,10.91,16.57,179.38,81.61,66.74,99.15,1378.43,15.32,0.0,184.78,2000.0
WTG_29,54,9.66,19.66,206.06,80.5,66.0,101.73,1215.76,13.51,0.0,185.78,1997.1
WTG_29,55,10.07,10.69,160.16,81.56,67.19,94.35,1279.32,14.21,0.0,187.03,2000.0
WTG_29,56,5.51,23.36,157.15,68.01,65.03,77.56,674.59,7.5,0.0,187.45,380.84
WTG_29,57,7.15,12.81,162.85,72.78,65.91,73.88,906.91,10.08,0.0,186.94,807.28
WTG_29,58,9.24,13.92,193.25,80.41,67.56,93.13,1168.66,12.99,0.0,183.7,1752.37
WTG_29,59,9.6,23.09,176.68,81.16,66.42,105.11,1197.85,13.31,0.0,187.51,1970.97
WTG_29,60,7.56,15.34,202.66,74.13,65.81,78.5,981.39,10.9,0.0,187.5,948.42
WTG_29,61,13.3,12.74,201.13,81.21,69.08,95.41,1714.2,19.05,3.25,187.34,2000.0
WTG_29,62,11.6,23.85,173.92,81.51,67.56,106.29,1463.06,16.26,0.0,186.56,2000.0
WTG_29,63,7.77,20.33,177.51,74.06,63.96,85.6,978.81,10.88,0.0,186.37,1033.72
WTG_29,64,8.13,17.87,199.01,75.81,65.23,86.18,1062.73,11.81,0.0,184.43,1154.88
WTG_29,65,9.24,17.37,169.71,80.23,64.23,94.83,1153.06,12.81,0.0,187.54,1733.27
WTG_29,66,12.31,19.27,194.8,81.26,67.16,104.31,1528.94,16.99,0.79,188.57,2000.0
WTG_29,67,10.98,19.27,182.93,84.0,67.39,103.0,1395.13,15.5,0.0,185.62,2000.0
WTG_29,68,7.85,15.04,168.06,74.53,65.0,81.91,1013.89,11.27,0.0,187.12,1073.67
WTG_29,69,7.94,22.65,215.45,74.88,65.55,88.46,990.52,11.01,0.0,184.14,1096.57
WTG_29,70,6.71,18.51,209.64,72.01,64.73,75.67,849.54,9.44,0.0,186.87,679.06
WTG_29,71,12.08,12.93,195.68,81.72,67.38,94.81,1511.98,16.8,0.2,187.75,2000.0
WTG_29,72,9.14,25.16,191.78,80.71,65.49,100.54,1133.46,12.59,0.0,188.29,1655.09
WTG_29,73,7.91,21.65,192.59,74.36,64.43,85.4,962.52,10.69,0.0,184.52,1099.49
WTG_29,74,8.11,18.32,189.66,73.87,67.32,85.13,1037.33,11.53,0.0,187.04,1146.53
WTG_29,75,5.4,20.73,203.23,69.58,62.42,72.94,646.31,7.18,0.0,185.24,354.17
WTG_29,76,10.15,20.79,194.63,82.56,66.3,102.22,1273.6,14.15,0.0,186.49,2000.0
WTG_29,77,8.54,17.26,182.34,77.99,65.45,88.31,1072.95,11.92,0.0,185.12,1362.29
WTG_29,78,6.26,17.54,197.95,70.08,64.84,73.24,807.84,8.98,0.0,187.25,551.29
WTG_29,79,10.27,15.5,193.12,82.41,66.18,98.06,1304.63,14.5,0.0,189.38,2000.0
WTG_29,80,6.04,25.53,216.12,70.02,64.14,79.32,737.57,8.2,0.0,187.15,475.32
WTG_29,81,9.64,20.2,185.79,82.54,67.04,101.3,1210.55,13.45,0.0,187.26,1959.26
WTG_29,82,9.69,13.37,166.56,83.27,66.09,95.7,1215.49,13.51,0.0,185.4,1991.62
WTG_29,83,8.41,19.12,204.29,75.97,66.46,87.78,1037.75,11.53,0.0,187.87,1315.62
WTG_29,84,11.36,14.86,180.39,82.3,67.2,98.98,1397.08,15.52,0.0,185.58,2000.0
WTG_29,85,8.66,12.97,186.3,78.03,66.63,85.58,1093.25,12.15,0.0,185.78,1438.97
WTG_29,86,11.0,21.23,183.77,82.67,66.96,104.8,1418.3,15.76,0.0,187.26,2000.0
WTG_29,87,9.23,18.87,171.93,80.57,65.42,94.77,1148.34,12.76,0.0,183.83,1720.3
WTG_29,88,10.33,24.7,203.03,82.12,65.64,107.68,1282.34,14.25,0.0,186.57,2000.0
WTG_29,89,6.54,13.21,200.58,69.56,65.65,71.53,807.38,8.97,0.0,185.37,602.75
WTG_29,90,8.84,19.92,198.9,78.62,65.87,94.18,1111.92,12.35,0.0,184.2,1509.06
WTG_29,91,11.92,25.88,178.25,82.32,68.77,108.57,1487.46,16.53,0.0,185.99,2000.0
WTG_29,92,7.83,9.79,180.86,73.95,66.39,76.02,985.36,10.95,0.0,185.61,1077.74
WTG_29,93,6.39,22.9,194.27,72.06,64.48,80.86,803.68,8.93,0.0,189.01,571.14
WTG_29,94,8.22,23.16,180.53,76.82,65.72,92.18,1015.59,11.28,0.0,186.07,1214.42
WTG_29,95,7.91,13.06,188.91,75.8,64.12,80.66,972.03,10.8,0.0,185.14,1090.63
WTG_29,96,10.26,15.36,183.39,82.43,67.09,96.31,1321.3,14.68,0.0,184.22,2000.0
WTG_29,97,11.02,12.85,191.99,82.02,67.47,95.13,1394.59,15.5,0.0,185.13,2000.0
WTG_29,98,11.16,14.59,197.74,81.32,68.25,96.27,1405.03,15.61,0.0,183.7,2000.0
WTG_29,99,11.86,17.7,183.24,82.14,68.71,101.48,1510.88,16.79,0.0,183.58,2000.0
WTG_29,100,7.07,13.98,172.24,73.52,65.98,75.46,888.74,9.87,0.0,186.99,777.27
WTG_29,101,10.22,19.43,204.62,81.88,66.39,103.34,1294.69,14.39,0.0,184.96,2000.0
WTG_29,102,9.57,16.97,176.41,83.7,67.32,98.14,1158.84,12.88,0.0,184.57,1908.48
WTG_29,103,7.74,22.36,203.94,76.55,65.86,88.25,993.16,11.04,0.0,185.77,1006.7
WTG_29,104,4.72,15.94,189.8,68.41,65.5,66.64,580.35,6.45,0.0,184.45,209.68
WTG_29,105,9.55,12.55,190.15,82.95,66.35,93.93,1168.11,12.98,0.0,185.07,1897.55
WTG_29,106,12.82,3.25,176.4,83.57,68.77,86.77,1657.99,18.42,2.05,183.09,2000.0
WTG_29,107,7.88,17.39,207.44,75.26,65.87,82.12,998.03,11.09,0.0,185.44,1075.04
WTG_29,108,5.82,16.49,205.73,71.72,65.76,70.94,737.86,8.2,0.0,182.05,438.86
WTG_29,109,7.88,17.55,190.6,76.51,65.89,84.68,963.93,10.71,0.0,183.99,1080.93
WTG_29,110,9.53,25.39,184.36,82.41,66.43,107.0,1179.6,13.11,0.0,185.3,1914.89
WTG_29,111,9.04,23.02,196.92,80.73,66.89,101.77,1155.33,12.84,0.0,185.59,1623.11
WTG_29,112,5.3,17.13,194.22,69.73,65.19,70.97,666.97,7.41,0.0,182.75,339.48
WTG_29,113,6.57,25.63,185.62,71.54,65.27,84.26,842.62,9.36,0.0,183.81,639.43
WTG_29,114,10.01,20.11,194.47,84.46,68.36,104.56,1259.78,14.0,0.0,183.45,2000.0
WTG_29,115,8.56,20.71,207.98,78.75,67.26,94.74,1097.93,12.2,0.0,183.57,1377.9
WTG_29,116,10.15,15.94,209.13,82.93,67.3,102.21,1278.26,14.2,0.0,185.57,2000.0
WTG_29,117,9.47,23.49,214.33,82.36,67.07,105.21,1192.13,13.25,0.0,184.99,1855.24
WTG_29,118,15.31,13.84,172.18,82.18,68.67,99.37,1800.0,20.0,8.27,182.49,2000.0
WTG_29,119,4.76,14.62,197.89,69.14,64.28,65.0,590.17,6.56,0.0,183.23,231.72
WTG_29,120,10.58,13.52,207.3,84.1,68.06,99.39,1345.97,14.96,0.0,183.17,2000.0
WTG_29,121,10.64,21.18,165.92,84.22,67.98,105.56,1363.62,15.15,0.0,183.12,2000.0
WTG_29,122,7.52,19.8,213.46,75.52,66.72,84.8,925.17,10.28,0.0,186.0,926.32
WTG_29,123,4.71,15.72,207.97,68.64,65.39,66.49,590.63,6.56,0.0,187.42,213.08
WTG_29,124,8.61,14.95,211.13,80.83,68.29,89.1,1083.14,12.03,0.0,185.21,1414.68
WTG_29,125,12.37,14.17,172.92,85.88,68.7,98.09,1594.47,17.72,0.92,185.24,2000.0
WTG_29,126,4.99,28.29,221.46,71.15,66.63,80.52,655.91,7.29,0.0,185.23,249.75
WTG_29,127,10.54,13.15,186.15,84.78,69.08,98.56,1323.07,14.7,0.0,186.71,2000.0
WTG_29,128,9.87,18.08,184.52,85.65,68.35,104.24,1248.7,13.87,0.0,185.54,2000.0
WTG_29,129,10.84,13.92,142.49,84.03,68.52,98.54,1405.27,15.61,0.0,183.72,2000.0
WTG_29,130,8.81,18.47,189.36,80.07,67.88,93.4,1126.33,12.51,0.0,184.6,1516.35
WTG_29,131,13.22,21.53,191.88,83.95,69.73,107.53,1648.84,18.32,3.06,182.38,2000.0
WTG_29,132,9.26,13.85,188.35,82.79,67.51,94.36,1158.94,12.88,0.0,185.04,1766.25
WTG_29,133,5.1,14.79,177.72,70.79,66.11,66.85,645.77,7.18,0.0,182.02,293.86
WTG_29,134,10.48,12.19,189.53,84.08,69.26,96.93,1338.03,14.87,0.0,183.42,2000.0
WTG_29,135,7.07,12.08,191.78,75.65,67.76,75.79,912.94,10.14,0.0,182.94,795.37
WTG_29,136,5.89,18.68,207.73,72.67,65.78,76.87,758.24,8.42,0.0,182.98,454.06
WTG_29,137,3.73,17.45,194.9,69.28,65.65,67.77,540.0,6.0,0.0,182.78,113.2
WTG_29,138,13.98,16.69,182.27,85.63,70.58,103.19,1781.4,19.79,4.96,184.86,2000.0
WTG_29,139,12.57,21.05,162.77,83.81,69.12,107.81,1556.18,17.29,1.42,181.88,2000.0
WTG_29,140,7.58,16.42,212.2,77.68,68.93,82.78,977.68,10.86,0.0,180.66,992.8
WTG_29,141,10.51,17.23,219.13,84.89,69.11,103.3,1317.85,14.64,0.0,182.9,2000.0
WTG_29,142,12.37,13.39,207.48,85.56,69.83,98.13,1570.8,17.45,0.92,183.15,2000.0
WTG_29,143,7.81,20.32,189.5,78.53,68.99,88.97,999.39,11.1,0.0,183.98,1063.8
WTG_29,144,8.08,15.82,195.64,79.33,67.64,84.42,1041.21,11.57,0.0,181.65,1155.81
WTG_29,145,8.87,21.98,191.03,81.61,68.97,98.77,1146.91,12.74,0.0,181.93,1543.73
WTG_29,146,8.55,18.77,190.21,81.24,68.64,93.9,1086.18,12.07,0.0,183.72,1352.8
WTG_29,147,9.46,21.47,200.09,85.43,69.22,106.75,1197.86,13.31,0.0,180.38,1856.03
WTG_29,148,7.52,13.59,211.11,76.31,67.55,80.89,957.79,10.64,0.0,183.75,911.09
WTG_29,149,7.83,9.72,165.19,79.63,68.53,77.1,1010.02,11.22,0.0,182.57,1074.14
WTG_29,150,7.78,25.08,205.29,79.19,68.1,92.4,983.84,10.93,0.0,181.84,1029.96
WTG_29,151,11.72,24.57,171.48,86.61,69.58,111.18,1499.81,16.66,0.0,182.57,2000.0
WTG_29,152,9.0,17.52,190.12,81.99,68.93,97.8,1134.29,12.6,0.0,181.28,1604.95
WTG_29,153,10.24,17.34,186.73,86.06,70.58,105.16,1308.09,14.53,0.0,180.5,2000.0
WTG_29,154,9.41,19.51,202.73,85.53,69.04,106.57,1217.79,13.53,0.0,179.31,1844.91
WTG_29,155,7.62,15.96,190.78,78.88,68.52,81.55,944.21,10.49,0.0,180.69,948.71
WTG_29,156,10.11,11.62,204.88,86.67,71.34,99.21,1279.75,14.22,0.0,180.24,2000.0
WTG_29,157,6.94,25.26,192.57,76.99,67.83,89.66,870.51,9.67,0.0,180.13,749.44
WTG_29,158,11.95,13.4,207.71,87.26,70.45,102.03,1469.9,16.33,0.0,180.54,2000.0
WTG_29,159,3.53,19.19,183.83,71.35,67.01,71.73,540.0,6.0,0.0,181.7,116.53
WTG_29,160,7.48,19.83,209.44,76.88,69.21,87.48,962.48,10.69,0.0,180.6,925.76
WTG_29,161,3.0,14.81,193.37,72.23,67.26,66.35,540.0,6.0,0.0,179.31,93.28
WTG_29,162,8.02,18.9,182.04,80.39,69.49,90.12,1006.74,11.19,0.0,179.13,1132.42
WTG_29,163,9.98,15.1,206.79,88.16,70.87,102.8,1264.1,14.05,0.0,182.79,2000.0
WTG_29,164,8.97,19.43,196.63,84.41,70.57,101.64,1156.16,12.85,0.0,179.18,1614.5
WTG_29,165,9.62,15.39,224.89,86.88,71.54,104.15,1231.42,13.68,0.0,180.22,1984.15
WTG_29,166,13.14,14.35,187.52,85.92,72.41,103.85,1645.88,18.29,2.85,179.28,2000.0
WTG_29,167,6.96,22.86,179.68,78.62,69.55,88.98,843.19,9.37,0.0,181.29,717.63
WTG_29,168,4.17,18.25,208.39,73.27,67.85,72.69,540.0,6.0,0.0,180.44,140.04
WTG_29,169,11.22,21.23,216.13,87.46,71.17,111.47,1395.74,15.51,0.0,180.09,2000.0
WTG_29,170,4.74,21.5,201.26,74.85,70.22,78.21,597.77,6.64,0.0,177.13,227.08
WTG_29,171,5.94,14.7,211.55,75.4,70.74,74.32,742.9,8.25,0.0,178.51,470.93
WTG_29,172,8.41,20.74,202.61,82.29,71.16,97.71,1086.1,12.07,0.0,177.87,1327.22
WTG_29,173,5.15,17.92,210.4,75.95,69.05,75.08,652.14,7.25,0.0,177.87,305.25
WTG_29,174,11.7,21.58,201.37,88.15,73.14,111.26,1499.37,16.66,0.0,179.62,2000.0
WTG_29,175,13.32,17.63,203.65,90.04,74.01,107.72,1695.1,18.83,3.3,176.73,2000.0
WTG_29,176,9.88,14.33,183.22,86.82,73.84,103.06,1251.85,13.91,0.0,177.63,2000.0
WTG_29,177,6.03,16.98,191.1,75.89,70.87,79.27,747.84,8.31,0.0,177.94,481.25
WTG_29,178,10.35,22.14,176.71,89.71,72.54,114.76,1333.32,14.81,0.0,179.34,2000.0
WTG_29,179,5.26,16.5,206.97,75.7,69.66,75.79,640.02,7.11,0.0,176.65,336.84
WTG_29,180,4.7,17.84,191.72,75.13,72.0,73.87,594.09,6.6,0.0,177.4,212.0
WTG_29,181,9.8,18.26,197.73,90.79,73.08,108.61,1236.07,13.73,0.0,178.94,2000.0
WTG_29,182,7.19,13.46,191.88,79.77,71.4,82.98,931.81,10.35,0.0,175.32,801.1
WTG_29,183,10.58,12.66,214.7,89.88,72.7,104.77,1342.62,14.92,0.0,177.63,2000.0
WTG_29,184,7.09,13.05,199.44,79.76,72.22,82.94,896.6,9.96,0.0,173.44,796.61
WTG_29,185,3.18,18.71,202.77,75.88,70.83,73.88,540.0,6.0,0.0,175.62,48.36
WTG_29,186,8.62,16.91,219.2,86.25,74.21,96.63,1131.2,12.57,0.0,175.33,1398.79
WTG_29,187,6.01,15.63,185.69,78.5,72.43,78.3,753.47,8.37,0.0,174.36,458.76
WTG_29,188,9.51,19.08,188.16,90.2,73.73,107.24,1190.28,13.23,0.0,179.35,1883.0
WTG_29,189,7.92,21.01,199.83,84.95,72.21,95.81,988.29,10.98,0.0,177.88,1105.34
WTG_29,190,14.17,19.5,219.24,90.77,77.03,111.32,1777.23,19.75,5.43,177.79,2000.0
WTG_29,191,12.12,18.7,242.18,90.72,75.52,110.76,1524.6,16.94,0.3,174.12,2000.0
WTG_29,192,10.2,21.42,203.66,90.58,74.34,113.08,1284.7,14.27,0.0,174.04,2000.0
WTG_29,193,9.77,13.38,168.29,90.89,75.05,107.33,1222.79,13.59,0.0,174.64,2000.0
WTG_29,194,10.44,25.87,195.59,91.08,74.13,118.93,1298.61,14.43,0.0,175.09,2000.0
WTG_29,195,9.91,12.46,205.98,92.73,73.56,103.56,1222.0,13.58,0.0,174.94,2000.0
WTG_29,196,7.5,16.43,221.89,83.39,74.33,89.81,964.13,10.71,0.0,173.15,941.95
WTG_29,197,8.99,20.43,222.98,88.77,74.64,107.18,1151.56,12.8,0.0,174.1,1606.47
WTG_29,198,6.32,16.5,200.22,82.17,73.3,83.76,808.42,8.98,0.0,173.42,555.5
WTG_29,199,10.04,18.04,195.26,91.31,76.27,112.37,1274.6,14.16,0.0,175.63,2000.0
WTG_29,200,9.02,12.19,206.34,89.28,75.28,99.15,1104.06,12.27,0.0,172.0,1589.59
WTG_29,201,7.02,28.79,183.16,82.34,74.27,100.71,869.47,9.66,0.0,172.38,781.36
WTG_29,202,11.87,22.05,211.87,93.94,77.35,116.09,1522.21,16.91,0.0,173.4,2000.0
WTG_29,203,7.9,11.97,177.69,83.82,75.01,90.99,978.67,10.87,0.0,172.19,1110.14
WTG_29,204,8.13,14.77,222.54,86.23,75.7,93.73,1016.7,11.3,0.0,172.78,1165.35
WTG_29,205,8.89,19.47,221.55,89.12,75.45,106.59,1088.41,12.09,0.0,171.89,1541.04
WTG_29,206,4.76,13.19,217.24,78.13,73.11,76.66,574.84,6.39,0.0,173.9,247.22
WTG_29,207,11.41,15.91,189.43,94.25,77.23,113.59,1445.25,16.06,0.0,171.85,2000.0
WTG_29,208,8.56,18.91,195.4,89.9,76.24,104.18,1087.92,12.09,0.0,172.29,1368.34
WTG_29,209,9.38,20.77,194.24,91.78,76.95,111.48,1193.36,13.26,0.0,171.02,1791.09
WTG_29,210,14.3,15.15,201.67,94.33,79.42,111.7,1784.76,19.83,5.75,170.23,2000.0
WTG_29,211,5.93,18.72,197.2,82.02,75.5,84.96,719.8,8.0,0.0,171.59,430.07
WTG_29,212,7.7,20.23,188.6,86.57,76.96,98.32,962.88,10.7,0.0,171.02,993.57
WTG_29,213,6.1,15.1,206.38,83.74,75.72,83.98,784.84,8.72,0.0,170.66,500.77
WTG_29,214,8.09,16.17,195.65,88.01,78.32,97.54,997.86,11.09,0.0,168.99,1150.07
WTG_29,215,10.66,17.97,194.29,94.62,79.46,116.27,1341.87,14.91,0.0,166.34,2000.0
WTG_29,216,11.0,17.16,197.68,95.84,80.21,115.09,1402.31,15.58,0.0,168.32,2000.0
WTG_29,217,13.11,15.83,212.06,95.58,80.88,113.76,1628.85,18.1,2.78,169.45,2000.0
WTG_29,218,4.19,17.56,202.99,83.68,75.75,82.3,540.0,6.0,0.0,167.49,162.0
WTG_29,219,12.01,19.06,194.4,96.1,80.87,117.0,1515.93,16.84,0.03,168.7,2000.0
WTG_29,220,8.76,22.77,201.19,91.51,78.36,112.56,1127.23,12.52,0.0,166.16,1469.04
WTG_29,221,3.44,16.64,204.52,82.46,77.66,80.38,540.0,6.0,0.0,169.43,72.4
WTG_29,222,6.75,17.16,219.75,85.39,77.19,92.12,852.95,9.48,0.0,168.05,701.04
WTG_29,223,10.78,17.05,217.77,98.49,80.61,116.41,1365.44,15.17,0.0,166.54,2000.0
WTG_29,224,6.45,17.21,190.13,85.13,79.19,91.64,788.56,8.76,0.0,168.08,582.83
WTG_29,225,7.67,19.81,185.38,90.92,79.59,102.55,956.28,10.63,0.0,165.89,1008.47
WTG_29,226,11.51,14.36,204.4,98.15,81.93,116.23,1472.14,16.36,0.0,164.81,2000.0
WTG_29,227,9.94,21.92,217.34,98.4,80.55,123.67,1251.59,13.91,0.0,165.8,2000.0
WTG_29,228,3.0,19.45,195.47,82.6,78.39,84.77,540.0,6.0,0.0,163.32,82.16
WTG_29,229,9.25,19.73,197.13,96.48,81.13,116.82,1175.51,13.06,0.0,167.6,1763.93
WTG_29,230,10.43,22.28,200.19,98.47,81.26,124.44,1346.76,14.96,0.0,165.39,2000.0
WTG_29,231,8.09,15.07,217.62,92.16,81.11,101.0,1025.35,11.39,0.0,165.65,1161.89
WTG_29,232,10.86,14.22,189.45,100.27,83.55,115.95,1392.4,15.47,0.0,163.61,2000.0
WTG_29,233,13.74,24.08,212.09,99.92,83.76,126.28,1735.16,19.28,4.35,166.86,2000.0
WTG_29,234,7.54,22.18,171.07,91.33,81.04,106.57,940.26,10.45,0.0,163.76,940.18
WTG_29,235,7.64,15.46,183.16,91.87,83.99,99.11,942.12,10.47,0.0,162.21,963.34
WTG_29,236,7.61,19.81,184.46,92.9,82.21,105.63,940.68,10.45,0.0,162.59,985.85
WTG_29,237,6.02,19.98,212.16,89.48,82.06,96.66,731.06,8.12,0.0,162.79,484.34
WTG_29,238,11.49,14.01,227.01,100.6,85.21,119.32,1413.99,15.71,0.0,160.98,2000.0
WTG_29,239,8.32,16.22,214.87,96.15,81.83,106.04,1023.09,11.37,0.0,163.25,1263.94
WTG_29,240,4.27,14.12,228.67,86.83,80.69,85.54,544.49,6.05,0.0,161.73,190.44
WTG_29,241,4.87,18.02,191.59,88.17,83.03,90.92,615.09,6.83,0.0,162.05,269.63
WTG_29,242,11.16,20.56,207.52,103.11,84.46,127.21,1437.95,15.98,0.0,161.84,2000.0
WTG_29,243,8.01,23.03,189.52,96.2,83.75,111.9,992.48,11.03,0.0,161.69,1137.92
WTG_29,244,5.06,19.77,191.76,90.71,84.09,94.01,642.55,7.14,0.0,161.29,283.3
WTG_29,245,4.36,17.46,200.42,89.76,83.15,90.72,540.0,6.0,0.0,157.51,175.2
WTG_29,246,6.75,17.51,209.85,92.7,84.12,99.32,861.52,9.57,0.0,157.65,677.29
WTG_29,247,6.85,20.15,205.48,93.59,83.52,104.23,872.43,9.69,0.0,158.94,702.2
WTG_29,248,9.32,21.66,230.32,103.78,85.86,124.86,1160.02,12.89,0.0,158.37,1801.4
WTG_29,249,11.83,12.96,186.19,105.36,87.89,121.71,1500.9,16.68,0.0,157.79,2000.0
WTG_29,250,9.1,20.63,184.72,101.81,87.11,123.64,1145.74,12.73,0.0,158.31,1651.09
WTG_29,251,11.03,19.11,183.67,105.44,88.47,128.53,1385.37,15.39,0.0,156.87,2000.0
WTG_29,252,7.01,16.66,220.55,94.4,85.71,101.47,877.95,9.76,0.0,152.88,770.32
WTG_29,253,4.43,17.34,227.11,91.32,85.38,93.06,540.0,6.0,0.0,154.86,191.21
WTG_29,254,3.39,20.27,220.75,89.91,85.3,95.17,540.0,6.0,0.0,153.93,86.81
WTG_29,255,8.72,26.59,208.71,102.95,87.36,127.77,1078.75,11.99,0.0,152.46,1501.77
WTG_29,256,6.95,21.49,187.06,98.76,87.79,110.88,850.07,9.45,0.0,152.86,752.23
WTG_29,257,10.16,22.52,198.07,107.61,89.08,134.13,1262.93,14.03,0.0,152.26,2000.0
WTG_29,258,9.75,21.03,209.94,107.75,88.97,134.45,1214.09,13.49,0.0,155.82,2000.0
WTG_29,259,4.33,16.94,194.52,92.8,86.58,93.93,540.0,6.0,0.0,155.23,176.33
WTG_29,260,8.5,17.75,224.92,102.66,89.12,118.44,1065.86,11.84,0.0,153.09,1357.97
WTG_29,261,10.86,22.28,205.3,109.29,90.46,134.59,1388.28,15.43,0.0,153.88,2000.0
WTG_29,262,3.42,20.65,209.18,93.13,87.37,99.78,540.0,6.0,0.0,151.55,112.13
WTG_29,263,12.03,20.63,211.26,111.04,91.67,135.51,1512.37,16.8,0.08,150.02,2000.0
WTG_29,264,6.77,18.73,204.11,98.83,89.19,110.54,870.26,9.67,0.0,148.71,678.34
WTG_29,265,16.79,20.68,213.25,108.95,93.71,136.46,1800.0,20.0,11.98,148.29,2000.0
WTG_29,266,10.64,16.55,215.06,111.12,91.8,130.88,1315.93,14.62,0.0,151.88,2000.0
WTG_29,267,7.93,14.63,214.52,104.8,91.62,114.01,1011.07,11.23,0.0,150.85,1089.74
WTG_29,268,5.69,22.63,222.14,98.46,90.27,106.66,723.08,8.03,0.0,148.77,369.29
WTG_29,269,3.55,17.58,223.29,96.38,90.91,97.58,540.0,6.0,0.0,145.59,116.04
WTG_29,270,6.22,15.04,195.3,102.03,92.99,103.28,806.09,8.96,0.0,149.55,527.67
WTG_29,271,11.62,16.56,207.4,113.78,94.44,135.42,1451.85,16.13,0.0,146.84,2000.0
WTG_29,272,11.38,19.02,205.87,113.37,94.92,136.44,1415.2,15.72,0.0,149.18,2000.0
WTG_29,273,9.32,18.01,199.23,111.73,94.79,131.65,1180.06,13.11,0.0,144.86,1791.87
WTG_29,274,8.35,19.7,222.89,106.39,95.24,125.52,1092.81,12.14,0.0,144.93,1292.2
WTG_29,275,11.06,19.69,200.25,113.93,94.99,139.24,1395.71,15.51,0.0,146.0,2000.0
WTG_29,276,11.84,22.01,197.71,113.86,97.29,141.3,1498.21,16.65,0.0,143.95,2000.0
WTG_29,277,8.58,11.26,181.14,108.97,94.4,118.42,1091.52,12.13,0.0,143.23,1379.46
WTG_29,278,4.02,20.63,214.02,100.06,93.87,108.05,540.0,6.0,0.0,143.33,162.26
WTG_29,279,11.0,20.79,200.59,113.51,96.83,142.05,1380.95,15.34,0.0,141.48,2000.0
WTG_29,280,10.53,16.22,222.88,115.21,96.15,137.47,1308.01,14.53,0.0,140.96,2000.0
WTG_29,281,8.85,19.68,186.28,112.09,96.76,132.67,1130.24,12.56,0.0,143.06,1507.71
WTG_29,282,10.3,15.22,216.16,115.78,98.06,138.86,1313.48,14.59,0.0,144.26,2000.0
WTG_30,1,9.96,15.78,173.7,82.45,64.43,98.9,1256.58,13.96,0.0,183.17,2000.0
WTG_30,2,4.56,18.04,197.74,66.94,61.15,66.29,581.25,6.46,0.0,182.79,225.28
WTG_30,3,5.89,14.04,183.69,71.89,62.9,68.59,751.18,8.35,0.0,183.6,428.6
WTG_30,4,6.78,17.67,177.47,73.29,62.94,75.58,856.02,9.51,0.0,185.97,689.15
WTG_30,5,10.96,20.22,167.82,81.54,64.5,102.74,1370.3,15.23,0.0,183.03,2000.0
WTG_30,6,6.44,16.92,184.5,71.08,62.54,74.32,808.46,8.98,0.0,187.05,594.85
WTG_30,7,7.62,18.65,181.43,76.2,62.55,82.52,967.87,10.75,0.0,186.22,974.5
WTG_30,8,12.6,22.94,200.21,83.08,66.11,103.41,1588.84,17.65,1.49,184.14,2000.0
WTG_30,9,7.05,13.42,173.86,73.62,63.51,74.77,892.53,9.92,0.0,184.06,775.64
WTG_30,10,10.72,21.06,163.04,83.03,64.11,103.12,1367.47,15.19,0.0,185.28,2000.0
WTG_30,11,9.71,23.02,179.76,82.2,63.24,104.85,1237.04,13.74,0.0,185.68,2000.0
WTG_30,12,10.37,17.5,185.4,83.54,64.28,99.6,1281.9,14.24,0.0,184.86,2000.0
WTG_30,13,7.05,16.62,183.63,73.72,62.54,74.52,877.07,9.75,0.0,183.91,758.88
WTG_30,14,10.35,10.32,182.94,82.26,64.22,93.47,1289.63,14.33,0.0,184.76,2000.0
WTG_30,15,4.79,21.06,189.77,68.03,62.09,69.68,596.92,6.63,0.0,184.18,214.47
WTG_30,16,9.21,22.38,173.96,81.87,63.02,99.81,1178.85,13.1,0.0,186.86,1728.59
WTG_30,17,9.61,17.45,172.16,82.11,64.68,100.92,1224.74,13.61,0.0,184.25,1959.32
WTG_30,18,9.82,16.97,176.83,82.22,64.37,98.45,1245.8,13.84,0.0,186.15,2000.0
WTG_30,19,13.18,13.27,189.64,84.03,64.27,95.03,1659.2,18.44,2.95,186.18,2000.0
WTG_30,20,5.59,16.3,188.86,70.8,62.61,68.22,700.06,7.78,0.0,186.19,390.18
WTG_30,21,13.3,14.49,170.69,83.31,65.7,97.29,1687.37,18.75,3.26,184.79,2000.0
WTG_30,22,9.11,16.69,197.98,80.25,63.45,92.25,1150.04,12.78,0.0,183.62,1664.16
WTG_30,23,11.14,18.38,194.33,82.72,65.76,100.98,1422.73,15.81,0.0,185.01,2000.0
WTG_30,24,8.32,24.7,175.7,77.17,63.0,94.51,1042.24,11.58,0.0,185.9,1269.23
WTG_30,25,7.31,16.13,176.92,73.72,62.87,77.19,910.47,10.12,0.0,185.46,873.73
WTG_30,26,3.0,29.17,185.31,68.66,60.73,76.84,540.0,6.0,0.0,183.91,36.85
WTG_30,27,11.02,14.36,206.06,82.23,65.07,96.4,1375.51,15.28,0.0,185.64,2000.0
WTG_30,28,7.22,21.16,191.69,74.14,62.47,83.53,909.88,10.11,0.0,186.14,845.55
WTG_30,29,10.85,17.38,181.08,83.63,63.58,99.64,1342.15,14.91,0.0,185.74,2000.0
WTG_30,30,4.98,18.53,191.0,68.24,62.34,67.78,622.5,6.92,0.0,182.95,257.64
WTG_30,31,8.93,16.48,197.15,79.0,64.73,89.48,1152.18,12.8,0.0,184.33,1539.85
WTG_30,32,13.07,15.42,192.42,83.43,65.06,96.49,1644.03,18.27,2.66,183.61,2000.0
WTG_30,33,6.59,18.88,160.51,70.1,62.09,75.54,809.33,8.99,0.0,184.02,612.87
WTG_30,34,3.0,22.85,171.25,68.78,60.75,69.27,540.0,6.0,0.0,188.84,86.64
WTG_30,35,6.01,15.76,174.88,70.83,62.95,69.18,712.9,7.92,0.0,184.18,485.59
WTG_30,36,11.32,21.25,179.27,83.99,65.52,104.7,1426.13,15.85,0.0,183.34,2000.0
WTG_30,37,9.13,19.11,179.8,79.5,62.89,96.43,1147.35,12.75,0.0,183.7,1666.64
WTG_30,38,9.0,18.53,193.53,79.86,64.14,92.51,1163.19,12.92,0.0,185.83,1607.1
WTG_30,39,10.26,20.26,176.45,82.78,64.63,102.89,1283.63,14.26,0.0,184.5,2000.0
WTG_30,40,6.96,6.29,187.85,73.41,61.83,64.73,876.62,9.74,0.0,183.84,745.26
WTG_30,41,13.03,20.38,155.2,82.54,65.27,103.37,1631.73,18.13,2.56,181.76,2000.0
WTG_30,42,7.36,17.02,176.92,73.71,64.24,79.42,911.2,10.12,0.0,181.67,896.19
WTG_30,43,10.59,12.4,198.39,82.7,63.37,93.38,1327.93,14.75,0.0,185.17,2000.0
WTG_30,44,5.29,18.41,177.01,67.95,62.39,68.89,699.55,7.77,0.0,185.4,333.87
WTG_30,45,13.38,18.8,169.32,83.53,65.89,101.29,1648.32,18.31,3.45,181.59,2000.0
WTG_30,46,5.13,17.39,185.59,69.51,62.43,68.5,659.15,7.32,0.0,180.06,296.15
WTG_30,47,6.92,15.36,191.82,71.35,63.37,74.83,866.41,9.63,0.0,182.75,724.34
WTG_30,48,6.84,14.81,180.92,72.37,62.66,72.9,892.51,9.92,0.0,186.02,709.16
WTG_30,49,10.07,14.75,189.43,82.73,64.12,97.15,1257.81,13.98,0.0,185.0,2000.0
WTG_30,50,10.47,15.33,178.21,82.47,65.13,98.27,1292.46,14.36,0.0,187.17,2000.0
WTG_30,51,12.86,27.9,195.16,83.26,65.89,109.48,1619.05,17.99,2.15,187.33,2000.0
WTG_30,52,9.19,17.86,180.01,80.05,63.44,93.64,1162.16,12.91,0.0,183.4,1703.02
WTG_30,53,6.89,23.4,194.66,73.9,63.37,81.08,878.17,9.76,0.0,187.25,746.47
WTG_30,54,9.18,22.92,201.46,80.1,64.54,99.49,1161.39,12.9,0.0,185.92,1716.93
WTG_30,55,11.23,16.7,198.16,82.28,64.35,99.32,1399.67,15.55,0.0,186.32,2000.0
WTG_30,56,11.03,18.71,189.98,83.19,64.48,102.78,1381.99,15.36,0.0,185.99,2000.0
WTG_30,57,11.45,21.15,181.85,82.83,64.71,102.38,1453.26,16.15,0.0,181.51,2000.0
WTG_30,58,15.16,25.9,205.15,83.24,66.08,107.29,1800.0,20.0,7.9,184.88,2000.0
WTG_30,59,10.25,14.44,203.26,82.9,63.32,97.78,1289.03,14.32,0.0,185.27,2000.0
WTG_30,60,6.1,20.18,172.93,71.81,60.74,74.07,747.73,8.31,0.0,188.73,499.25
WTG_30,61,7.0,23.35,168.28,73.12,62.18,81.75,889.72,9.89,0.0,185.62,749.88
WTG_30,62,11.83,15.97,190.07,83.85,64.34,96.84,1524.11,16.93,0.0,182.95,2000.0
WTG_30,63,7.43,20.5,183.48,74.11,63.44,81.8,949.57,10.55,0.0,183.26,905.5
WTG_30,64,10.15,20.87,192.41,84.18,63.57,102.55,1285.66,14.29,0.0,184.09,2000.0
WTG_30,65,8.49,10.9,169.31,77.99,63.03,82.43,1083.2,12.04,0.0,184.57,1373.67
WTG_30,66,7.46,23.0,183.95,75.15,62.11,85.62,961.87,10.69,0.0,183.22,947.5
WTG_30,67,8.98,20.45,191.83,80.0,62.77,97.01,1146.3,12.74,0.0,183.19,1599.78
WTG_30,68,10.42,21.57,175.92,83.09,63.84,102.75,1300.56,14.45,0.0,183.61,2000.0
WTG_30,69,15.22,24.73,185.32,84.45,65.4,108.22,1800.0,20.0,8.05,183.76,2000.0
WTG_30,70,5.41,12.1,183.6,69.68,62.78,64.93,675.28,7.5,0.0,183.74,360.58
WTG_30,71,13.85,15.45,191.79,82.35,65.5,97.52,1743.82,19.38,4.63,186.94,2000.0
WTG_30,72,9.88,28.76,186.23,83.02,64.82,112.46,1224.18,13.6,0.0,183.26,2000.0
WTG_30,73,7.15,18.01,206.73,73.03,62.43,79.15,902.94,10.03,0.0,182.21,813.58
WTG_30,74,12.13,23.4,179.93,82.32,65.87,105.78,1508.36,16.76,0.33,184.86,2000.0
WTG_30,75,8.42,19.76,178.32,76.6,62.9,88.58,1074.24,11.94,0.0,184.94,1316.98
WTG_30,76,14.31,13.96,178.62,84.0,65.81,97.66,1800.0,20.0,5.79,187.65,2000.0
WTG_30,77,11.16,22.71,160.77,83.34,65.22,105.12,1442.66,16.03,0.0,184.13,2000.0
WTG_30,78,11.79,24.6,149.14,83.46,64.47,108.22,1475.01,16.39,0.0,182.05,2000.0
WTG_30,79,6.06,17.71,186.27,70.78,63.23,71.69,770.76,8.56,0.0,185.41,498.25
WTG_30,80,6.62,14.08,186.34,72.78,62.08,71.29,805.67,8.95,0.0,185.95,633.44
WTG_30,81,9.94,21.07,198.26,82.19,64.76,101.2,1244.68,13.83,0.0,183.47,2000.0
WTG_30,82,9.89,16.73,215.05,84.15,64.21,100.05,1261.33,14.01,0.0,183.55,2000.0
WTG_30,83,10.9,22.84,207.05,83.23,63.9,105.19,1349.02,14.99,0.0,182.32,2000.0
WTG_30,84,13.21,17.4,190.31,83.94,64.94,100.98,1657.17,18.41,3.03,181.05,2000.0
WTG_30,85,5.16,19.22,182.55,70.02,61.58,71.04,685.28,7.61,0.0,184.81,330.35
WTG_30,86,9.64,10.03,223.29,82.21,63.52,92.47,1219.1,13.55,0.0,183.15,1978.81
WTG_30,87,7.67,18.02,183.78,74.75,62.31,83.59,978.25,10.87,0.0,184.26,999.4
WTG_30,88,3.0,14.71,187.91,66.63,62.54,59.36,540.0,6.0,0.0,184.6,63.84
WTG_30,89,7.18,25.0,211.04,73.85,62.78,85.14,924.4,10.27,0.0,183.25,813.16
WTG_30,90,13.44,20.68,175.83,83.29,65.5,104.48,1704.55,18.94,3.59,184.43,2000.0
WTG_30,91,11.35,16.58,170.9,82.11,64.66,99.04,1417.32,15.75,0.0,184.9,2000.0
WTG_30,92,6.68,19.19,193.31,72.56,62.37,77.53,828.4,9.2,0.0,185.26,672.83
WTG_30,93,9.81,22.24,193.28,83.09,63.96,105.04,1257.97,13.98,0.0,186.71,2000.0
WTG_30,94,7.52,19.12,171.51,74.36,64.1,81.84,978.48,10.87,0.0,185.46,936.93
WTG_30,95,9.85,19.81,227.7,81.74,63.05,102.4,1244.33,13.83,0.0,182.95,2000.0
WTG_30,96,6.99,15.06,217.12,74.82,62.47,76.2,890.01,9.89,0.0,181.89,768.2
WTG_30,97,12.23,16.46,188.54,83.48,64.86,99.5,1564.99,17.39,0.58,184.13,2000.0
WTG_30,98,8.26,19.01,180.93,76.93,62.95,87.45,1057.74,11.75,0.0,183.33,1248.08
WTG_30,99,12.4,17.81,202.11,84.08,64.3,101.13,1565.82,17.4,1.01,184.59,2000.0
WTG_30,100,10.45,17.0,157.72,83.97,64.55,98.87,1317.65,14.64,0.0,185.44,2000.0
WTG_30,101,7.3,18.71,180.61,73.82,64.24,81.38,926.51,10.29,0.0,184.84,863.42
WTG_30,102,7.32,21.34,194.06,74.23,63.31,83.89,912.63,10.14,0.0,183.51,884.25
WTG_30,103,8.22,25.86,200.28,75.62,63.9,93.49,1035.85,11.51,0.0,184.71,1201.22
WTG_30,104,9.26,21.07,198.71,80.77,63.96,99.03,1200.45,13.34,0.0,183.02,1748.85
WTG_30,105,8.83,19.3,188.11,79.12,63.28,93.24,1115.47,12.39,0.0,183.23,1478.22
WTG_30,106,11.98,14.51,163.48,83.19,66.68,96.39,1509.01,16.77,0.0,185.3,2000.0
WTG_30,107,11.68,20.79,178.81,82.41,64.3,104.33,1477.19,16.41,0.0,185.08,2000.0
WTG_30,108,8.62,20.16,204.87,78.87,63.21,91.41,1128.98,12.54,0.0,182.32,1421.76
WTG_30,109,9.43,15.79,211.58,82.04,64.05,96.8,1193.72,13.26,0.0,184.94,1872.85
WTG_30,110,3.0,11.46,194.75,67.69,61.93,57.36,540.0,6.0,0.0,183.92,39.08
WTG_30,111,6.94,17.13,203.03,72.55,62.7,74.88,859.15,9.55,0.0,184.3,733.31
WTG_30,112,9.55,13.48,186.82,82.27,63.76,94.5,1203.67,13.37,0.0,184.85,1927.85
WTG_30,113,8.3,15.65,181.77,77.37,63.82,85.34,1071.96,11.91,0.0,180.62,1266.5
WTG_30,114,5.95,16.16,190.38,71.96,62.02,71.24,729.36,8.1,0.0,185.31,481.05
WTG_30,115,6.15,20.05,225.46,71.61,62.76,75.14,792.26,8.8,0.0,182.94,512.75
WTG_30,116,12.3,19.34,198.98,84.12,64.63,102.67,1538.29,17.09,0.76,183.15,2000.0
WTG_30,117,7.02,18.33,174.73,73.76,63.93,78.76,875.28,9.73,0.0,187.21,755.76
WTG_30,118,11.66,17.2,161.72,82.89,64.71,98.22,1485.83,16.51,0.0,184.03,2000.0
WTG_30,119,9.5,18.64,211.83,82.99,63.72,99.63,1154.69,12.83,0.0,184.44,1905.42
WTG_30,120,10.18,14.59,191.9,82.65,64.57,97.0,1271.22,14.12,0.0,184.43,2000.0
WTG_30,121,5.46,14.11,204.27,69.77,60.26,65.88,702.31,7.8,0.0,183.12,379.61
WTG_30,122,11.67,19.58,199.08,83.82,64.78,101.56,1433.92,15.93,0.0,182.81,2000.0
WTG_30,123,8.58,20.73,194.28,79.38,63.54,91.51,1088.26,12.09,0.0,182.99,1364.27
WTG_30,124,9.28,22.22,188.23,81.7,62.66,100.29,1166.88,12.97,0.0,185.05,1771.32
WTG_30,125,10.69,19.31,184.95,82.55,64.26,99.53,1356.73,15.07,0.0,184.97,2000.0
WTG_30,126,7.85,18.1,181.65,74.06,62.76,83.17,1009.27,11.21,0.0,184.58,1055.7
WTG_30,127,14.0,24.95,201.14,83.07,64.98,108.9,1738.89,19.32,4.99,183.59,2000.0
WTG_30,128,8.47,16.9,202.89,78.89,62.95,87.27,1060.76,11.79,0.0,186.29,1321.33
WTG_30,129,8.06,12.47,206.29,76.5,63.64,78.07,1013.24,11.26,0.0,185.73,1106.09
WTG_30,130,7.04,20.08,214.71,75.95,63.19,79.85,896.38,9.96,0.0,180.95,781.92
WTG_30,131,8.52,17.48,185.7,78.15,63.41,88.27,1090.49,12.12,0.0,184.36,1361.85
WTG_30,132,5.82,20.19,218.34,70.42,62.82,74.54,723.78,8.04,0.0,184.35,419.5
WTG_30,133,9.89,23.5,216.41,83.44,65.77,106.38,1249.23,13.88,0.0,180.08,2000.0
WTG_30,134,8.96,20.0,197.27,79.95,63.99,93.76,1111.21,12.35,0.0,182.78,1553.79
WTG_30,135,5.22,16.16,180.53,71.72,62.28,66.48,645.65,7.17,0.0,183.29,325.44
WTG_30,136,6.82,20.18,191.44,73.12,63.01,78.12,858.33,9.54,0.0,183.99,680.6
WTG_30,137,10.51,16.3,216.75,83.63,63.72,99.03,1309.74,14.55,0.0,184.97,2000.0
WTG_30,138,8.94,18.41,172.75,79.47,63.72,94.97,1120.57,12.45,0.0,183.26,1553.37
WTG_30,139,9.74,16.49,200.0,83.85,64.1,100.4,1204.23,13.38,0.0,180.19,2000.0
WTG_30,140,7.39,24.14,225.21,75.1,63.63,85.46,929.05,10.32,0.0,184.24,882.88
WTG_30,141,7.99,19.69,210.05,76.8,64.66,87.31,994.97,11.06,0.0,181.01,1111.01
WTG_30,142,6.75,19.04,188.27,73.99,62.78,77.26,864.46,9.61,0.0,181.29,669.01
WTG_30,143,4.2,25.87,204.34,69.11,63.5,74.59,549.84,6.11,0.0,185.08,141.19
WTG_30,144,12.48,16.65,205.62,82.04,66.44,99.32,1593.18,17.7,1.2,183.38,2000.0
WTG_30,145,8.76,16.32,206.31,78.87,64.75,89.23,1099.43,12.22,0.0,182.97,1491.18
WTG_30,146,8.48,24.44,176.48,78.37,64.6,94.59,1058.85,11.77,0.0,185.18,1347.04
WTG_30,147,7.81,17.06,193.86,76.22,63.75,84.08,1023.93,11.38,0.0,183.96,1042.94
WTG_30,148,6.71,16.88,204.55,72.01,65.12,76.57,835.06,9.28,0.0,184.27,670.56
WTG_30,149,9.87,14.73,191.77,83.93,63.12,99.85,1251.08,13.9,0.0,184.07,2000.0
WTG_30,150,7.68,20.77,200.61,75.26,63.73,85.44,977.47,10.86,0.0,183.83,979.88
WTG_30,151,5.4,24.03,185.14,71.15,62.13,75.72,660.69,7.34,0.0,183.63,351.57
WTG_30,152,11.59,21.57,192.42,83.77,66.24,102.62,1463.73,16.26,0.0,184.31,2000.0
WTG_30,153,5.94,13.39,202.09,70.09,63.25,70.49,738.44,8.2,0.0,184.75,480.51
WTG_30,154,7.21,13.4,196.96,73.67,63.62,75.73,895.09,9.95,0.0,183.68,815.15
WTG_30,155,6.08,21.49,169.44,71.31,62.27,77.59,762.84,8.48,0.0,182.77,513.96
WTG_30,156,12.72,15.08,181.7,84.92,66.86,99.72,1599.88,17.78,1.8,183.31,2000.0
WTG_30,157,9.28,12.92,190.46,81.08,65.24,93.18,1159.93,12.89,0.0,184.43,1756.97
WTG_30,158,12.92,20.15,187.13,83.45,67.38,104.9,1637.1,18.19,2.3,183.31,2000.0
WTG_30,159,8.14,16.55,221.25,76.48,63.41,86.19,1009.88,11.22,0.0,184.32,1190.43
WTG_30,160,8.16,20.19,186.29,76.77,65.24,88.27,1023.11,11.37,0.0,182.05,1175.58
WTG_30,161,7.62,16.28,189.43,76.34,64.62,81.79,961.63,10.68,0.0,182.05,979.26
WTG_30,162,8.05,18.54,201.3,75.74,64.48,86.94,989.41,10.99,0.0,181.92,1146.02
WTG_30,163,9.6,16.66,200.07,83.91,65.32,99.71,1205.23,13.39,0.0,182.46,1969.96
WTG_30,164,10.67,16.23,205.56,83.8,65.55,99.27,1344.91,14.94,0.0,184.1,2000.0
WTG_30,165,7.95,13.56,183.58,77.74,64.24,79.0,993.98,11.04,0.0,182.06,1114.4
WTG_30,166,8.32,11.31,177.35,78.93,65.27,82.56,1054.18,11.71,0.0,181.93,1279.61
WTG_30,167,7.35,19.21,189.19,74.1,62.22,84.43,924.98,10.28,0.0,182.46,892.26
WTG_30,168,8.6,12.08,168.47,78.41,63.69,83.86,1072.26,11.91,0.0,182.42,1402.65
WTG_30,169,6.22,24.16,183.81,73.65,62.71,78.49,785.72,8.73,0.0,181.27,545.7
WTG_30,170,6.36,10.55,204.6,71.66,63.48,67.95,808.88,8.99,0.0,182.28,534.02
WTG_30,171,16.51,15.74,211.8,83.93,67.35,101.48,1800.0,20.0,11.29,181.44,2000.0
WTG_30,172,13.84,20.37,203.32,84.63,67.8,102.81,1721.12,19.12,4.59,180.85,2000.0
WTG_30,173,8.45,23.64,183.36,79.71,62.82,93.81,1039.53,11.55,0.0,180.92,1327.88
WTG_30,174,9.26,12.57,222.73,82.75,65.77,92.08,1140.7,12.67,0.0,183.09,1776.61
WTG_30,175,7.95,24.23,208.67,77.32,64.87,91.57,1007.52,11.19,0.0,181.84,1116.11
WTG_30,176,3.0,12.93,193.49,69.81,62.21,62.26,540.0,6.0,0.0,180.85,88.29
WTG_30,177,11.46,15.91,189.19,85.07,65.07,99.99,1454.34,16.16,0.0,181.94,2000.0
WTG_30,178,3.6,19.08,180.19,69.43,62.85,68.46,540.0,6.0,0.0,184.15,144.89
WTG_30,179,7.93,18.85,204.2,78.25,64.56,86.32,989.09,10.99,0.0,183.83,1114.3
WTG_30,180,7.44,11.63,187.67,76.57,64.81,74.37,951.5,10.57,0.0,183.09,924.4
WTG_30,181,10.38,21.48,211.07,85.6,65.03,106.84,1293.9,14.38,0.0,182.7,2000.0
WTG_30,182,9.15,20.73,192.05,83.1,64.16,98.56,1148.67,12.76,0.0,179.99,1695.3
WTG_30,183,6.75,15.35,212.25,73.76,65.05,74.06,843.72,9.37,0.0,182.06,684.35
WTG_30,184,3.85,15.96,202.9,71.09,62.92,64.57,540.0,6.0,0.0,181.15,157.45
WTG_30,185,12.12,13.67,200.07,83.76,65.19,98.07,1531.68,17.02,0.31,180.03,2000.0
WTG_30,186,6.52,15.92,215.28,72.72,64.97,73.9,801.74,8.91,0.0,179.79,608.96
WTG_30,187,5.42,20.2,198.08,70.57,65.28,72.23,669.33,7.44,0.0,182.18,331.39
WTG_30,188,8.66,17.57,166.51,80.54,65.15,90.84,1126.36,12.52,0.0,183.53,1443.46
WTG_30,189,9.33,18.36,191.74,83.14,66.21,99.04,1154.89,12.83,0.0,180.11,1757.01
WTG_30,190,7.95,12.61,195.55,77.29,64.25,80.37,993.45,11.04,0.0,184.72,1080.71
WTG_30,191,8.31,18.79,192.1,77.78,64.74,90.62,1064.7,11.83,0.0,180.43,1280.8
WTG_30,192,7.88,20.79,217.17,78.48,64.97,89.74,985.07,10.95,0.0,179.64,1072.35
WTG_30,193,9.57,17.38,205.74,84.19,66.26,100.14,1212.93,13.48,0.0,182.7,1927.0
WTG_30,194,7.73,17.28,198.31,76.79,64.62,82.99,979.66,10.89,0.0,180.24,1024.74
WTG_30,195,8.84,12.46,192.89,81.37,64.76,88.38,1094.65,12.16,0.0,179.48,1505.52
WTG_30,196,10.56,9.77,198.56,86.31,65.89,95.37,1316.55,14.63,0.0,181.9,2000.0
WTG_30,197,3.47,12.59,226.25,69.91,64.22,63.64,540.0,6.0,0.0,180.79,98.12
WTG_30,198,7.47,13.93,222.49,76.93,65.73,78.2,934.49,10.38,0.0,179.01,940.65
WTG_30,199,7.45,19.48,203.99,76.64,65.0,85.08,932.87,10.37,0.0,182.34,916.02
WTG_30,200,11.42,15.53,210.93,86.02,66.47,101.58,1458.37,16.2,0.0,182.49,2000.0
WTG_30,201,5.66,16.9,174.35,73.1,63.72,73.32,711.74,7.91,0.0,184.6,404.97
WTG_30,202,7.76,23.62,196.22,77.59,65.25,91.46,1008.28,11.2,0.0,180.85,1052.32
WTG_30,203,11.18,18.71,184.85,86.01,66.83,103.34,1390.84,15.45,0.0,183.51,2000.0
WTG_30,204,10.98,18.19,183.14,85.66,66.58,104.1,1373.15,15.26,0.0,184.38,2000.0
WTG_30,205,7.93,16.33,209.5,76.94,64.89,84.19,988.09,10.98,0.0,181.39,1077.65
WTG_30,206,11.84,18.03,203.56,85.35,68.37,102.54,1508.88,16.77,0.0,180.47,2000.0
WTG_30,207,10.53,23.22,200.5,85.76,66.32,108.87,1303.07,14.48,0.0,180.75,2000.0
WTG_30,208,8.93,15.22,193.33,82.69,65.99,91.85,1142.1,12.69,0.0,180.29,1553.56
WTG_30,209,8.36,14.99,194.37,79.38,64.97,87.81,1062.82,11.81,0.0,180.47,1284.63
WTG_30,210,8.99,24.06,204.47,82.09,66.91,102.79,1123.88,12.49,0.0,180.17,1600.37
WTG_30,211,10.84,19.14,204.78,86.24,66.59,106.36,1365.31,15.17,0.0,180.44,2000.0
WTG_30,212,7.91,15.59,195.21,78.26,66.32,84.17,1010.41,11.23,0.0,180.13,1089.16
WTG_30,213,6.21,15.24,196.99,74.66,64.85,74.76,763.49,8.48,0.0,179.95,548.28
WTG_30,214,14.64,22.29,215.09,85.8,67.66,108.72,1800.0,20.0,6.59,180.65,2000.0
WTG_30,215,12.34,21.64,188.99,85.28,67.75,107.01,1520.47,16.89,0.85,181.79,2000.0
WTG_30,216,11.66,14.8,241.6,87.13,68.74,101.01,1463.94,16.27,0.0,182.03,2000.0
WTG_30,217,7.47,16.24,207.88,77.47,65.92,81.68,941.19,10.46,0.0,181.48,905.26
WTG_30,218,13.01,13.91,215.1,86.74,68.9,100.01,1681.4,18.68,2.53,178.65,2000.0
WTG_30,219,10.3,21.23,198.55,86.63,66.67,107.31,1298.27,14.43,0.0,178.8,2000.0
WTG_30,220,7.77,21.09,183.25,79.46,66.04,87.93,977.15,10.86,0.0,180.15,1026.01
WTG_30,221,5.35,20.38,175.8,72.55,66.16,75.86,676.07,7.51,0.0,177.39,349.21
WTG_30,222,7.49,23.12,204.1,77.82,66.09,88.71,890.07,9.89,0.0,179.58,942.36
WTG_30,223,7.68,18.72,204.42,78.87,66.54,86.69,989.31,10.99,0.0,182.13,1004.29
WTG_30,224,8.4,13.29,176.81,80.94,66.79,86.67,1038.13,11.53,0.0,179.92,1321.0
WTG_30,225,7.83,17.37,204.96,78.78,65.75,84.79,989.8,11.0,0.0,179.93,1034.49
WTG_30,226,5.99,13.16,190.07,74.03,65.77,71.83,734.6,8.16,0.0,179.48,436.3
WTG_30,227,8.2,19.12,216.35,81.62,67.77,90.62,1058.44,11.76,0.0,175.39,1217.94
WTG_30,228,6.41,15.99,193.07,75.66,65.42,75.72,801.75,8.91,0.0,179.35,564.63
WTG_30,229,9.96,20.43,213.13,86.78,67.78,107.39,1267.84,14.09,0.0,179.52,2000.0
WTG_30,230,8.54,15.16,188.63,81.28,67.71,89.87,1081.28,12.01,0.0,178.89,1351.45
WTG_30,231,9.7,21.48,185.67,87.27,67.5,109.36,1224.02,13.6,0.0,181.04,1980.89
WTG_30,232,8.75,14.9,205.57,83.29,68.34,92.51,1105.32,12.28,0.0,179.74,1468.84
WTG_30,233,12.74,20.08,204.83,87.63,69.81,106.3,1600.8,17.79,1.85,178.17,2000.0
WTG_30,234,4.86,16.29,215.5,72.74,65.09,71.75,616.55,6.85,0.0,178.71,261.66
WTG_30,235,7.56,18.33,187.95,77.93,65.36,85.58,963.14,10.7,0.0,178.62,944.4
WTG_30,236,8.29,11.6,207.0,80.73,66.5,84.08,1055.59,11.73,0.0,176.84,1231.21
WTG_30,237,11.14,12.49,191.78,87.83,68.84,99.36,1389.77,15.44,0.0,175.89,2000.0
WTG_30,238,7.72,12.43,202.88,79.93,67.58,80.93,975.03,10.83,0.0,179.17,990.49
WTG_30,239,12.12,16.43,219.83,87.14,69.48,103.54,1524.05,16.93,0.3,182.12,2000.0
WTG_30,240,11.49,22.19,239.2,88.12,69.04,109.23,1446.39,16.07,0.0,177.94,2000.0
WTG_30,241,4.28,19.73,215.68,74.58,65.85,73.94,570.59,6.34,0.0,177.82,193.62
WTG_30,242,9.06,19.47,211.48,83.73,68.28,101.22,1128.42,12.54,0.0,180.05,1640.09
WTG_30,243,7.84,24.84,182.23,79.98,67.94,95.74,973.78,10.82,0.0,178.44,1081.79
WTG_30,244,13.13,12.73,213.19,87.01,69.96,101.34,1646.87,18.3,2.83,179.72,2000.0
WTG_30,245,8.46,15.29,193.59,82.11,68.5,90.92,1088.02,12.09,0.0,177.06,1333.54
WTG_30,246,8.55,17.82,170.73,83.23,68.07,93.92,1070.07,11.89,0.0,180.47,1357.43
WTG_30,247,10.66,11.51,201.21,88.23,69.23,100.34,1343.4,14.93,0.0,174.49,2000.0
WTG_30,248,6.14,22.34,202.15,77.18,66.83,83.56,759.43,8.44,0.0,176.4,510.06
WTG_30,249,10.81,13.21,160.16,89.63,69.59,101.77,1394.7,15.5,0.0,175.11,2000.0
WTG_30,250,9.77,27.17,212.83,88.43,67.24,114.08,1265.54,14.06,0.0,177.41,2000.0
WTG_30,251,11.75,17.86,221.75,87.88,69.38,106.86,1455.54,16.17,0.0,173.74,2000.0
WTG_30,252,6.21,28.48,205.22,75.4,67.47,88.54,808.87,8.99,0.0,177.69,510.64
WTG_30,253,11.02,25.78,202.68,88.07,69.16,114.74,1405.02,15.61,0.0,176.4,2000.0
WTG_30,254,8.69,18.91,170.65,84.1,69.07,96.54,1074.59,11.94,0.0,177.16,1458.69
WTG_30,255,5.13,23.23,225.29,76.71,67.63,80.24,639.51,7.11,0.0,178.7,263.95
WTG_30,256,9.97,16.35,188.12,87.54,69.03,105.17,1277.25,14.19,0.0,177.73,2000.0
WTG_30,257,9.75,20.63,185.87,88.93,70.22,109.33,1247.19,13.86,0.0,177.72,2000.0
WTG_30,258,10.77,7.46,192.57,87.37,69.54,97.53,1369.71,15.22,0.0,177.22,2000.0
WTG_30,259,6.78,16.58,181.44,79.52,69.0,81.82,837.68,9.31,0.0,177.65,674.03
WTG_30,260,5.04,10.85,219.93,74.14,67.42,68.08,598.5,6.65,0.0,177.48,283.98
WTG_30,261,6.03,16.92,190.4,78.1,66.32,79.26,763.84,8.49,0.0,179.14,497.63
WTG_30,262,3.0,15.16,190.69,72.36,66.19,67.73,540.0,6.0,0.0,179.9,77.85
WTG_30,263,6.48,17.31,187.83,77.6,67.38,81.2,815.76,9.06,0.0,179.1,594.61
WTG_30,264,3.75,14.28,214.35,75.86,66.63,68.69,540.0,6.0,0.0,176.73,116.77
WTG_30,265,13.21,17.13,190.25,88.94,70.03,106.9,1656.31,18.4,3.03,177.88,2000.0
WTG_30,266,9.99,12.9,199.66,88.35,69.36,105.11,1266.44,14.07,0.0,178.08,2000.0
WTG_30,267,10.04,16.85,189.98,88.46,70.39,108.65,1294.28,14.38,0.0,173.11,2000.0
WTG_30,268,5.37,10.1,195.9,76.48,68.64,68.03,688.47,7.65,0.0,177.44,323.6
WTG_30,269,7.57,20.05,191.9,82.39,68.13,90.93,967.68,10.75,0.0,176.3,933.06
WTG_30,270,13.03,20.38,220.68,91.34,71.34,112.08,1625.35,18.06,2.59,175.02,2000.0
WTG_30,271,6.98,11.94,206.3,79.53,70.06,76.56,881.45,9.79,0.0,174.95,743.99
WTG_30,272,9.39,23.82,210.05,87.55,71.13,111.66,1155.46,12.84,0.0,175.53,1830.66
WTG_30,273,11.18,13.61,175.61,91.72,71.16,103.08,1428.28,15.87,0.0,172.95,2000.0
WTG_30,274,7.73,20.01,222.3,82.59,69.44,92.52,990.9,11.01,0.0,176.92,1033.03
WTG_30,275,8.08,22.7,220.28,84.3,69.6,97.02,1038.87,11.54,0.0,171.6,1162.19
WTG_30,276,3.84,17.65,208.02,76.3,68.82,74.4,540.0,6.0,0.0,176.11,115.73
WTG_30,277,5.63,16.97,221.54,77.25,69.79,76.49,708.16,7.87,0.0,172.42,387.94
WTG_30,278,10.91,17.8,208.65,90.37,71.86,109.01,1417.07,15.75,0.0,175.51,2000.0
WTG_30,279,9.24,13.08,200.44,89.66,69.27,100.29,1184.04,13.16,0.0,172.97,1740.29
WTG_30,280,12.65,14.03,206.13,91.38,71.82,104.38,1603.42,17.82,1.61,173.48,2000.0
WTG_30,281,10.37,18.18,241.38,90.11,71.51,110.69,1304.92,14.5,0.0,173.01,2000.0
WTG_30,282,8.63,16.67,213.63,86.56,71.48,95.75,1047.85,11.64,0.0,174.23,1415.15
WTG_30,283,13.28,21.99,210.73,91.86,73.66,113.81,1684.08,18.71,3.19,174.39,2000.0
WTG_30,284,9.37,16.67,202.32,89.33,71.33,104.2,1195.27,13.28,0.0,173.41,1801.5
WTG_30,285,7.05,22.4,191.43,83.03,69.47,92.28,914.37,10.16,0.0,172.15,796.72
WTG_30,286,7.39,18.17,206.49,83.15,69.51,90.18,935.4,10.39,0.0,173.84,912.52
WTG_30,287,10.56,14.03,237.19,90.67,71.38,106.77,1357.44,15.08,0.0,174.28,2000.0
WTG_30,288,5.48,14.1,218.38,78.04,70.5,76.61,663.91,7.38,0.0,171.98,390.79
WTG_30,289,8.24,17.59,211.29,85.47,71.91,95.4,1045.99,11.62,0.0,171.73,1234.86
WTG_30,290,11.18,20.43,222.58,91.9,72.6,111.92,1410.85,15.68,0.0,174.11,2000.0
WTG_30,291,9.41,20.97,208.01,90.94,71.47,112.54,1201.61,13.35,0.0,172.36,1841.01
WTG_30,292,5.3,20.38,206.02,78.67,69.94,80.67,685.37,7.62,0.0,172.92,330.97
WTG_30,293,7.72,16.33,219.46,85.24,72.12,92.02,1011.98,11.24,0.0,172.07,1044.46
WTG_30,294,6.25,21.12,200.79,80.01,72.12,87.67,808.56,8.98,0.0,173.58,533.5
WTG_30,295,6.65,17.22,216.28,80.74,71.68,85.37,791.88,8.8,0.0,171.16,643.83
WTG_30,296,10.56,23.48,179.02,93.15,73.33,118.93,1323.09,14.7,0.0,173.28,2000.0
WTG_30,297,11.29,23.18,202.6,92.52,72.84,117.61,1446.56,16.07,0.0,171.61,2000.0
WTG_30,298,8.66,15.88,231.86,89.13,72.99,97.98,1096.96,12.19,0.0,173.34,1411.81
WTG_30,299,7.39,18.95,214.62,81.33,71.54,90.65,920.54,10.23,0.0,173.3,890.76
WTG_30,300,3.89,11.01,201.94,79.91,70.12,70.07,540.0,6.0,0.0,169.92,131.46
WTG_30,301,9.26,16.39,172.57,91.52,72.12,105.0,1182.54,13.14,0.0,169.94,1745.55
WTG_30,302,7.26,16.73,191.85,82.6,72.05,89.01,918.01,10.2,0.0,171.21,834.49
WTG_30,303,16.4,13.63,208.84,92.98,74.89,106.74,1800.0,20.0,11.0,172.63,2000.0
WTG_30,304,7.49,19.16,204.56,83.37,72.36,95.66,987.34,10.97,0.0,169.77,932.25
WTG_30,305,13.18,15.1,210.92,95.65,74.33,108.96,1647.06,18.3,2.95,169.95,2000.0
WTG_30,306,9.16,18.63,207.48,89.41,73.29,106.54,1136.38,12.63,0.0,170.68,1692.35
WTG_30,307,9.38,21.79,191.25,92.25,73.93,112.57,1184.94,13.17,0.0,172.57,1822.09
WTG_30,308,7.64,21.69,211.43,86.11,72.73,99.52,959.73,10.66,0.0,167.36,968.32
WTG_30,309,15.3,16.54,213.92,93.33,76.91,112.41,1800.0,20.0,8.24,170.86,2000.0
WTG_30,310,9.65,20.47,218.41,94.3,74.09,115.15,1213.36,13.48,0.0,169.33,1976.02
WTG_30,311,14.45,20.67,229.82,94.66,76.49,115.85,1800.0,20.0,6.12,167.11,2000.0
WTG_30,312,9.23,12.68,205.17,92.05,74.48,104.21,1159.33,12.88,0.0,169.51,1742.25
WTG_30,313,9.29,15.96,249.82,92.09,74.78,108.51,1156.33,12.85,0.0,168.47,1782.57
WTG_30,314,9.86,18.18,216.82,94.72,74.33,114.23,1265.96,14.07,0.0,169.84,2000.0
WTG_30,315,12.13,21.89,180.01,94.19,75.45,117.85,1504.98,16.72,0.32,169.18,2000.0
WTG_30,316,9.24,18.16,194.69,93.59,74.55,108.96,1143.3,12.7,0.0,168.87,1748.25
WTG_30,317,11.16,12.79,180.14,94.93,76.42,110.36,1417.43,15.75,0.0,166.97,2000.0
WTG_30,318,9.57,22.97,239.87,95.16,73.59,119.49,1194.5,13.27,0.0,166.73,1946.58
WTG_30,319,10.82,22.27,184.41,95.55,75.64,117.66,1373.4,15.26,0.0,168.6,2000.0
WTG_30,320,11.68,18.16,185.66,95.92,76.26,115.31,1476.98,16.41,0.0,169.91,2000.0
WTG_30,321,7.39,14.97,222.94,85.85,74.86,90.98,962.27,10.69,0.0,168.68,858.68
WTG_30,322,9.86,10.09,214.34,94.33,75.5,105.38,1255.42,13.95,0.0,169.27,2000.0
WTG_30,323,3.21,16.78,226.17,80.86,73.55,78.1,540.0,6.0,0.0,164.86,63.14
WTG_30,324,9.73,17.53,217.32,96.78,74.04,114.81,1233.31,13.7,0.0,167.45,2000.0
WTG_30,325,7.92,12.38,211.26,88.01,75.56,92.72,995.71,11.06,0.0,168.47,1085.28
WTG_30,326,8.97,15.29,210.63,93.12,75.81,106.1,1121.76,12.46,0.0,166.86,1570.67
WTG_30,327,6.42,15.65,227.87,86.53,73.88,87.31,781.1,8.68,0.0,167.46,562.32
WTG_30,328,7.2,18.15,195.66,87.84,75.13,94.36,903.08,10.03,0.0,167.86,818.95
WTG_30,329,3.65,16.84,215.43,80.46,75.03,79.86,540.0,6.0,0.0,166.19,106.8
WTG_30,330,9.37,9.37,194.04,94.98,76.92,103.98,1180.67,13.12,0.0,167.9,1807.78
WTG_30,331,9.61,21.14,214.38,97.8,78.17,119.41,1223.35,13.59,0.0,164.78,1958.85
WTG_30,332,11.49,15.16,225.81,96.34,77.55,112.61,1447.81,16.09,0.0,165.11,2000.0
WTG_30,333,9.42,19.84,202.61,96.11,77.01,117.43,1182.8,13.14,0.0,166.0,1865.83
WTG_30,334,9.4,17.08,206.52,96.74,76.9,112.38,1205.84,13.4,0.0,164.39,1849.23
WTG_30,335,3.0,20.52,246.54,82.37,74.57,84.31,540.0,6.0,0.0,163.9,61.42
WTG_30,336,8.58,7.94,206.49,92.01,77.38,95.17,1072.53,11.92,0.0,162.5,1400.68
WTG_30,337,13.07,13.88,195.03,99.31,79.15,113.7,1656.47,18.41,2.67,166.95,2000.0
WTG_30,338,8.73,14.55,188.93,93.56,76.96,104.66,1142.9,12.7,0.0,163.6,1484.7
WTG_30,339,7.42,18.88,212.27,88.73,77.43,96.31,927.6,10.31,0.0,162.92,873.99
WTG_30,340,9.35,14.07,209.14,96.35,78.53,109.97,1182.45,13.14,0.0,165.0,1788.72
WTG_30,341,7.77,16.01,208.78,91.34,76.47,96.98,982.03,10.91,0.0,163.04,1036.58
WTG_30,342,6.49,20.66,195.87,85.84,77.89,93.74,828.34,9.2,0.0,165.37,605.74
WTG_30,343,9.7,21.67,193.52,99.92,78.04,123.02,1221.13,13.57,0.0,163.47,2000.0
WTG_30,344,7.88,20.95,235.19,90.48,78.74,103.78,996.8,11.08,0.0,165.96,1093.46
WTG_30,345,7.1,17.96,202.57,89.24,77.4,93.79,887.51,9.86,0.0,161.25,775.79
WTG_30,346,9.78,17.73,193.07,99.66,77.75,118.97,1256.5,13.96,0.0,165.09,2000.0
WTG_30,347,14.1,21.26,229.67,99.79,79.87,124.66,1759.77,19.55,5.24,162.64,2000.0
WTG_30,348,4.21,23.42,203.26,84.47,76.48,91.67,556.63,6.18,0.0,161.51,183.23
WTG_30,349,11.21,26.7,219.13,99.58,81.69,127.94,1380.31,15.34,0.0,161.64,2000.0
WTG_30,350,10.39,17.12,195.68,101.13,78.38,120.14,1295.45,14.39,0.0,162.7,2000.0
WTG_30,351,6.37,16.08,223.52,88.25,77.86,92.53,793.81,8.82,0.0,163.56,528.46
WTG_30,352,8.32,19.1,214.95,95.73,79.23,108.13,1072.84,11.92,0.0,161.66,1251.05
WTG_30,353,7.83,13.17,220.29,94.64,78.98,97.17,985.81,10.95,0.0,161.71,1081.78
WTG_30,354,8.72,22.84,211.73,95.88,79.31,115.45,1091.03,12.12,0.0,158.8,1417.27
WTG_30,355,10.45,20.13,208.88,100.79,80.89,122.85,1316.68,14.63,0.0,159.49,2000.0
WTG_30,356,9.62,8.18,216.27,101.68,82.05,110.14,1223.83,13.6,0.0,162.28,1982.24
WTG_30,357,5.51,20.56,217.47,88.0,78.87,94.48,690.4,7.67,0.0,159.07,366.11
WTG_30,358,5.83,15.1,234.67,88.99,78.76,88.88,723.31,8.04,0.0,162.63,426.39
WTG_30,359,9.3,18.13,191.55,99.06,81.31,119.59,1156.51,12.85,0.0,159.84,1759.87
WTG_30,360,11.89,26.58,196.81,102.0,81.26,129.49,1516.79,16.85,0.0,156.22,2000.0
WTG_30,361,11.29,16.8,210.41,102.29,81.47,120.72,1405.51,15.62,0.0,157.65,2000.0
WTG_30,362,9.92,17.21,216.77,102.8,82.14,122.69,1233.73,13.71,0.0,160.31,2000.0
WTG_30,363,4.96,24.31,211.76,88.53,78.97,96.2,650.95,7.23,0.0,158.88,275.46
WTG_30,364,8.43,23.13,200.77,97.1,81.28,115.07,1068.71,11.87,0.0,157.47,1337.89
WTG_30,365,8.0,21.24,228.05,95.63,80.38,110.59,1020.27,11.34,0.0,158.27,1126.25
WTG_30,366,9.29,19.93,219.28,102.55,82.71,121.51,1192.84,13.25,0.0,158.57,1785.52
WTG_30,367,11.14,21.66,230.83,103.31,83.19,126.17,1413.54,15.71,0.0,158.71,2000.0
WTG_30,368,4.52,15.31,224.71,89.83,79.63,87.29,546.13,6.07,0.0,158.68,221.85
WTG_30,369,10.5,16.33,238.32,102.21,82.04,122.79,1307.95,14.53,0.0,160.73,2000.0
WTG_30,370,8.46,27.72,212.53,97.96,82.94,120.84,1054.15,11.71,0.0,159.58,1335.94
WTG_30,371,10.01,21.92,219.97,104.75,82.66,127.57,1252.78,13.92,0.0,159.27,2000.0
WTG_30,372,6.82,16.14,211.7,94.09,82.07,98.97,863.6,9.6,0.0,156.89,678.93
WTG_30,373,9.78,16.71,232.33,103.47,83.67,122.97,1225.03,13.61,0.0,155.67,2000.0
WTG_30,374,10.35,11.71,217.02,104.38,82.25,118.04,1301.69,14.46,0.0,158.06,2000.0
WTG_30,375,11.73,10.32,214.69,105.98,84.65,117.64,1498.91,16.65,0.0,158.5,2000.0
WTG_30,376,7.43,17.97,222.75,95.37,82.54,104.63,940.86,10.45,0.0,154.66,896.83
WTG_30,377,7.27,19.76,194.54,95.57,82.54,105.54,908.37,10.09,0.0,154.76,838.33
WTG_30,378,8.08,15.07,224.37,97.4,84.08,107.67,1039.88,11.55,0.0,155.94,1185.35
WTG_30,379,12.45,14.77,225.83,106.79,86.47,122.32,1544.28,17.16,1.12,155.12,2000.0
WTG_30,380,8.11,15.52,184.84,99.14,83.57,108.55,1002.02,11.13,0.0,156.64,1158.66
WTG_30,381,12.1,14.92,235.0,107.32,86.13,123.95,1492.99,16.59,0.26,156.35,2000.0
WTG_30,382,10.89,15.6,226.12,106.72,84.51,122.77,1376.2,15.29,0.0,154.27,2000.0
WTG_30,383,7.9,25.71,197.93,98.15,83.98,118.7,988.01,10.98,0.0,156.35,1093.3
WTG_30,384,13.63,12.88,202.29,107.28,86.58,123.17,1684.86,18.72,4.07,155.82,2000.0
WTG_30,385,8.98,22.64,227.58,102.21,86.39,124.03,1122.68,12.47,0.0,155.45,1586.94
WTG_30,386,10.86,14.84,219.97,106.08,86.22,124.49,1340.67,14.9,0.0,151.47,2000.0
WTG_30,387,6.53,23.41,243.17,95.81,84.31,108.2,800.63,8.9,0.0,155.05,608.16
WTG_30,388,7.69,20.29,212.0,98.78,85.47,111.29,990.3,11.0,0.0,154.65,1008.88
WTG_30,389,7.14,19.02,205.83,97.03,85.25,107.57,907.88,10.09,0.0,151.06,793.25
WTG_30,390,6.62,20.06,222.59,96.79,86.35,106.21,864.16,9.6,0.0,153.77,612.0
WTG_30,391,8.26,20.15,216.17,102.25,86.65,117.28,1005.07,11.17,0.0,150.64,1228.24
WTG_30,392,9.36,20.02,197.35,106.69,86.84,126.66,1201.04,13.34,0.0,152.7,1815.75
WTG_30,393,7.39,16.58,218.3,101.18,86.46,107.23,874.02,9.71,0.0,153.49,896.62
WTG_30,394,6.45,15.58,224.36,97.29,86.53,101.68,768.85,8.54,0.0,152.1,604.69
WTG_30,395,12.17,19.27,226.48,108.38,89.12,130.83,1516.92,16.85,0.42,151.36,2000.0
WTG_30,396,8.17,17.11,201.86,103.12,87.92,113.24,1037.02,11.52,0.0,148.9,1210.33
WTG_30,397,8.53,13.48,222.9,104.67,88.17,113.84,1080.45,12.0,0.0,150.17,1348.28
WTG_30,398,9.66,24.73,230.29,109.67,88.29,137.77,1215.85,13.51,0.0,151.32,1982.86
WTG_30,399,17.06,15.72,220.07,110.06,90.18,130.17,1800.0,20.0,12.66,150.27,2000.0
WTG_30,400,10.15,28.62,210.14,109.55,89.42,141.46,1278.94,14.21,0.0,148.89,2000.0
WTG_30,401,10.63,17.3,221.37,110.48,90.03,131.34,1361.72,15.13,0.0,144.84,2000.0
WTG_30,402,5.43,19.35,225.79,95.66,87.47,104.24,714.38,7.94,0.0,147.85,348.2
WTG_30,403,7.2,15.98,227.01,101.93,89.06,108.17,902.21,10.02,0.0,146.71,798.42
WTG_30,404,8.04,21.4,207.34,104.21,89.4,119.93,999.76,11.11,0.0,147.85,1129.58
WTG_30,405,8.7,11.81,239.58,106.14,88.98,116.05,1108.42,12.32,0.0,149.78,1445.22
WTG_30,406,5.63,15.47,207.38,98.28,88.52,98.97,716.28,7.96,0.0,146.86,389.38
WTG_30,407,8.7,9.7,232.49,106.76,91.18,115.77,1102.33,12.25,0.0,145.14,1444.83
WTG_30,408,6.4,9.46,213.33,101.33,88.32,98.8,789.53,8.77,0.0,146.06,583.6
WTG_30,409,12.34,16.44,230.95,111.85,91.9,132.04,1553.76,17.26,0.86,146.83,2000.0
WTG_30,410,11.0,18.84,220.92,112.03,92.17,135.27,1365.02,15.17,0.0,145.66,2000.0
WTG_30,411,8.44,17.35,207.95,106.59,90.76,120.18,1059.18,11.77,0.0,144.48,1320.04
WTG_30,412,10.98,14.84,231.88,111.99,92.57,130.88,1376.89,15.3,0.0,143.33,2000.0
WTG_30,413,7.0,17.55,204.11,103.05,90.28,110.15,884.34,9.83,0.0,148.22,746.13
WTG_30,414,11.14,13.54,227.11,115.21,92.19,129.92,1428.45,15.87,0.0,146.76,2000.0
WTG_30,415,8.28,11.25,234.35,108.01,91.68,114.49,1040.91,11.57,0.0,144.64,1244.44
WTG_30,416,7.8,13.36,228.09,107.34,91.24,115.05,977.38,10.86,0.0,144.36,1041.03
WTG_30,417,9.97,9.12,241.78,112.78,93.69,128.93,1256.59,13.96,0.0,144.88,2000.0
WTG_30,418,9.47,18.27,213.79,112.81,92.33,133.29,1199.95,13.33,0.0,141.54,1865.55
WTG_30,419,11.18,12.73,199.78,114.97,93.79,131.77,1379.61,15.33,0.0,146.5,2000.0
WTG_30,420,11.45,17.55,216.11,114.27,94.42,136.58,1436.44,15.96,0.0,141.61,2000.0
WTG_30,421,12.01,10.34,216.94,117.05,94.15,130.87,1507.03,16.74,0.03,144.07,2000.0
WTG_30,422,9.39,10.24,206.27,113.38,93.21,125.67,1192.47,13.25,0.0,143.45,1831.27
WTG_30,423,8.18,6.94,257.81,108.09,92.65,110.15,1046.76,11.63,0.0,142.62,1185.58
WTG_30,424,4.09,25.06,236.15,101.61,91.97,112.17,540.0,6.0,0.0,139.4,158.33
WTG_30,425,8.36,14.45,225.42,111.33,94.25,122.6,1034.67,11.5,0.0,140.45,1288.41
WTG_30,426,5.52,21.34,247.06,100.78,92.92,112.35,668.6,7.43,0.0,138.87,373.73
WTG_30,427,12.55,18.15,240.07,116.32,97.59,139.58,1632.72,18.14,1.37,137.59,2000.0
WTG_30,428,6.49,21.33,236.05,105.12,93.47,117.41,824.84,9.16,0.0,141.14,606.61
WTG_30,429,11.02,18.61,211.78,118.73,95.11,142.54,1375.69,15.29,0.0,139.36,2000.0
WTG_30,430,11.31,15.69,223.33,119.18,96.67,138.91,1429.01,15.88,0.0,138.52,2000.0
WTG_31,1,7.5,20.14,171.65,74.09,66.18,80.45,931.79,10.35,0.0,180.85,922.9
WTG_31,2,11.71,27.3,179.68,83.6,67.48,110.98,1478.35,16.43,0.0,183.84,2000.0
WTG_31,3,11.58,16.97,185.15,81.07,68.08,98.61,1484.79,16.5,0.0,182.48,2000.0
WTG_31,4,9.57,14.21,192.05,81.82,66.97,95.42,1204.32,13.38,0.0,182.68,1924.75
WTG_31,5,8.6,19.87,193.75,76.91,65.75,90.48,1108.06,12.31,0.0,182.92,1387.21
WTG_31,6,4.39,14.74,165.9,67.34,65.25,65.18,552.51,6.14,0.0,183.07,201.1
WTG_31,7,7.58,10.83,187.99,75.52,64.32,73.9,969.46,10.77,0.0,183.25,957.63
WTG_31,8,11.48,15.29,174.11,82.91,67.57,96.74,1469.17,16.32,0.0,182.78,2000.0
WTG_31,9,7.89,17.5,180.75,74.91,66.06,81.67,982.6,10.92,0.0,181.67,1056.54
WTG_31,10,12.37,9.16,145.18,81.89,69.05,92.19,1569.88,17.44,0.94,180.89,2000.0
WTG_31,11,9.76,13.43,163.09,82.6,66.36,95.91,1228.36,13.65,0.0,181.96,2000.0
WTG_31,12,8.92,12.24,162.32,79.43,66.47,85.71,1153.69,12.82,0.0,180.12,1529.5
WTG_31,13,3.94,18.54,172.35,68.61,64.81,66.74,540.0,6.0,0.0,181.44,142.41
WTG_31,14,3.0,21.62,172.09,65.62,64.46,68.04,540.0,6.0,0.0,181.33,53.26
WTG_31,15,9.4,18.17,204.05,80.71,66.71,96.55,1186.47,13.18,0.0,179.43,1818.65
WTG_31,16,6.53,15.65,172.73,71.91,65.83,72.32,838.19,9.31,0.0,183.09,630.05
WTG_31,17,10.41,21.32,152.54,82.81,67.37,102.63,1351.45,15.02,0.0,180.79,2000.0
WTG_31,18,9.27,14.79,177.39,80.1,67.51,91.45,1162.38,12.92,0.0,183.29,1736.77
WTG_31,19,5.04,16.64,194.69,68.76,64.64,65.48,647.68,7.2,0.0,180.76,308.59
WTG_31,20,8.84,21.33,141.98,79.25,65.64,95.88,1099.13,12.21,0.0,182.5,1534.8
WTG_31,21,13.19,18.84,189.5,83.17,68.23,100.48,1682.89,18.7,2.98,183.75,2000.0
WTG_31,22,7.02,20.88,183.61,73.06,65.75,80.68,882.94,9.81,0.0,181.75,775.69
WTG_31,23,10.01,16.91,194.66,83.11,66.22,101.88,1237.82,13.75,0.0,180.89,2000.0
WTG_31,24,8.58,15.27,185.37,77.39,66.82,86.54,1072.94,11.92,0.0,181.18,1413.8
WTG_31,25,9.48,13.64,170.07,81.55,67.99,94.62,1201.46,13.35,0.0,180.44,1876.53
WTG_31,26,7.39,13.78,170.7,73.2,66.13,75.61,948.85,10.54,0.0,182.37,904.76
WTG_31,27,10.31,20.21,167.3,82.98,67.59,103.67,1283.58,14.26,0.0,178.18,2000.0
WTG_31,28,10.31,12.34,192.94,81.92,68.71,94.71,1332.92,14.81,0.0,180.69,2000.0
WTG_31,29,9.21,21.7,181.21,80.76,67.03,97.26,1153.47,12.82,0.0,180.47,1698.33
WTG_31,30,14.66,18.97,176.81,82.55,69.47,101.76,1800.0,20.0,6.66,184.68,2000.0
WTG_31,31,7.19,13.23,184.6,72.55,65.13,71.98,914.13,10.16,0.0,182.46,816.31
WTG_31,32,3.79,19.36,179.77,69.26,64.75,65.24,540.0,6.0,0.0,180.62,128.03
WTG_31,33,3.0,19.87,202.98,67.72,65.56,66.36,540.0,6.0,0.0,182.68,44.6
WTG_31,34,6.29,13.72,165.83,71.31,65.61,68.82,789.54,8.77,0.0,184.58,526.47
WTG_31,35,14.9,22.99,198.43,84.29,69.53,105.1,1800.0,20.0,7.25,180.91,2000.0
WTG_31,36,7.6,20.43,176.97,74.06,66.01,82.85,959.46,10.66,0.0,181.19,961.73
WTG_31,37,10.75,13.82,180.29,80.66,66.53,96.16,1376.23,15.29,0.0,181.28,2000.0
WTG_31,38,12.73,21.09,200.26,83.53,68.13,103.09,1605.36,17.84,1.82,180.73,2000.0
WTG_31,39,11.29,17.26,189.14,83.99,67.62,98.56,1414.49,15.72,0.0,181.48,2000.0
WTG_31,40,17.36,18.58,159.05,83.59,68.35,102.34,1800.0,20.0,13.4,180.18,2000.0
WTG_31,41,7.83,14.98,160.14,74.24,66.27,77.75,977.26,10.86,0.0,181.37,1064.57
WTG_31,42,9.49,17.35,217.81,81.79,66.53,96.07,1183.42,13.15,0.0,178.0,1866.0
WTG_31,43,11.01,18.72,204.72,83.36,68.35,101.6,1392.21,15.47,0.0,181.96,2000.0
WTG_31,44,7.8,11.08,186.75,75.1,66.19,77.25,969.47,10.77,0.0,182.22,1056.75
WTG_31,45,7.27,16.07,156.36,73.05,65.89,74.83,947.03,10.52,0.0,182.82,830.65
WTG_31,46,12.42,17.06,185.11,82.18,67.92,99.44,1542.17,17.14,1.06,184.04,2000.0
WTG_31,47,12.3,7.76,172.76,81.61,68.81,89.97,1553.41,17.26,0.76,183.8,2000.0
WTG_31,48,5.56,21.18,203.9,69.67,65.57,73.56,699.08,7.77,0.0,180.28,391.61
WTG_31,49,9.49,14.0,173.87,81.06,66.12,95.36,1197.17,13.3,0.0,182.55,1885.37
WTG_31,50,6.53,11.43,188.66,72.07,65.86,66.65,821.32,9.13,0.0,182.36,614.71
WTG_31,51,8.69,21.96,180.62,77.47,66.55,94.58,1059.69,11.77,0.0,180.49,1435.02
WTG_31,52,12.9,17.58,161.45,83.24,67.61,98.85,1628.73,18.1,2.25,182.85,2000.0
WTG_31,53,8.99,18.62,180.04,78.88,66.56,92.89,1128.08,12.53,0.0,180.82,1615.95
WTG_31,54,7.33,18.05,175.79,72.42,65.51,78.21,914.42,10.16,0.0,181.65,853.14
WTG_31,55,6.41,22.11,170.2,71.12,65.18,79.97,808.65,8.99,0.0,183.16,579.73
WTG_31,56,12.26,21.04,192.39,83.71,68.63,103.84,1538.61,17.1,0.65,179.97,2000.0
WTG_31,57,9.7,19.83,191.91,82.35,66.17,102.18,1204.39,13.38,0.0,180.1,1983.83
WTG_31,58,5.52,15.35,181.81,69.31,66.07,67.31,716.37,7.96,0.0,181.37,366.13
WTG_31,59,11.66,19.14,192.92,83.09,68.55,101.82,1479.58,16.44,0.0,183.19,2000.0
WTG_31,60,9.2,23.85,177.48,80.83,66.16,101.16,1155.68,12.84,0.0,182.43,1700.53
WTG_31,61,11.99,18.69,185.89,82.38,67.14,101.59,1531.9,17.02,0.0,182.11,2000.0
WTG_31,62,9.92,23.01,185.32,82.73,66.71,105.48,1240.68,13.79,0.0,180.99,2000.0
WTG_31,63,7.9,25.7,193.45,74.9,66.95,92.05,969.8,10.78,0.0,179.81,1091.31
WTG_31,64,7.47,16.84,208.55,74.95,65.65,81.37,954.41,10.6,0.0,180.38,921.45
WTG_31,65,7.66,21.48,180.02,73.9,66.59,83.55,974.6,10.83,0.0,178.69,965.89
WTG_31,66,9.69,25.61,177.5,82.45,67.78,108.98,1215.27,13.5,0.0,178.86,2000.0
WTG_31,67,5.61,14.27,183.64,68.79,65.38,64.73,722.39,8.03,0.0,181.41,385.12
WTG_31,68,12.67,13.54,188.73,81.74,68.16,96.9,1590.38,17.67,1.68,181.11,2000.0
WTG_31,69,11.12,26.53,180.03,82.63,67.15,108.65,1411.71,15.69,0.0,179.51,2000.0
WTG_31,70,7.76,19.06,189.35,73.97,65.78,85.3,983.44,10.93,0.0,181.44,1052.29
WTG_31,71,10.7,16.68,198.82,82.77,67.16,100.39,1348.7,14.99,0.0,182.48,2000.0
WTG_31,72,8.45,20.39,190.13,77.39,66.16,89.7,1079.04,11.99,0.0,181.53,1314.74
WTG_31,73,10.58,20.39,150.15,82.38,67.08,103.9,1331.59,14.8,0.0,180.45,2000.0
WTG_31,74,8.56,12.48,168.32,77.79,66.41,83.8,1082.94,12.03,0.0,182.08,1389.72
WTG_31,75,10.39,23.69,181.79,82.42,66.2,106.67,1304.77,14.5,0.0,183.85,2000.0
WTG_31,76,7.8,6.24,164.93,75.89,66.91,72.49,965.34,10.73,0.0,183.66,1030.19
WTG_31,77,9.84,17.69,168.2,81.35,68.18,100.08,1209.43,13.44,0.0,181.68,2000.0
WTG_31,78,11.21,18.99,162.77,83.19,67.88,101.37,1403.03,15.59,0.0,181.56,2000.0
WTG_31,79,8.42,14.4,180.33,77.84,65.64,85.88,1043.37,11.59,0.0,183.42,1317.11
WTG_31,80,5.95,17.83,173.66,68.09,65.29,71.51,736.79,8.19,0.0,180.41,427.83
WTG_31,81,8.22,18.37,209.72,76.12,67.15,85.37,1045.73,11.62,0.0,182.65,1225.15
WTG_31,82,13.69,15.07,174.74,84.08,68.51,97.24,1716.96,19.08,4.23,177.42,2000.0
WTG_31,83,7.91,12.38,194.54,76.73,66.6,78.82,997.18,11.08,0.0,181.43,1112.77
WTG_31,84,7.5,15.93,188.69,74.36,66.62,78.64,963.83,10.71,0.0,179.06,927.49
WTG_31,85,13.66,17.62,195.7,82.81,67.83,99.25,1722.5,19.14,4.15,182.46,2000.0
WTG_31,86,9.83,16.23,171.76,82.93,67.75,99.07,1236.56,13.74,0.0,182.78,2000.0
WTG_31,87,10.72,19.67,168.39,82.07,67.36,103.6,1333.21,14.81,0.0,182.38,2000.0
WTG_31,88,9.85,17.9,204.68,80.98,67.37,100.15,1252.22,13.91,0.0,180.58,2000.0
WTG_31,89,9.98,19.28,201.64,82.16,69.0,103.42,1258.35,13.98,0.0,181.61,2000.0
WTG_31,90,5.54,18.67,201.27,70.88,65.03,70.84,709.52,7.88,0.0,183.3,383.58
WTG_31,91,5.65,20.78,203.44,70.04,65.83,71.18,712.18,7.91,0.0,183.58,400.17
WTG_31,92,5.88,13.67,175.31,69.87,65.42,67.4,742.83,8.25,0.0,180.84,445.96
WTG_31,93,7.31,21.99,165.28,74.19,66.66,84.03,914.98,10.17,0.0,181.15,868.03
WTG_31,94,6.04,18.36,190.46,70.47,65.35,71.59,768.55,8.54,0.0,182.31,475.24
WTG_31,95,9.66,22.94,222.74,83.01,67.09,105.58,1211.93,13.47,0.0,180.75,1992.11
WTG_31,96,8.37,17.06,193.01,76.0,66.7,86.43,1037.48,11.53,0.0,183.79,1285.03
WTG_31,97,10.6,17.98,174.4,83.65,67.77,102.09,1308.28,14.54,0.0,183.66,2000.0
WTG_31,98,8.99,21.36,207.61,81.38,65.53,95.66,1124.04,12.49,0.0,181.35,1605.4
WTG_31,99,8.72,5.77,184.41,79.54,67.1,80.28,1080.82,12.01,0.0,183.16,1477.71
WTG_31,100,14.08,20.45,192.86,83.37,69.0,104.0,1788.57,19.87,5.21,180.64,2000.0
WTG_31,101,3.42,22.91,178.33,68.06,65.73,70.35,540.0,6.0,0.0,181.41,99.24
WTG_31,102,8.1,17.66,191.25,76.23,66.2,85.51,1006.81,11.19,0.0,181.64,1165.77
WTG_31,103,6.27,14.51,198.23,71.13,66.83,69.71,792.46,8.81,0.0,183.52,539.41
WTG_31,104,5.89,18.78,211.96,69.68,65.23,73.29,730.93,8.12,0.0,180.42,439.19
WTG_31,105,13.13,21.31,204.34,83.14,69.84,105.11,1661.61,18.46,2.82,180.18,2000.0
WTG_31,106,8.25,11.98,184.08,76.92,66.32,80.24,1030.93,11.45,0.0,179.83,1234.92
WTG_31,107,5.23,12.58,160.28,70.15,65.63,62.61,691.47,7.68,0.0,177.94,304.09
WTG_31,108,7.86,21.02,187.42,76.87,66.32,87.47,979.62,10.88,0.0,181.25,1077.13
WTG_31,109,7.17,19.73,206.67,71.49,66.16,80.17,897.55,9.97,0.0,180.02,813.16
WTG_31,110,11.31,10.88,176.27,83.3,68.07,93.89,1432.61,15.92,0.0,180.89,2000.0
WTG_31,111,8.52,23.68,197.45,79.58,66.04,93.58,1069.68,11.89,0.0,179.58,1368.63
WTG_31,112,6.53,19.51,176.82,73.37,65.82,77.19,814.19,9.05,0.0,180.83,585.04
WTG_31,113,10.85,18.23,202.96,82.49,68.37,102.62,1386.89,15.41,0.0,180.92,2000.0
WTG_31,114,7.03,18.08,194.69,72.57,66.61,77.32,882.44,9.8,0.0,180.03,785.65
WTG_31,115,7.16,15.92,201.52,73.42,66.78,76.67,883.17,9.81,0.0,182.09,818.74
WTG_31,116,10.81,15.28,217.35,83.01,68.39,97.1,1351.56,15.02,0.0,182.61,2000.0
WTG_31,117,9.71,22.34,197.91,83.41,68.21,104.91,1234.56,13.72,0.0,181.06,2000.0
WTG_31,118,5.76,13.94,188.51,70.64,66.36,67.6,739.76,8.22,0.0,180.82,426.38
WTG_31,119,10.22,18.21,161.78,83.8,67.74,101.66,1273.61,14.15,0.0,181.97,2000.0
WTG_31,120,10.2,16.64,201.75,82.87,68.19,99.72,1292.72,14.36,0.0,180.75,2000.0
WTG_31,121,13.57,17.86,183.54,82.44,69.52,100.21,1707.22,18.97,3.93,183.4,2000.0
WTG_31,122,11.84,20.33,189.05,82.06,67.63,103.32,1485.97,16.51,0.0,183.13,2000.0
WTG_31,123,5.54,14.96,177.12,70.7,65.91,68.72,698.93,7.77,0.0,180.08,390.71
WTG_31,124,10.56,10.7,194.2,82.41,68.07,93.92,1343.67,14.93,0.0,183.06,2000.0
WTG_31,125,10.69,21.12,217.62,84.19,65.95,105.21,1356.99,15.08,0.0,180.02,2000.0
WTG_31,126,10.97,18.18,201.98,83.72,68.31,100.66,1365.25,15.17,0.0,180.62,2000.0
WTG_31,127,12.94,11.21,162.58,82.64,69.17,94.79,1618.4,17.98,2.35,178.88,2000.0
WTG_31,128,9.2,18.89,181.11,81.02,66.46,97.25,1158.41,12.87,0.0,181.74,1714.4
WTG_31,129,12.77,21.67,187.5,82.98,68.83,103.94,1590.6,17.67,1.94,181.78,2000.0
WTG_31,130,8.0,16.59,182.39,77.58,67.22,81.49,1022.62,11.36,0.0,180.55,1139.19
WTG_31,131,7.76,16.58,220.88,76.92,66.9,79.73,996.77,11.08,0.0,178.67,1021.57
WTG_31,132,6.1,18.43,154.9,71.31,66.1,72.59,761.34,8.46,0.0,177.75,480.62
WTG_31,133,7.17,20.02,213.88,75.14,66.76,82.92,902.28,10.03,0.0,182.04,822.67
WTG_31,134,10.2,26.53,209.91,82.79,68.12,110.14,1296.42,14.4,0.0,179.37,2000.0
WTG_31,135,8.13,20.04,204.24,77.21,67.8,86.65,1017.53,11.31,0.0,180.75,1170.07
WTG_31,136,8.09,22.36,264.02,76.27,67.92,91.0,987.13,10.97,0.0,180.68,1189.56
WTG_31,137,8.61,13.77,193.06,78.63,68.03,86.42,1078.62,11.98,0.0,182.15,1429.38
WTG_31,138,3.61,15.26,186.61,69.79,66.6,61.97,540.0,6.0,0.0,180.27,130.55
WTG_31,139,7.7,16.01,166.16,76.03,64.76,81.45,975.87,10.84,0.0,180.19,1023.96
WTG_31,140,10.26,19.95,173.27,83.08,68.25,104.89,1287.95,14.31,0.0,181.59,2000.0
WTG_31,141,11.93,18.39,203.96,83.18,68.9,103.38,1520.42,16.89,0.0,182.19,2000.0
WTG_31,142,7.7,21.34,198.99,74.71,66.11,86.03,948.72,10.54,0.0,179.45,1017.87
WTG_31,143,7.09,18.16,159.58,73.77,67.6,80.76,872.0,9.69,0.0,180.59,778.3
WTG_31,144,13.19,11.47,195.44,83.92,69.53,95.85,1677.35,18.64,2.99,180.98,2000.0
WTG_31,145,7.78,14.21,197.88,75.77,67.04,80.39,968.14,10.76,0.0,180.91,1063.7
WTG_31,146,10.43,22.12,193.08,83.59,68.39,107.11,1302.95,14.48,0.0,182.75,2000.0
WTG_31,147,11.78,17.31,149.57,83.89,69.73,100.77,1477.6,16.42,0.0,180.4,2000.0
WTG_31,148,8.43,22.71,202.69,78.28,68.93,93.82,1065.68,11.84,0.0,178.39,1309.44
WTG_31,149,12.58,23.56,182.72,82.42,69.88,107.27,1595.47,17.73,1.46,181.03,2000.0
WTG_31,150,11.64,21.47,168.21,83.52,69.05,107.22,1489.46,16.55,0.0,179.94,2000.0
WTG_31,151,11.57,16.75,196.92,85.05,68.89,100.95,1462.16,16.25,0.0,183.1,2000.0
WTG_31,152,14.88,12.08,199.97,83.88,71.32,97.64,1800.0,20.0,7.19,179.29,2000.0
WTG_31,153,12.93,11.63,191.58,85.49,69.98,94.49,1634.27,18.16,2.32,179.94,2000.0
WTG_31,154,11.46,18.42,205.45,85.2,68.16,101.33,1451.95,16.13,0.0,176.96,2000.0
WTG_31,155,10.07,13.54,179.16,83.24,69.68,97.44,1244.93,13.83,0.0,179.43,2000.0
WTG_31,156,9.91,16.47,187.41,84.57,68.61,98.54,1242.37,13.8,0.0,179.11,2000.0
WTG_31,157,7.57,24.9,193.49,76.76,67.43,88.47,980.34,10.89,0.0,178.95,950.21
WTG_31,158,5.27,19.58,184.52,70.34,65.66,71.64,684.62,7.61,0.0,182.2,328.99
WTG_31,159,5.1,13.28,156.89,70.65,67.56,65.7,640.98,7.12,0.0,180.55,296.33
WTG_31,160,13.81,21.08,216.08,84.93,70.39,105.33,1741.81,19.35,4.53,178.29,2000.0
WTG_31,161,9.95,11.16,171.06,83.06,68.42,95.23,1267.49,14.08,0.0,178.22,2000.0
WTG_31,162,11.84,21.41,194.58,84.18,69.83,105.48,1527.59,16.97,0.0,175.65,2000.0
WTG_31,163,6.76,24.4,201.67,73.05,68.67,84.3,866.8,9.63,0.0,180.37,703.91
WTG_31,164,11.5,16.52,194.9,83.78,69.74,99.4,1446.5,16.07,0.0,178.85,2000.0
WTG_31,165,8.51,15.7,215.4,80.64,68.46,87.54,1083.49,12.04,0.0,179.12,1357.89
WTG_31,166,7.48,14.69,201.84,75.86,68.16,79.04,970.38,10.78,0.0,180.79,938.38
WTG_31,167,10.02,17.61,213.15,85.94,69.05,101.82,1263.09,14.03,0.0,179.84,2000.0
WTG_31,168,3.27,19.11,222.6,69.87,67.28,67.85,540.0,6.0,0.0,180.14,92.72
WTG_31,169,10.04,22.26,178.94,85.54,67.9,107.06,1273.25,14.15,0.0,178.37,2000.0
WTG_31,170,8.45,23.69,233.36,78.53,68.96,97.96,1093.59,12.15,0.0,179.01,1329.93
WTG_31,171,13.64,9.3,208.09,84.78,70.51,95.52,1731.67,19.24,4.1,174.13,2000.0
WTG_31,172,6.1,17.72,197.82,72.88,66.32,75.03,797.62,8.86,0.0,178.42,520.76
WTG_31,173,6.82,15.17,206.76,73.53,67.9,76.75,853.35,9.48,0.0,180.4,702.18
WTG_31,174,12.01,14.42,214.7,84.83,70.97,98.43,1487.43,16.53,0.02,177.7,2000.0
WTG_31,175,7.09,24.93,212.67,74.55,69.2,87.04,896.74,9.96,0.0,178.66,766.08
WTG_31,176,9.55,16.92,214.76,83.81,68.87,100.17,1203.18,13.37,0.0,178.82,1900.54
WTG_31,177,6.67,12.43,200.87,74.1,68.04,72.34,854.97,9.5,0.0,177.69,652.39
WTG_31,178,7.38,19.45,186.86,76.46,69.13,83.67,898.17,9.98,0.0,177.53,884.57
WTG_31,179,8.7,17.21,199.97,80.39,69.55,93.33,1060.92,11.79,0.0,178.9,1436.92
WTG_31,180,7.76,19.58,215.29,76.65,69.7,86.17,956.96,10.63,0.0,175.01,1018.91
WTG_31,181,10.09,22.12,169.79,85.1,70.39,108.53,1282.23,14.25,0.0,180.22,2000.0
WTG_31,182,7.67,18.51,200.33,77.17,69.25,85.42,950.18,10.56,0.0,179.7,988.53
WTG_31,183,11.0,10.84,200.09,85.54,69.47,96.18,1393.81,15.49,0.0,179.08,2000.0
WTG_31,184,9.31,24.19,219.73,82.75,68.77,105.01,1193.13,13.26,0.0,177.04,1782.34
WTG_31,185,11.87,17.68,215.26,86.24,70.9,105.43,1501.47,16.68,0.0,178.52,2000.0
WTG_31,186,5.98,17.87,184.03,73.55,67.96,72.63,727.97,8.09,0.0,176.97,449.61
WTG_31,187,12.37,19.14,172.85,85.03,70.97,104.18,1545.84,17.18,0.94,180.07,2000.0
WTG_31,188,5.54,9.76,207.43,73.34,68.11,65.88,696.96,7.74,0.0,177.13,404.75
WTG_31,189,6.95,15.48,211.37,76.2,67.38,78.23,865.05,9.61,0.0,175.53,756.67
WTG_31,190,8.59,19.69,184.97,79.81,70.26,94.12,1096.21,12.18,0.0,176.57,1360.03
WTG_31,191,8.14,21.02,189.63,80.13,69.2,91.42,1019.82,11.33,0.0,177.87,1188.93
WTG_31,192,10.51,24.32,214.39,85.33,70.37,111.15,1303.31,14.48,0.0,178.05,2000.0
WTG_31,193,5.52,26.14,178.12,72.62,67.24,82.27,694.04,7.71,0.0,178.01,388.29
WTG_31,194,11.28,19.6,200.66,85.38,70.59,104.36,1428.44,15.87,0.0,176.88,2000.0
WTG_31,195,7.79,13.16,190.15,78.24,69.11,81.51,960.58,10.67,0.0,177.19,1026.88
WTG_31,196,9.57,13.74,183.18,85.32,71.08,98.73,1193.21,13.26,0.0,176.28,1918.36
WTG_31,197,11.76,19.35,188.07,87.42,71.9,104.33,1521.69,16.91,0.0,173.06,2000.0
WTG_31,198,15.27,19.65,194.26,85.43,71.9,106.92,1800.0,20.0,8.17,173.29,2000.0
WTG_31,199,10.66,16.89,209.48,86.66,71.66,103.67,1344.57,14.94,0.0,174.57,2000.0
WTG_31,200,7.45,18.79,209.95,79.26,68.75,86.24,926.06,10.29,0.0,178.75,920.82
WTG_31,201,11.07,24.01,203.18,85.2,71.01,110.27,1370.64,15.23,0.0,178.64,2000.0
WTG_31,202,8.2,18.66,218.38,80.42,69.65,90.89,1002.53,11.14,0.0,175.97,1240.93
WTG_31,203,12.43,17.16,198.96,86.09,71.49,104.42,1557.4,17.3,1.09,177.54,2000.0
WTG_31,204,4.0,18.43,196.93,72.72,69.31,70.86,540.0,6.0,0.0,175.92,156.76
WTG_31,205,10.09,20.1,204.72,87.38,71.58,107.81,1233.62,13.71,0.0,176.61,2000.0
WTG_31,206,7.04,18.8,208.76,77.49,70.76,82.07,913.4,10.15,0.0,176.94,752.04
WTG_31,207,4.16,19.63,206.6,72.99,68.04,72.98,540.0,6.0,0.0,172.62,154.26
WTG_31,208,7.14,22.95,207.54,76.66,70.58,89.13,920.11,10.22,0.0,176.32,800.48
WTG_31,209,10.76,20.22,213.36,86.91,72.22,107.72,1342.89,14.92,0.0,176.83,2000.0
WTG_31,210,9.49,11.92,206.71,86.8,70.52,96.38,1172.77,13.03,0.0,175.54,1891.05
WTG_31,211,8.96,18.69,168.43,82.54,70.87,99.23,1123.35,12.48,0.0,175.16,1591.58
WTG_31,212,9.21,15.59,207.66,83.47,70.47,99.51,1169.85,13.0,0.0,172.26,1716.84
WTG_31,213,11.78,16.7,208.11,87.59,72.41,104.53,1484.63,16.5,0.0,179.33,2000.0
WTG_31,214,8.69,19.17,206.95,82.78,71.16,97.18,1091.57,12.13,0.0,176.81,1433.68
WTG_31,215,5.19,17.04,185.39,74.85,69.1,73.74,634.7,7.05,0.0,177.07,285.48
WTG_31,216,4.51,18.99,167.88,73.67,69.27,73.23,597.11,6.63,0.0,174.38,204.59
WTG_31,217,10.45,23.94,204.47,89.04,72.34,110.31,1312.29,14.58,0.0,173.71,2000.0
WTG_31,218,5.04,18.26,175.22,73.86,68.63,74.77,632.69,7.03,0.0,174.6,302.51
WTG_31,219,5.37,14.55,204.61,75.18,70.32,71.93,684.94,7.61,0.0,174.31,340.18
WTG_31,220,8.89,13.44,210.22,83.59,71.28,91.88,1108.12,12.31,0.0,173.47,1538.73
WTG_31,221,10.66,23.77,200.57,88.71,71.98,112.24,1378.89,15.32,0.0,174.84,2000.0
WTG_31,222,4.72,22.52,206.53,73.46,70.13,78.04,592.95,6.59,0.0,172.68,217.27
WTG_31,223,9.8,20.41,193.07,86.25,73.17,108.58,1248.34,13.87,0.0,176.11,2000.0
WTG_31,224,5.13,20.39,222.5,73.06,70.28,77.21,615.71,6.84,0.0,172.52,315.61
WTG_31,225,6.36,16.8,236.47,76.06,69.73,78.46,797.45,8.86,0.0,176.64,566.03
WTG_31,226,5.95,27.76,194.65,76.36,71.16,88.2,779.67,8.66,0.0,172.4,476.42
WTG_31,227,8.18,16.88,192.67,83.33,72.52,91.06,1039.22,11.55,0.0,173.91,1205.97
WTG_31,228,9.55,19.79,221.82,88.1,72.53,106.67,1174.42,13.05,0.0,175.45,1916.04
WTG_31,229,8.9,14.89,190.05,84.45,72.1,94.3,1099.35,12.21,0.0,175.05,1537.01
WTG_31,230,4.57,15.94,202.11,74.99,69.42,72.63,574.05,6.38,0.0,171.8,235.2
WTG_31,231,12.01,8.23,195.05,89.62,74.71,97.25,1515.22,16.84,0.03,172.87,2000.0
WTG_31,232,6.42,19.74,198.46,79.11,72.64,81.8,784.37,8.72,0.0,175.07,610.15
WTG_31,233,9.65,19.43,182.07,88.73,72.62,108.62,1196.58,13.3,0.0,172.63,1965.89
WTG_31,234,6.69,18.74,204.24,78.32,71.73,83.92,842.88,9.37,0.0,170.2,670.92
WTG_31,235,10.97,15.52,211.05,89.62,72.92,105.75,1384.54,15.38,0.0,172.55,2000.0
WTG_31,236,11.15,22.2,200.94,88.88,73.69,111.83,1400.24,15.56,0.0,173.7,2000.0
WTG_31,237,8.71,19.79,180.91,85.5,73.28,99.76,1100.25,12.23,0.0,173.57,1446.41
WTG_31,238,3.0,21.78,216.65,73.14,70.12,76.4,540.0,6.0,0.0,172.25,38.54
WTG_31,239,9.42,19.31,212.72,87.96,74.01,106.8,1170.98,13.01,0.0,174.8,1831.87
WTG_31,240,5.71,20.55,210.89,76.71,72.21,81.1,719.44,7.99,0.0,171.52,400.51
WTG_31,241,10.84,18.43,229.32,89.99,74.78,108.79,1358.48,15.09,0.0,171.47,2000.0
WTG_31,242,12.38,19.33,204.48,89.2,75.36,110.62,1536.8,17.08,0.96,172.89,2000.0
WTG_31,243,10.47,20.24,223.02,90.35,74.77,111.89,1318.41,14.65,0.0,172.17,2000.0
WTG_31,244,6.44,15.38,203.04,78.7,73.38,80.36,811.32,9.01,0.0,168.95,590.64
WTG_31,245,8.23,16.61,209.11,85.15,73.68,96.88,1037.76,11.53,0.0,173.23,1230.48
WTG_31,246,8.94,19.79,236.55,88.11,73.22,102.95,1098.37,12.2,0.0,170.95,1585.13
WTG_31,247,13.25,18.53,193.51,90.62,76.57,110.5,1638.51,18.21,3.12,173.57,2000.0
WTG_31,248,4.58,20.67,208.44,76.06,72.15,77.93,570.0,6.33,0.0,172.21,216.25
WTG_31,249,10.75,22.04,185.56,91.9,74.85,114.26,1329.5,14.77,0.0,172.57,2000.0
WTG_31,250,7.01,18.59,191.06,80.95,73.72,88.52,856.31,9.51,0.0,169.37,771.85
WTG_31,251,7.63,24.64,212.09,82.12,73.9,97.41,941.05,10.46,0.0,172.36,965.09
WTG_31,252,10.48,14.56,226.74,90.49,73.8,107.35,1327.7,14.75,0.0,170.43,2000.0
WTG_31,253,10.16,17.27,223.52,91.71,75.32,110.38,1276.43,14.18,0.0,171.26,2000.0
WTG_31,254,8.93,19.6,204.04,89.82,74.93,104.42,1119.78,12.44,0.0,169.57,1577.03
WTG_31,255,8.62,16.68,215.38,86.18,74.54,98.24,1089.43,12.1,0.0,166.67,1434.76
WTG_31,256,5.81,16.97,208.25,78.21,73.1,81.44,735.97,8.18,0.0,171.78,438.41
WTG_31,257,11.45,19.05,182.11,92.33,76.02,112.12,1465.83,16.29,0.0,168.8,2000.0
WTG_31,258,8.65,13.71,192.44,86.42,74.03,94.51,1080.11,12.0,0.0,168.21,1397.49
WTG_31,259,12.54,12.33,207.06,92.53,76.64,105.72,1587.48,17.64,1.35,169.54,2000.0
WTG_31,260,7.72,20.35,204.96,83.74,74.73,96.29,969.77,10.78,0.0,168.7,994.26
WTG_31,261,11.13,17.58,190.98,91.58,77.1,112.64,1424.9,15.83,0.0,167.51,2000.0
WTG_31,262,11.08,12.36,180.27,92.65,76.21,104.98,1370.67,15.23,0.0,169.66,2000.0
WTG_31,263,9.44,17.99,219.38,89.8,75.08,110.4,1190.98,13.23,0.0,166.11,1872.59
WTG_31,264,11.15,22.37,200.59,92.83,75.82,117.12,1412.76,15.7,0.0,167.97,2000.0
WTG_31,265,6.08,11.15,203.04,80.31,73.87,78.54,759.12,8.43,0.0,168.2,490.74
WTG_31,266,11.36,14.36,246.99,93.84,77.64,108.96,1444.18,16.05,0.0,168.06,2000.0
WTG_31,267,9.75,15.12,215.28,92.5,77.37,108.33,1206.97,13.41,0.0,166.06,2000.0
WTG_31,268,9.65,13.1,208.51,92.15,76.26,108.0,1230.73,13.67,0.0,168.51,1975.7
WTG_31,269,7.95,21.01,187.31,85.43,76.24,98.75,1017.89,11.31,0.0,169.65,1116.38
WTG_31,270,13.59,11.44,209.82,92.66,78.58,105.64,1707.92,18.98,3.98,169.31,2000.0
WTG_31,271,10.9,16.77,209.06,93.06,76.62,112.38,1365.8,15.18,0.0,165.53,2000.0
WTG_31,272,9.06,15.77,229.29,90.82,75.88,103.48,1152.38,12.8,0.0,166.33,1626.42
WTG_31,273,11.63,14.52,202.59,93.98,78.94,109.71,1480.05,16.45,0.0,166.28,2000.0
WTG_31,274,10.85,18.17,204.75,92.12,77.53,114.08,1369.77,15.22,0.0,164.64,2000.0
WTG_31,275,8.71,23.3,209.41,88.16,77.09,110.58,1080.91,12.01,0.0,167.66,1455.13
WTG_31,276,8.72,18.46,226.57,90.53,75.76,104.9,1080.42,12.0,0.0,166.31,1458.84
WTG_31,277,8.83,17.37,232.42,90.24,76.56,105.6,1108.27,12.31,0.0,166.61,1529.64
WTG_31,278,7.13,12.54,239.09,84.46,76.97,87.84,894.96,9.94,0.0,165.94,803.43
WTG_31,279,8.63,24.66,178.87,89.72,77.94,110.06,1071.7,11.91,0.0,165.26,1410.98
WTG_31,280,11.18,15.38,217.52,96.09,78.71,113.01,1400.16,15.56,0.0,164.48,2000.0
WTG_31,281,7.69,17.15,205.48,88.34,77.93,97.33,984.25,10.94,0.0,167.31,1007.85
WTG_31,282,9.36,23.3,212.47,93.49,78.09,115.98,1186.75,13.19,0.0,164.15,1800.76
WTG_31,283,8.99,13.77,208.87,92.68,78.58,102.88,1129.31,12.55,0.0,164.15,1581.86
WTG_31,284,8.88,19.59,208.92,90.88,76.8,108.04,1123.7,12.49,0.0,162.23,1562.13
WTG_31,285,7.68,16.05,248.27,86.58,78.86,94.98,968.43,10.76,0.0,165.01,961.64
WTG_31,286,8.53,21.02,232.67,90.14,78.26,107.45,1035.47,11.51,0.0,162.59,1354.89
WTG_31,287,4.94,14.49,205.38,83.2,79.0,80.14,633.03,7.03,0.0,165.99,266.58
WTG_31,288,10.32,17.44,203.79,96.07,79.41,117.28,1310.04,14.56,0.0,164.54,2000.0
WTG_31,289,8.46,21.88,221.79,90.5,78.13,108.38,1057.35,11.75,0.0,160.75,1311.06
WTG_31,290,8.92,16.69,205.11,91.73,80.47,106.03,1139.84,12.66,0.0,161.69,1566.32
WTG_31,291,9.45,8.85,226.72,95.1,80.41,105.58,1158.75,12.88,0.0,161.85,1853.93
WTG_31,292,12.2,12.77,205.88,97.73,81.23,110.08,1539.54,17.11,0.51,162.44,2000.0
WTG_31,293,5.78,18.04,204.37,85.99,79.08,87.98,755.65,8.4,0.0,163.36,439.79
WTG_31,294,7.57,15.67,203.88,89.3,78.67,94.92,983.13,10.92,0.0,162.79,943.61
WTG_31,295,9.68,20.16,201.76,96.7,80.25,118.93,1232.99,13.7,0.0,161.82,1980.3
WTG_31,296,6.0,20.48,194.6,84.24,79.49,91.75,771.33,8.57,0.0,160.89,487.76
WTG_31,297,8.18,20.25,227.64,91.2,78.81,107.98,1013.89,11.27,0.0,165.35,1218.3
WTG_31,298,7.73,19.06,234.07,91.14,81.25,100.93,959.01,10.66,0.0,158.85,1026.98
WTG_31,299,13.44,16.11,186.82,98.21,82.6,116.19,1675.24,18.61,3.59,162.3,2000.0
WTG_31,300,6.38,18.03,201.45,84.43,81.53,92.97,832.26,9.25,0.0,162.9,559.33
WTG_31,301,11.07,19.27,194.68,97.85,81.26,117.97,1405.19,15.61,0.0,160.51,2000.0
WTG_31,302,5.97,22.19,216.13,87.65,79.14,92.61,738.67,8.21,0.0,161.72,458.09
WTG_31,303,9.27,19.99,189.32,97.63,81.02,115.71,1158.1,12.87,0.0,161.62,1729.02
WTG_31,304,10.51,12.73,233.18,98.2,82.74,113.62,1323.25,14.7,0.0,160.78,2000.0
WTG_31,305,5.56,12.08,190.2,87.81,81.22,82.63,708.54,7.87,0.0,161.62,383.75
WTG_31,306,9.56,10.05,213.81,98.79,82.48,109.4,1204.16,13.38,0.0,161.55,1918.6
WTG_31,307,4.73,16.67,223.71,84.62,80.36,86.26,607.56,6.75,0.0,159.59,236.68
WTG_31,308,7.67,18.34,201.69,92.03,81.5,101.46,977.06,10.86,0.0,159.01,986.25
WTG_31,309,8.32,18.91,228.39,93.75,81.82,106.17,1055.08,11.72,0.0,160.39,1277.18
WTG_31,310,10.37,13.98,200.35,100.31,83.05,115.88,1343.37,14.93,0.0,159.47,2000.0
WTG_31,311,9.01,23.41,218.01,96.91,84.2,117.57,1179.98,13.11,0.0,160.79,1581.55
WTG_31,312,13.04,18.69,232.09,100.9,85.35,119.58,1657.25,18.41,2.6,158.41,2000.0
WTG_31,313,8.37,22.51,210.21,94.26,83.4,112.42,1063.85,11.82,0.0,157.71,1271.9
WTG_31,314,8.66,22.44,196.48,96.4,83.3,115.3,1082.4,12.03,0.0,159.78,1452.9
WTG_31,315,10.77,26.98,207.04,102.12,83.61,129.63,1367.6,15.2,0.0,155.2,2000.0
WTG_31,316,9.87,17.78,206.97,101.63,84.85,121.8,1248.06,13.87,0.0,156.55,2000.0
WTG_31,317,8.73,19.57,218.59,96.86,84.18,113.18,1087.22,12.08,0.0,158.11,1457.17
WTG_31,318,7.66,12.27,235.15,93.47,83.48,97.97,954.9,10.61,0.0,158.07,997.17
WTG_31,319,5.76,26.82,211.2,89.82,82.93,101.89,739.75,8.22,0.0,158.28,412.01
WTG_31,320,4.73,17.04,198.0,89.31,84.4,87.59,614.89,6.83,0.0,154.1,231.34
WTG_31,321,5.98,18.91,223.48,91.68,83.6,93.72,695.04,7.72,0.0,157.06,482.34
WTG_31,322,7.76,14.97,219.67,95.09,85.95,102.21,997.74,11.09,0.0,153.05,1013.9
WTG_31,323,12.52,18.46,214.79,102.98,87.76,125.02,1598.33,17.76,1.29,154.14,2000.0
WTG_31,324,8.63,25.25,194.88,98.24,85.09,119.64,1116.33,12.4,0.0,156.15,1428.0
WTG_31,325,10.66,13.67,198.4,103.66,86.39,119.02,1362.18,15.14,0.0,154.33,2000.0
WTG_31,326,9.61,16.89,197.15,104.42,85.69,122.35,1210.23,13.45,0.0,153.42,1948.77
WTG_31,327,8.45,16.55,218.71,99.24,85.5,110.48,1054.63,11.72,0.0,152.67,1332.15
WTG_31,328,9.37,18.83,194.64,101.54,86.77,122.2,1190.08,13.22,0.0,154.83,1801.89
WTG_31,329,7.02,15.05,215.5,96.0,83.98,100.48,865.75,9.62,0.0,152.26,780.34
WTG_31,330,10.4,16.22,221.05,103.05,89.26,122.6,1304.25,14.49,0.0,152.97,2000.0
WTG_31,331,11.44,26.38,239.15,105.05,88.53,133.51,1403.59,15.6,0.0,154.1,2000.0
WTG_31,332,10.87,19.24,232.14,104.58,88.3,126.88,1362.66,15.14,0.0,153.17,2000.0
WTG_31,333,11.6,18.52,195.64,105.59,89.08,125.18,1453.35,16.15,0.0,150.97,2000.0
WTG_31,334,13.01,24.26,222.31,105.88,88.0,134.22,1659.08,18.43,2.53,153.77,2000.0
WTG_31,335,6.72,17.08,228.44,96.62,87.52,101.24,838.15,9.31,0.0,152.53,648.29
WTG_31,336,10.53,17.53,210.97,105.85,89.06,127.07,1327.68,14.75,0.0,151.58,2000.0
WTG_31,337,8.18,17.94,239.27,100.55,86.91,113.22,1037.04,11.52,0.0,149.97,1236.32
WTG_31,338,12.9,13.87,214.28,106.74,91.13,124.36,1597.41,17.75,2.26,150.14,2000.0
WTG_31,339,14.56,17.3,175.55,107.02,92.09,126.38,1800.0,20.0,6.4,151.86,2000.0
WTG_31,340,8.23,8.97,221.61,100.94,86.94,105.94,1020.73,11.34,0.0,149.35,1224.85
WTG_31,341,7.62,19.36,169.53,100.28,88.45,108.77,978.43,10.87,0.0,148.09,972.51
WTG_31,342,8.74,13.66,187.27,102.63,88.59,115.07,1104.19,12.27,0.0,148.65,1461.48
WTG_31,343,5.55,18.97,205.22,95.16,87.48,99.77,687.39,7.64,0.0,150.09,375.91
WTG_31,344,12.04,17.92,202.45,108.5,91.4,129.4,1504.19,16.71,0.09,147.39,2000.0
WTG_31,345,8.94,17.26,204.86,104.25,88.45,121.43,1114.07,12.38,0.0,147.87,1583.38
WTG_31,346,9.9,15.12,203.07,108.86,90.52,127.05,1248.75,13.87,0.0,151.46,2000.0
WTG_31,347,8.71,23.48,206.53,105.66,89.28,127.88,1108.95,12.32,0.0,147.39,1475.97
WTG_31,348,7.76,16.18,246.46,101.26,90.44,111.26,974.05,10.82,0.0,146.64,1026.39
WTG_31,349,9.8,13.25,200.73,110.82,90.82,127.37,1237.75,13.75,0.0,145.61,2000.0
WTG_31,350,6.23,17.79,231.88,98.51,90.28,104.91,786.75,8.74,0.0,147.58,536.48
WTG_31,351,15.37,17.88,223.58,108.2,92.41,131.36,1800.0,20.0,8.42,149.53,2000.0
WTG_31,352,11.34,19.52,209.55,108.86,93.7,132.85,1450.75,16.12,0.0,146.58,2000.0
WTG_31,353,6.22,25.9,198.85,99.14,91.15,112.28,801.72,8.91,0.0,145.77,548.83
WTG_31,354,6.16,20.15,222.47,98.86,90.5,106.94,763.74,8.49,0.0,149.13,517.92
WTG_31,355,7.73,11.77,197.94,102.32,92.28,107.96,971.29,10.79,0.0,145.02,1024.42
WTG_31,356,4.65,16.86,198.35,98.63,90.47,99.68,589.05,6.54,0.0,145.08,220.8
WTG_31,357,11.86,26.2,213.06,109.67,94.54,140.71,1487.16,16.52,0.0,143.77,2000.0
WTG_31,358,7.79,21.2,216.21,103.63,93.92,118.35,973.14,10.81,0.0,145.75,1030.94
WTG_31,359,7.75,4.82,180.66,104.02,92.36,102.76,962.51,10.69,0.0,144.76,1039.63
WTG_31,360,6.65,18.19,203.1,102.12,92.29,109.28,861.14,9.57,0.0,143.2,677.1
WTG_31,361,4.09,21.47,184.39,96.71,92.69,103.41,540.0,6.0,0.0,143.21,138.08
WTG_31,362,10.56,26.53,203.42,111.91,95.66,142.64,1329.61,14.77,0.0,142.96,2000.0
WTG_31,363,9.12,16.81,200.85,109.81,95.68,128.69,1162.34,12.91,0.0,143.74,1676.13
WTG_31,364,6.37,15.61,205.36,101.32,93.46,105.1,825.09,9.17,0.0,143.72,568.07
WTG_31,365,12.92,11.26,212.45,114.0,98.32,129.84,1617.47,17.97,2.3,148.08,2000.0
WTG_31,366,10.11,18.07,204.79,114.61,96.06,137.3,1297.29,14.41,0.0,138.27,2000.0
WTG_31,367,11.82,20.89,203.92,112.74,96.1,139.23,1495.75,16.62,0.0,139.57,2000.0
WTG_31,368,9.88,22.47,209.84,114.75,96.96,140.91,1235.59,13.73,0.0,140.99,2000.0
WTG_31,369,11.04,9.13,228.89,116.37,96.17,128.52,1371.16,15.24,0.0,140.41,2000.0
WTG_31,370,11.98,14.26,210.77,113.21,98.68,134.83,1489.34,16.55,0.0,138.65,2000.0
WTG_31,371,7.91,17.85,195.2,107.6,97.53,119.36,996.54,11.07,0.0,138.35,1087.56
WTG_31,372,14.04,12.49,230.74,115.92,100.05,133.11,1761.67,19.57,5.1,138.9,2000.0
WTG_31,373,8.82,18.65,213.35,111.26,96.78,131.41,1114.02,12.38,0.0,138.33,1496.05
WTG_31,374,7.14,22.04,206.22,106.63,96.14,122.0,864.29,9.6,0.0,139.46,802.26
WTG_31,375,9.01,10.75,209.54,114.3,97.99,124.56,1142.44,12.69,0.0,138.06,1611.59
WTG_31,376,9.63,17.5,242.57,115.59,98.41,136.87,1211.8,13.46,0.0,138.08,1950.97
WTG_31,377,6.66,19.63,221.85,108.06,96.81,116.16,867.11,9.63,0.0,136.52,647.87
WTG_32,1,11.45,18.44,180.86,76.7,60.49,100.77,1454.29,16.16,0.0,186.53,2000.0
WTG_32,2,7.5,20.38,204.66,68.92,57.98,84.22,929.85,10.33,0.0,188.34,937.39
WTG_32,3,5.76,11.89,180.09,63.32,57.97,62.35,750.62,8.34,0.0,185.96,375.76
WTG_32,4,9.67,22.82,175.35,75.32,60.72,104.73,1238.03,13.76,0.0,186.05,1974.76
WTG_32,5,4.43,17.17,193.43,62.47,56.69,64.76,547.98,6.09,0.0,182.65,196.24
WTG_32,6,11.33,19.16,176.04,77.77,59.9,100.66,1432.22,15.91,0.0,183.29,2000.0
WTG_32,7,8.83,16.42,190.95,72.8,59.1,89.92,1099.05,12.21,0.0,185.26,1518.37
WTG_32,8,7.34,16.57,203.4,68.4,59.03,78.1,925.91,10.29,0.0,188.7,874.15
WTG_32,9,7.67,16.11,159.12,68.66,57.6,80.51,959.53,10.66,0.0,185.64,991.3
WTG_32,10,8.95,23.06,164.69,73.3,59.31,96.73,1151.83,12.8,0.0,185.22,1568.81
WTG_32,11,9.88,17.58,208.01,78.8,57.98,100.68,1265.2,14.06,0.0,184.57,2000.0
WTG_32,12,7.22,16.42,191.22,67.54,59.28,79.29,873.15,9.7,0.0,185.68,826.4
WTG_32,13,10.0,27.1,183.06,76.8,59.64,110.88,1284.75,14.28,0.0,185.09,2000.0
WTG_32,14,6.8,19.73,162.68,67.94,58.51,77.36,851.31,9.46,0.0,188.05,704.05
WTG_32,15,10.37,15.97,174.57,77.83,60.96,99.06,1294.19,14.38,0.0,185.05,2000.0
WTG_32,16,6.1,19.37,217.64,65.47,57.41,73.08,754.48,8.38,0.0,183.98,479.06
WTG_32,17,5.54,14.83,178.93,63.33,57.63,67.45,694.85,7.72,0.0,185.59,395.66
WTG_32,18,7.97,17.81,189.58,69.95,58.16,83.38,1000.22,11.11,0.0,184.66,1101.69
WTG_32,19,9.33,22.94,168.4,76.22,59.48,101.06,1147.45,12.75,0.0,188.16,1801.87
WTG_32,20,10.42,13.7,171.79,76.86,58.56,94.77,1308.7,14.54,0.0,185.04,2000.0
WTG_32,21,8.25,13.54,228.82,71.7,58.21,83.27,1067.66,11.86,0.0,186.81,1259.41
WTG_32,22,10.51,25.34,145.53,78.06,59.72,108.28,1314.49,14.61,0.0,185.8,2000.0
WTG_32,23,9.38,21.04,181.32,75.99,58.55,99.83,1185.98,13.18,0.0,188.21,1833.01
WTG_32,24,10.86,25.82,211.79,77.64,59.43,108.76,1370.93,15.23,0.0,187.3,2000.0
WTG_32,25,9.13,14.05,177.85,74.12,59.78,90.82,1153.28,12.81,0.0,185.19,1654.37
WTG_32,26,7.71,18.44,183.32,68.96,56.33,82.81,991.9,11.02,0.0,185.55,1011.18
WTG_32,27,8.27,20.42,170.86,70.17,59.01,88.52,1008.12,11.2,0.0,184.09,1244.01
WTG_32,28,7.45,19.94,169.41,69.29,57.85,82.77,914.49,10.16,0.0,187.4,919.37
WTG_32,29,7.4,18.4,187.59,67.63,59.15,82.25,938.14,10.42,0.0,185.48,885.51
WTG_32,30,8.65,14.36,178.04,71.83,58.64,86.26,1065.5,11.84,0.0,183.94,1463.47
WTG_32,31,12.56,18.84,186.8,76.84,61.53,100.09,1575.62,17.51,1.41,187.66,2000.0
WTG_32,32,7.72,22.12,170.89,69.94,58.49,87.25,979.78,10.89,0.0,184.38,1022.99
WTG_32,33,8.93,22.8,193.61,74.65,60.19,97.38,1112.99,12.37,0.0,187.15,1609.92
WTG_32,34,6.78,20.43,190.99,67.34,58.7,77.66,866.77,9.63,0.0,188.96,668.56
WTG_32,35,7.08,18.27,175.71,68.66,57.52,75.91,893.97,9.93,0.0,187.65,762.16
WTG_32,36,10.29,14.34,184.84,78.41,60.04,97.25,1293.68,14.37,0.0,184.7,2000.0
WTG_32,37,10.01,19.55,195.41,77.02,59.95,101.06,1303.25,14.48,0.0,183.11,2000.0
WTG_32,38,12.43,16.51,190.69,75.56,61.82,100.48,1580.73,17.56,1.06,187.27,2000.0
WTG_32,39,5.1,21.83,162.24,64.39,57.04,71.64,696.02,7.73,0.0,184.39,276.64
WTG_32,40,10.15,16.53,177.75,76.73,59.19,99.07,1272.85,14.14,0.0,186.2,2000.0
WTG_32,41,9.62,10.38,213.12,75.98,59.58,90.84,1219.02,13.54,0.0,181.61,1967.72
WTG_32,42,6.41,19.45,219.91,65.33,57.8,73.95,811.93,9.02,0.0,186.56,586.76
WTG_32,43,11.94,17.66,189.98,76.92,60.57,99.55,1503.33,16.7,0.0,186.45,2000.0
WTG_32,44,11.2,18.54,187.47,78.7,61.03,100.53,1398.46,15.54,0.0,186.66,2000.0
WTG_32,45,10.83,18.61,207.34,76.16,60.23,101.91,1324.91,14.72,0.0,184.39,2000.0
WTG_32,46,10.67,12.24,179.63,78.41,60.41,92.63,1334.1,14.82,0.0,187.69,2000.0
WTG_32,47,7.62,24.88,166.91,67.8,57.82,86.61,961.37,10.68,0.0,184.5,947.18
WTG_32,48,14.64,18.76,213.65,77.45,61.31,103.75,1800.0,20.0,6.6,183.26,2000.0
WTG_32,49,9.29,9.08,192.27,76.4,59.68,87.07,1131.29,12.57,0.0,186.21,1777.63
WTG_32,50,9.94,18.0,195.2,77.25,60.96,100.96,1272.07,14.13,0.0,184.63,2000.0
WTG_32,51,10.8,17.82,165.06,79.02,60.7,100.88,1379.39,15.33,0.0,186.22,2000.0
WTG_32,52,5.83,18.01,170.93,64.29,56.29,70.99,744.13,8.27,0.0,187.68,445.05
WTG_32,53,7.36,13.51,151.73,67.41,59.48,74.3,937.96,10.42,0.0,187.1,853.13
WTG_32,54,9.5,15.36,173.28,76.42,59.98,95.6,1189.79,13.22,0.0,183.05,1873.8
WTG_32,55,15.09,18.37,180.76,77.23,61.99,101.91,1800.0,20.0,7.72,187.28,2000.0
WTG_32,56,11.09,20.68,192.54,77.59,59.6,102.65,1378.63,15.32,0.0,184.47,2000.0
WTG_32,57,9.2,19.14,179.65,74.79,59.62,96.71,1160.11,12.89,0.0,183.11,1695.99
WTG_32,58,4.56,15.72,173.45,64.41,57.48,64.69,549.31,6.1,0.0,185.23,235.97
WTG_32,59,9.17,12.46,194.49,74.79,60.9,89.97,1168.38,12.98,0.0,186.28,1707.19
WTG_32,60,11.18,17.55,174.54,76.79,60.53,99.19,1408.35,15.65,0.0,186.16,2000.0
WTG_32,61,8.61,5.41,182.96,73.19,59.52,77.37,1105.16,12.28,0.0,186.52,1418.37
WTG_32,62,7.32,20.35,182.29,67.8,59.6,78.68,912.32,10.14,0.0,187.16,833.66
WTG_32,63,7.37,21.2,187.56,69.63,59.22,83.19,921.98,10.24,0.0,188.26,868.4
WTG_32,64,3.2,17.21,189.82,62.22,57.82,64.62,540.0,6.0,0.0,185.73,84.16
WTG_32,65,10.63,19.53,177.22,77.22,60.96,103.04,1340.97,14.9,0.0,185.58,2000.0
WTG_32,66,10.64,15.52,168.67,75.78,59.24,97.97,1328.1,14.76,0.0,186.41,2000.0
WTG_32,67,11.55,17.47,175.77,78.8,61.32,99.13,1473.13,16.37,0.0,186.13,2000.0
WTG_32,68,6.76,19.17,170.56,68.38,57.79,77.32,840.0,9.33,0.0,185.0,701.4
WTG_32,69,11.13,12.36,177.4,78.17,60.9,97.5,1394.0,15.49,0.0,185.37,2000.0
WTG_32,70,8.08,12.53,177.88,72.17,58.71,80.82,1025.01,11.39,0.0,186.31,1184.08
WTG_32,71,8.22,20.93,182.65,70.54,59.61,88.17,1021.04,11.34,0.0,185.61,1217.47
WTG_32,72,13.4,23.98,198.14,77.26,62.26,107.29,1690.13,18.78,3.49,184.63,2000.0
WTG_32,73,11.77,12.07,165.62,77.88,60.63,94.24,1453.94,16.15,0.0,186.7,2000.0
WTG_32,74,5.82,18.36,172.0,65.68,58.54,73.42,744.23,8.27,0.0,185.06,443.84
WTG_32,75,7.43,17.22,173.81,70.09,58.6,80.51,930.4,10.34,0.0,184.49,913.16
WTG_32,76,8.93,15.73,214.33,73.82,59.77,90.05,1111.91,12.35,0.0,188.34,1566.86
WTG_32,77,8.7,19.29,177.2,73.38,60.16,92.75,1091.25,12.13,0.0,184.22,1463.46
WTG_32,78,5.04,16.96,182.42,63.89,57.72,68.08,640.73,7.12,0.0,185.62,284.03
WTG_32,79,10.96,17.35,209.04,78.13,61.47,100.95,1385.34,15.39,0.0,186.71,2000.0
WTG_32,80,9.93,16.54,199.07,77.94,59.74,99.17,1205.0,13.39,0.0,185.92,2000.0
WTG_32,81,5.18,20.79,201.02,63.49,58.9,71.58,648.36,7.2,0.0,184.8,289.74
WTG_32,82,5.33,19.86,174.21,64.65,57.91,70.77,634.09,7.05,0.0,183.07,328.66
WTG_32,83,9.39,20.7,224.41,76.84,59.86,102.0,1155.94,12.84,0.0,184.25,1817.3
WTG_32,84,10.92,13.17,223.6,77.54,60.76,95.46,1392.04,15.47,0.0,183.97,2000.0
WTG_32,85,12.83,16.8,154.83,78.11,61.45,100.53,1628.91,18.1,2.07,185.37,2000.0
WTG_32,86,7.17,17.19,197.33,70.19,59.34,78.0,915.41,10.17,0.0,184.18,805.4
WTG_32,87,13.32,24.43,173.56,79.24,61.99,106.99,1653.8,18.38,3.29,184.42,2000.0
WTG_32,88,10.0,21.9,208.11,77.06,60.41,105.32,1255.37,13.95,0.0,184.12,2000.0
WTG_32,89,4.3,18.75,205.35,63.26,58.63,68.11,540.0,6.0,0.0,185.9,163.18
WTG_32,90,10.93,17.67,192.87,77.67,61.3,98.81,1363.28,15.15,0.0,181.86,2000.0
WTG_32,91,8.52,23.5,171.81,72.59,59.55,94.21,1117.82,12.42,0.0,184.45,1364.37
WTG_32,92,8.68,20.25,191.2,73.81,60.2,92.58,1111.5,12.35,0.0,186.81,1438.26
WTG_32,93,6.94,12.29,171.94,67.74,58.31,73.94,861.66,9.57,0.0,185.26,739.19
WTG_32,94,6.89,9.83,179.63,68.46,59.89,66.42,863.58,9.6,0.0,184.34,718.65
WTG_32,95,12.97,14.94,189.65,79.22,60.68,100.31,1605.28,17.84,2.43,182.87,2000.0
WTG_32,96,9.59,18.43,183.61,77.35,61.69,102.58,1218.41,13.54,0.0,184.85,1969.59
WTG_32,97,11.27,23.74,196.78,79.85,61.3,107.58,1432.39,15.92,0.0,183.21,2000.0
WTG_32,98,10.27,13.07,147.9,78.53,62.07,96.69,1327.04,14.74,0.0,183.77,2000.0
WTG_32,99,7.86,20.11,188.8,72.95,60.38,85.18,992.46,11.03,0.0,183.61,1064.9
WTG_32,100,9.42,24.89,186.1,75.99,60.74,103.89,1193.84,13.26,0.0,183.94,1837.78
WTG_32,101,5.45,21.48,197.03,65.71,59.16,76.35,696.53,7.74,0.0,184.83,382.4
WTG_32,102,8.41,17.68,196.21,73.59,60.43,89.43,1054.84,11.72,0.0,187.34,1300.97
WTG_32,103,6.57,14.83,159.27,66.79,58.41,72.35,806.69,8.96,0.0,186.29,606.12
WTG_32,104,11.76,23.19,207.99,79.86,62.11,105.6,1494.05,16.6,0.0,182.07,2000.0
WTG_32,105,6.57,16.95,146.93,67.79,59.29,75.37,840.2,9.34,0.0,182.0,614.1
WTG_32,106,10.09,15.38,183.63,79.6,60.59,98.61,1306.87,14.52,0.0,180.98,2000.0
WTG_32,107,4.94,20.83,183.68,65.79,57.7,72.91,629.35,6.99,0.0,181.84,274.26
WTG_32,108,8.52,17.05,186.88,73.88,60.75,90.38,1117.21,12.41,0.0,183.52,1364.9
WTG_32,109,12.76,18.53,203.15,77.69,62.54,102.15,1572.74,17.47,1.89,181.58,2000.0
WTG_32,110,8.78,17.64,189.87,76.07,61.56,93.57,1108.7,12.32,0.0,182.38,1487.79
WTG_32,111,11.5,8.32,197.59,78.66,61.59,90.81,1461.93,16.24,0.0,181.79,2000.0
WTG_32,112,7.76,18.18,172.96,71.0,60.5,85.37,974.93,10.83,0.0,184.13,1023.37
WTG_32,113,11.2,17.36,177.03,79.53,61.83,100.96,1417.9,15.75,0.0,182.9,2000.0
WTG_32,114,12.29,18.83,183.81,78.75,62.41,102.08,1525.23,16.95,0.72,183.6,2000.0
WTG_32,115,9.23,16.44,189.42,76.99,62.51,95.88,1175.66,13.06,0.0,181.03,1737.61
WTG_32,116,9.9,13.79,216.71,79.11,61.02,97.78,1268.01,14.09,0.0,182.71,2000.0
WTG_32,117,8.65,15.51,181.87,74.05,61.34,88.5,1102.86,12.25,0.0,185.51,1386.79
WTG_32,118,10.82,19.07,205.99,80.26,61.68,101.57,1385.51,15.39,0.0,183.49,2000.0
WTG_32,119,9.63,26.37,183.23,80.94,61.16,110.8,1211.17,13.46,0.0,181.48,1990.88
WTG_32,120,7.35,13.9,185.38,69.97,59.87,77.53,925.13,10.28,0.0,185.11,846.29
WTG_32,121,7.92,21.84,187.42,73.42,61.24,89.57,990.16,11.0,0.0,183.67,1075.4
WTG_32,122,8.43,12.32,182.99,74.59,63.32,84.85,1081.24,12.01,0.0,185.54,1319.96
WTG_32,123,11.88,20.85,203.39,78.65,62.97,107.49,1460.59,16.23,0.0,183.14,2000.0
WTG_32,124,5.74,11.56,171.68,68.25,60.81,67.86,757.96,8.42,0.0,182.59,393.77
WTG_32,125,11.2,16.07,181.44,77.79,62.34,101.9,1407.32,15.64,0.0,182.81,2000.0
WTG_32,126,8.9,15.87,181.14,74.79,62.09,90.83,1121.64,12.46,0.0,182.17,1536.9
WTG_32,127,10.85,15.13,187.7,81.48,62.65,102.67,1397.5,15.53,0.0,182.09,2000.0
WTG_32,128,10.74,20.28,225.48,80.61,64.41,106.99,1367.07,15.19,0.0,181.37,2000.0
WTG_32,129,8.94,14.09,187.65,77.91,62.16,90.7,1140.03,12.67,0.0,180.82,1588.2
WTG_32,130,6.34,16.92,190.0,68.99,61.95,77.18,837.68,9.31,0.0,179.59,561.14
WTG_32,131,7.53,12.37,214.18,70.98,60.8,79.17,966.17,10.74,0.0,181.0,910.67
WTG_32,132,8.87,15.22,199.34,77.55,61.37,93.2,1124.49,12.49,0.0,181.01,1513.12
WTG_32,133,7.69,21.27,201.44,71.41,62.74,89.32,981.97,10.91,0.0,183.15,992.55
WTG_32,134,12.15,17.32,225.09,80.89,62.25,102.99,1529.86,17.0,0.37,180.09,2000.0
WTG_32,135,8.99,24.14,211.7,77.9,62.59,104.11,1159.96,12.89,0.0,181.72,1605.6
WTG_32,136,6.82,16.92,186.28,71.3,62.42,79.5,841.84,9.35,0.0,180.97,702.05
WTG_32,137,7.4,14.89,197.35,72.96,62.18,82.55,930.69,10.34,0.0,182.56,890.28
WTG_32,138,6.8,11.27,203.68,71.07,60.32,71.13,868.28,9.65,0.0,178.75,686.76
WTG_32,139,12.91,20.24,195.17,81.05,64.68,107.94,1636.55,18.18,2.27,183.1,2000.0
WTG_32,140,9.27,16.11,177.29,79.71,62.88,98.01,1167.45,12.97,0.0,183.82,1777.63
WTG_32,141,7.58,20.14,224.91,72.63,63.6,85.62,955.03,10.61,0.0,182.4,948.64
WTG_32,142,8.14,24.47,188.33,74.91,61.7,97.45,1014.16,11.27,0.0,180.79,1180.9
WTG_32,143,5.59,7.56,190.18,67.69,62.34,62.83,688.0,7.64,0.0,181.02,363.75
WTG_32,144,8.59,16.31,200.3,76.95,63.14,92.51,1071.4,11.9,0.0,181.65,1390.11
WTG_32,145,4.96,16.67,205.13,67.77,60.89,71.08,665.54,7.39,0.0,180.42,269.72
WTG_32,146,11.61,19.34,218.4,82.92,63.22,107.56,1429.16,15.88,0.0,179.31,2000.0
WTG_32,147,5.74,17.95,202.92,68.39,63.88,77.56,749.69,8.33,0.0,181.11,398.35
WTG_32,148,7.34,22.61,201.72,73.08,62.36,89.87,892.68,9.92,0.0,178.45,858.6
WTG_32,149,10.36,13.65,176.43,81.35,65.8,101.26,1303.84,14.49,0.0,180.17,2000.0
WTG_32,150,8.91,19.45,165.25,79.07,64.62,100.4,1140.28,12.67,0.0,179.57,1572.61
WTG_32,151,5.74,14.14,191.08,70.14,62.95,73.65,716.13,7.96,0.0,181.27,421.47
WTG_32,152,10.91,24.1,187.51,81.12,64.3,113.09,1357.74,15.09,0.0,178.05,2000.0
WTG_32,153,9.05,19.5,169.0,80.41,65.86,101.27,1126.08,12.51,0.0,177.03,1659.18
WTG_32,154,6.48,9.17,192.54,71.28,62.82,70.91,796.39,8.85,0.0,177.62,607.62
WTG_32,155,4.15,19.27,187.99,69.11,62.45,72.83,540.0,6.0,0.0,176.22,152.68
WTG_32,156,6.64,14.73,162.15,72.64,62.46,78.25,843.16,9.37,0.0,180.82,658.93
WTG_32,157,8.59,14.77,200.53,79.52,65.16,92.35,1071.33,11.9,0.0,177.13,1378.05
WTG_32,158,8.99,18.23,212.79,80.34,65.41,100.81,1087.53,12.08,0.0,179.71,1602.5
WTG_32,159,8.86,7.29,197.74,81.04,65.49,86.94,1125.1,12.5,0.0,176.57,1539.25
WTG_32,160,10.49,13.68,210.34,82.6,65.99,104.02,1332.78,14.81,0.0,177.19,2000.0
WTG_32,161,11.15,19.58,191.78,85.11,66.01,109.47,1383.29,15.37,0.0,180.5,2000.0
WTG_32,162,7.9,18.39,188.98,77.45,65.01,90.97,991.02,11.01,0.0,175.53,1071.54
WTG_32,163,11.76,18.19,189.22,82.3,67.8,108.86,1493.81,16.6,0.0,177.35,2000.0
WTG_32,164,6.33,19.0,185.5,72.95,63.74,83.0,794.41,8.83,0.0,173.64,560.15
WTG_32,165,7.54,15.46,149.65,76.59,64.72,86.88,951.18,10.57,0.0,176.4,934.25
WTG_32,166,9.5,22.49,174.76,85.75,66.18,113.01,1189.19,13.21,0.0,177.25,1890.31
WTG_32,167,11.48,13.81,205.5,83.99,67.58,103.74,1431.05,15.9,0.0,175.93,2000.0
WTG_32,168,6.62,18.07,155.78,73.1,64.9,83.7,811.08,9.01,0.0,177.87,649.55
WTG_32,169,11.04,29.44,181.01,84.18,67.69,120.74,1394.24,15.49,0.0,175.3,2000.0
WTG_32,170,8.67,16.91,235.75,81.04,65.25,97.76,1107.76,12.31,0.0,175.97,1431.26
WTG_32,171,5.96,18.93,184.31,72.69,64.41,81.29,752.24,8.36,0.0,175.25,472.19
WTG_32,172,10.51,19.16,194.32,85.32,68.16,110.87,1343.85,14.93,0.0,174.77,2000.0
WTG_32,173,10.96,20.83,193.21,86.36,68.42,113.63,1359.6,15.11,0.0,174.26,2000.0
WTG_32,174,11.25,22.32,210.54,85.36,69.09,114.17,1423.13,15.81,0.0,175.22,2000.0
WTG_32,175,6.55,14.59,185.53,74.64,67.22,80.97,838.94,9.32,0.0,174.85,625.67
WTG_32,176,10.02,18.8,179.87,86.96,67.56,111.63,1265.01,14.06,0.0,174.43,2000.0
WTG_32,177,8.87,14.04,209.14,82.75,68.2,99.58,1118.85,12.43,0.0,173.6,1532.45
WTG_32,178,11.5,18.1,192.23,87.94,70.69,111.53,1451.74,16.13,0.0,172.94,2000.0
WTG_32,179,10.47,14.2,193.22,86.67,68.44,107.93,1364.9,15.17,0.0,171.19,2000.0
WTG_32,180,12.74,23.34,225.23,85.67,69.55,117.83,1603.82,17.82,1.86,173.31,2000.0
WTG_32,181,10.85,18.67,201.83,85.48,68.79,111.92,1376.72,15.3,0.0,172.8,2000.0
WTG_32,182,9.63,18.41,228.0,87.57,68.17,110.71,1189.8,13.22,0.0,173.48,1958.23
WTG_32,183,14.02,20.73,191.36,87.52,70.92,113.84,1762.35,19.58,5.05,169.89,2000.0
WTG_32,184,8.2,19.2,212.92,81.03,68.91,99.1,1009.58,11.22,0.0,173.51,1198.3
WTG_32,185,18.65,19.07,182.48,88.02,71.16,113.89,1800.0,20.0,16.64,171.65,2000.0
WTG_32,186,8.73,22.64,174.31,82.51,68.98,107.04,1101.3,12.24,0.0,173.55,1472.45
WTG_32,187,15.53,19.5,201.74,87.05,71.96,114.29,1800.0,20.0,8.82,170.42,2000.0
WTG_32,188,3.88,24.54,197.12,74.6,67.1,84.94,540.0,6.0,0.0,170.39,114.79
WTG_32,189,9.82,18.33,206.54,87.65,71.41,113.12,1233.09,13.7,0.0,171.72,2000.0
WTG_32,190,11.49,15.0,198.63,88.57,71.1,112.19,1468.71,16.32,0.0,171.15,2000.0
WTG_32,191,9.66,12.9,202.2,89.43,69.45,107.94,1195.99,13.29,0.0,169.19,1975.51
WTG_32,192,12.22,12.97,221.88,89.17,72.87,109.34,1528.35,16.98,0.56,170.77,2000.0
WTG_32,193,10.45,26.6,207.34,89.2,71.89,123.28,1305.86,14.51,0.0,169.26,2000.0
WTG_32,194,7.49,11.5,217.01,83.1,69.73,88.21,927.51,10.31,0.0,167.49,926.2
WTG_32,195,10.94,21.23,187.14,89.58,72.42,119.13,1397.78,15.53,0.0,166.62,2000.0
WTG_32,196,9.22,17.86,186.29,88.46,71.98,111.49,1162.35,12.91,0.0,171.39,1715.59
WTG_32,197,10.73,19.43,209.35,90.25,72.59,117.29,1339.77,14.89,0.0,167.87,2000.0
WTG_32,198,4.57,15.13,195.32,76.99,69.42,79.81,554.79,6.16,0.0,167.55,221.96
WTG_32,199,7.57,16.87,205.24,83.4,71.1,95.85,953.85,10.6,0.0,168.65,946.08
WTG_32,200,8.43,13.99,193.43,86.3,72.4,100.54,1056.05,11.73,0.0,166.61,1304.3
WTG_32,201,7.43,18.34,176.87,83.19,72.2,97.33,944.2,10.49,0.0,169.79,893.68
WTG_32,202,6.76,20.42,184.89,81.73,71.08,95.1,850.52,9.45,0.0,168.18,660.9
WTG_32,203,8.72,19.03,223.25,88.69,73.35,109.21,1118.28,12.43,0.0,165.38,1474.54
WTG_32,204,7.51,20.8,209.15,83.21,71.7,101.03,974.01,10.82,0.0,167.43,928.46
WTG_32,205,8.97,15.11,194.77,89.41,71.4,107.63,1134.4,12.6,0.0,165.11,1598.3
WTG_32,206,11.24,22.53,198.91,91.34,75.18,121.62,1407.02,15.63,0.0,164.78,2000.0
WTG_32,207,10.21,14.83,196.88,93.1,74.36,112.03,1288.7,14.32,0.0,166.0,2000.0
WTG_32,208,12.75,21.47,205.12,92.65,75.07,122.35,1608.27,17.87,1.88,161.91,2000.0
WTG_32,209,9.45,16.63,169.52,93.37,75.32,114.39,1162.97,12.92,0.0,164.41,1868.86
WTG_32,210,9.79,22.82,212.0,93.79,75.18,124.81,1211.14,13.46,0.0,165.81,2000.0
WTG_32,211,12.56,10.76,221.11,95.53,76.58,112.68,1606.7,17.85,1.4,163.63,2000.0
WTG_32,212,10.28,14.75,196.71,93.73,76.02,116.62,1292.69,14.36,0.0,162.38,2000.0
WTG_32,213,11.3,13.11,225.6,94.75,76.11,118.02,1410.8,15.68,0.0,163.8,2000.0
WTG_32,214,14.46,17.35,194.47,94.96,76.39,120.67,1800.0,20.0,6.14,161.81,2000.0
WTG_32,215,8.49,21.6,216.56,89.66,74.35,113.65,1110.36,12.34,0.0,160.15,1359.35
WTG_32,216,5.55,11.03,206.84,81.36,74.79,83.66,711.03,7.9,0.0,164.05,345.58
WTG_32,217,9.75,22.05,186.5,96.82,76.86,125.38,1231.9,13.69,0.0,159.47,2000.0
WTG_32,218,8.34,12.6,219.87,88.69,76.16,105.06,1005.17,11.17,0.0,160.6,1290.75
WTG_32,219,6.9,20.1,206.22,86.81,76.64,100.91,847.03,9.41,0.0,161.09,727.14
WTG_32,220,9.96,20.09,231.66,96.71,77.65,125.18,1234.1,13.71,0.0,160.77,2000.0
WTG_32,221,8.11,17.13,228.67,91.06,77.23,107.34,1024.74,11.39,0.0,158.86,1182.36
WTG_32,222,10.76,16.3,208.66,96.65,77.26,122.83,1345.81,14.95,0.0,162.52,2000.0
WTG_32,223,8.86,14.69,198.41,94.43,78.34,112.01,1093.69,12.15,0.0,159.13,1535.56
WTG_32,224,10.96,18.62,205.38,98.51,79.55,125.0,1371.63,15.24,0.0,158.99,2000.0
WTG_32,225,10.59,21.51,191.87,97.86,79.28,129.1,1326.78,14.74,0.0,157.89,2000.0
WTG_32,226,6.85,18.0,210.72,87.71,77.0,100.59,852.18,9.47,0.0,155.66,708.07
WTG_32,227,15.38,22.93,196.85,99.98,82.3,130.08,1800.0,20.0,8.46,157.45,2000.0
WTG_32,228,9.48,26.1,211.23,99.53,78.87,132.87,1196.16,13.29,0.0,155.27,1877.95
WTG_32,229,6.01,12.14,196.74,87.99,79.6,90.22,744.94,8.28,0.0,155.88,485.68
WTG_32,230,9.55,16.91,180.91,98.6,80.89,122.61,1202.81,13.36,0.0,154.64,1893.69
WTG_32,231,10.99,14.52,201.93,100.62,81.65,124.52,1381.33,15.35,0.0,155.23,2000.0
WTG_32,232,6.93,18.91,195.99,92.71,80.66,104.1,901.15,10.01,0.0,155.6,726.4
WTG_32,233,13.99,17.87,212.46,101.68,84.53,128.76,1790.3,19.89,4.97,155.83,2000.0
WTG_32,234,10.12,21.07,178.57,101.19,82.93,130.96,1286.88,14.3,0.0,152.75,2000.0
WTG_32,235,11.45,13.81,193.93,102.86,82.95,123.46,1469.38,16.33,0.0,152.75,2000.0
WTG_32,236,6.6,16.86,214.45,93.26,81.43,104.33,839.12,9.32,0.0,154.43,639.61
WTG_32,237,9.4,16.13,246.33,100.6,82.63,124.88,1200.34,13.34,0.0,155.93,1809.91
WTG_32,238,9.4,9.81,207.93,103.35,83.52,118.06,1160.38,12.89,0.0,152.32,1823.68
WTG_32,239,10.7,19.7,203.6,103.84,84.1,131.7,1376.62,15.3,0.0,151.18,2000.0
WTG_32,240,5.01,19.28,213.15,90.12,81.73,99.91,640.11,7.11,0.0,150.96,270.8
WTG_32,241,10.27,17.22,203.72,104.44,84.63,129.64,1294.31,14.38,0.0,152.15,2000.0
WTG_32,242,10.32,11.27,201.43,104.68,85.75,124.24,1309.63,14.55,0.0,149.69,2000.0
WTG_32,243,6.92,15.65,206.79,94.61,83.26,107.08,849.79,9.44,0.0,150.76,712.44
WTG_32,244,11.47,11.76,207.75,105.66,87.05,127.36,1433.54,15.93,0.0,150.34,2000.0
WTG_32,245,12.68,22.86,192.25,106.73,87.77,139.27,1634.41,18.16,1.71,145.85,2000.0
WTG_32,246,8.74,22.9,201.41,102.72,85.16,128.7,1105.09,12.28,0.0,149.51,1449.44
WTG_32,247,11.08,15.91,185.08,106.46,87.39,132.56,1432.85,15.92,0.0,145.13,2000.0
WTG_32,248,9.55,17.82,221.39,106.23,87.58,132.96,1195.6,13.28,0.0,146.69,1915.18
WTG_32,249,4.67,23.11,217.51,94.07,83.91,107.2,622.85,6.92,0.0,146.87,233.61
WTG_32,250,11.73,13.0,218.39,108.45,88.72,131.19,1493.08,16.59,0.0,146.16,2000.0
WTG_32,251,10.67,14.18,206.56,107.98,89.01,132.16,1349.23,14.99,0.0,145.95,2000.0
WTG_32,252,9.77,18.17,191.62,108.78,89.89,137.13,1232.07,13.69,0.0,143.31,2000.0
WTG_32,253,8.98,14.88,217.36,105.53,89.57,128.26,1140.2,12.67,0.0,141.67,1595.26
WTG_32,254,6.55,10.44,190.74,97.73,87.85,104.2,810.46,9.01,0.0,142.31,602.34
WTG_32,255,8.43,24.15,225.87,105.25,89.35,130.49,1062.3,11.8,0.0,140.41,1314.7
WTG_32,256,10.48,18.37,222.16,112.78,91.5,139.77,1326.96,14.74,0.0,142.93,2000.0
WTG_32,257,8.4,15.94,197.19,105.45,90.37,123.93,1026.71,11.41,0.0,141.36,1298.27
WTG_32,258,7.82,13.06,210.07,104.7,90.78,117.89,996.12,11.07,0.0,142.09,1057.55
WTG_32,259,6.61,22.46,207.38,100.05,90.64,120.03,860.38,9.56,0.0,140.93,651.96
WTG_33,1,12.83,16.17,194.84,77.38,62.22,98.36,1617.17,17.97,2.07,185.55,2000.0
WTG_33,2,10.51,16.94,178.93,78.74,60.29,98.73,1300.47,14.45,0.0,190.54,2000.0
WTG_33,3,9.67,14.74,184.2,79.32,60.26,97.95,1218.55,13.54,0.0,186.27,2000.0
WTG_33,4,5.85,18.26,152.42,65.39,57.45,71.94,783.37,8.7,0.0,184.82,457.05
WTG_33,5,10.94,22.84,181.17,76.16,60.21,104.15,1349.41,14.99,0.0,186.02,2000.0
WTG_33,6,12.68,15.51,170.54,78.36,62.99,97.31,1600.07,17.78,1.71,186.66,2000.0
WTG_33,7,3.99,13.23,176.58,61.71,58.39,59.16,540.0,6.0,0.0,189.18,126.79
WTG_33,8,6.24,24.14,160.01,65.74,59.17,78.26,762.95,8.48,0.0,186.38,537.31
WTG_33,9,8.9,20.15,187.73,73.92,61.01,94.39,1135.01,12.61,0.0,187.14,1567.54
WTG_33,10,9.9,18.23,192.04,76.14,60.65,99.86,1254.1,13.93,0.0,187.65,2000.0
WTG_33,11,4.89,17.65,170.2,63.82,58.86,67.59,624.63,6.94,0.0,187.41,239.37
WTG_33,12,11.39,21.32,153.28,77.94,60.19,102.58,1454.79,16.16,0.0,183.59,2000.0
WTG_33,13,11.61,23.19,187.96,77.9,61.21,105.96,1477.29,16.41,0.0,187.29,2000.0
WTG_33,14,10.69,14.36,162.94,77.99,60.9,95.86,1372.92,15.25,0.0,187.63,2000.0
WTG_33,15,6.72,22.14,162.64,67.23,59.6,78.9,846.64,9.41,0.0,187.85,677.12
WTG_33,16,8.2,18.58,153.59,71.32,60.62,88.27,1052.41,11.69,0.0,188.1,1198.8
WTG_33,17,10.4,21.47,174.37,77.3,59.31,105.21,1310.51,14.56,0.0,188.01,2000.0
WTG_33,18,6.11,13.33,186.68,65.05,57.62,68.13,835.02,9.28,0.0,187.96,503.42
WTG_33,19,8.13,17.35,177.4,68.61,58.76,84.63,1006.2,11.18,0.0,185.53,1167.11
WTG_33,20,10.05,11.13,187.59,78.52,58.78,94.19,1255.39,13.95,0.0,188.13,2000.0
WTG_33,21,8.2,12.34,183.14,72.0,59.58,79.3,1024.72,11.39,0.0,186.76,1227.94
WTG_33,22,9.37,17.46,178.59,75.6,60.2,96.09,1169.32,12.99,0.0,186.87,1789.18
WTG_33,23,4.23,14.82,200.19,62.85,57.04,61.83,545.62,6.06,0.0,185.9,164.13
WTG_33,24,8.21,15.85,184.45,69.71,61.41,84.04,1035.6,11.51,0.0,186.4,1221.32
WTG_33,25,7.99,17.99,175.41,71.13,59.4,84.21,993.18,11.04,0.0,188.41,1121.88
WTG_33,26,11.03,24.78,159.78,76.08,60.31,107.95,1373.3,15.26,0.0,189.0,2000.0
WTG_33,27,9.97,25.55,170.33,77.63,60.41,107.78,1270.4,14.12,0.0,188.18,2000.0
WTG_33,28,10.2,19.33,190.88,76.93,60.61,101.8,1283.51,14.26,0.0,186.63,2000.0
WTG_33,29,9.2,15.66,221.44,75.83,60.83,94.07,1180.45,13.12,0.0,186.54,1730.78
WTG_33,30,8.3,14.86,193.66,71.34,58.4,83.86,1015.59,11.28,0.0,186.53,1264.94
WTG_33,31,10.02,15.94,161.43,75.99,61.04,97.84,1259.65,14.0,0.0,186.72,2000.0
WTG_33,32,3.48,16.3,193.72,61.64,58.32,62.53,540.0,6.0,0.0,187.63,90.51
WTG_33,33,10.56,16.66,190.65,76.72,60.03,98.0,1326.18,14.74,0.0,187.33,2000.0
WTG_33,34,12.02,21.84,179.79,78.54,59.86,103.85,1511.25,16.79,0.04,187.16,2000.0
WTG_33,35,8.9,17.71,212.09,73.03,58.78,90.93,1105.83,12.29,0.0,185.5,1539.66
WTG_33,36,8.27,21.48,173.37,71.46,60.05,90.88,1056.44,11.74,0.0,186.39,1256.05
WTG_33,37,8.47,19.47,190.56,72.13,60.13,90.15,1066.31,11.85,0.0,185.98,1348.55
WTG_33,38,12.43,21.75,168.07,78.11,62.38,104.82,1577.59,17.53,1.06,188.69,2000.0
WTG_33,39,10.42,16.33,152.35,77.88,59.68,97.47,1292.3,14.36,0.0,186.26,2000.0
WTG_33,40,8.18,18.3,202.7,71.78,58.92,86.97,1020.92,11.34,0.0,185.4,1200.8
WTG_33,41,7.86,15.02,207.17,69.05,60.28,80.84,992.33,11.03,0.0,185.87,1066.34
WTG_33,42,9.02,19.5,188.89,74.4,59.83,96.18,1127.4,12.53,0.0,188.0,1636.42
WTG_33,43,11.25,25.52,174.14,77.07,60.49,107.96,1420.03,15.78,0.0,188.12,2000.0
WTG_33,44,8.1,18.58,170.98,70.39,59.42,85.06,1006.68,11.19,0.0,185.77,1146.9
WTG_33,45,9.78,17.15,171.78,77.39,61.13,100.05,1233.57,13.71,0.0,190.85,2000.0
WTG_33,46,7.89,18.27,167.21,70.31,60.12,82.76,985.27,10.95,0.0,184.41,1052.51
WTG_33,47,14.35,16.24,177.47,76.93,62.92,100.07,1800.0,20.0,5.88,186.51,2000.0
WTG_33,48,5.43,21.73,149.56,63.87,58.6,72.02,692.69,7.7,0.0,186.21,331.69
WTG_33,49,7.89,17.52,187.39,71.03,60.51,83.34,994.64,11.05,0.0,187.32,1082.69
WTG_33,50,5.17,8.45,179.79,64.49,58.2,59.29,679.11,7.55,0.0,185.93,300.33
WTG_33,51,10.89,18.1,173.35,77.82,60.93,99.77,1343.33,14.93,0.0,188.03,2000.0
WTG_33,52,7.21,21.63,171.16,68.64,59.66,82.32,885.9,9.84,0.0,188.61,823.61
WTG_33,53,9.68,18.37,150.24,76.77,60.07,100.52,1200.39,13.34,0.0,185.33,2000.0
WTG_33,54,7.44,17.81,167.81,68.78,59.9,81.05,931.36,10.35,0.0,187.0,896.44
WTG_33,55,6.47,23.66,191.36,65.73,59.33,80.8,805.35,8.95,0.0,187.37,591.54
WTG_33,56,11.73,17.74,220.86,78.27,61.0,101.39,1476.11,16.4,0.0,187.31,2000.0
WTG_33,57,7.29,17.61,163.76,69.0,59.75,78.13,904.74,10.05,0.0,188.47,857.03
WTG_33,58,9.06,20.36,201.91,75.47,60.39,96.29,1146.26,12.74,0.0,185.06,1623.41
WTG_33,59,11.99,19.71,165.61,77.59,61.27,102.31,1506.38,16.74,0.0,188.28,2000.0
WTG_33,60,8.83,15.78,188.25,71.9,59.13,87.67,1132.27,12.58,0.0,187.49,1525.47
WTG_33,61,11.73,17.78,187.99,76.94,62.01,99.76,1459.98,16.22,0.0,189.27,2000.0
WTG_33,62,5.47,13.8,203.83,63.33,56.75,66.98,710.41,7.89,0.0,187.46,356.73
WTG_33,63,9.4,15.23,180.5,76.71,60.75,95.83,1199.57,13.33,0.0,187.63,1808.58
WTG_33,64,11.19,12.32,182.88,77.66,61.77,95.06,1407.78,15.64,0.0,185.52,2000.0
WTG_33,65,6.46,24.07,190.78,66.5,58.69,80.97,815.89,9.07,0.0,188.34,596.23
WTG_33,66,11.12,17.83,170.8,77.19,61.08,99.57,1378.47,15.32,0.0,187.1,2000.0
WTG_33,67,11.79,23.2,165.84,78.99,62.77,106.21,1497.97,16.64,0.0,186.95,2000.0
WTG_33,68,8.53,23.93,189.19,72.51,60.26,95.01,1079.73,12.0,0.0,188.14,1360.51
WTG_33,69,9.59,17.42,191.74,75.36,59.7,97.52,1212.81,13.48,0.0,188.12,1931.19
WTG_33,70,6.66,23.71,175.81,67.52,60.41,80.65,850.38,9.45,0.0,188.57,679.35
WTG_33,71,7.23,21.95,186.24,68.02,59.39,83.14,915.78,10.18,0.0,184.52,832.4
WTG_33,72,8.3,20.62,189.57,71.76,60.39,88.69,1063.47,11.82,0.0,186.18,1236.71
WTG_33,73,12.37,6.32,179.89,78.44,62.38,88.37,1548.58,17.21,0.93,187.14,2000.0
WTG_33,74,7.69,22.16,191.54,70.4,59.74,85.86,967.74,10.75,0.0,186.45,1003.29
WTG_33,75,10.83,13.9,201.79,77.11,62.84,94.27,1329.63,14.77,0.0,186.24,2000.0
WTG_33,76,7.28,21.35,206.38,69.64,60.03,83.51,915.22,10.17,0.0,186.49,808.24
WTG_33,77,9.84,15.87,155.47,77.58,59.39,99.22,1232.49,13.69,0.0,187.22,2000.0
WTG_33,78,3.68,8.25,175.03,61.97,57.58,54.85,540.0,6.0,0.0,186.38,141.84
WTG_33,79,8.5,21.91,165.76,72.13,59.46,92.48,1089.43,12.1,0.0,185.55,1364.71
WTG_33,80,8.12,10.67,183.14,72.14,59.6,77.07,1016.0,11.29,0.0,184.08,1180.86
WTG_33,81,10.41,18.92,186.58,77.94,61.05,103.09,1314.24,14.6,0.0,186.74,2000.0
WTG_33,82,7.3,23.22,179.68,69.11,58.76,85.47,897.47,9.97,0.0,186.64,860.97
WTG_33,83,7.83,18.13,179.08,70.09,59.39,82.8,986.08,10.96,0.0,185.97,1080.41
WTG_33,84,5.84,16.15,177.77,67.09,58.16,68.97,731.72,8.13,0.0,187.02,423.24
WTG_33,85,9.99,20.94,184.58,77.02,60.47,103.79,1244.02,13.82,0.0,187.54,2000.0
WTG_33,86,10.09,15.67,191.66,77.1,61.25,97.5,1243.06,13.81,0.0,187.56,2000.0
WTG_33,87,6.46,21.57,217.26,67.34,58.66,79.11,815.01,9.06,0.0,185.9,601.02
WTG_33,88,14.41,13.15,191.22,79.76,62.87,97.92,1797.06,19.97,6.02,187.82,2000.0
WTG_33,89,13.19,21.28,215.29,77.41,62.15,103.51,1690.7,18.79,2.97,187.39,2000.0
WTG_33,90,12.68,20.1,184.32,76.88,61.77,103.48,1601.54,17.79,1.69,186.17,2000.0
WTG_33,91,9.51,17.07,183.19,76.63,60.53,97.41,1177.64,13.08,0.0,187.41,1898.58
WTG_33,92,9.28,19.08,177.76,74.76,60.97,97.38,1154.13,12.82,0.0,185.04,1761.07
WTG_33,93,5.25,22.04,155.56,64.9,57.84,72.78,669.9,7.44,0.0,186.98,320.32
WTG_33,94,9.13,21.51,188.73,76.55,61.67,100.12,1175.65,13.06,0.0,185.37,1676.95
WTG_33,95,12.05,17.91,189.25,76.52,61.8,102.74,1532.45,17.03,0.11,185.93,2000.0
WTG_33,96,8.81,19.58,184.11,73.58,61.15,95.38,1106.33,12.29,0.0,187.13,1505.7
WTG_33,97,7.78,20.04,172.59,71.16,60.68,85.29,955.18,10.61,0.0,187.47,1034.04
WTG_33,98,9.58,17.6,171.76,77.99,60.69,98.31,1228.88,13.65,0.0,185.16,1929.6
WTG_33,99,7.56,18.44,207.63,68.36,60.23,83.45,964.78,10.72,0.0,187.82,937.05
WTG_33,100,14.09,16.0,189.96,78.23,63.05,100.42,1798.69,19.99,5.21,184.91,2000.0
WTG_33,101,8.44,15.28,188.48,72.72,59.87,86.03,1041.12,11.57,0.0,187.0,1329.73
WTG_33,102,12.71,17.61,210.18,79.24,62.94,98.97,1587.43,17.64,1.79,183.03,2000.0
WTG_33,103,12.77,17.48,180.87,77.98,61.99,100.18,1613.72,17.93,1.93,183.41,2000.0
WTG_33,104,6.42,22.43,201.93,66.82,58.08,78.07,813.18,9.04,0.0,187.01,595.17
WTG_33,105,4.64,14.79,179.8,63.9,58.81,64.83,589.45,6.55,0.0,187.54,216.98
WTG_33,106,9.42,14.03,171.87,76.7,60.24,94.0,1193.61,13.26,0.0,183.94,1834.87
WTG_33,107,5.48,29.72,158.32,63.87,58.48,80.53,672.12,7.47,0.0,187.25,345.11
WTG_33,108,9.19,19.79,194.49,76.7,60.64,97.42,1145.61,12.73,0.0,186.33,1697.39
WTG_33,109,9.22,12.19,196.51,77.27,60.91,90.53,1207.61,13.42,0.0,186.64,1724.29
WTG_33,110,4.15,11.95,188.33,63.73,57.78,61.45,554.2,6.16,0.0,183.92,150.44
WTG_33,111,11.7,17.84,188.29,76.88,62.35,99.43,1486.92,16.52,0.0,185.1,2000.0
WTG_33,112,3.0,16.92,194.22,62.71,59.07,65.25,540.0,6.0,0.0,187.65,64.17
WTG_33,113,14.21,15.87,210.48,78.16,62.59,99.87,1764.03,19.6,5.52,186.73,2000.0
WTG_33,114,12.94,20.17,198.45,78.93,64.44,102.65,1610.1,17.89,2.35,187.79,2000.0
WTG_33,115,9.04,18.48,179.21,75.92,61.7,94.3,1130.57,12.56,0.0,185.16,1624.5
WTG_33,116,10.88,17.01,207.66,78.98,61.94,100.16,1382.59,15.36,0.0,186.66,2000.0
WTG_33,117,6.52,16.38,203.51,66.04,59.49,74.1,817.15,9.08,0.0,185.0,617.64
WTG_33,118,9.28,18.9,176.41,74.56,61.17,98.67,1118.3,12.43,0.0,184.14,1744.79
WTG_33,119,6.34,16.5,181.88,66.55,58.82,70.92,785.62,8.73,0.0,185.13,535.46
WTG_33,120,9.33,17.1,199.54,77.75,60.05,93.27,1210.7,13.45,0.0,184.56,1786.97
WTG_33,121,7.98,13.19,201.35,71.24,61.12,79.48,994.01,11.04,0.0,185.06,1114.38
WTG_33,122,12.07,23.88,214.18,77.6,63.76,107.99,1546.2,17.18,0.17,188.42,2000.0
WTG_33,123,11.25,20.09,200.65,77.51,61.48,103.22,1414.63,15.72,0.0,186.3,2000.0
WTG_33,124,10.82,21.78,220.99,77.38,60.63,105.74,1379.9,15.33,0.0,185.25,2000.0
WTG_33,125,9.37,13.62,192.64,77.46,61.25,92.65,1171.24,13.01,0.0,185.46,1814.61
WTG_33,126,13.23,15.97,182.49,77.77,62.43,100.61,1680.82,18.68,3.07,185.34,2000.0
WTG_33,127,11.03,22.73,186.2,77.89,62.56,106.01,1386.38,15.4,0.0,184.04,2000.0
WTG_33,128,13.27,17.09,191.87,77.36,63.5,100.26,1661.77,18.46,3.18,182.39,2000.0
WTG_33,129,6.96,16.86,181.76,69.14,60.68,75.89,885.43,9.84,0.0,184.42,734.2
WTG_33,130,11.64,19.14,203.44,80.61,62.97,102.51,1479.16,16.44,0.0,187.03,2000.0
WTG_33,131,8.71,18.48,183.8,73.83,60.31,92.02,1082.08,12.02,0.0,183.82,1467.63
WTG_33,132,9.13,15.93,208.18,75.39,61.06,93.3,1168.58,12.98,0.0,187.77,1672.75
WTG_33,133,8.16,18.91,202.99,71.07,60.9,88.81,1054.88,11.72,0.0,185.93,1192.09
WTG_33,134,7.63,16.65,180.53,70.76,60.83,81.24,956.87,10.63,0.0,186.63,962.95
WTG_33,135,12.07,23.77,195.42,78.41,61.65,107.78,1510.84,16.79,0.17,186.49,2000.0
WTG_33,136,10.86,21.3,171.26,77.19,62.44,105.14,1341.33,14.9,0.0,184.73,2000.0
WTG_33,137,9.49,25.24,181.79,77.32,62.02,107.34,1188.65,13.21,0.0,181.82,1897.78
WTG_33,138,9.29,18.36,197.03,77.05,62.24,97.8,1182.73,13.14,0.0,185.58,1771.56
WTG_33,139,6.82,9.76,182.17,67.58,61.5,68.72,860.5,9.56,0.0,185.77,672.29
WTG_33,140,6.83,12.5,178.76,68.63,59.9,73.0,880.07,9.78,0.0,187.16,697.47
WTG_33,141,14.62,20.6,179.58,77.51,63.75,105.85,1800.0,20.0,6.55,187.52,2000.0
WTG_33,142,6.75,18.63,192.37,69.05,59.47,78.26,837.85,9.31,0.0,184.38,696.3
WTG_33,143,10.09,25.63,199.33,79.38,60.7,111.06,1265.88,14.07,0.0,185.15,2000.0
WTG_33,144,8.69,16.36,193.38,74.88,60.74,90.07,1077.82,11.98,0.0,184.55,1419.5
WTG_33,145,12.23,19.9,211.04,77.89,64.07,103.51,1554.84,17.28,0.58,183.16,2000.0
WTG_33,146,5.87,16.34,200.96,66.76,59.5,69.87,765.13,8.5,0.0,183.92,417.45
WTG_33,147,9.24,15.36,176.18,77.48,61.3,94.84,1156.27,12.85,0.0,183.54,1741.86
WTG_33,148,9.56,21.46,182.94,80.75,62.32,104.57,1195.91,13.29,0.0,183.08,1932.81
WTG_33,149,11.65,14.73,191.79,78.55,63.52,99.76,1461.53,16.24,0.0,184.13,2000.0
WTG_33,150,8.4,16.64,196.79,73.47,61.81,89.46,1044.16,11.6,0.0,184.8,1287.56
WTG_33,151,11.03,21.26,199.93,78.81,62.03,105.76,1398.29,15.54,0.0,184.87,2000.0
WTG_33,152,8.13,17.81,172.9,72.95,61.72,89.32,1064.92,11.83,0.0,185.6,1205.44
WTG_33,153,7.57,20.05,174.64,69.67,61.89,85.79,959.12,10.66,0.0,183.87,959.89
WTG_33,154,8.33,21.37,186.56,74.25,61.95,91.23,1038.37,11.54,0.0,184.52,1260.77
WTG_33,155,9.73,22.74,189.39,79.16,62.67,107.88,1216.09,13.51,0.0,181.64,2000.0
WTG_33,156,8.37,18.84,206.22,73.15,61.75,90.26,1045.17,11.61,0.0,183.13,1276.21
WTG_33,157,10.12,18.82,186.97,77.96,61.4,103.63,1264.28,14.05,0.0,185.59,2000.0
WTG_33,158,6.83,20.32,169.35,70.06,61.44,79.23,855.79,9.51,0.0,184.06,705.05
WTG_33,159,7.2,17.57,191.18,70.55,61.34,78.4,920.17,10.22,0.0,184.04,822.09
WTG_33,160,8.9,19.95,202.96,76.18,62.34,96.12,1089.2,12.1,0.0,184.68,1535.72
WTG_33,161,13.9,20.0,216.97,80.7,65.15,103.22,1745.98,19.4,4.74,182.98,2000.0
WTG_33,162,11.15,12.17,183.89,79.01,64.22,96.98,1415.24,15.72,0.0,182.11,2000.0
WTG_33,163,6.25,23.01,201.21,68.32,60.46,81.79,810.93,9.01,0.0,182.17,532.67
WTG_33,164,13.59,13.53,176.28,79.63,65.2,100.46,1718.45,19.09,3.97,183.77,2000.0
WTG_33,165,8.25,16.66,202.95,73.1,62.06,87.56,997.41,11.08,0.0,183.72,1233.14
WTG_33,166,9.45,19.65,184.63,79.16,62.68,101.94,1211.44,13.46,0.0,184.37,1856.35
WTG_33,167,9.57,26.24,185.57,79.57,62.22,110.89,1230.95,13.68,0.0,183.16,1927.35
WTG_33,168,10.21,14.31,200.0,80.35,63.08,100.55,1286.29,14.29,0.0,184.67,2000.0
WTG_33,169,10.25,18.63,181.3,80.66,62.85,105.27,1279.71,14.22,0.0,182.3,2000.0
WTG_33,170,6.87,22.01,217.2,70.87,61.72,83.7,856.19,9.51,0.0,182.3,723.07
WTG_33,171,9.38,16.98,213.0,79.4,63.23,100.99,1201.84,13.35,0.0,183.13,1816.42
WTG_33,172,10.0,17.47,206.67,82.1,62.71,102.24,1251.48,13.91,0.0,183.71,2000.0
WTG_33,173,9.14,13.7,199.63,78.21,62.9,93.97,1140.52,12.67,0.0,181.76,1658.68
WTG_33,174,11.13,14.13,198.08,81.11,64.18,100.01,1394.41,15.49,0.0,182.59,2000.0
WTG_33,175,9.1,18.33,184.21,78.32,61.35,97.76,1142.22,12.69,0.0,183.8,1646.24
WTG_33,176,9.48,15.23,158.8,79.74,63.81,99.56,1200.09,13.33,0.0,182.69,1885.9
WTG_33,177,10.16,18.06,216.55,82.27,63.25,104.88,1292.27,14.36,0.0,183.44,2000.0
WTG_33,178,11.58,19.44,194.57,82.64,63.25,106.84,1458.32,16.2,0.0,184.14,2000.0
WTG_33,179,11.09,18.26,191.54,81.66,63.0,103.91,1388.29,15.43,0.0,182.27,2000.0
WTG_33,180,7.75,20.69,190.38,72.47,63.56,88.58,1027.08,11.41,0.0,183.72,1017.23
WTG_33,181,12.31,22.28,191.63,80.04,66.14,108.8,1523.13,16.92,0.77,181.89,2000.0
WTG_33,182,7.71,18.31,188.6,72.37,62.13,86.15,980.11,10.89,0.0,178.91,1009.0
WTG_33,183,5.05,23.02,216.51,67.97,61.98,77.18,653.65,7.26,0.0,183.67,294.12
WTG_33,184,6.65,28.13,190.8,70.02,62.9,90.9,820.38,9.12,0.0,182.99,694.92
WTG_33,185,11.9,21.21,175.56,82.01,64.91,107.35,1505.18,16.72,0.0,180.58,2000.0
WTG_33,186,8.71,13.17,190.27,78.97,62.79,87.2,1089.22,12.1,0.0,182.33,1451.26
WTG_33,187,6.94,22.58,196.26,71.3,63.64,86.5,875.83,9.73,0.0,181.99,714.49
WTG_33,188,5.93,19.97,204.56,69.78,62.17,77.83,770.5,8.56,0.0,182.34,463.55
WTG_33,189,9.65,19.1,200.96,82.1,63.58,106.78,1178.17,13.09,0.0,181.28,1982.98
WTG_33,190,9.3,15.25,198.62,81.36,64.05,97.94,1143.09,12.7,0.0,180.89,1765.21
WTG_33,191,7.3,18.51,184.19,73.35,63.93,85.75,933.7,10.37,0.0,181.81,868.96
WTG_33,192,12.36,19.93,190.44,82.31,65.23,107.57,1555.96,17.29,0.89,180.07,2000.0
WTG_33,193,11.05,23.35,175.72,80.9,66.01,112.17,1399.14,15.55,0.0,181.43,2000.0
WTG_33,194,7.74,16.87,190.23,75.16,63.8,85.62,1011.37,11.24,0.0,180.69,1050.64
WTG_33,195,9.05,15.29,220.04,80.04,64.64,95.48,1174.2,13.05,0.0,182.65,1629.75
WTG_33,196,12.96,20.26,193.13,82.98,67.28,107.59,1647.28,18.3,2.39,181.69,2000.0
WTG_33,197,8.31,22.72,200.52,76.14,64.46,98.92,1075.12,11.95,0.0,180.41,1301.78
WTG_33,198,10.64,16.53,176.67,81.81,65.08,104.54,1354.64,15.05,0.0,181.63,2000.0
WTG_33,199,11.51,20.12,183.62,82.31,66.42,109.71,1445.37,16.06,0.0,181.92,2000.0
WTG_33,200,12.54,18.32,192.7,81.97,67.53,107.56,1559.4,17.33,1.35,178.97,2000.0
WTG_33,201,8.58,15.78,190.73,77.44,64.58,92.41,1074.09,11.93,0.0,181.96,1383.28
WTG_33,202,9.09,18.0,193.75,79.66,65.74,99.01,1143.3,12.7,0.0,180.6,1633.62
WTG_33,203,12.06,19.13,195.4,83.59,66.61,106.22,1531.37,17.02,0.15,179.17,2000.0
WTG_33,204,9.61,22.24,212.37,82.06,64.95,109.38,1227.15,13.63,0.0,183.15,1948.75
WTG_33,205,13.59,13.23,206.67,83.58,66.87,101.67,1709.6,19.0,3.96,180.5,2000.0
WTG_33,206,12.37,26.23,208.7,82.88,66.71,116.82,1543.17,17.15,0.92,181.75,2000.0
WTG_33,207,11.3,24.73,165.92,83.26,67.1,112.69,1411.26,15.68,0.0,181.33,2000.0
WTG_33,208,10.38,18.6,176.56,82.28,66.61,108.98,1347.78,14.98,0.0,179.22,2000.0
WTG_33,209,6.94,16.24,207.54,72.87,63.37,83.83,864.34,9.6,0.0,178.22,754.17
WTG_33,210,10.28,20.21,191.36,83.02,66.15,111.44,1306.07,14.51,0.0,179.58,2000.0
WTG_33,211,11.33,18.33,193.3,83.32,67.28,108.35,1433.39,15.93,0.0,178.04,2000.0
WTG_33,212,11.24,17.97,213.86,83.41,66.75,107.49,1403.76,15.6,0.0,180.76,2000.0
WTG_33,213,7.01,10.09,201.18,74.08,64.4,75.59,892.23,9.91,0.0,179.56,752.34
WTG_33,214,10.54,20.33,209.73,84.54,66.09,111.52,1335.4,14.84,0.0,179.92,2000.0
WTG_33,215,5.29,21.27,213.77,69.52,65.19,80.1,710.03,7.89,0.0,176.41,310.31
WTG_33,216,14.08,16.57,195.51,83.82,68.95,105.77,1788.72,19.87,5.21,178.23,2000.0
WTG_33,217,13.36,23.95,195.04,84.25,67.06,113.84,1699.93,18.89,3.4,176.59,2000.0
WTG_33,218,9.77,14.77,168.18,83.83,65.09,104.9,1237.77,13.75,0.0,176.74,2000.0
WTG_33,219,5.46,17.3,196.13,71.52,64.46,77.37,673.75,7.49,0.0,177.74,362.58
WTG_33,220,6.67,18.32,211.02,74.15,65.75,84.68,836.56,9.3,0.0,178.66,690.29
WTG_33,221,10.48,15.63,205.87,84.62,67.16,107.77,1314.59,14.61,0.0,176.34,2000.0
WTG_33,222,9.61,18.94,198.4,83.29,68.14,111.57,1231.73,13.69,0.0,180.41,1961.73
WTG_33,223,10.18,13.62,204.78,85.45,68.87,105.56,1259.94,14.0,0.0,176.04,2000.0
WTG_33,224,12.41,17.75,200.3,84.66,70.27,110.22,1568.96,17.43,1.02,178.08,2000.0
WTG_33,225,9.18,12.32,217.88,83.53,66.03,97.86,1146.98,12.74,0.0,177.27,1695.83
WTG_33,226,10.82,16.23,179.67,85.79,68.81,107.93,1367.31,15.19,0.0,174.96,2000.0
WTG_33,227,9.59,18.86,191.68,85.2,67.68,111.21,1232.46,13.69,0.0,178.98,1943.88
WTG_33,228,8.2,21.77,202.3,79.07,65.97,98.58,1045.87,11.62,0.0,175.19,1201.84
WTG_33,229,5.68,18.45,186.8,72.4,65.73,79.96,704.1,7.82,0.0,178.44,432.42
WTG_33,230,9.55,22.54,209.44,83.83,67.11,113.7,1207.23,13.41,0.0,176.64,1924.77
WTG_33,231,6.25,18.4,199.1,74.62,66.04,82.96,806.21,8.96,0.0,174.74,542.0
WTG_33,232,9.05,17.98,213.67,81.36,68.93,104.05,1162.14,12.91,0.0,174.56,1628.8
WTG_33,233,19.51,18.33,193.9,85.76,69.41,112.12,1800.0,20.0,18.76,175.63,2000.0
WTG_33,234,7.75,21.61,205.33,78.83,68.31,96.36,970.66,10.79,0.0,178.17,1019.93
WTG_33,235,5.6,14.33,176.59,74.31,67.21,77.7,697.56,7.75,0.0,174.32,411.11
WTG_33,236,12.72,15.83,201.02,87.35,69.88,107.44,1636.56,18.18,1.79,173.14,2000.0
WTG_33,237,7.45,16.88,203.59,78.59,67.98,90.57,942.15,10.47,0.0,175.63,909.6
WTG_33,238,9.36,15.32,211.98,86.3,68.52,104.88,1156.15,12.85,0.0,176.23,1821.45
WTG_33,239,8.86,21.59,219.79,83.02,69.25,105.72,1102.19,12.25,0.0,176.15,1505.39
WTG_33,240,6.17,10.66,205.13,75.14,68.23,77.1,758.74,8.43,0.0,173.77,509.8
WTG_33,241,11.87,26.51,204.37,87.93,70.22,120.83,1518.79,16.88,0.0,172.88,2000.0
WTG_33,242,7.36,16.42,204.76,79.74,68.32,88.62,932.82,10.36,0.0,176.47,863.4
WTG_33,243,11.12,19.65,210.48,87.81,70.83,113.08,1402.35,15.58,0.0,174.65,2000.0
WTG_33,244,7.47,23.89,199.94,78.51,69.35,98.82,933.2,10.37,0.0,170.9,887.77
WTG_33,245,6.2,20.04,198.58,77.11,69.2,86.98,824.08,9.16,0.0,172.38,532.54
WTG_33,246,14.96,15.74,195.8,87.33,72.27,110.6,1800.0,20.0,7.41,173.6,2000.0
WTG_33,247,5.46,12.54,203.93,75.24,67.45,77.8,709.85,7.89,0.0,176.03,373.16
WTG_33,248,11.11,24.98,217.03,87.25,71.16,120.52,1429.06,15.88,0.0,171.23,2000.0
WTG_33,249,3.4,18.54,208.75,74.18,68.78,79.27,540.0,6.0,0.0,172.23,108.02
WTG_33,250,8.33,15.18,216.43,82.66,69.55,96.86,1018.83,11.32,0.0,171.28,1268.47
WTG_33,251,11.85,21.97,218.01,89.01,71.73,119.52,1508.75,16.76,0.0,171.81,2000.0
WTG_33,252,7.55,21.08,207.18,80.38,70.63,95.97,987.77,10.98,0.0,171.39,953.79
WTG_33,253,11.21,13.96,200.29,89.87,70.02,110.22,1429.81,15.89,0.0,173.78,2000.0
WTG_33,254,14.07,13.43,186.53,89.19,73.54,110.47,1778.05,19.76,5.17,172.48,2000.0
WTG_33,255,11.48,21.72,209.46,90.1,72.71,118.19,1452.15,16.14,0.0,169.52,2000.0
WTG_33,256,8.5,19.32,224.41,85.35,70.37,103.85,1100.91,12.23,0.0,172.79,1347.11
WTG_33,257,14.07,14.01,190.02,90.01,74.07,110.26,1800.0,20.0,5.18,170.83,2000.0
WTG_33,258,4.75,18.11,207.9,76.51,68.95,81.79,635.7,7.06,0.0,170.51,258.23
WTG_33,259,11.58,11.4,202.93,90.94,71.17,108.19,1458.55,16.21,0.0,170.56,2000.0
WTG_33,260,12.59,20.79,178.79,90.26,72.81,117.79,1569.46,17.44,1.47,168.73,2000.0
WTG_33,261,7.2,21.0,217.42,81.69,70.98,95.0,889.79,9.89,0.0,168.44,785.3
WTG_33,262,8.22,17.4,216.63,85.43,71.49,99.78,1076.22,11.96,0.0,167.12,1212.23
WTG_33,263,4.83,10.36,224.96,75.98,70.17,75.44,618.94,6.88,0.0,169.58,272.32
WTG_33,264,5.7,21.59,189.64,78.65,71.5,90.04,709.58,7.88,0.0,171.06,427.77
WTG_33,265,10.16,9.69,183.18,90.46,73.86,108.47,1262.76,14.03,0.0,169.05,2000.0
WTG_33,266,9.38,23.98,183.65,92.25,73.76,119.46,1198.34,13.31,0.0,168.83,1820.63
WTG_33,267,10.74,14.47,180.71,90.55,72.43,113.69,1356.32,15.07,0.0,169.89,2000.0
WTG_33,268,7.13,12.25,225.56,84.26,72.56,88.58,915.65,10.17,0.0,167.43,799.51
WTG_33,269,8.24,12.37,196.12,86.34,71.74,98.91,1069.29,11.88,0.0,169.44,1232.08
WTG_33,270,8.27,24.81,181.0,84.93,72.73,108.51,1086.67,12.07,0.0,169.54,1239.6
WTG_33,271,7.92,8.87,181.91,85.53,72.16,91.24,965.84,10.73,0.0,167.73,1109.47
WTG_33,272,7.81,15.39,197.32,86.26,73.05,97.8,1017.73,11.31,0.0,169.31,1039.45
WTG_33,273,9.11,16.31,217.93,90.74,73.5,111.33,1141.02,12.68,0.0,167.87,1663.16
WTG_33,274,8.97,19.49,189.89,91.48,74.6,111.68,1148.74,12.76,0.0,165.17,1595.06
WTG_33,275,7.28,21.97,211.17,84.88,73.3,100.23,889.49,9.88,0.0,166.46,823.46
WTG_33,276,9.6,20.71,199.84,93.85,75.12,118.75,1230.87,13.68,0.0,168.9,1926.04
WTG_33,277,10.04,22.0,176.16,93.59,75.68,123.76,1250.79,13.9,0.0,162.8,2000.0
WTG_33,278,7.45,16.21,213.71,85.84,73.98,97.73,956.07,10.62,0.0,163.36,923.31
WTG_33,279,10.37,24.2,184.45,94.54,76.57,125.81,1305.84,14.51,0.0,167.96,2000.0
WTG_33,280,10.47,17.45,211.94,93.97,75.97,117.29,1335.03,14.83,0.0,163.46,2000.0
WTG_33,281,5.82,20.09,234.18,82.06,72.38,92.83,720.5,8.01,0.0,167.06,433.84
WTG_33,282,6.76,17.45,219.72,84.72,73.14,94.97,834.56,9.27,0.0,164.13,677.69
WTG_33,283,11.48,25.34,186.98,95.27,76.81,129.2,1420.04,15.78,0.0,162.61,2000.0
WTG_33,284,6.78,25.44,206.3,84.73,75.55,101.77,891.33,9.9,0.0,166.28,697.55
WTG_33,285,9.83,9.98,209.07,94.68,76.87,112.09,1234.22,13.71,0.0,160.93,2000.0
WTG_33,286,5.39,17.48,202.98,81.27,74.56,87.6,685.44,7.62,0.0,163.7,336.79
WTG_33,287,3.29,19.35,214.56,80.74,73.25,86.75,540.0,6.0,0.0,162.46,70.33
WTG_33,288,7.59,24.48,196.64,88.29,75.42,107.05,964.42,10.72,0.0,161.42,960.66
WTG_33,289,5.19,16.4,206.27,81.4,75.66,87.88,664.84,7.39,0.0,163.88,315.75
WTG_33,290,3.0,17.06,212.3,81.68,74.83,85.65,540.0,6.0,0.0,163.74,60.67
WTG_33,291,7.16,7.7,209.44,87.4,76.26,90.66,923.92,10.27,0.0,160.38,822.95
WTG_33,292,10.0,21.98,208.01,97.07,77.33,126.14,1240.14,13.78,0.0,163.35,2000.0
WTG_33,293,11.4,18.49,197.0,95.82,78.93,122.71,1397.67,15.53,0.0,162.77,2000.0
WTG_33,294,6.19,12.17,214.82,86.57,76.44,90.54,779.78,8.66,0.0,159.03,533.54
WTG_33,295,5.86,17.98,203.82,83.53,76.36,95.6,698.74,7.76,0.0,160.85,469.6
WTG_33,296,10.47,14.85,211.4,98.11,79.09,120.64,1343.64,14.93,0.0,161.57,2000.0
WTG_33,297,5.91,13.67,200.19,87.1,77.06,90.32,756.45,8.4,0.0,160.75,467.64
WTG_33,298,6.23,21.82,195.39,85.78,77.37,99.37,764.98,8.5,0.0,158.68,512.13
WTG_33,299,12.71,16.73,214.79,97.43,80.52,123.59,1610.04,17.89,1.78,158.43,2000.0
WTG_33,300,10.3,7.14,209.36,97.52,80.27,115.58,1308.6,14.54,0.0,163.05,2000.0
WTG_33,301,9.01,14.19,232.75,97.53,78.52,114.94,1147.02,12.74,0.0,159.75,1637.55
WTG_33,302,11.33,18.12,240.29,100.08,80.84,125.47,1424.38,15.83,0.0,157.41,2000.0
WTG_33,303,6.99,12.85,202.83,89.08,79.78,95.64,864.9,9.61,0.0,159.2,735.57
WTG_33,304,11.24,12.37,193.29,100.18,81.13,119.83,1448.96,16.1,0.0,155.26,2000.0
WTG_33,305,7.79,21.77,204.06,90.9,80.66,113.06,1017.91,11.31,0.0,156.8,1034.79
WTG_33,306,11.74,16.02,231.69,101.03,82.82,127.25,1497.61,16.64,0.0,157.64,2000.0
WTG_33,307,4.82,15.11,221.43,86.38,80.45,89.89,598.29,6.65,0.0,154.56,237.36
WTG_33,308,13.59,20.5,184.26,100.62,82.98,129.76,1705.4,18.95,3.99,160.27,2000.0
WTG_33,309,8.44,15.62,209.18,95.35,81.13,111.14,1052.28,11.69,0.0,155.39,1296.99
WTG_33,310,7.88,24.15,246.82,93.06,81.12,118.37,1008.67,11.21,0.0,157.29,1074.04
WTG_33,311,10.94,15.96,216.52,100.37,82.82,124.27,1392.88,15.48,0.0,157.06,2000.0
WTG_33,312,7.87,20.74,211.47,95.63,82.33,112.98,1019.84,11.33,0.0,153.79,1080.81
WTG_33,313,11.58,19.18,194.92,103.13,83.58,130.28,1456.1,16.18,0.0,154.88,2000.0
WTG_33,314,7.33,22.72,203.51,93.94,81.65,111.55,938.54,10.43,0.0,158.91,888.72
WTG_33,315,11.51,20.61,243.56,102.79,84.26,133.47,1475.54,16.39,0.0,152.82,2000.0
WTG_33,316,11.71,10.77,193.49,103.03,84.41,121.74,1475.55,16.39,0.0,156.02,2000.0
WTG_33,317,10.08,18.03,237.13,102.14,83.49,130.8,1245.34,13.84,0.0,154.91,2000.0
WTG_33,318,10.48,17.13,228.87,103.47,84.99,130.9,1334.25,14.83,0.0,156.35,2000.0
WTG_33,319,7.76,13.64,198.0,98.2,83.56,108.05,955.99,10.62,0.0,152.99,1073.86
WTG_33,320,9.69,11.53,214.49,103.89,85.26,124.43,1230.73,13.67,0.0,151.75,1988.14
WTG_33,321,9.39,24.32,236.13,103.05,85.03,135.59,1166.16,12.96,0.0,150.15,1846.31
WTG_33,322,9.89,23.29,215.41,104.5,85.36,137.29,1253.26,13.93,0.0,152.72,2000.0
WTG_33,323,7.77,22.48,202.55,97.96,83.78,118.02,967.04,10.74,0.0,150.2,1031.61
WTG_33,324,8.09,15.08,213.46,99.4,84.01,113.96,989.01,10.99,0.0,152.88,1175.05
WTG_33,325,5.55,25.42,217.51,92.67,83.95,110.05,686.51,7.63,0.0,150.02,366.64
WTG_33,326,7.62,19.04,202.48,96.45,85.45,115.7,955.5,10.62,0.0,152.21,988.88
WTG_33,327,9.25,17.59,194.64,103.42,84.88,129.55,1157.13,12.86,0.0,149.62,1754.71
WTG_33,328,11.36,13.87,212.36,106.62,88.07,129.33,1421.53,15.79,0.0,151.2,2000.0
WTG_33,329,7.22,21.62,231.57,95.8,85.83,114.34,914.53,10.16,0.0,148.42,814.82
WTG_33,330,14.52,17.13,191.58,107.33,90.02,135.39,1800.0,20.0,6.31,148.71,2000.0
WTG_33,331,12.76,20.72,204.24,108.52,89.08,135.63,1633.08,18.15,1.89,145.12,2000.0
WTG_33,332,10.33,15.89,185.84,107.84,88.22,133.78,1310.72,14.56,0.0,147.74,2000.0
WTG_33,333,8.13,13.38,193.08,102.79,87.62,114.19,1024.48,11.38,0.0,147.97,1168.82
WTG_33,334,8.69,19.71,219.98,105.6,87.55,126.78,1081.36,12.02,0.0,145.25,1447.02
WTG_33,335,12.16,17.72,190.52,109.74,90.04,135.75,1510.68,16.79,0.41,145.64,2000.0
WTG_33,336,9.03,15.51,233.67,105.32,90.05,126.48,1140.45,12.67,0.0,148.65,1603.87
WTG_33,337,9.55,19.75,205.63,107.98,89.71,136.53,1217.94,13.53,0.0,145.96,1898.47
WTG_33,338,10.33,17.85,215.12,109.33,90.06,138.15,1334.64,14.83,0.0,146.62,2000.0
WTG_33,339,3.0,22.48,215.48,94.96,87.88,105.56,540.0,6.0,0.0,147.49,51.29
WTG_33,340,14.77,17.82,189.67,110.66,92.83,138.11,1800.0,20.0,6.92,143.07,2000.0
WTG_33,341,5.4,13.6,212.64,98.36,87.47,103.52,706.73,7.85,0.0,146.63,342.6
WTG_33,342,6.78,17.31,216.34,99.44,90.2,113.77,866.87,9.63,0.0,142.29,667.94
WTG_33,343,10.57,17.48,200.84,113.7,91.84,137.96,1316.62,14.63,0.0,142.1,2000.0
WTG_33,344,10.57,17.71,213.79,111.85,93.48,139.29,1323.36,14.7,0.0,142.71,2000.0
WTG_33,345,10.52,17.97,201.34,112.79,91.89,138.91,1317.09,14.63,0.0,144.11,2000.0
WTG_33,346,11.16,19.2,204.19,114.33,92.91,141.87,1361.42,15.13,0.0,140.77,2000.0
WTG_34,1,13.25,21.33,210.3,82.22,62.48,102.92,1698.21,18.87,3.13,183.73,2000.0
WTG_34,2,6.09,23.66,192.81,71.32,59.65,77.52,742.91,8.25,0.0,185.06,496.03
WTG_34,3,9.56,13.39,162.9,80.96,61.22,92.9,1221.12,13.57,0.0,183.54,1913.08
WTG_34,4,10.5,15.2,203.48,82.88,61.89,98.76,1281.73,14.24,0.0,183.57,2000.0
WTG_34,5,7.47,17.23,177.22,74.0,60.21,79.57,939.94,10.44,0.0,185.58,921.15
WTG_34,6,7.53,13.16,186.15,73.98,59.43,76.23,924.91,10.28,0.0,185.72,953.34
WTG_34,7,13.16,19.75,205.93,81.34,63.2,103.16,1625.84,18.06,2.9,185.24,2000.0
WTG_34,8,12.26,22.82,203.21,82.33,62.43,106.65,1527.69,16.97,0.65,183.02,2000.0
WTG_34,9,9.24,17.97,211.6,80.8,62.04,96.03,1160.88,12.9,0.0,184.44,1739.66
WTG_34,10,9.4,22.3,208.93,82.4,61.29,100.89,1182.05,13.13,0.0,183.54,1846.34
WTG_34,11,11.99,21.62,180.55,82.94,63.93,102.74,1522.37,16.92,0.0,185.09,2000.0
WTG_34,12,5.42,14.68,185.99,69.85,59.33,68.44,657.58,7.31,0.0,186.88,352.08
WTG_34,13,9.46,22.02,186.32,82.28,61.53,102.55,1178.84,13.1,0.0,188.09,1861.39
WTG_34,14,12.89,19.99,163.07,83.58,62.34,104.23,1611.33,17.9,2.22,185.65,2000.0
WTG_34,15,11.99,16.99,197.8,83.23,61.52,98.26,1498.05,16.64,0.0,182.22,2000.0
WTG_34,16,6.31,13.7,160.07,70.68,59.36,69.7,818.49,9.09,0.0,182.78,536.87
WTG_34,17,7.17,17.95,160.91,74.92,60.34,78.71,904.61,10.05,0.0,182.02,835.65
WTG_34,18,10.58,17.7,174.23,82.49,62.23,103.56,1324.51,14.72,0.0,183.24,2000.0
WTG_34,19,6.16,23.62,180.89,70.62,59.36,77.63,776.06,8.62,0.0,184.84,504.87
WTG_34,20,8.12,22.28,181.71,76.64,59.87,90.9,1006.5,11.18,0.0,181.33,1187.67
WTG_34,21,7.31,20.51,185.52,71.85,60.0,81.6,945.77,10.51,0.0,187.52,862.61
WTG_34,22,12.07,17.21,181.22,82.37,62.78,98.93,1528.49,16.98,0.17,183.25,2000.0
WTG_34,23,10.89,19.6,177.78,83.03,62.23,103.93,1386.01,15.4,0.0,185.26,2000.0
WTG_34,24,8.32,24.91,196.82,78.53,61.77,91.99,1033.17,11.48,0.0,184.55,1261.44
WTG_34,25,11.69,23.28,177.38,81.69,62.4,107.24,1526.09,16.96,0.0,182.9,2000.0
WTG_34,26,3.37,19.02,193.75,67.89,59.42,68.12,540.0,6.0,0.0,184.42,76.18
WTG_34,27,6.26,15.22,177.07,69.95,59.55,70.72,776.34,8.63,0.0,183.3,538.28
WTG_34,28,8.41,24.93,175.98,76.74,60.69,94.76,1077.64,11.97,0.0,187.1,1284.21
WTG_34,29,8.03,16.66,155.42,75.81,59.95,82.57,1038.59,11.54,0.0,186.25,1147.01
WTG_34,30,10.96,11.68,201.83,83.66,62.66,95.04,1384.76,15.39,0.0,184.5,2000.0
WTG_34,31,4.77,14.46,205.34,69.15,57.13,63.85,589.61,6.55,0.0,184.7,213.5
WTG_34,32,10.19,17.3,166.04,82.24,60.62,99.46,1274.94,14.17,0.0,185.43,2000.0
WTG_34,33,7.82,26.41,197.42,75.09,59.97,91.73,943.45,10.48,0.0,185.27,1053.73
WTG_34,34,7.93,16.95,189.07,77.68,60.78,82.9,990.16,11.0,0.0,187.84,1129.88
WTG_34,35,10.37,20.09,174.48,81.69,61.68,103.91,1324.26,14.71,0.0,185.53,2000.0
WTG_34,36,10.12,18.47,195.91,82.58,61.66,99.27,1300.7,14.45,0.0,185.83,2000.0
WTG_34,37,12.77,22.81,182.61,82.67,62.12,106.41,1623.4,18.04,1.92,181.68,2000.0
WTG_34,38,9.69,23.64,189.4,82.22,60.89,106.24,1207.9,13.42,0.0,183.09,1990.05
WTG_34,39,9.59,14.84,190.92,81.67,61.35,96.76,1238.4,13.76,0.0,182.01,1948.23
WTG_34,40,8.06,22.55,197.79,76.46,59.4,91.2,985.51,10.95,0.0,186.43,1158.22
WTG_34,41,8.04,18.8,203.61,76.68,61.44,84.71,1028.01,11.42,0.0,184.04,1149.91
WTG_34,42,8.28,7.08,175.97,77.03,60.25,77.01,1065.78,11.84,0.0,183.3,1272.71
WTG_34,43,15.03,15.84,161.14,85.02,62.9,99.88,1800.0,20.0,7.57,186.92,2000.0
WTG_34,44,14.96,16.95,173.14,81.9,63.09,101.02,1800.0,20.0,7.4,185.88,2000.0
WTG_34,45,9.53,15.16,173.16,81.07,61.64,95.31,1179.41,13.1,0.0,184.27,1900.16
WTG_34,46,6.21,13.44,176.89,70.4,60.48,69.68,802.85,8.92,0.0,182.84,514.11
WTG_34,47,8.19,30.23,185.77,76.3,59.49,96.9,1032.63,11.47,0.0,186.29,1204.79
WTG_34,48,10.49,15.86,181.23,82.03,60.68,100.07,1317.56,14.64,0.0,185.18,2000.0
WTG_34,49,3.57,22.81,189.86,68.22,58.88,67.72,540.0,6.0,0.0,185.32,106.28
WTG_34,50,9.74,24.81,200.39,83.32,61.17,107.57,1222.2,13.58,0.0,186.22,2000.0
WTG_34,51,4.94,21.81,181.74,69.76,59.68,70.53,601.04,6.68,0.0,187.07,255.67
WTG_34,52,12.0,17.7,175.71,81.91,61.18,99.15,1518.23,16.87,0.0,184.97,2000.0
WTG_34,53,8.68,17.39,175.91,78.89,59.66,89.58,1093.18,12.15,0.0,183.75,1445.08
WTG_34,54,8.86,11.36,191.17,79.03,61.72,86.32,1137.09,12.63,0.0,181.93,1540.82
WTG_34,55,9.87,11.82,230.35,82.4,61.77,94.59,1272.41,14.14,0.0,185.55,2000.0
WTG_34,56,3.0,17.33,188.45,67.94,58.23,64.78,540.0,6.0,0.0,184.1,72.65
WTG_34,57,7.21,14.84,170.05,74.65,58.19,75.74,929.71,10.33,0.0,184.56,815.97
WTG_34,58,13.97,19.46,205.8,81.04,63.48,103.66,1765.93,19.62,4.92,186.85,2000.0
WTG_34,59,8.27,13.95,165.96,76.65,61.03,81.97,1026.23,11.4,0.0,188.07,1253.63
WTG_34,60,11.37,24.63,179.58,82.26,62.56,107.93,1404.65,15.61,0.0,184.62,2000.0
WTG_34,61,9.24,23.75,176.84,80.54,60.7,102.58,1195.85,13.29,0.0,186.89,1753.3
WTG_34,62,6.74,11.72,183.73,73.1,60.41,68.49,810.57,9.01,0.0,183.86,669.43
WTG_34,63,6.67,18.78,166.05,73.14,59.37,78.91,829.35,9.22,0.0,184.64,689.84
WTG_34,64,3.09,19.88,184.85,66.39,57.21,68.74,540.0,6.0,0.0,182.51,75.64
WTG_34,65,8.53,14.94,192.82,76.28,59.34,85.74,1045.8,11.62,0.0,183.89,1359.82
WTG_34,66,9.65,16.79,178.08,82.66,60.12,99.12,1213.03,13.48,0.0,184.68,1962.23
WTG_34,67,8.34,26.4,199.29,77.49,60.98,95.82,1058.09,11.76,0.0,183.13,1265.97
WTG_34,68,7.96,16.32,182.29,75.49,59.24,83.67,1002.57,11.14,0.0,182.94,1087.83
WTG_34,69,7.43,16.98,196.82,73.74,61.04,78.22,949.46,10.55,0.0,182.09,888.21
WTG_34,70,10.55,15.97,163.24,83.74,61.66,99.95,1352.68,15.03,0.0,183.01,2000.0
WTG_34,71,6.77,18.68,199.04,71.1,59.41,74.78,848.45,9.43,0.0,185.99,669.94
WTG_34,72,11.1,16.51,175.41,82.72,61.67,100.26,1385.75,15.4,0.0,183.49,2000.0
WTG_34,73,11.22,11.39,227.53,81.48,62.71,93.87,1390.98,15.46,0.0,184.59,2000.0
WTG_34,74,12.96,16.69,178.76,81.05,62.39,100.73,1604.49,17.83,2.39,186.7,2000.0
WTG_34,75,10.18,10.68,189.37,82.29,60.78,92.35,1289.31,14.33,0.0,183.01,2000.0
WTG_34,76,6.83,19.22,187.82,73.27,60.28,77.32,898.36,9.98,0.0,184.11,697.63
WTG_34,77,14.13,12.04,193.48,82.74,64.01,92.91,1761.34,19.57,5.32,183.93,2000.0
WTG_34,78,5.7,23.62,162.12,70.23,59.16,76.78,677.67,7.53,0.0,184.46,411.29
WTG_34,79,8.99,19.5,187.17,79.88,60.59,95.09,1141.01,12.68,0.0,184.07,1596.77
WTG_34,80,6.04,14.31,183.64,69.6,58.42,67.63,764.0,8.49,0.0,183.06,482.01
WTG_34,81,11.8,15.9,195.72,82.95,62.95,98.22,1490.83,16.56,0.0,186.17,2000.0
WTG_34,82,8.13,15.15,191.94,75.81,60.48,81.67,1029.85,11.44,0.0,186.3,1182.39
WTG_34,83,11.55,18.59,188.59,82.18,62.58,102.31,1431.87,15.91,0.0,185.11,2000.0
WTG_34,84,6.39,9.3,179.22,72.0,59.73,65.3,793.73,8.82,0.0,184.7,559.34
WTG_34,85,11.56,19.01,191.41,83.65,62.83,102.22,1444.46,16.05,0.0,186.26,2000.0
WTG_34,86,5.64,21.43,185.83,69.3,58.9,74.04,696.25,7.74,0.0,187.08,380.13
WTG_34,87,8.73,15.3,195.35,78.26,60.6,88.12,1120.58,12.45,0.0,183.5,1445.9
WTG_34,88,10.64,19.92,190.34,83.25,63.12,102.61,1352.35,15.03,0.0,184.1,2000.0
WTG_34,89,9.53,14.53,218.61,82.42,60.65,94.88,1224.88,13.61,0.0,182.36,1915.58
WTG_34,90,7.61,14.44,208.35,74.46,59.73,77.64,954.19,10.6,0.0,183.3,973.99
WTG_34,91,3.09,14.62,179.76,67.2,59.67,59.53,540.0,6.0,0.0,182.13,59.5
WTG_34,92,7.66,18.82,175.44,75.62,60.78,81.37,933.79,10.38,0.0,185.11,1005.16
WTG_34,93,7.79,15.69,207.37,76.21,60.65,79.44,981.9,10.91,0.0,182.47,1038.12
WTG_34,94,5.42,20.96,190.0,69.19,59.77,74.74,632.41,7.03,0.0,183.81,342.79
WTG_34,95,12.7,20.18,187.19,84.45,62.99,104.33,1617.84,17.98,1.75,185.65,2000.0
WTG_34,96,3.55,13.67,196.7,67.38,58.26,61.22,540.0,6.0,0.0,184.24,109.41
WTG_34,97,12.49,14.65,190.08,83.24,63.2,96.26,1548.16,17.2,1.22,185.11,2000.0
WTG_34,98,7.54,19.21,220.36,74.57,60.26,83.29,958.31,10.65,0.0,182.11,931.69
WTG_34,99,11.92,21.15,179.5,83.77,62.22,106.97,1514.54,16.83,0.0,182.94,2000.0
WTG_34,100,11.65,17.58,184.39,82.84,63.16,99.96,1464.15,16.27,0.0,182.55,2000.0
WTG_34,101,9.79,24.67,177.24,81.2,60.62,107.87,1260.36,14.0,0.0,184.5,2000.0
WTG_34,102,13.86,14.81,194.1,82.14,64.28,98.42,1741.56,19.35,4.65,182.95,2000.0
WTG_34,103,10.47,22.7,204.11,82.89,63.17,105.57,1287.41,14.3,0.0,184.24,2000.0
WTG_34,104,9.37,17.94,204.19,81.91,62.41,100.42,1212.61,13.47,0.0,182.47,1821.43
WTG_34,105,11.34,21.83,170.36,84.82,62.15,105.14,1446.05,16.07,0.0,183.23,2000.0
WTG_34,106,10.85,23.64,211.93,83.39,62.43,107.75,1355.73,15.06,0.0,182.22,2000.0
WTG_34,107,11.09,15.7,191.88,84.78,62.61,99.13,1418.36,15.76,0.0,181.64,2000.0
WTG_34,108,7.59,20.08,210.98,74.78,61.09,85.46,904.99,10.06,0.0,181.13,953.12
WTG_34,109,8.36,12.9,181.26,77.11,61.13,82.13,1087.05,12.08,0.0,183.61,1287.77
WTG_34,110,7.31,23.87,184.97,74.1,60.39,86.49,923.39,10.26,0.0,183.8,859.61
WTG_34,111,10.41,4.79,166.37,82.72,61.78,85.9,1299.31,14.44,0.0,183.86,2000.0
WTG_34,112,6.86,16.29,193.13,73.7,60.59,74.33,887.05,9.86,0.0,183.99,698.69
WTG_34,113,9.66,17.98,188.48,83.45,61.87,101.25,1205.84,13.4,0.0,180.54,1983.98
WTG_34,114,10.77,15.3,197.79,83.64,62.7,97.63,1343.66,14.93,0.0,181.56,2000.0
WTG_34,115,11.06,20.1,202.28,83.57,63.31,104.73,1394.78,15.5,0.0,182.51,2000.0
WTG_34,116,6.38,12.48,181.81,72.39,61.31,67.55,802.64,8.92,0.0,182.87,584.3
WTG_34,117,4.48,17.55,174.03,69.64,58.65,67.32,569.3,6.33,0.0,182.78,191.4
WTG_34,118,10.35,18.47,173.54,84.12,61.61,102.83,1286.16,14.29,0.0,182.2,2000.0
WTG_34,119,9.16,21.38,198.61,80.47,61.52,99.54,1144.75,12.72,0.0,182.91,1654.14
WTG_34,120,7.93,18.64,194.71,76.17,61.11,85.69,996.87,11.08,0.0,181.85,1115.48
WTG_34,121,10.36,18.96,206.13,84.46,62.19,102.97,1299.8,14.44,0.0,185.19,2000.0
WTG_34,122,8.81,17.32,206.99,81.87,61.48,92.4,1129.26,12.55,0.0,183.8,1507.59
WTG_34,123,11.76,16.95,192.35,84.26,63.86,100.8,1486.75,16.52,0.0,180.61,2000.0
WTG_34,124,7.17,15.0,197.99,74.52,60.06,73.36,888.07,9.87,0.0,183.11,814.27
WTG_34,125,12.11,14.12,193.53,84.93,63.54,99.21,1537.99,17.09,0.27,183.82,2000.0
WTG_34,126,10.2,17.86,192.64,83.38,62.51,101.47,1307.33,14.53,0.0,180.36,2000.0
WTG_34,127,10.08,22.49,183.69,84.99,62.96,105.46,1257.39,13.97,0.0,183.04,2000.0
WTG_34,128,10.97,18.88,186.99,84.83,63.23,102.14,1383.37,15.37,0.0,180.86,2000.0
WTG_34,129,5.69,13.99,197.67,70.76,60.82,67.88,699.15,7.77,0.0,181.31,373.61
WTG_34,130,7.25,23.09,172.28,74.35,62.25,81.93,906.66,10.07,0.0,183.66,829.53
WTG_34,131,8.63,11.5,191.2,78.73,62.35,85.04,1050.15,11.67,0.0,183.87,1412.31
WTG_34,132,10.04,18.8,182.67,84.41,63.53,101.46,1261.44,14.02,0.0,183.09,2000.0
WTG_34,133,10.69,16.71,179.52,83.33,63.53,101.41,1335.04,14.83,0.0,181.83,2000.0
WTG_34,134,8.58,19.89,193.2,78.64,61.65,93.1,1081.52,12.02,0.0,182.61,1384.69
WTG_34,135,6.2,19.67,180.64,71.61,60.49,76.46,780.0,8.67,0.0,182.53,516.83
WTG_34,136,5.72,19.88,201.91,71.65,61.97,74.79,706.15,7.85,0.0,179.61,407.67
WTG_34,137,4.73,20.75,197.48,70.83,60.97,70.93,593.58,6.6,0.0,181.17,252.46
WTG_34,138,10.96,20.95,207.4,85.06,64.36,103.19,1372.8,15.25,0.0,182.6,2000.0
WTG_34,139,7.81,9.94,172.76,77.06,61.08,75.72,976.22,10.85,0.0,182.64,1053.83
WTG_34,140,8.58,19.53,181.68,81.24,62.15,93.98,1076.9,11.97,0.0,182.06,1403.25
WTG_34,141,7.19,23.37,198.36,76.28,62.34,86.46,869.02,9.66,0.0,182.84,841.34
WTG_34,142,7.92,21.58,163.51,78.38,62.86,88.06,1006.23,11.18,0.0,181.23,1096.22
WTG_34,143,7.54,24.01,176.1,77.09,61.73,88.56,941.73,10.46,0.0,184.22,962.81
WTG_34,144,7.16,18.96,212.08,75.38,62.25,81.11,917.46,10.19,0.0,182.54,788.44
WTG_34,145,12.27,19.48,191.71,84.6,63.6,102.96,1533.82,17.04,0.67,182.45,2000.0
WTG_34,146,11.13,21.0,213.53,85.47,65.01,105.55,1382.5,15.36,0.0,183.65,2000.0
WTG_34,147,6.69,16.17,166.82,74.87,62.38,77.76,855.57,9.51,0.0,181.39,671.5
WTG_34,148,6.16,19.8,210.72,73.62,61.31,78.07,800.38,8.89,0.0,179.22,525.86
WTG_34,149,5.97,19.51,213.03,71.67,62.52,76.22,769.97,8.56,0.0,182.4,492.48
WTG_34,150,14.22,14.74,188.17,85.67,65.33,101.61,1792.33,19.91,5.54,179.88,2000.0
WTG_34,151,4.04,20.15,183.62,71.11,61.4,70.82,540.0,6.0,0.0,181.56,137.05
WTG_34,152,8.67,13.58,204.38,81.67,63.16,89.47,1083.08,12.03,0.0,177.92,1453.76
WTG_34,153,8.12,10.88,205.72,78.87,63.11,82.54,1002.49,11.14,0.0,180.74,1203.75
WTG_34,154,6.35,19.0,192.88,73.87,62.8,77.15,761.07,8.46,0.0,178.98,558.66
WTG_34,155,6.45,22.91,189.17,73.91,62.43,81.52,812.69,9.03,0.0,180.5,599.16
WTG_34,156,5.44,16.44,221.25,72.8,61.14,71.88,693.94,7.71,0.0,180.35,354.47
WTG_34,157,11.47,20.77,182.98,87.07,63.72,105.41,1461.67,16.24,0.0,181.66,2000.0
WTG_34,158,13.58,22.88,191.86,86.62,65.27,107.97,1700.33,18.89,3.95,183.57,2000.0
WTG_34,159,14.92,13.22,192.51,86.31,66.48,98.68,1800.0,20.0,7.3,176.46,2000.0
WTG_34,160,11.14,22.5,170.05,85.01,64.84,108.72,1397.43,15.53,0.0,179.62,2000.0
WTG_34,161,6.56,17.92,221.87,76.08,63.73,76.49,843.18,9.37,0.0,182.24,601.83
WTG_34,162,4.72,18.87,207.64,70.71,60.58,72.59,610.71,6.79,0.0,179.2,240.78
WTG_34,163,13.62,11.41,179.98,86.03,66.02,97.26,1711.15,19.01,4.04,181.56,2000.0
WTG_34,164,12.51,15.24,181.64,86.29,64.71,103.83,1580.5,17.56,1.27,182.52,2000.0
WTG_34,165,6.99,20.87,172.73,74.38,63.33,83.39,884.47,9.83,0.0,178.68,776.63
WTG_34,166,12.43,18.49,201.98,86.26,66.84,103.61,1581.3,17.57,1.08,180.73,2000.0
WTG_34,167,7.59,18.76,200.72,79.68,64.11,86.96,988.33,10.98,0.0,179.45,970.26
WTG_34,168,10.6,17.34,209.57,87.0,65.42,105.43,1332.13,14.8,0.0,176.43,2000.0
WTG_34,169,7.59,18.54,176.59,78.45,63.07,84.58,953.09,10.59,0.0,180.41,970.72
WTG_34,170,10.59,19.56,207.93,86.75,65.42,108.36,1297.86,14.42,0.0,177.24,2000.0
WTG_34,171,7.95,20.45,201.41,80.34,65.16,89.55,1028.38,11.43,0.0,179.48,1123.07
WTG_34,172,14.41,18.9,189.96,87.29,67.34,104.46,1800.0,20.0,6.02,179.32,2000.0
WTG_34,173,4.17,14.86,184.78,72.98,62.35,68.18,540.0,6.0,0.0,180.0,192.99
WTG_34,174,3.67,18.53,188.86,74.08,63.72,71.32,540.0,6.0,0.0,179.55,129.94
WTG_34,175,8.76,18.46,195.05,82.97,65.89,95.85,1095.08,12.17,0.0,178.81,1474.01
WTG_34,176,7.83,12.94,205.61,78.71,65.79,82.23,994.15,11.05,0.0,177.94,1032.24
WTG_34,177,5.64,22.89,208.97,74.35,63.23,82.24,703.94,7.82,0.0,179.0,412.65
WTG_34,178,5.94,13.43,192.3,73.06,63.76,73.02,737.39,8.19,0.0,179.79,470.41
WTG_34,179,5.83,23.08,182.37,75.03,63.38,80.62,755.58,8.4,0.0,177.42,404.6
WTG_34,180,9.93,19.15,208.2,87.32,67.2,106.6,1273.1,14.15,0.0,177.34,2000.0
WTG_34,181,11.15,14.51,187.89,87.75,66.87,104.35,1387.48,15.42,0.0,177.52,2000.0
WTG_34,182,8.75,14.95,184.08,84.22,64.97,92.38,1095.88,12.18,0.0,178.34,1459.86
WTG_34,183,8.68,16.47,207.98,82.23,65.21,94.78,1128.53,12.54,0.0,179.14,1437.38
WTG_34,184,9.5,21.75,200.92,86.08,65.97,107.42,1190.14,13.22,0.0,182.12,1865.66
WTG_34,185,12.79,19.28,195.28,87.92,68.03,108.13,1582.84,17.59,1.99,179.03,2000.0
WTG_34,186,7.72,14.54,208.08,81.01,64.32,84.67,953.59,10.6,0.0,177.59,1019.79
WTG_34,187,12.26,12.39,206.78,87.6,67.83,99.31,1535.11,17.06,0.66,175.87,2000.0
WTG_34,188,9.24,19.77,208.65,84.56,65.7,104.69,1129.95,12.56,0.0,178.75,1740.97
WTG_34,189,12.26,18.29,200.76,87.83,67.71,107.41,1553.22,17.26,0.66,183.07,2000.0
WTG_34,190,8.12,17.15,176.75,81.19,65.92,92.68,997.31,11.08,0.0,177.21,1200.64
WTG_34,191,6.3,21.59,230.77,76.68,65.33,83.64,811.1,9.01,0.0,175.7,533.73
WTG_34,192,13.33,18.52,196.8,90.04,67.62,109.34,1665.43,18.5,3.32,180.4,2000.0
WTG_34,193,6.4,18.54,206.43,76.46,65.43,80.97,794.32,8.83,0.0,175.99,588.87
WTG_34,194,11.94,22.35,190.54,88.64,67.24,113.04,1522.48,16.92,0.0,176.3,2000.0
WTG_34,195,8.05,14.03,188.49,82.48,65.96,88.35,1012.06,11.25,0.0,176.5,1154.88
WTG_34,196,4.74,18.64,184.8,73.96,63.61,73.96,576.54,6.41,0.0,177.35,231.24
WTG_34,197,7.74,22.48,195.35,81.76,65.54,95.11,956.3,10.63,0.0,175.49,1008.42
WTG_34,198,4.72,9.57,217.96,74.33,66.09,64.98,583.16,6.48,0.0,174.8,212.54
WTG_34,199,3.8,16.47,212.05,75.65,64.88,72.97,540.0,6.0,0.0,177.75,114.65
WTG_34,200,11.79,16.83,226.92,88.94,68.58,105.92,1508.21,16.76,0.0,173.48,2000.0
WTG_34,201,9.15,18.76,184.22,87.17,66.4,103.14,1192.17,13.25,0.0,174.42,1700.38
WTG_34,202,7.08,16.35,195.8,81.08,66.8,83.11,909.58,10.11,0.0,173.86,771.28
WTG_34,203,10.84,26.99,181.18,89.16,68.42,118.5,1378.76,15.32,0.0,175.63,2000.0
WTG_34,204,10.32,17.33,205.74,89.89,67.38,107.27,1290.85,14.34,0.0,174.97,2000.0
WTG_34,205,5.99,25.14,192.02,78.83,66.7,87.49,736.21,8.18,0.0,174.29,474.36
WTG_34,206,10.23,24.5,197.36,90.97,67.04,114.35,1288.86,14.32,0.0,174.74,2000.0
WTG_34,207,7.44,18.97,185.41,80.79,66.98,90.64,920.6,10.23,0.0,174.6,913.12
WTG_34,208,10.86,8.99,210.65,89.77,69.11,102.04,1377.14,15.3,0.0,176.8,2000.0
WTG_34,209,5.22,17.48,185.67,75.75,66.63,75.99,642.05,7.13,0.0,173.04,294.82
WTG_34,210,10.66,21.53,218.39,90.21,68.37,113.87,1323.64,14.71,0.0,171.86,2000.0
WTG_34,211,5.23,17.06,219.55,78.48,66.64,74.85,665.66,7.4,0.0,171.58,312.04
WTG_34,212,7.92,16.03,204.96,83.69,67.89,92.31,1027.02,11.41,0.0,174.83,1116.67
WTG_34,213,3.0,15.21,208.29,76.09,66.14,70.78,540.0,6.0,0.0,172.54,47.8
WTG_34,214,12.58,19.09,195.27,91.44,70.31,111.92,1633.6,18.15,1.44,171.21,2000.0
WTG_34,215,8.04,28.0,180.06,85.53,67.58,105.72,1028.41,11.43,0.0,172.79,1161.67
WTG_34,216,9.51,21.15,206.35,90.04,70.09,110.44,1227.16,13.64,0.0,173.82,1893.75
WTG_34,217,8.47,16.63,198.04,87.11,68.41,97.8,1047.4,11.64,0.0,172.69,1347.61
WTG_34,218,6.54,16.74,204.76,82.03,68.82,81.24,813.87,9.04,0.0,173.92,593.74
WTG_34,219,7.05,17.08,235.3,83.89,68.8,86.36,874.1,9.71,0.0,171.63,765.19
WTG_34,220,7.22,16.68,184.44,82.68,68.61,88.54,946.8,10.52,0.0,172.62,814.66
WTG_34,221,11.62,19.22,189.42,93.25,70.48,111.14,1460.58,16.23,0.0,174.15,2000.0
WTG_34,222,6.4,15.17,215.13,80.77,67.94,81.64,789.28,8.77,0.0,171.62,569.54
WTG_34,223,8.71,18.78,208.4,88.49,70.34,102.27,1093.51,12.15,0.0,170.95,1429.16
WTG_34,224,10.29,18.89,187.86,94.15,72.53,113.85,1273.21,14.15,0.0,171.78,2000.0
WTG_34,225,9.52,13.76,204.3,93.25,70.63,106.95,1255.43,13.95,0.0,170.9,1912.85
WTG_34,226,8.58,13.1,181.05,87.64,71.0,96.95,1078.47,11.98,0.0,173.06,1365.53
WTG_34,227,8.19,18.64,218.0,87.96,70.52,98.48,1026.55,11.41,0.0,169.76,1220.27
WTG_34,228,7.37,19.04,188.62,84.42,71.8,91.35,896.0,9.96,0.0,170.94,881.52
WTG_34,229,10.95,18.93,208.42,93.47,72.78,114.87,1387.08,15.41,0.0,169.93,2000.0
WTG_34,230,10.84,20.51,216.43,94.81,73.42,117.83,1378.09,15.31,0.0,172.23,2000.0
WTG_34,231,8.24,20.25,189.03,87.16,71.78,101.79,1049.68,11.66,0.0,168.3,1241.87
WTG_34,232,13.27,28.95,201.6,92.6,74.22,124.54,1622.74,18.03,3.17,168.38,2000.0
WTG_34,233,8.49,16.17,204.29,89.85,69.42,99.26,1053.28,11.7,0.0,168.52,1347.52
WTG_34,234,11.85,18.74,175.18,95.07,74.29,113.78,1517.87,16.87,0.0,169.93,2000.0
WTG_34,235,6.52,19.75,196.11,82.78,71.44,91.47,836.69,9.3,0.0,169.36,597.35
WTG_34,236,12.01,14.06,184.31,94.38,72.87,111.02,1500.95,16.68,0.02,168.37,2000.0
WTG_34,237,9.46,19.27,201.5,96.14,72.62,115.93,1172.86,13.03,0.0,167.26,1891.12
WTG_34,238,6.17,15.22,191.56,83.17,71.85,84.74,767.36,8.53,0.0,167.19,506.96
WTG_34,239,6.25,12.84,187.02,83.62,72.13,84.41,787.19,8.75,0.0,166.05,532.49
WTG_34,240,10.12,23.05,198.65,95.8,72.32,120.22,1286.39,14.29,0.0,169.86,2000.0
WTG_34,241,7.08,21.69,178.04,85.79,71.36,96.96,881.75,9.8,0.0,165.55,770.75
WTG_34,242,6.66,19.71,196.44,85.18,73.15,92.38,821.79,9.13,0.0,168.18,669.83
WTG_34,243,10.66,9.77,209.27,96.96,75.29,107.36,1353.44,15.04,0.0,166.86,2000.0
WTG_34,244,9.49,18.23,214.49,94.75,73.96,114.78,1203.66,13.37,0.0,164.82,1865.05
WTG_34,245,8.84,18.3,207.48,92.76,73.72,107.24,1113.51,12.37,0.0,166.37,1499.85
WTG_34,246,10.36,12.62,213.04,98.6,75.73,111.95,1315.75,14.62,0.0,167.75,2000.0
WTG_34,247,10.13,23.03,208.6,96.28,74.96,124.39,1260.39,14.0,0.0,164.09,2000.0
WTG_34,248,9.54,16.98,227.9,96.24,75.22,115.7,1199.91,13.33,0.0,164.37,1888.02
WTG_34,249,8.57,18.4,200.11,93.95,74.52,106.78,1074.41,11.94,0.0,162.45,1390.15
WTG_34,250,12.04,21.41,181.44,98.76,75.72,121.0,1510.32,16.78,0.11,163.6,2000.0
WTG_34,251,8.22,9.12,226.26,90.22,74.09,93.73,1063.19,11.81,0.0,164.59,1216.55
WTG_34,252,7.03,13.09,194.96,89.02,75.07,90.43,883.35,9.82,0.0,165.47,730.12
WTG_34,253,4.56,15.59,199.17,84.22,73.66,85.35,566.11,6.29,0.0,164.07,215.23
WTG_34,254,8.97,19.79,188.34,95.09,75.0,112.24,1156.22,12.85,0.0,164.27,1613.24
WTG_34,255,10.9,15.52,215.31,99.11,75.22,118.92,1348.66,14.99,0.0,162.04,2000.0
WTG_34,256,7.49,17.38,200.62,90.04,74.27,99.56,932.6,10.36,0.0,161.5,942.85
WTG_34,257,4.51,22.14,203.33,85.31,75.01,90.53,567.52,6.31,0.0,164.44,219.96
WTG_34,258,5.44,21.36,197.0,87.46,73.89,91.88,687.68,7.64,0.0,161.32,355.28
WTG_34,259,5.43,27.15,204.42,87.85,74.58,97.81,687.05,7.63,0.0,161.58,334.08
WTG_34,260,13.23,19.88,214.72,101.28,78.43,122.42,1638.23,18.2,3.08,160.29,2000.0
WTG_34,261,6.84,21.58,199.15,89.73,75.43,100.51,888.69,9.87,0.0,164.28,704.99
WTG_34,262,9.14,19.07,204.92,98.16,76.54,117.4,1161.41,12.9,0.0,160.7,1689.83
WTG_34,263,12.06,13.43,229.27,100.18,79.07,115.65,1514.79,16.83,0.16,163.1,2000.0
WTG_34,264,7.53,20.89,183.49,93.01,77.35,106.3,980.75,10.9,0.0,162.03,943.56
WTG_34,265,9.08,18.76,183.66,98.6,80.05,113.67,1167.39,12.97,0.0,161.97,1640.25
WTG_34,266,8.97,12.41,201.45,98.57,77.78,108.75,1118.98,12.43,0.0,160.48,1579.46
WTG_34,267,6.11,16.57,205.37,90.27,77.27,93.55,773.53,8.59,0.0,159.75,505.56
WTG_34,268,5.78,16.42,199.26,89.0,76.91,90.8,711.11,7.9,0.0,158.35,418.6
WTG_34,269,5.78,19.96,216.85,88.78,78.03,96.0,738.96,8.21,0.0,157.68,444.44
WTG_34,270,9.1,18.17,207.38,100.24,79.19,118.74,1151.77,12.8,0.0,161.34,1648.89
WTG_34,271,8.26,15.8,193.47,96.17,77.55,107.49,1030.94,11.45,0.0,155.32,1226.6
WTG_34,272,6.41,17.38,206.58,92.74,79.08,96.42,833.19,9.26,0.0,161.08,595.93
WTG_34,273,9.39,11.29,177.95,100.08,80.67,114.74,1183.48,13.15,0.0,158.76,1814.28
WTG_34,274,7.32,22.72,223.05,95.71,78.62,108.45,892.98,9.92,0.0,159.94,869.39
WTG_34,275,10.64,18.1,215.5,104.67,81.69,125.04,1366.95,15.19,0.0,156.06,2000.0
WTG_34,276,7.81,22.86,224.13,96.17,80.08,111.52,974.14,10.82,0.0,156.42,1044.25
WTG_34,277,12.82,18.1,180.47,105.3,83.68,126.06,1577.09,17.52,2.05,154.37,2000.0
WTG_34,278,5.88,23.21,222.71,91.6,78.82,100.52,733.57,8.15,0.0,156.15,451.04
WTG_34,279,8.75,16.98,212.99,101.19,81.55,115.52,1083.14,12.03,0.0,154.47,1479.13
WTG_34,280,8.46,22.66,213.96,99.88,80.82,117.76,1060.16,11.78,0.0,155.27,1339.29
WTG_34,281,6.26,8.26,194.95,93.26,79.19,89.62,796.31,8.85,0.0,156.11,524.57
WTG_34,282,10.44,18.92,204.94,107.21,83.85,130.17,1317.85,14.64,0.0,154.91,2000.0
WTG_34,283,6.12,18.97,224.04,93.31,81.34,101.3,769.45,8.55,0.0,154.68,506.87
WTG_34,284,5.35,17.02,209.66,91.66,82.33,95.23,699.6,7.77,0.0,154.14,347.39
WTG_34,285,6.2,17.11,218.11,96.5,81.58,98.67,788.97,8.77,0.0,153.56,520.46
WTG_34,286,9.26,15.32,224.36,104.71,83.27,121.34,1169.75,13.0,0.0,152.58,1750.5
WTG_34,287,9.49,20.6,198.22,104.94,83.19,127.88,1180.52,13.12,0.0,153.42,1852.21
WTG_34,288,11.11,11.44,193.43,107.39,86.04,122.98,1375.13,15.28,0.0,153.15,2000.0
WTG_34,289,6.66,23.35,210.4,97.54,82.38,109.17,798.59,8.87,0.0,152.83,650.4
WTG_34,290,16.44,13.15,167.76,107.8,86.74,125.38,1800.0,20.0,11.1,149.64,2000.0
WTG_34,291,8.29,21.04,203.68,103.02,84.39,119.58,1036.06,11.51,0.0,153.9,1245.16
WTG_34,292,4.13,24.65,199.07,93.99,83.76,102.05,540.0,6.0,0.0,152.04,148.25
WTG_34,293,10.97,17.17,212.55,108.56,85.53,128.5,1346.25,14.96,0.0,151.89,2000.0
WTG_34,294,10.09,18.68,216.56,109.08,86.61,133.8,1260.34,14.0,0.0,151.02,2000.0
WTG_34,295,8.48,18.51,217.62,105.7,84.36,118.79,1055.81,11.73,0.0,149.91,1349.04
WTG_34,296,10.0,15.28,223.03,108.58,86.16,130.65,1251.3,13.9,0.0,150.18,2000.0
WTG_34,297,9.61,19.99,207.63,110.78,88.07,134.24,1205.34,13.39,0.0,150.36,1954.5
WTG_34,298,6.07,15.81,222.31,99.23,85.4,103.8,760.2,8.45,0.0,146.19,497.8
WTG_34,299,12.98,16.39,207.13,112.67,89.55,131.85,1657.47,18.42,2.44,149.69,2000.0
WTG_34,300,9.92,17.81,187.79,112.22,88.0,133.29,1254.37,13.94,0.0,147.48,2000.0
WTG_34,301,11.11,15.67,202.06,113.24,88.86,131.19,1432.37,15.92,0.0,147.14,2000.0
WTG_34,302,9.0,15.08,200.61,109.31,89.09,123.06,1135.79,12.62,0.0,145.48,1635.55
WTG_34,303,7.52,20.09,191.63,103.34,87.26,117.45,953.46,10.59,0.0,144.14,945.28
WTG_34,304,9.7,18.03,221.44,112.62,88.59,135.44,1216.5,13.52,0.0,146.82,2000.0
WTG_34,305,7.8,17.16,204.53,106.17,87.4,116.49,1002.96,11.14,0.0,147.19,1037.96
WTG_34,306,6.31,23.42,216.44,101.87,88.4,111.2,777.83,8.64,0.0,145.61,543.17
WTG_34,307,10.27,17.68,218.02,113.55,90.04,136.13,1309.08,14.55,0.0,144.16,2000.0
WTG_34,308,10.46,17.84,211.12,114.56,90.29,137.08,1307.15,14.52,0.0,145.01,2000.0
WTG_34,309,7.35,25.17,234.31,106.11,88.8,124.79,929.75,10.33,0.0,143.18,888.98
WTG_34,310,9.74,15.56,174.79,112.85,90.87,133.38,1225.47,13.62,0.0,146.91,2000.0
WTG_34,311,13.48,8.75,203.86,115.36,93.55,128.99,1717.11,19.08,3.71,141.9,2000.0
WTG_34,312,6.56,18.38,215.53,104.23,90.42,112.91,849.26,9.44,0.0,142.4,643.97
WTG_34,313,10.98,14.84,175.59,116.18,93.09,135.17,1393.25,15.48,0.0,143.53,2000.0
WTG_34,314,11.17,16.59,233.69,116.83,92.89,137.4,1426.74,15.85,0.0,138.51,2000.0
WTG_34,315,8.13,15.55,184.14,110.63,90.66,122.16,1010.29,11.23,0.0,139.13,1159.58
WTG_34,316,6.6,15.59,204.67,105.56,90.68,110.78,826.17,9.18,0.0,139.06,623.39
WTG_34,317,7.84,15.5,211.63,110.61,90.62,120.58,1004.93,11.17,0.0,139.81,1062.82
WTG_35,1,11.69,12.41,174.55,84.31,63.55,94.05,1469.95,16.33,0.0,182.82,2000.0
WTG_35,2,12.91,21.2,175.1,83.53,65.79,103.69,1603.56,17.82,2.27,185.81,2000.0
WTG_35,3,8.25,22.36,186.99,77.75,63.78,91.11,1036.64,11.52,0.0,185.31,1206.56
WTG_35,4,16.05,11.48,153.39,82.82,66.16,92.76,1800.0,20.0,10.14,184.17,2000.0
WTG_35,5,5.19,12.31,177.74,70.65,61.77,64.64,684.71,7.61,0.0,185.03,305.75
WTG_35,6,6.82,24.76,174.61,72.41,62.81,84.42,865.33,9.61,0.0,185.15,724.4
WTG_35,7,6.7,22.35,189.09,71.89,62.52,79.68,835.53,9.28,0.0,184.19,679.94
WTG_35,8,11.3,24.79,187.28,83.34,63.72,106.58,1428.97,15.88,0.0,184.42,2000.0
WTG_35,9,5.64,22.49,173.57,69.99,63.43,75.6,722.82,8.03,0.0,185.75,394.86
WTG_35,10,11.26,23.67,170.06,83.23,65.59,106.9,1396.4,15.52,0.0,185.01,2000.0
WTG_35,11,10.92,11.19,185.8,82.92,64.83,92.79,1380.83,15.34,0.0,185.75,2000.0
WTG_35,12,10.03,23.46,204.83,83.31,64.76,104.22,1276.45,14.18,0.0,185.63,2000.0
WTG_35,13,12.32,11.34,190.05,82.7,65.27,92.51,1543.26,17.15,0.8,184.84,2000.0
WTG_35,14,7.22,14.85,167.04,73.11,62.11,75.49,880.33,9.78,0.0,184.26,815.36
WTG_35,15,8.09,20.63,187.78,75.4,62.24,88.02,1007.2,11.19,0.0,186.51,1166.67
WTG_35,16,7.79,19.39,180.03,77.1,62.83,84.44,967.05,10.75,0.0,183.9,1054.1
WTG_35,17,3.0,19.8,159.02,68.13,60.98,65.16,540.0,6.0,0.0,183.67,47.01
WTG_35,18,8.66,21.98,167.81,79.95,63.49,93.54,1071.4,11.9,0.0,182.88,1447.8
WTG_35,19,5.74,24.51,171.15,69.73,62.03,79.06,704.54,7.83,0.0,184.93,427.11
WTG_35,20,9.03,15.5,163.26,81.2,64.26,92.09,1128.89,12.54,0.0,183.15,1626.04
WTG_35,21,11.42,21.72,164.56,83.86,64.19,104.17,1442.13,16.02,0.0,185.01,2000.0
WTG_35,22,13.28,13.77,164.89,82.83,66.14,95.79,1670.03,18.56,3.21,185.04,2000.0
WTG_35,23,3.96,21.26,180.92,68.74,61.47,68.52,540.0,6.0,0.0,185.06,147.4
WTG_35,24,14.34,11.02,176.79,83.89,65.94,93.48,1784.95,19.83,5.85,188.19,2000.0
WTG_35,25,5.87,28.56,168.45,71.76,61.92,81.5,717.51,7.97,0.0,186.78,439.95
WTG_35,26,12.38,22.2,219.62,83.01,65.05,105.06,1570.09,17.45,0.94,184.73,2000.0
WTG_35,27,10.23,15.53,198.3,85.66,63.17,97.68,1296.94,14.41,0.0,187.11,2000.0
WTG_35,28,7.22,11.84,163.82,74.59,63.09,73.2,920.25,10.23,0.0,182.99,831.27
WTG_35,29,14.1,13.43,177.82,83.73,65.05,94.64,1792.27,19.91,5.24,183.19,2000.0
WTG_35,30,9.38,19.16,186.59,83.47,61.92,99.88,1182.61,13.14,0.0,185.58,1825.97
WTG_35,31,11.91,12.01,177.75,83.9,63.88,94.66,1495.07,16.61,0.0,182.73,2000.0
WTG_35,32,10.37,16.39,179.53,82.61,65.19,99.9,1300.92,14.45,0.0,187.52,2000.0
WTG_35,33,12.5,9.94,154.81,84.73,65.06,90.79,1588.88,17.65,1.26,188.47,2000.0
WTG_35,34,8.18,16.65,193.24,76.98,63.77,83.86,1024.97,11.39,0.0,188.34,1212.03
WTG_35,35,11.83,20.22,193.62,83.27,64.61,101.77,1506.76,16.74,0.0,186.33,2000.0
WTG_35,36,7.37,26.58,177.18,75.05,63.08,88.38,940.39,10.45,0.0,184.48,880.56
WTG_35,37,6.43,17.0,166.14,72.73,62.16,72.89,788.88,8.77,0.0,187.49,572.28
WTG_35,38,5.54,25.36,202.53,70.9,61.06,79.05,708.49,7.87,0.0,184.23,397.06
WTG_35,39,10.58,12.94,190.68,83.73,64.47,93.21,1304.28,14.49,0.0,187.26,2000.0
WTG_35,40,11.52,21.42,179.54,82.66,65.06,101.81,1462.83,16.25,0.0,184.03,2000.0
WTG_35,41,7.01,18.45,209.56,74.52,63.08,77.45,844.46,9.38,0.0,185.4,780.74
WTG_35,42,8.36,23.87,202.41,77.16,62.73,94.18,1062.09,11.8,0.0,187.69,1279.55
WTG_35,43,7.17,20.42,206.4,73.76,62.63,80.56,872.05,9.69,0.0,184.2,790.81
WTG_35,44,11.05,12.53,199.38,82.91,65.06,93.58,1404.31,15.6,0.0,184.78,2000.0
WTG_35,45,4.36,13.91,197.0,68.89,61.68,61.19,578.41,6.43,0.0,186.33,174.38
WTG_35,46,6.52,19.8,186.53,72.31,62.82,75.36,845.54,9.39,0.0,184.09,601.24
WTG_35,47,5.11,14.19,176.79,71.36,62.58,65.12,645.74,7.17,0.0,187.38,290.26
WTG_35,48,12.36,17.65,206.76,82.07,64.13,99.76,1573.82,17.49,0.9,184.06,2000.0
WTG_35,49,14.14,18.33,182.08,83.19,66.05,99.41,1756.68,19.52,5.35,186.74,2000.0
WTG_35,50,9.83,15.58,187.26,83.91,64.41,99.63,1241.39,13.79,0.0,183.54,2000.0
WTG_35,51,10.56,15.92,179.16,83.04,62.83,97.87,1351.55,15.02,0.0,186.3,2000.0
WTG_35,52,9.01,18.4,172.67,82.22,64.28,93.55,1133.43,12.59,0.0,185.26,1601.54
WTG_35,53,6.97,14.51,191.23,73.05,63.01,74.29,880.04,9.78,0.0,184.83,754.27
WTG_35,54,11.02,14.29,170.74,84.9,64.51,98.72,1399.76,15.55,0.0,185.01,2000.0
WTG_35,55,10.31,19.31,185.01,84.59,63.03,100.78,1301.33,14.46,0.0,185.71,2000.0
WTG_35,56,4.12,21.83,176.25,69.94,61.92,70.59,540.0,6.0,0.0,188.42,172.53
WTG_35,57,13.36,9.5,193.56,83.23,67.16,91.96,1688.39,18.76,3.39,186.05,2000.0
WTG_35,58,9.43,16.15,195.89,82.67,64.4,95.3,1226.43,13.63,0.0,185.67,1844.67
WTG_35,59,9.53,14.84,182.51,83.21,62.22,94.51,1214.32,13.49,0.0,188.31,1880.61
WTG_35,60,11.45,17.16,169.4,83.83,65.22,99.27,1456.24,16.18,0.0,184.62,2000.0
WTG_35,61,8.74,17.76,153.83,80.68,63.93,92.63,1159.08,12.88,0.0,186.09,1474.63
WTG_35,62,10.09,26.52,183.93,84.17,65.14,107.55,1258.51,13.98,0.0,184.03,2000.0
WTG_35,63,8.57,21.94,166.88,79.9,63.8,93.45,1096.84,12.19,0.0,186.16,1370.1
WTG_35,64,10.26,10.88,208.27,84.03,64.07,94.04,1281.85,14.24,0.0,183.65,2000.0
WTG_35,65,6.79,14.97,186.97,72.75,63.63,74.69,867.04,9.63,0.0,184.82,685.6
WTG_35,66,7.19,17.69,191.9,75.33,62.84,76.56,893.94,9.93,0.0,186.05,823.1
WTG_35,67,6.58,19.08,190.58,72.32,63.49,75.23,814.89,9.05,0.0,185.87,620.72
WTG_35,68,4.24,17.59,201.61,69.24,61.51,66.1,562.75,6.25,0.0,184.45,178.87
WTG_35,69,9.1,17.98,183.24,81.54,64.79,93.63,1163.1,12.92,0.0,186.06,1640.46
WTG_35,70,10.53,23.83,172.24,83.98,65.37,105.19,1324.11,14.71,0.0,186.09,2000.0
WTG_35,71,9.73,16.13,208.93,82.17,65.2,98.37,1226.19,13.62,0.0,185.68,2000.0
WTG_35,72,8.33,20.26,183.91,78.6,63.84,88.72,1044.09,11.6,0.0,186.2,1290.15
WTG_35,73,7.12,21.21,193.63,74.63,63.63,81.13,888.14,9.87,0.0,186.98,797.48
WTG_35,74,13.3,21.7,181.13,84.71,65.14,102.49,1693.16,18.81,3.24,182.7,2000.0
WTG_35,75,5.24,15.6,188.28,70.45,62.26,68.01,628.29,6.98,0.0,186.05,322.09
WTG_35,76,8.11,13.79,185.74,78.33,63.18,80.84,986.62,10.96,0.0,184.95,1180.45
WTG_35,77,7.91,18.76,205.49,76.87,64.28,84.6,1029.62,11.44,0.0,184.81,1108.56
WTG_35,78,11.45,22.19,189.02,83.28,64.7,104.96,1438.53,15.98,0.0,184.03,2000.0
WTG_35,79,7.06,15.9,186.26,74.5,62.61,75.47,872.08,9.69,0.0,185.62,766.56
WTG_35,80,9.42,17.02,180.26,81.86,64.78,94.91,1201.54,13.35,0.0,184.91,1806.13
WTG_35,81,14.85,21.28,196.19,84.98,66.92,105.33,1800.0,20.0,7.13,185.46,2000.0
WTG_35,82,8.06,13.21,195.21,77.11,62.46,78.79,1025.12,11.39,0.0,184.87,1146.71
WTG_35,83,8.29,14.69,162.72,79.14,63.78,83.71,1053.42,11.7,0.0,186.64,1278.28
WTG_35,84,9.85,19.47,163.0,84.11,63.86,102.9,1260.58,14.01,0.0,184.64,2000.0
WTG_35,85,16.2,15.74,179.51,85.46,66.53,100.62,1800.0,20.0,10.51,186.03,2000.0
WTG_35,86,9.55,15.47,194.79,82.46,63.32,97.28,1167.67,12.97,0.0,184.97,1915.54
WTG_35,87,7.01,26.43,178.37,73.79,63.59,85.9,880.73,9.79,0.0,184.84,737.3
WTG_35,88,13.71,13.56,193.12,84.82,66.08,97.72,1744.07,19.38,4.28,185.36,2000.0
WTG_35,89,9.96,14.02,197.74,84.46,64.8,98.23,1237.91,13.75,0.0,185.58,2000.0
WTG_35,90,10.37,22.26,179.44,83.24,65.35,104.46,1285.16,14.28,0.0,184.99,2000.0
WTG_35,91,12.45,22.28,189.52,83.93,66.52,105.65,1582.87,17.59,1.14,185.61,2000.0
WTG_35,92,8.4,14.13,188.32,78.36,64.26,83.26,1077.73,11.97,0.0,185.32,1316.81
WTG_35,93,11.99,21.08,222.98,83.46,66.25,102.99,1513.38,16.82,0.0,185.64,2000.0
WTG_35,94,11.28,8.91,179.06,83.93,64.21,92.26,1416.53,15.74,0.0,182.26,2000.0
WTG_35,95,13.33,13.83,182.96,83.43,64.7,96.53,1667.6,18.53,3.32,183.46,2000.0
WTG_35,96,9.95,12.76,168.22,84.0,65.91,97.41,1241.25,13.79,0.0,186.95,2000.0
WTG_35,97,9.21,17.46,219.22,81.79,63.77,95.36,1147.78,12.75,0.0,184.96,1721.34
WTG_35,98,11.57,12.93,180.85,84.16,64.51,94.74,1448.81,16.1,0.0,187.35,2000.0
WTG_35,99,11.05,11.97,193.36,84.15,65.53,94.61,1393.61,15.48,0.0,183.7,2000.0
WTG_35,100,5.57,18.78,176.58,71.27,61.72,70.93,698.28,7.76,0.0,186.22,394.98
WTG_35,101,7.23,19.05,209.68,75.82,63.82,80.2,893.68,9.93,0.0,185.46,846.48
WTG_35,102,8.76,17.95,177.34,81.17,65.45,93.57,1075.08,11.95,0.0,184.77,1462.56
WTG_35,103,7.29,19.66,180.83,75.5,62.42,82.11,949.51,10.55,0.0,183.25,853.31
WTG_35,104,11.55,14.19,174.2,83.03,64.81,97.75,1463.6,16.26,0.0,184.03,2000.0
WTG_35,105,8.06,17.42,177.8,78.55,64.46,84.26,1002.39,11.14,0.0,184.65,1137.31
WTG_35,106,11.18,16.7,160.45,84.03,65.37,100.21,1396.92,15.52,0.0,187.67,2000.0
WTG_35,107,8.88,23.82,199.48,82.57,63.88,98.74,1112.29,12.36,0.0,186.6,1569.45
WTG_35,108,11.54,16.56,197.94,84.83,66.12,97.48,1450.09,16.11,0.0,186.57,2000.0
WTG_35,109,7.23,16.58,179.09,73.45,63.23,78.63,930.16,10.34,0.0,186.18,833.76
WTG_35,110,8.56,17.24,208.33,78.39,63.81,88.98,1078.78,11.99,0.0,188.2,1391.64
WTG_35,111,7.79,16.36,201.7,77.36,63.93,83.3,994.0,11.04,0.0,187.01,1040.43
WTG_35,112,11.41,21.37,224.23,84.8,65.89,104.3,1440.13,16.0,0.0,185.85,2000.0
WTG_35,113,5.78,18.55,230.29,71.06,61.86,71.86,743.9,8.27,0.0,186.48,436.99
WTG_35,114,11.99,23.13,221.32,84.1,65.7,104.33,1530.9,17.01,0.0,182.84,2000.0
WTG_35,115,9.33,15.68,195.84,83.88,64.46,94.2,1174.15,13.05,0.0,185.67,1800.95
WTG_35,116,12.94,15.18,184.6,83.08,66.22,99.79,1614.16,17.94,2.35,186.77,2000.0
WTG_35,117,7.62,20.42,172.52,76.24,63.61,82.94,966.52,10.74,0.0,187.22,931.53
WTG_35,118,7.66,17.35,171.31,77.05,65.06,82.67,955.85,10.62,0.0,186.98,982.02
WTG_35,119,12.59,16.85,213.4,84.34,65.75,101.23,1585.41,17.62,1.46,184.04,2000.0
WTG_35,120,10.25,19.48,192.24,83.65,64.75,103.72,1294.08,14.38,0.0,182.87,2000.0
WTG_35,121,9.64,19.3,175.64,83.77,64.31,102.7,1233.56,13.71,0.0,181.53,1980.89
WTG_35,122,7.75,16.84,190.51,77.19,63.96,81.82,993.77,11.04,0.0,184.32,1021.4
WTG_35,123,6.7,15.3,193.8,72.98,64.06,73.32,843.61,9.37,0.0,188.21,666.76
WTG_35,124,8.04,19.92,187.49,77.05,63.38,86.4,986.84,10.96,0.0,184.62,1123.49
WTG_35,125,8.07,16.65,207.16,77.91,64.0,84.57,1046.65,11.63,0.0,184.13,1178.37
WTG_35,126,7.78,26.13,207.0,77.57,63.38,92.77,974.79,10.83,0.0,184.3,1037.36
WTG_35,127,8.2,8.22,186.45,79.61,64.36,75.76,1046.14,11.62,0.0,182.8,1207.81
WTG_35,128,6.8,22.99,198.92,74.39,62.9,82.99,900.44,10.0,0.0,186.64,686.71
WTG_35,129,4.49,14.2,183.49,68.58,63.11,63.56,573.56,6.37,0.0,184.26,188.77
WTG_35,130,11.53,24.44,198.91,83.88,65.22,108.34,1451.61,16.13,0.0,183.31,2000.0
WTG_35,131,8.91,16.76,192.37,81.23,65.88,89.61,1120.22,12.45,0.0,185.1,1538.22
WTG_35,132,11.99,19.56,186.03,83.98,65.62,103.76,1515.82,16.84,0.0,186.37,2000.0
WTG_35,133,4.52,20.54,178.97,70.64,62.31,70.09,546.53,6.07,0.0,183.73,189.37
WTG_35,134,11.7,14.31,213.84,85.06,67.21,98.56,1506.67,16.74,0.0,185.17,2000.0
WTG_35,135,12.0,17.69,201.1,84.34,65.98,102.61,1497.21,16.64,0.0,184.32,2000.0
WTG_35,136,12.45,14.0,199.04,85.66,66.08,98.25,1539.68,17.11,1.12,185.77,2000.0
WTG_35,137,10.28,22.56,205.03,85.93,65.0,106.78,1320.64,14.67,0.0,183.11,2000.0
WTG_35,138,8.81,21.19,195.19,81.8,63.83,94.78,1107.07,12.3,0.0,183.45,1501.17
WTG_35,139,7.38,10.8,168.92,74.27,64.8,72.41,934.61,10.38,0.0,185.34,862.99
WTG_35,140,9.3,18.97,209.26,82.67,65.43,97.23,1169.51,12.99,0.0,184.79,1778.87
WTG_35,141,4.81,25.56,170.21,72.3,63.74,77.86,593.86,6.6,0.0,184.48,258.83
WTG_35,142,8.22,19.51,189.17,78.35,64.66,88.78,1036.65,11.52,0.0,185.41,1219.26
WTG_35,143,10.23,15.49,152.7,84.57,65.31,99.12,1288.77,14.32,0.0,186.07,2000.0
WTG_35,144,11.43,11.04,203.37,86.42,66.18,95.39,1456.71,16.19,0.0,185.66,2000.0
WTG_35,145,8.23,24.02,208.74,79.74,63.72,93.59,1044.84,11.61,0.0,185.56,1230.93
WTG_35,146,6.46,11.16,174.19,72.95,64.67,69.83,840.11,9.33,0.0,183.03,594.74
WTG_35,147,9.88,20.2,187.12,84.24,65.29,103.88,1269.92,14.11,0.0,183.94,2000.0
WTG_35,148,5.27,5.34,183.98,72.62,64.0,59.96,676.09,7.51,0.0,183.12,338.91
WTG_35,149,8.08,9.15,203.14,78.72,65.19,75.94,1006.11,11.18,0.0,183.72,1164.76
WTG_35,150,7.86,19.57,213.55,77.75,64.92,86.85,962.8,10.7,0.0,182.42,1071.87
WTG_35,151,9.61,14.31,213.5,85.57,67.49,96.76,1187.64,13.2,0.0,184.23,1957.02
WTG_35,152,9.67,16.56,210.02,84.68,65.3,100.5,1212.78,13.48,0.0,186.47,1981.15
WTG_35,153,10.86,19.33,208.0,85.81,66.04,104.39,1383.52,15.37,0.0,186.97,2000.0
WTG_35,154,6.75,9.51,213.41,75.83,64.99,69.86,873.46,9.71,0.0,182.85,686.9
WTG_35,155,8.69,17.58,191.27,80.71,65.48,94.62,1135.8,12.62,0.0,180.81,1446.14
WTG_35,156,6.79,16.08,168.73,74.71,65.75,77.01,858.31,9.54,0.0,181.79,701.04
WTG_35,157,8.76,28.26,192.67,81.92,66.6,103.51,1110.8,12.34,0.0,183.02,1497.71
WTG_35,158,8.58,18.72,190.11,81.54,66.04,92.36,1110.95,12.34,0.0,179.63,1385.79
WTG_35,159,10.57,13.78,207.98,84.38,65.44,100.06,1349.53,14.99,0.0,180.87,2000.0
WTG_35,160,11.03,15.54,202.31,86.46,67.53,99.93,1391.68,15.46,0.0,182.98,2000.0
WTG_35,161,7.21,21.21,211.09,77.64,64.44,83.69,898.51,9.98,0.0,182.93,833.0
WTG_35,162,5.66,19.68,201.08,73.05,64.53,75.24,736.04,8.18,0.0,183.13,422.59
WTG_35,163,5.81,20.78,208.79,72.9,64.14,75.98,726.94,8.08,0.0,182.27,400.9
WTG_35,164,5.35,18.7,208.75,72.89,65.24,72.26,664.57,7.38,0.0,182.91,335.14
WTG_35,165,10.46,16.46,181.25,86.51,66.08,101.16,1315.48,14.62,0.0,185.56,2000.0
WTG_35,166,9.56,16.62,193.52,84.82,66.28,100.71,1215.58,13.51,0.0,183.18,1922.74
WTG_35,167,11.58,14.82,206.84,85.4,66.25,100.0,1456.19,16.18,0.0,183.16,2000.0
WTG_35,168,8.39,18.73,158.23,80.43,66.31,91.63,1062.51,11.81,0.0,180.88,1315.94
WTG_35,169,8.2,21.05,180.49,79.93,66.17,92.92,1054.48,11.72,0.0,179.59,1232.94
WTG_35,170,9.82,6.63,204.48,86.1,66.18,92.48,1214.09,13.49,0.0,180.98,2000.0
WTG_35,171,6.99,22.66,204.2,76.12,65.65,85.07,900.39,10.0,0.0,181.28,755.92
WTG_35,172,11.48,19.63,201.28,86.38,67.86,106.54,1438.92,15.99,0.0,182.02,2000.0
WTG_35,173,11.11,20.91,178.87,87.03,68.03,107.47,1410.49,15.67,0.0,181.79,2000.0
WTG_35,174,8.5,23.8,223.68,80.37,66.07,98.01,1078.84,11.99,0.0,181.82,1322.37
WTG_35,175,13.15,20.08,208.02,87.31,68.26,105.53,1625.34,18.06,2.88,182.2,2000.0
WTG_35,176,7.82,16.82,192.29,80.39,64.28,85.38,1003.04,11.14,0.0,182.59,1073.06
WTG_35,177,8.53,19.77,196.26,81.28,66.14,94.5,1062.82,11.81,0.0,179.71,1377.62
WTG_35,178,9.26,17.8,190.97,84.29,66.54,99.23,1163.76,12.93,0.0,183.3,1739.74
WTG_35,179,6.97,15.39,193.35,75.84,66.25,78.13,904.17,10.05,0.0,181.3,731.92
WTG_35,180,9.0,12.92,201.92,84.77,68.33,91.71,1155.98,12.84,0.0,180.8,1619.93
WTG_35,181,6.66,25.08,199.26,75.8,65.5,85.78,849.83,9.44,0.0,179.36,649.78
WTG_35,182,4.15,19.28,204.26,72.08,66.05,72.31,540.0,6.0,0.0,181.41,170.55
WTG_35,183,10.19,12.37,194.0,87.15,67.04,100.61,1299.83,14.44,0.0,183.76,2000.0
WTG_35,184,7.32,25.91,190.99,78.92,64.95,92.91,921.97,10.24,0.0,180.63,859.46
WTG_35,185,6.49,14.88,185.47,75.6,65.46,76.29,804.05,8.93,0.0,183.1,619.73
WTG_35,186,7.8,19.66,217.89,81.56,66.98,89.68,999.22,11.1,0.0,179.15,1051.17
WTG_35,187,3.81,18.34,221.68,72.09,64.8,70.62,540.0,6.0,0.0,181.84,123.4
WTG_35,188,15.79,15.35,196.11,87.46,68.26,103.26,1800.0,20.0,9.49,177.69,2000.0
WTG_35,189,11.32,5.01,211.72,86.82,69.23,92.35,1427.38,15.86,0.0,180.34,2000.0
WTG_35,190,5.11,21.4,201.55,73.37,66.76,76.19,631.72,7.02,0.0,180.87,302.68
WTG_35,191,8.33,13.83,197.09,82.03,68.3,87.0,1057.86,11.75,0.0,182.66,1271.9
WTG_35,192,9.49,18.5,200.9,87.98,66.85,101.76,1193.54,13.26,0.0,181.65,1874.15
WTG_35,193,4.43,28.74,207.01,73.06,65.32,80.05,587.32,6.53,0.0,181.65,203.89
WTG_35,194,10.38,24.82,184.95,87.66,69.18,112.65,1319.34,14.66,0.0,179.23,2000.0
WTG_35,195,9.1,21.85,199.26,85.4,67.93,103.02,1131.47,12.57,0.0,177.6,1641.6
WTG_35,196,7.37,15.42,219.66,79.57,66.34,82.3,892.08,9.91,0.0,178.21,872.44
WTG_35,197,10.5,20.39,192.8,87.86,69.57,109.52,1339.26,14.88,0.0,180.01,2000.0
WTG_35,198,9.92,22.25,202.79,88.08,68.51,109.51,1249.06,13.88,0.0,179.67,2000.0
WTG_35,199,6.35,21.88,194.05,77.72,67.08,83.29,801.66,8.91,0.0,178.54,555.76
WTG_35,200,9.31,23.88,189.88,89.36,67.61,108.5,1151.68,12.8,0.0,180.1,1762.74
WTG_35,201,8.3,14.88,219.6,83.26,66.75,89.44,1028.34,11.43,0.0,179.3,1250.34
WTG_35,202,5.13,21.29,192.49,74.57,66.41,77.88,669.78,7.44,0.0,178.49,300.74
WTG_35,203,8.21,18.31,200.14,82.91,68.55,92.91,1019.98,11.33,0.0,179.58,1233.51
WTG_35,204,8.3,19.19,186.16,82.72,68.55,94.78,1048.53,11.65,0.0,179.41,1245.49
WTG_35,205,8.14,15.45,203.72,82.86,67.81,87.97,1011.76,11.24,0.0,176.61,1181.92
WTG_35,206,12.19,21.19,186.31,89.6,70.6,110.81,1532.71,17.03,0.46,177.77,2000.0
WTG_35,207,9.92,18.85,185.46,89.28,69.46,108.8,1257.93,13.98,0.0,178.48,2000.0
WTG_35,208,9.97,19.34,183.08,90.9,69.6,108.96,1238.05,13.76,0.0,179.89,2000.0
WTG_35,209,7.79,27.56,220.15,80.97,68.84,100.22,988.88,10.99,0.0,180.21,1034.64
WTG_35,210,13.83,8.0,210.26,90.27,71.63,98.26,1748.01,19.42,4.58,178.81,2000.0
WTG_35,211,9.81,18.7,204.28,90.15,69.94,107.62,1211.75,13.46,0.0,178.43,2000.0
WTG_35,212,9.87,19.66,193.75,89.66,69.16,109.29,1199.39,13.33,0.0,176.51,2000.0
WTG_35,213,12.86,11.94,197.8,88.86,71.45,103.8,1615.39,17.95,2.15,175.9,2000.0
WTG_35,214,3.0,11.95,192.12,75.16,66.72,64.12,540.0,6.0,0.0,179.89,60.64
WTG_35,215,10.83,13.71,208.68,90.43,71.14,102.76,1369.5,15.22,0.0,177.14,2000.0
WTG_35,216,6.65,15.6,200.1,79.96,68.77,79.87,846.23,9.4,0.0,179.05,642.79
WTG_35,217,8.74,14.39,203.95,87.57,69.21,95.27,1085.79,12.06,0.0,175.14,1443.64
WTG_35,218,12.83,19.21,201.48,90.25,71.21,110.43,1620.05,18.0,2.09,177.86,2000.0
WTG_35,219,8.82,18.51,206.31,86.59,70.52,98.17,1109.68,12.33,0.0,177.45,1497.66
WTG_35,220,8.72,15.29,219.26,85.68,71.26,97.62,1065.54,11.84,0.0,175.67,1444.33
WTG_35,221,8.51,17.96,191.74,86.13,69.33,96.04,1081.66,12.02,0.0,176.22,1368.98
WTG_35,222,11.37,16.65,201.58,90.49,70.2,109.06,1406.53,15.63,0.0,177.77,2000.0
WTG_35,223,8.64,16.79,199.59,85.47,70.71,96.03,1087.82,12.09,0.0,177.66,1438.6
WTG_35,224,4.99,13.2,195.44,77.18,68.38,73.08,633.6,7.04,0.0,174.29,280.83
WTG_35,225,13.71,22.37,189.66,89.61,73.94,115.09,1727.15,19.19,4.28,176.02,2000.0
WTG_35,226,13.87,18.41,198.24,90.54,72.55,109.16,1738.36,19.32,4.67,176.6,2000.0
WTG_35,227,10.11,20.53,208.02,92.5,71.8,111.09,1275.51,14.17,0.0,177.55,2000.0
WTG_35,228,10.41,17.9,201.27,92.03,72.31,110.03,1294.86,14.39,0.0,172.93,2000.0
WTG_35,229,11.45,21.64,210.82,91.98,71.83,113.16,1424.11,15.82,0.0,176.55,2000.0
WTG_35,230,4.2,23.56,211.17,79.1,68.55,82.52,540.0,6.0,0.0,175.65,158.18
WTG_35,231,14.96,16.48,185.23,91.84,73.83,107.88,1800.0,20.0,7.41,176.78,2000.0
WTG_35,232,9.04,21.47,204.02,87.73,72.84,106.57,1130.83,12.56,0.0,174.49,1623.31
WTG_35,233,6.25,17.75,175.87,81.69,71.22,81.37,799.41,8.88,0.0,175.76,522.86
WTG_35,234,13.32,25.94,220.79,93.01,72.85,119.74,1690.49,18.78,3.31,178.04,2000.0
WTG_35,235,7.85,14.65,201.12,85.79,71.29,91.49,1006.78,11.19,0.0,175.65,1068.26
WTG_35,236,7.07,11.05,222.82,84.0,70.87,81.98,898.84,9.99,0.0,174.26,790.22
WTG_35,237,9.23,26.23,204.66,91.35,72.12,113.59,1141.16,12.68,0.0,174.51,1714.18
WTG_35,238,8.91,21.5,196.23,89.73,71.72,107.46,1137.06,12.63,0.0,175.86,1564.83
WTG_35,239,4.78,19.49,190.18,79.4,70.32,79.41,600.91,6.68,0.0,174.39,241.83
WTG_35,240,6.0,17.37,202.73,81.0,70.36,80.5,742.48,8.25,0.0,175.98,449.39
WTG_35,241,7.43,15.5,221.81,83.61,72.16,88.02,920.64,10.23,0.0,173.49,895.28
WTG_35,242,8.78,12.17,195.8,88.38,72.7,97.59,1113.84,12.38,0.0,173.5,1494.11
WTG_35,243,9.13,17.2,225.76,91.66,73.36,104.68,1144.47,12.72,0.0,172.28,1692.2
WTG_35,244,9.78,23.81,173.2,95.01,72.99,118.5,1216.35,13.51,0.0,172.55,2000.0
WTG_35,245,8.77,16.37,197.6,89.0,73.65,102.27,1093.09,12.15,0.0,172.71,1491.06
WTG_35,246,6.07,17.22,199.87,81.2,72.82,84.03,746.71,8.3,0.0,169.97,497.4
WTG_35,247,12.04,22.1,208.78,94.0,75.11,115.26,1520.05,16.89,0.1,169.13,2000.0
WTG_35,248,11.08,18.78,201.29,94.8,74.74,112.51,1415.89,15.73,0.0,174.75,2000.0
WTG_35,249,7.54,16.51,225.24,86.73,72.81,90.47,952.12,10.58,0.0,168.64,928.24
WTG_35,250,9.35,22.09,190.95,91.55,73.64,114.37,1182.67,13.14,0.0,171.97,1799.07
WTG_35,251,10.23,18.84,186.5,94.19,74.51,112.35,1254.35,13.94,0.0,169.32,2000.0
WTG_35,252,9.76,17.52,188.09,95.38,74.57,112.91,1258.69,13.99,0.0,170.83,2000.0
WTG_35,253,13.14,14.32,211.23,95.69,74.74,110.26,1669.74,18.55,2.85,170.28,2000.0
WTG_35,254,5.85,15.61,243.04,82.7,72.0,81.16,734.49,8.16,0.0,171.7,428.62
WTG_35,255,9.54,20.09,218.0,95.1,74.09,114.77,1187.56,13.2,0.0,171.72,1893.74
WTG_35,256,7.61,17.99,202.3,87.87,74.29,95.92,940.27,10.45,0.0,170.86,982.63
WTG_35,257,12.11,18.03,222.61,95.99,76.54,113.83,1543.0,17.14,0.28,169.9,2000.0
WTG_35,258,12.51,18.09,215.51,96.06,77.52,113.36,1568.55,17.43,1.28,172.98,2000.0
WTG_35,259,10.16,11.53,199.15,96.54,75.81,108.52,1290.28,14.34,0.0,170.46,2000.0
WTG_35,260,4.14,18.9,189.16,81.28,73.15,79.48,540.0,6.0,0.0,171.04,142.46
WTG_35,261,11.21,16.15,202.84,95.07,76.59,113.92,1432.96,15.92,0.0,172.26,2000.0
WTG_35,262,5.86,17.07,196.09,85.04,73.77,85.99,751.14,8.35,0.0,169.24,468.86
WTG_35,263,12.16,20.93,207.08,97.46,76.5,118.3,1526.08,16.96,0.4,170.75,2000.0
WTG_35,264,3.65,16.07,201.76,81.13,73.01,78.4,540.0,6.0,0.0,167.46,119.22
WTG_35,265,13.29,16.53,221.15,97.73,78.78,112.46,1659.67,18.44,3.21,170.88,2000.0
WTG_35,266,7.77,23.64,177.07,89.34,75.59,103.42,967.8,10.75,0.0,169.89,1016.01
WTG_35,267,9.46,15.67,226.51,96.23,76.91,111.4,1203.72,13.37,0.0,167.06,1871.41
WTG_35,268,9.08,14.62,208.38,94.23,77.63,105.99,1163.58,12.93,0.0,166.9,1638.27
WTG_35,269,7.23,10.2,240.51,89.06,75.9,86.55,918.66,10.21,0.0,168.21,819.41
WTG_35,270,11.58,16.64,237.0,98.43,77.73,117.04,1443.34,16.04,0.0,169.48,2000.0
WTG_35,271,12.68,17.93,211.44,98.89,79.87,115.85,1625.67,18.06,1.7,163.94,2000.0
WTG_35,272,6.98,14.93,201.79,88.61,75.15,93.25,888.04,9.87,0.0,167.49,743.88
WTG_35,273,9.71,16.8,182.73,97.24,77.24,115.94,1214.72,13.5,0.0,165.48,2000.0
WTG_35,274,9.73,20.23,214.64,97.59,77.47,121.04,1228.06,13.65,0.0,165.61,2000.0
WTG_35,275,9.1,15.17,204.17,94.84,76.54,109.41,1147.99,12.76,0.0,164.3,1654.53
WTG_35,276,8.58,16.65,197.96,94.95,78.35,106.4,1087.31,12.08,0.0,165.7,1406.17
WTG_35,277,12.22,23.75,189.95,100.59,80.78,124.48,1570.05,17.44,0.55,166.01,2000.0
WTG_35,278,9.84,17.08,195.59,100.48,77.84,116.11,1254.32,13.94,0.0,165.46,2000.0
WTG_35,279,6.82,17.05,208.72,89.95,78.42,94.85,861.73,9.57,0.0,165.13,691.18
WTG_35,280,11.36,20.91,209.38,99.96,79.12,122.98,1420.47,15.78,0.0,164.2,2000.0
WTG_35,281,7.31,17.04,220.59,89.7,77.38,97.02,917.5,10.19,0.0,164.86,868.19
WTG_35,282,7.96,19.51,231.41,93.12,79.4,105.37,989.46,10.99,0.0,163.35,1127.91
WTG_35,283,10.32,12.54,192.09,99.65,78.22,113.82,1290.91,14.34,0.0,163.45,2000.0
WTG_35,284,5.13,16.22,218.27,86.88,77.02,83.77,628.95,6.99,0.0,165.43,296.67
WTG_35,285,9.99,14.32,229.85,101.92,79.58,115.47,1269.17,14.1,0.0,163.5,2000.0
WTG_35,286,8.86,18.48,202.96,96.91,79.72,111.11,1127.04,12.52,0.0,164.19,1507.39
WTG_35,287,11.07,19.37,194.01,101.32,81.88,121.69,1370.2,15.22,0.0,163.22,2000.0
WTG_35,288,8.64,14.07,207.18,97.28,80.78,105.42,1110.71,12.34,0.0,162.57,1405.82
WTG_35,289,8.45,27.45,212.09,97.24,79.89,118.02,1061.95,11.8,0.0,160.86,1328.05
WTG_35,290,3.35,12.76,224.01,87.09,78.75,81.14,540.0,6.0,0.0,162.2,74.28
WTG_35,291,10.63,15.07,225.69,102.72,82.71,120.44,1352.73,15.03,0.0,163.13,2000.0
WTG_35,292,13.83,16.22,192.07,102.23,82.6,120.98,1748.22,19.42,4.57,160.92,2000.0
WTG_35,293,10.82,21.88,214.02,103.17,82.58,125.59,1368.48,15.21,0.0,161.85,2000.0
WTG_35,294,7.21,13.34,185.07,91.48,80.77,94.69,874.29,9.71,0.0,161.52,812.47
WTG_35,295,10.54,19.66,196.77,103.18,81.87,123.88,1327.09,14.75,0.0,160.96,2000.0
WTG_35,296,11.17,16.42,208.51,102.42,82.98,120.61,1440.62,16.01,0.0,161.26,2000.0
WTG_35,297,12.17,7.07,201.69,104.64,83.49,111.53,1522.76,16.92,0.43,157.53,2000.0
WTG_35,298,8.53,25.11,192.73,98.91,81.23,118.39,1076.33,11.96,0.0,162.76,1373.51
WTG_35,299,3.0,9.31,220.99,88.08,80.58,77.59,540.0,6.0,0.0,160.51,65.06
WTG_35,300,9.1,19.27,238.77,101.85,83.69,119.18,1129.93,12.55,0.0,158.21,1668.05
WTG_35,301,9.08,9.34,207.38,101.07,83.11,108.95,1171.08,13.01,0.0,158.12,1648.54
WTG_35,302,9.38,21.18,225.47,104.17,84.3,122.78,1194.49,13.27,0.0,159.36,1786.62
WTG_35,303,6.02,14.55,205.66,91.5,81.88,93.07,756.77,8.41,0.0,158.99,480.58
WTG_35,304,10.67,26.53,205.74,105.63,84.21,132.3,1355.36,15.06,0.0,159.32,2000.0
WTG_35,305,6.88,15.27,213.39,95.68,82.29,98.47,885.01,9.83,0.0,156.91,693.21
WTG_35,306,7.29,20.18,226.8,96.16,81.98,107.5,918.44,10.2,0.0,157.3,838.03
WTG_35,307,9.93,20.72,204.54,105.86,83.69,129.65,1259.02,13.99,0.0,157.74,2000.0
WTG_35,308,9.34,22.02,221.71,105.02,84.86,127.55,1183.69,13.15,0.0,156.05,1788.36
WTG_35,309,9.66,19.04,218.11,106.89,86.37,127.16,1232.35,13.69,0.0,154.31,1968.49
WTG_35,310,10.95,26.31,229.63,107.4,85.31,132.94,1361.24,15.12,0.0,154.72,2000.0
WTG_35,311,8.5,14.43,236.67,101.55,84.39,110.27,1085.56,12.06,0.0,155.23,1344.62
WTG_35,312,11.21,17.35,197.75,108.14,85.78,127.04,1396.71,15.52,0.0,155.81,2000.0
WTG_35,313,10.44,11.78,242.88,107.98,85.25,121.35,1328.48,14.76,0.0,157.51,2000.0
WTG_35,314,6.43,12.87,208.16,98.55,85.11,96.17,816.72,9.07,0.0,154.89,585.29
WTG_35,315,12.16,24.8,198.1,107.89,87.1,135.87,1532.88,17.03,0.4,152.58,2000.0
WTG_35,316,12.76,22.14,210.31,108.42,88.68,134.35,1603.06,17.81,1.89,153.3,2000.0
WTG_35,317,7.26,10.81,203.49,99.81,87.53,101.65,928.99,10.32,0.0,153.85,839.63
WTG_35,318,6.0,23.79,201.43,97.38,84.99,106.23,758.84,8.43,0.0,152.56,463.1
WTG_35,319,10.89,19.22,212.34,108.89,87.73,131.4,1374.25,15.27,0.0,152.09,2000.0
WTG_35,320,5.34,14.92,211.36,96.38,86.06,95.83,667.88,7.42,0.0,155.54,365.09
WTG_35,321,8.39,14.66,211.15,104.56,88.16,112.6,1090.87,12.12,0.0,152.95,1291.64
WTG_35,322,9.79,15.9,236.83,110.19,88.83,130.08,1241.55,13.79,0.0,152.76,2000.0
WTG_35,323,7.67,17.07,210.36,102.25,87.17,111.39,947.15,10.52,0.0,148.68,1011.37
WTG_35,324,14.01,17.08,232.85,111.57,89.96,130.97,1766.7,19.63,5.03,149.91,2000.0
WTG_35,325,9.14,21.08,212.02,106.83,89.1,130.24,1123.3,12.48,0.0,151.21,1661.62
WTG_35,326,7.76,18.93,213.44,103.45,88.12,114.45,985.54,10.95,0.0,150.37,1011.5
WTG_35,327,12.67,17.23,239.89,109.84,91.32,132.54,1602.48,17.81,1.67,148.68,2000.0
WTG_35,328,10.39,19.17,231.86,112.23,90.08,134.13,1284.8,14.28,0.0,149.52,2000.0
WTG_35,329,8.08,15.54,201.56,105.99,88.95,113.66,1015.1,11.28,0.0,148.88,1148.06
WTG_35,330,10.43,18.31,221.89,113.13,91.17,132.26,1305.58,14.51,0.0,148.63,2000.0
WTG_35,331,6.84,18.09,225.61,102.71,89.41,107.82,857.45,9.53,0.0,148.15,709.15
WTG_35,332,11.17,17.34,212.81,113.68,92.38,133.02,1418.81,15.76,0.0,148.0,2000.0
WTG_35,333,9.3,22.05,202.24,112.0,90.61,136.32,1166.53,12.96,0.0,146.0,1783.57
WTG_35,334,9.02,22.81,238.09,111.45,90.96,131.02,1150.44,12.78,0.0,147.66,1617.8
WTG_35,335,8.64,17.67,199.39,111.01,90.76,124.6,1089.06,12.1,0.0,146.03,1425.06
WTG_35,336,3.0,15.21,240.3,100.61,90.27,96.66,540.0,6.0,0.0,146.42,61.86
WTG_35,337,12.47,17.72,224.97,115.28,92.81,134.57,1555.57,17.28,1.17,146.18,2000.0
WTG_35,338,5.99,17.69,191.99,102.92,89.98,107.61,744.41,8.27,0.0,146.71,488.58
WTG_35,339,9.96,21.95,213.1,115.89,92.92,141.24,1248.3,13.87,0.0,144.86,2000.0
WTG_35,340,6.68,17.28,217.43,104.51,91.13,110.99,840.71,9.34,0.0,145.74,642.02
WTG_35,341,9.86,11.73,216.13,117.56,93.89,130.06,1224.62,13.61,0.0,144.4,2000.0
WTG_35,342,9.71,16.13,219.17,114.58,93.16,135.07,1230.49,13.67,0.0,144.6,1993.41
WTG_35,343,11.99,19.72,202.79,116.52,95.15,141.77,1504.3,16.71,0.0,142.45,2000.0
WTG_35,344,10.78,19.04,196.43,118.27,95.25,138.46,1354.34,15.05,0.0,144.24,2000.0
WTG_35,345,11.77,23.35,221.43,117.44,96.02,143.25,1483.49,16.48,0.0,144.03,2000.0
WTG_35,346,8.24,21.92,209.09,112.1,94.92,129.87,1050.45,11.67,0.0,141.22,1253.5
WTG_35,347,5.99,25.07,216.59,105.24,92.89,118.8,776.18,8.62,0.0,141.21,491.24
WTG_35,348,6.57,8.17,223.58,108.15,94.45,105.0,822.02,9.13,0.0,139.49,654.76
WTG_35,349,12.35,22.21,217.93,115.96,96.22,145.19,1517.97,16.87,0.88,139.98,2000.0
